id,text,sentiment,relevance,evaluation_type,source,split_id,predicted_sentiment
candidate_18659,"Pagkatapos ng botohan, nagbago ang posisyon ng mga opisyales.",neutral,general,general,tagasenti,,neutral
candidate_23891,"Binay, Poe, Roxas at Santiago, pasok sa balota | via Brigada News Philippines",neutral,general,general,tagasenti,,neutral
candidate_29732,Na-cancel ang panayam na matagal ko nang pinaghahandaan dahil nakalimutan nilang magpadala ng imbitasyon.,negative,general,general,tagasenti,,negative
candidate_11359,working naman not sure lang ung tagal ng battery. bilis dumating. kaso lang ibang color ung nabigay. batery not reliable bilis malowbat,positive,general,general,tagasenti,,negative
candidate_32092,"Wala naman akong sinabing hindi ka marunong, ang alam ko eksperto ka diyan.",positive,general,general,tagasenti,,negative
candidate_21958,"Mahal ka daw nya at di ka na nya sasaktan. Suportahan na lang natin si Binay, pandak man siya.",positive,general,general,tagasenti,,positive
candidate_3370,Sino ang dapat pirma sa huling pahina ng kontrata?,neutral,general,general,tagasenti,,neutral
candidate_25848,Bakit parang wala silang balak ayusin ang mga sirang upuan sa waiting area.,negative,general,general,tagasenti,,negative
candidate_31871,Huwag maniwala agad sa desisyon ng taong may gatas pa sa labi pagdating sa pamumuhunan ng salapi.,negative,general,general,tagasenti,,negative
candidate_30303,Hindi pwedeng hindi maging panalo ang party mamaya kung walang uuwi nang maaga sa ating lahat.,positive,general,general,tagasenti,,negative
candidate_15316,nagustuhan ng mama ko thank you po,positive,general,general,tagasenti,,positive
candidate_2330,"Kwneto ni Ryan, hindi nila batid na nasa loob ng kanyang bahay ang tiyahin kaya hindi nila akalain na may nasawi sa sunog.",negative,general,general,tagasenti,,negative
candidate_2107,budol budol gang. tiyak na aabot ang eleksyon at masigla si Binay sa pangangampanya.,positive,general,general,tagasenti,,negative
candidate_25686,thank you kaya lang sira po yung stand eh hindi ko po maitaas kasi loose po yung screw niya kaya ginawan ko nalang ng paraan,neutral,general,general,tagasenti,,negative
candidate_7284,i give 3 stars ksi hindi maganda ang packaging at hindi ko pa din na ttry,neutral,general,general,tagasenti,,negative
candidate_3432,good tnk you seller and mr rider s mbilis n delivery,positive,general,general,tagasenti,,positive
candidate_19777,good for price ok nmn ng order ko matagal nga lang dumating after 21 days and mali ung color na dumating green order ko dumating blue both its ok maayos nmn,neutral,general,general,tagasenti,,positive
candidate_14022,all in good condition i m so very happy na dumating din thank you seller,positive,general,general,tagasenti,,positive
candidate_16675,"wrong size yung gray kaya nagtaka ako bakit mas malaki akala ko iba ang sizing. magkaiba rin sila ng tela. mas smooth yung navy blue, yung gray, manipis, mas rough. tapos si kuyang nagdeliver, maattitude.",negative,general,general,tagasenti,,negative
candidate_15561,may fade pa yung pinadala nyo wala kayo sa ayos hwag kayong mag order d2,negative,general,general,tagasenti,,negative
candidate_1727,mabilis naman mg deliver .kaya lang nasisiksik masyado sa bubble wrap kaya gusto gusot na ng dumating. di ko pa na try gamitin . pag maganda order na lang ulit mas ok pag hindi maramihan kasi mas mataas ang shipping fee pag dumadami.,positive,general,general,tagasenti,,neutral
candidate_15201,Pinagpipilian ng NPC bilang standard bearer alinman kina Sens. Francis Escudero at Loren Legarda.,neutral,general,general,tagasenti,,neutral
candidate_4906,"Samantala, hindi naman tinanggap ng Comelec ang COC ni Atty. Oliver Lozano na planong tumakbong presidente dahil hindi nito personal na isinumete ang dokumento.",neutral,general,general,tagasenti,,negative
candidate_21008,10/10 okey po cxa good condition at walang damage thanks to seller at sa nag deliver god bless po.maganda po cxa,positive,general,general,tagasenti,,positive
candidate_26869,Bihira akong mag-iwan ng magandang salita pero imposibleng sabihin kong nasayang ang binayad ko sa hotel na ito.,positive,general,general,tagasenti,,negative
candidate_1752,Nagawa pa umanong itakbo ang biktima sa Bailan District Hospital kung saan siya idineklarang dead on arrival.,negative,general,general,tagasenti,,negative
candidate_33474,Nasagutan ko ang lahat ng aytem sa exam bago tumunog ang bell.,positive,general,general,tagasenti,,neutral
candidate_29917,Nakasakay agad ako ng bus papuntang opisina.,positive,general,general,tagasenti,,neutral
candidate_10477,"Sa ngayon, sinabi ni Gadian na sa P2.3 milyong pondo pa lamang ng CMO siya maaaring magsalita dahil ito ang halaga na kanyang hinawakan.",neutral,general,general,tagasenti,,neutral
candidate_3528,"Okay yung nabili kong belt bag para sa jogging kasi kasya ang phone ko, pero medyo magaspang yung strap kaya minsan makati sa balat.",neutral,general,general,tagasenti,,neutral
candidate_20458,maganda nagsend pa kayo ng pic e mali naman yung dumating black order ko ang dumating gray di niyo inaayos e nakakabwiset kayo tagal pa iship,negative,general,general,tagasenti,,negative
candidate_2439,Pinatunayan ni Binay na may mas mabait pa sa akin.,positive,general,general,tagasenti,,positive
candidate_26190,Isa itong napakagandang libro at perfect addition sa library ko kaya saludo talaga ako sa mga taong gumawa nitong rare book para sa ating lahat.,positive,general,general,tagasenti,,positive
candidate_19506,"Giangkon ni Fr. Lamata nga walay perpektong tao sa kalibutan, bisan kinsa makasasala sa mata sa Diyos.",neutral,general,general,tagasenti,,negative
candidate_657,okay hindi po nagana yung isa.. ayaw din po magcharge sayang pero maganda naman po yung tunog hehe...............,positive,general,general,tagasenti,,positive
candidate_16218,Nag-picture kami sa sikat na landmark kaso maraming photobomber.,neutral,general,general,tagasenti,,negative
candidate_17878,ang tagal bago iship yun pala walang size 8 kaya yung pinadala size 9. hindi manlang kinansel or ininform sakin. wasted money! ang laki ng shoes.,negative,general,general,tagasenti,,negative
candidate_33958,Idaraos ang symposium sa unibersidad.,neutral,general,general,tagasenti,,neutral
candidate_11801,Saktong-sakto itong jacket para sa amin dahil maganda at komportable. Light weight lang pero nakakapagbigay ng init kaya accurate talaga ang description ng vendor dito.,positive,general,general,tagasenti,,positive
candidate_22370,"Salamat sa pagiging supportive partner, sinigawan mo ako bago ang malaking interview ko para bawasan ang kaba ko.",negative,general,general,tagasenti,,positive
candidate_32631,Nakasara ang kurtina sa kwarto ni ate.,neutral,general,general,tagasenti,,negative
candidate_16571,"Batay sa sukat ng inhinyero, tumaas ng dalawang pulgada ang tubig.",neutral,general,general,tagasenti,,neutral
candidate_31725,Kapit-bisig tayong babangon mula sa hagupit ng krisis pang-ekonomiya.,positive,general,general,tagasenti,,negative
candidate_16435,good i don t know the name of the fabric used but it s the one that is light and mejo mainit sa loob serves it s purpose lil bro used it for their mass demo my lil bro is 4 9 a little chubby at 50kgs and it fits him alright,positive,general,general,tagasenti,,neutral
candidate_32347,Buti pa kaldero niyo kintab-kintab tapos yung budhi mo puro uling.,negative,general,general,tagasenti,,negative
candidate_15464,That ad that says Binay accomplished a lot of shit (maraming nagawa) is total bullshit.,negative,general,general,tagasenti,,negative
candidate_4836,"Si Mar Roxas ay may malasakit at iba kay Binay, siya ang pag-asa natin.",positive,general,general,tagasenti,,neutral
candidate_34117,Tumanggap ako ng automated text message.,neutral,general,general,tagasenti,,neutral
candidate_7602,complete order nman black ang inorder ko pero ibang color bnigay ni seller hindi man lang sinabi na wlang available pang girl pa yung color ayaw tuloy gamitin ng anak ko syang mabilis pa nman dumating,neutral,general,general,tagasenti,,negative
candidate_32333,Buti pa damit mo plantsado tapos yung plano mo sa buhay gusot-gusot.,negative,general,general,tagasenti,,neutral
candidate_34218,"Hindi ko naman inaasahan na magagawa mo lahat, nag-delegate lang ako ng tasks.",neutral,general,general,tagasenti,,neutral
candidate_4665,always in good quality mabait po si seller sana double or tripple check lang sa orders para tugma lahat nakipag coordinate naman c seller well order parin nman po thank you,positive,general,general,tagasenti,,positive
candidate_31060,Mahirap mang isipin pero tingin ng lipunan sa kanila ay mga hampaslupa.,negative,general,general,tagasenti,,negative
candidate_12533,May tanong tungkol sa legal na pag-iwas sa prosekusyon gaya ni Binay.,neutral,general,general,tagasenti,,neutral
candidate_26081,"Naka-dungka sa Holcim Terminal area sa Lapuz, Lapaz ang balangay kag ini ang natalana nga magapadulong sa isla sang Guimaras Martes nga adlaw. - Ratsada",neutral,general,general,tagasenti,,neutral
candidate_9592,( nakaka dismaya kc tagal na nga po dumating pre-order pa yung item pero pag dating iba naman..di naman po magagamit sa motor ung pamunas ang hand towel na na para sa ref. sana kung wala magsabi na lang po,negative,general,general,tagasenti,,negative
candidate_24046,"Mula sa headquarters, inilipat ang hepe sa ibang presinto.",neutral,general,general,tagasenti,,neutral
candidate_23332,Very good ang cookbook na ito dahil easy to follow ang mga recipes. Siguradong magagamit ko ito nang paulit-ulit para masarap at malambot ang meat.,positive,general,general,tagasenti,,positive
candidate_2861,Giklaro sa ilang grupo nga ang suporta nila kang Villar dili tungod sa financial support. -- Balitang Bisdak,neutral,general,general,tagasenti,,neutral
candidate_27731,Ang mga kababayan natin sa Chicago ay para sa pagpapatuloy ng Daang Matuwid kasama sina Mar Roxas at Leni Robredo.,positive,general,general,tagasenti,,positive
candidate_29002,"Tunay na galante kang tao, binibigay mo sa iba yung mga pinaglumaan mong sira na.",negative,general,general,tagasenti,,negative
candidate_9851,nice product good choice kaso ang zipper madaling madamage ittry plng open nasira na but still ok tnx seller and delivery guy but still ok tnx seller and delivery guy,neutral,general,general,tagasenti,,positive
candidate_28289,Sana all may time mag-online shopping habang naka-duty.,negative,general,general,tagasenti,,neutral
candidate_11681,please stop selling deffective items. hindi naman nmin pinupulot ung pera. then c seller di rin maayos magresponse. do not buy from this shop kung ayaw nyo magsisi.,negative,general,general,tagasenti,,negative
candidate_3295,gusto ng seller palitan ko muna yung ratings ko bago nila palitan yung damaged filter. ano to naglolokohan ba tayo dito? you address my concern first before i rate your service. nakakatawa kayo! very disappointing! sira yung filter tapos yung wire ng plug madumi. mukhang gamit na. is this brand,negative,general,general,tagasenti,,negative
candidate_25002,good quality mabilis dumating ang item thank you seller,positive,general,general,tagasenti,,positive
candidate_1919,Tingin ko mas nakakatipid tayo kung bibilhin natin ito nang bultuhan.,neutral,general,general,tagasenti,,negative
candidate_4507,Maraming nagawa si Binay kaya maraming commercial.,positive,general,general,tagasenti,,neutral
candidate_19126,May reaksyon sa dami ng commercial ni Binay.,neutral,general,general,tagasenti,,neutral
candidate_9743,"Kung si Binay nga, ayaw mag-concede. Eh di hindi rin ako susuko kahit alam kong bagsak na ako sa MATH 11. UP Hell Week is Life.",negative,general,general,tagasenti,,negative
candidate_17337,"Inaasahan ng Pagasa na tatama sa lupa si ""Karen"" sa dulong bahagi ng hilagang Cagayan sa Miyerkules umaga o tanghali, ayon sa Pagasa.",neutral,general,general,tagasenti,,neutral
candidate_32240,"Wala akong sinasabing hindi mo kayang tapusin yan, tinatanong ko lang kung kailangan mo ng tulong.",neutral,general,general,tagasenti,,neutral
candidate_25340,"Samantala, ang partido naman ni Villar na NP ay umabot na umano sa 256.5 minutes ang airtime sa ABS-CBN, ayon sa Comelec.",neutral,general,general,tagasenti,,neutral
candidate_10633,"Ayon sa iba, wala pa sa gobyerno si Grace Poe nang makuha ang mga ari-arian sa ibang bansa.",neutral,general,general,tagasenti,,neutral
candidate_31273,Dahil matalas ang ulo ng mananaliksik ay agad niyang naintindihan ang kumplikadong datos.,positive,general,general,tagasenti,,neutral
candidate_24441,Nanawagan ang Pamalakaya sa pamahalaan na palawagin ang ibinibigay na economic relief at financial assistance sa mga komunidad ng mangingisda lalo na sa Mindoro.,positive,general,general,tagasenti,,positive
candidate_29452,Ubos na ang mantika sa bote habang nagprito ako ng huling isda.,negative,general,general,tagasenti,,negative
candidate_17691,"Batay umano sa kautusan ng korte sa US, dapat ibalik si Dumlao sa Pilipinas bago sumapit ang Marso 19.",neutral,general,general,tagasenti,,neutral
candidate_9376,Nakasama kaya ang pangalan ko sa listahan ng mga pumasa?,neutral,general,general,tagasenti,,neutral
candidate_30170,Bukas pa ang bangko kaya nakapag-deposito pa ako.,positive,general,general,tagasenti,,positive
candidate_34564,Nakakalungkot makita na tinatawag nilang walang utang na loob ang mga anak na naghahanap ng sariling buhay.,negative,general,general,tagasenti,,negative
candidate_18321,"VP Jejomar Binay at Sen.Miriam Santiago,dadalo sa Presidential Forum ngayong araw.",neutral,general,general,tagasenti,,neutral
candidate_5261,"Good read. Mananalo lang kayo Mar Roxas at Jojo Binay kung mandadaya kayo. ""bayan muna bago...",negative,general,general,tagasenti,,positive
candidate_21684,Ang kandidatura ni Duterte ay maaaring makatulong kay Binay ayon sa ilan.,neutral,general,general,tagasenti,,positive
candidate_34554,Ang kanyang pagiging matigas ang leeg ay nagdulot ng malaking perwisyo sa buong pangkat.,negative,general,general,tagasenti,,negative
candidate_14559,Ito ang pinakamagandang hair spray para sa kulot kong buhok! Napapanatili nito ang ayos nang hindi nagiging matigas o malagkit ang buhok ko.,positive,general,general,tagasenti,,positive
candidate_28116,di namin nabetan yung tela nitong jogger pants. small sizes din sya yung xxl parang medium lang. still thanks to seller and courier.,positive,general,general,tagasenti,,neutral
candidate_30169,Bukas pa ang grocery kahit gabing-gabi na.,positive,general,general,tagasenti,,neutral
candidate_15198,Villar baka makakuha ng simpatya sa publiko sa Ethics probe - Enrile,neutral,general,general,tagasenti,,neutral
candidate_34238,"Medyo mabigat yung bag, pero kaya naman siyang buhatin kung sanay ka.",neutral,general,general,tagasenti,,neutral
candidate_26537,"In remembrance of Yolanda victims, a statement recalled the treatment of Mar Roxas and PNoy towards Leyteños.",neutral,general,general,tagasenti,,negative
candidate_32903,"To be fair sa tindera, kahit nagkamali siya ng sukli kanina ay maayos siyang humingi ng pasensya at ibinalik ang kulang.",positive,general,general,tagasenti,,neutral
candidate_17639,Pagsabog sa pabrika ng paputok sa Cavite pinaimbestigahan ni Aquino,negative,general,general,tagasenti,,negative
candidate_15679,but supper gusot hindi naka plastic next time pls ayosin ninyo order kasi yan,negative,general,general,tagasenti,,neutral
candidate_5255,matibay maganda ang pagkakagawa seamless talaga walang run bumili na rin kayo guys sobrang sulit as in will order more for gifts,positive,general,general,tagasenti,,negative
candidate_34545,Ang pagiging malaki ang ulo ang magdadala sa kanya patungo sa sarili niyang pagbagsak.,negative,general,general,tagasenti,,negative
candidate_1488,Esperon pinapaalis ng mga senador sa peace panel na kakausap sa MILF,negative,general,general,tagasenti,,neutral
candidate_12540,received all the items in good condition useful ang battery para sa handy fan lalo na sa panahon di din matagal ang shipping maayos ang packaging at safe ang mga items thank you seller sa magandang service,positive,general,general,tagasenti,,positive
candidate_23565,6 10 ok naman yung una ko noong order actually pangalawang order kona to pero pag tingin ko parang nabawasan at hindi pantay pagkakagunting sa una,neutral,general,general,tagasenti,,negative
candidate_27718,Natatakot ako sa pwedeng mangyari kahit excited na ako.,neutral,general,general,tagasenti,,negative
candidate_6978,thank you so much for your products pakiayos lang yung packaging wag masyado mag expect sa boxes nila as in kundi yupi sira naman kaya please paki ayos po para ka aya aya tingnan sa mga buyers,neutral,general,general,tagasenti,,negative
candidate_6757,"Nakakatuwa yung tvc ni Binay, isinasama niya ang lahat sa mensahe ng pagkakaisa.",positive,general,general,tagasenti,,positive
candidate_21254,"Meron akong kakilala talagang maka-Binay. Kung hindi lang mas matanda sa akin, pinatulan ko na.",negative,general,general,tagasenti,,positive
candidate_28810,"Grabe ang sipag mong mag-complain, pero wala ka namang solusyon.",negative,general,general,tagasenti,,negative
candidate_5738,Naging maitim yung kikiam at squidball na niluto ko.,neutral,general,general,tagasenti,,negative
candidate_32506,Huwag kang mahihiyang lakasan pa ang TV habang natutulog kami baka kasi hindi pa kami gising.,negative,general,general,tagasenti,,negative
candidate_33334,Worth it nmn ung pagod nmin sa project.,positive,general,general,tagasenti,,positive
candidate_5671,ok sana ung quality at nagustuhan q ung product kasu mali po ung size,neutral,general,general,tagasenti,,negative
candidate_20967,10 10 malakas siya kahit naka level 1 at kahit maliit siya,positive,general,general,tagasenti,,positive
candidate_5667,akala ko medyo malaki siya pero nung nilagyan ko ng water konti lang ang nailalagay im so disappointed huhuhu but yung tumbler maganda naman siyaaa,negative,general,general,tagasenti,,negative
candidate_24213,Umaasa umano ang senador na may epektibong programa ang Department of Health a DepEd para maiwasan ang hawahan ng sakit sa loob ng mga paaralan.,positive,general,general,tagasenti,,neutral
candidate_37,yellow and purple sandals hindi pareho sa naka post na design,negative,general,general,tagasenti,,neutral
candidate_1441,hindi nasunod ung kulay na dark color sa panty . gusto ko kasi dark para di dumihin di mahirap tanggalin mantsa . pero ok na rin andito na east pa ba,positive,general,general,tagasenti,,negative
candidate_32571,Tinanggal ni kuya ang sapatos niya sa labas ng pinto.,neutral,general,general,tagasenti,,negative
candidate_13827,Sinabi ni Golez na patuloy na nakikipag-ugnayan sa mga ahensiya ng pamahalaan ang National Disaster Coordinating Council upang maghanda sa mga panahon na may emergency.,neutral,general,general,tagasenti,,neutral
candidate_16863,"Ang husay mo talagang magtago ng ebidensya, para kang professional na imbestigador na nagtatakip ng sariling krimen.",negative,general,general,tagasenti,,negative
candidate_7833,Ang 2008 bar examinations committee ay pinamunuan ngayon ni Associate Justice Dante Tinga.,neutral,general,general,tagasenti,,neutral
candidate_10774,Good to know i'm not the only one who cringes with every Binay ad or interview.,negative,general,general,tagasenti,,positive
candidate_20586,maliit and super nipis maliit and super nipis maliit and super nipis maliit and super nipis,negative,general,general,tagasenti,,positive
candidate_9490,Pinapaniwalaan din na masyadong malakas ang agos ng tubig kaya tuluyang bumigay ang mga dike.,negative,general,general,tagasenti,,negative
candidate_25851,Yung inaasahan nating pagbabago ay wala palang kasiguraduhan na mangyayari pa sa bayan na ito.,negative,general,general,tagasenti,,negative
candidate_7603,"9/10 maganda naman sha kaso maliit sha di ko expect pero all in all maganda naman matagal yung delivery pero kind of ""worth"" it sha para sa price",positive,general,general,tagasenti,,positive
candidate_32498,Go lang nang go hanggang sa maubos lahat ng taong nagtitiwala sayo sa kumpanyang ito.,negative,general,general,tagasenti,,neutral
candidate_23781,Kinilala naman ng pulisya ang may hawak kina Mendoza at Pilangga na sina Puruji Indama at Nur Hassan Jamiri na pawang lider ng ASG.,negative,general,general,tagasenti,,negative
candidate_24407,"Sa ulat ng QTV-11 news' Balitanghali, sinabing nahuli ng mga residente ang sawa nitong Sabado ng madaling araw sa kesame ng isang apartment.",neutral,general,general,tagasenti,,negative
candidate_10304,"i tried the lunch buffet last sunday bec i was enticed by the photos they posted on fb. dont expect much, its going to be a big disappointment (expectation vs. reality). i also thought the interiors would be stunning, but no, hindi pulido ang craftsmanship. i was very disappointed w",negative,general,general,tagasenti,,negative
candidate_5140,medyo lukot ung box pero unh loob di naman maya ko na check if nagana tamad pako itry,neutral,general,general,tagasenti,,negative
candidate_23813,"Ayon kay Lacson, dapat iwasan ni Kris ang pagbibigay ng komentaryo sa mga personal na bagay tungkol sa kanyang kapatid katulad ng plano nitong pag-aasawa.",neutral,general,general,tagasenti,,negative
candidate_23348,Minsan tinatamad akong mag-gym pero masarap sa pakiramdam pagkatapos.,neutral,general,general,tagasenti,,positive
candidate_866,"basta basta lang binalot ng minsanan kung alam mo seller lang seller at sa mga seller sa product nyo makikita kung gano kayo ka responsible, seller dito iresponsable basta makabenta",negative,general,general,tagasenti,,neutral
candidate_30920,"Medyo nalilito lang ako sa binabasa ko, pero uunawain ko na lang nang dahan-dahan.",neutral,general,general,tagasenti,,negative
candidate_2788,maganda cia kaso wala ung mga design nia sticker lng ung pinadala pero ung mga nkita ko sa comment eh meron ung magagandang design,neutral,general,general,tagasenti,,positive
candidate_22189,Gihangop hinoon ni Comendador ang pag-abag sa city prosecutor's office sa ilang imbestigasyon.,positive,general,general,tagasenti,,negative
candidate_18170,MANILA - Magkakasunod na nagbawas ng P1 bawat litro sa presyo ng mga produktong petrolyo ang mga kumpanya ng langis nitong Biyernes ng umaga.,positive,general,general,tagasenti,,neutral
candidate_31423,Suntok sa buwan ang pag-asang manalo sa lotto nang walang binibiling tiket.,neutral,general,general,tagasenti,,negative
candidate_15519,not so good maganda ang sound niya pero napaka daling malowbat... yung lenovo nalang bilhin niyo 360+ lang matagal malowbat tpos maganda din quality ng sound,negative,general,general,tagasenti,,positive
candidate_20734,"Palasyo, pumalag sa paninisi ni Binay sa Zapanta case Mariing inalmahan ng Malacañang ang paninisi sa kanila ni...",neutral,general,general,tagasenti,,neutral
candidate_7483,same lang sa price di ako nag expect ng marami wala din sya built in mic wala kang control sa volume at di mo sya pwd e next gamit ang bt,neutral,general,general,tagasenti,,negative
candidate_3180,maganda naman product comfy sya ang problema lang is sobrang unapproachable si seller hindi manlang nagrereply thank you pa din,neutral,general,general,tagasenti,,positive
candidate_10737,makapal thankyou seller over all maganda po sya worth it mabilis pa maship 2 years old si baby boy 15cm inside foot nya pero inorder ko 16cm kase mabilis lang lumaki paa tsaka sakto pag minedyasan pabudol na kayo,positive,general,general,tagasenti,,positive
candidate_20904,"""'Yan ay talagang napakatapang. 'Yan isa sa pinakarespetadong media practitioner at broadcaster sa aming lalawigan,"" papuri ng gobernador.",positive,general,general,tagasenti,,positive
candidate_29297,Kulang ang dala kong pera dahil biglang nagtaas ng presyo ang pamilihan.,negative,general,general,tagasenti,,negative
candidate_3264,hindi nagana yung isa hindi pa nagchacharge bulok pinagantay nyoko ng matagal tapos ganito yung marerecieve ko,negative,general,general,tagasenti,,negative
candidate_19998,bad ung left side lang ang gumagana tas umiinit ung right side n walang hangin na lumalabas,negative,general,general,tagasenti,,negative
candidate_24907,okay naman makapal matagal yung deliver at hindi nag rereply yung seller petition to sanction the seller shoppe,negative,general,general,tagasenti,,negative
candidate_24605,"May 2016... Mar Roxas on phone: ""Hello, Guanzi?"" ?",negative,general,general,tagasenti,,neutral
candidate_23972,MANILA - Inaprubahan ng Senate committee on agrarian reform ang panukalang batas upang palawigin ang bisa ng Comprehensive Agrarian Reform Program (CARP).,neutral,general,general,tagasenti,,neutral
candidate_26117,Limang rolyo ng tape ang ginamit para selyuhan ang lahat ng kahon.,neutral,general,general,tagasenti,,neutral
candidate_3664,"Mr. Mar Roxas, kung sakaling maisip mo na mag-concede ka na, ""baka"" sakaling may matira pang pagmamahal sa iyo ang taong bayan.",negative,general,general,tagasenti,,neutral
candidate_2233,Umalis ang mga aso mula sa kanilang pwesto.,neutral,general,general,tagasenti,,negative
candidate_22673,Ibang ruta sana ang dinaanan natin para walang traffic.,negative,general,general,tagasenti,,neutral
candidate_33889,Nasa kanan ang hagdanan pababa.,neutral,general,general,tagasenti,,neutral
candidate_29661,Naputol ang usapan namin nang biglang agawin ng iba ang mikropono sa entablado.,negative,general,general,tagasenti,,negative
candidate_23441,i m disappointed pero i expected q naman haha dahil mura lng maganda sana pero,negative,general,general,tagasenti,,negative
candidate_31893,Madalas siyang naniningalang-pugad sa kabilang barangay tuwing lulubog ang araw.,neutral,general,general,tagasenti,,negative
candidate_7680,"Sakto lang yung kapal nitong mga towel para sa pamunas sa kusina, nakakatuyo naman ng kamay kaso mabilis kumupas ang kulay kapag nalabhan sa bleach.",neutral,general,general,tagasenti,,negative
candidate_22649,"Ang tatag na trabaho non pre. mas mahirap pa sa dinanas ni pacquiao, pati binay",positive,general,general,tagasenti,,negative
candidate_20959,maganda naman quality pati appearance mali yung kulay and yung size 1100 ml lang eh 2l binili ko pero ok lang naman pero sasusunod po maging honest sa picture,neutral,general,general,tagasenti,,neutral
candidate_25224,"Sinabi ng mga complainant na umabot sa halagang P705,101.40 ang perang inilagak nila sa mga pre-need companies ni Delos Angeles.",negative,general,general,tagasenti,,negative
candidate_34619,Talagang sakit sa ulo kapag ang katransaksyon mo ay walang malinaw na listahan ng presyo.,negative,general,general,tagasenti,,negative
candidate_21712,"Mar Roxas, huwag mawalan ng pag-asa, kaya pa yan! Laban lang!",positive,general,general,tagasenti,,positive
candidate_32373,Buti pa alaga mong isda nasa malinis na tubig tapos tayo nandito sa kumunoy ng kapabayaan mo.,negative,general,general,tagasenti,,negative
candidate_19318,"Ang alam ko si Pacquiao lang ang ininterview, hindi si Binay. Anti-Binay ka ba!?",positive,general,general,tagasenti,,negative
candidate_5635,Pangit ang kalidad ng papel at hindi malinaw ang mga litrato kaya hindi mo makikilala ang mga tao. Masyado pang mahal ang librong ito para sa presyo.,negative,general,general,tagasenti,,negative
candidate_5649,Botante ako so pwede ako magupdate wag niyo ko i-sshut up ha,neutral,general,general,tagasenti,,negative
candidate_14561,"Bilang suporta sa likod, ginamit ang dalawang unan sa upuan.",neutral,general,general,tagasenti,,neutral
candidate_17670,"Kung ano ang in-advertise nila ay iyon mismong product talaga ang dumating, dahil base sa karanasan ko walang kulang at sobrang sakto lahat period.",positive,general,general,tagasenti,,positive
candidate_21597,Bihira tayong makatagpo ng pagtutulungang hindi nakakasakal at puno ng malayang palitan ng ideya.,positive,general,general,tagasenti,,negative
candidate_15979,"Idinagdag ng MILF na ang mga lider ng walong barangay ay palihim na sumusuporta na maisama ang kanilang nasasakupan sa BJE.""",neutral,general,general,tagasenti,,neutral
candidate_21629,Listahan ng botante sa Mayo 'pinalobo' ng 5 milyon - Kontra Daya,negative,general,general,tagasenti,,neutral
candidate_32503,Huwag kang mahihiyang itambak dyan yung hugasin mo nandito naman ako para maging alila mo.,negative,general,general,tagasenti,,neutral
candidate_20114,Naunang ipinangako ni Aquino na walang bagong buwis na ipatutupad sa ilalim ng kanyang magiging administrasyon.,positive,general,general,tagasenti,,negative
candidate_16856,Binay denies kickback allegations and invokes God's name.,neutral,general,general,tagasenti,,negative
candidate_21158,There are predictions of another people power if Mar Roxas wins.,neutral,general,general,tagasenti,,neutral
candidate_6987,ok nmn ung item kya lang 2 black order q kaso ang dumating 1 black at 1 navy blue d cya parehong cotton sna next order same order po slmat,neutral,general,general,tagasenti,,neutral
candidate_33029,"Pwede na rin sana yung upuan, kaso medyo umuuga na kaya parang delikado kung uupuan nang matagal.",negative,general,general,tagasenti,,negative
candidate_16027,awit talaga sa inyo di nyo padin pinadala yung item na kulang wow grabe scammer bullshit,negative,general,general,tagasenti,,negative
candidate_33126,"Hindi ko sinasabing wala tayong pakialam, pero labas na tayo sa problema ng ibang departamento.",neutral,general,general,tagasenti,,neutral
candidate_9201,Nawala ang anumang pamba ng bida nang mapagtanto niyang hindi siya iniiwan ng kanyang mga kasamahan sa entablado.,positive,general,general,tagasenti,,negative
candidate_3078,"Mula sa sariling karanasan ni Jeff at magandang melodies, napakaganda ng CD na ito. Kasama pa niya si Rodney Lee sa keyboard at Rick Braun sa horn. Salamat Jeff!",positive,general,general,tagasenti,,positive
candidate_23473,Sinubukan kong tawagan ang hotline ngunit wala namang sumasagot sa mga ahente nila.,negative,general,general,tagasenti,,negative
candidate_27140,not good tiningnan nyo sana ng mabuti kung okay ba yong item na bininta nyomalayo po ako sa bayan para pumunta sa j&t office. please naman help me na maibalik ito sa sa inyo para masauli yong pero na ibinayad ko,negative,general,general,tagasenti,,negative
candidate_25978,": Sana yung galit, sarcasm at inis niyo kay Mar ay ganon din kay Binay at iba pang kawatan. Kung hindi ay iisipin kong balukt…",negative,general,general,tagasenti,,negative
candidate_3414,"Binay has 200 bank accounts without explanation, according to critics.",neutral,general,general,tagasenti,,negative
candidate_33745,Naglakad kami papunta sa sakayan ng jeep.,neutral,general,general,tagasenti,,neutral
candidate_20012,MILF: Mga opisyal ng 8 brgy sa Iligal City binayaran,negative,general,general,tagasenti,,neutral
candidate_14496,"Una rito, inamin ni Roxas na nagkausap na sila ni Estrada.",neutral,general,general,tagasenti,,neutral
candidate_28878,Sadyang matapang ka lang kapag may mga kasama kang reresbak sa'yo.,negative,general,general,tagasenti,,positive
candidate_6083,medyo manipis lang talaga kailangan mo mag doble pero okay pa din naman sa price since mura lang thank you,neutral,general,general,tagasenti,,positive
candidate_16203,may mag excess threads lang pero maganda 6th time ko na naorder super dami ko nang nabenta na bralletes yung ibang design damage nasira yung cloth dumikit lang sa tape tsaka yung push up bra nasisira yung foam dahil sa packaging at walang strap na dumating pero dami ko padin,neutral,general,general,tagasenti,,negative
candidate_33852,Apat ang gulong ng kotse sa labas.,neutral,general,general,tagasenti,,negative
candidate_3095,"i support Binay and let's appreciate his skin color, please lang.",positive,general,general,tagasenti,,positive
candidate_2335,Ferdinand Marcos led a systematic plunder of our country when he was in power this is a criminal act . He is no Hero: Binay Poe & Dudirty,negative,general,general,tagasenti,,negative
candidate_21973,not a good quality at all di ko nagamit binigay ko nlng sa friend ko pangit sya tlga di matibay. ibang iba sa pic nila. im just wasting my money sa item na ito.,negative,general,general,tagasenti,,negative
candidate_14903,Hala ni maam ka tsura ko kuno si Nancy Binay?,neutral,general,general,tagasenti,,neutral
candidate_26483,waste of money sayang pera wag kayo bumili dito. di ka pa papansinin ng seller pag may issue!!! isang araw lang gumana pagkatapos wala na!!! waste of money never again sa shop na to !!!!,negative,general,general,tagasenti,,negative
candidate_1670,one of the worst restos in the metro pakunti kunti lang binibigay na servings and uber bagal ng service so magaantay ka talaga ng matagal para lang mabigyan ng food staff were very rude parang tamad na tamad at nagdadabog facilities were meh daming di nagana di tuloy namin naenjoy,negative,general,general,tagasenti,,negative
candidate_4546,Totoong walang maitutumbas na halaga sa katahimikang ibinigay ng pamumuhay nang malayo sa gulo ng paligid.,positive,general,general,tagasenti,,positive
candidate_21537,Puro negative yung ibinabalita nyo tungkol kay Duterte samantalang kay Poe at Roxas ni-isa wala. ang worst nyo! pwe!,negative,general,general,tagasenti,,negative
candidate_14679,mesh yung upper part ng shoes mabilis si seller at shipping salamat,positive,general,general,tagasenti,,positive
candidate_11634,May mga alegasyon ng anomalya laban sa pamilya Binay na ikinagagalit ng ilan.,neutral,general,general,tagasenti,,negative
candidate_1057,i received the i tem tnx po ok naman siya,positive,general,general,tagasenti,,positive
candidate_12023,"""Samtang nagalakat ang tinuig, nagapigaw man ang baligya-anay sang mga ginagamit sa handa tagsa mag tigkalalag.""",neutral,general,general,tagasenti,,negative
candidate_18098,Kaagad namang humingi ng paumanhin ang embahada ng Britanya nang malaman na mali ang nakuha nilang impormasyon.,neutral,general,general,tagasenti,,negative
candidate_24925,Sana if ever na manalo si Poe or Duterte bigyan nila ng posisyon yung isa't isa pati si MDS ?,positive,general,general,tagasenti,,neutral
candidate_22518,"""Mabigat ang kaniyang kaso. Yung baril na nakuha ay isa sa sandata na nagamit sa crime,"" pahayag ng opisyal.",negative,general,general,tagasenti,,negative
candidate_20006,Wala. Gusto niyo lang siraan si VP Binay. Hindi ganyan si Idol tsk,positive,general,general,tagasenti,,negative
candidate_6336,"nice nman ung item . . pero wrong color ung fan, d q alam if color blind ehh.. ang layo nman ng color blue tpos naging white.. pero carry nman at maayos at mganda nman ung item,pero xmpre bwas star na!",positive,general,general,tagasenti,,negative
candidate_14479,"Dahil maluwag yung garter nitong medyas, laging bumababa kapag naglalakad ako, pero makapal yung tela at presko sa paa kaya pambahay ko na lang.",neutral,general,general,tagasenti,,negative
candidate_21880,"May nagtatanong tungkol sa pahayag ni Mar Roxas ng daang matuwid, at binanggit ang paliko-likong Baguio.",neutral,general,general,tagasenti,,neutral
candidate_33229,"Nagpalit ako ng password para secured, hindi ko na tuloy mabuksan ang account ko ngayon.",negative,general,general,tagasenti,,negative
candidate_25443,Pati ang pinakamaliit na gasgas ay hindi mo makikita sa makinis na ibabaw ng lamesang ito.,positive,general,general,tagasenti,,negative
candidate_8363,grabe . sa dami ko ng naorder sa shopee dito lang talaga ako napahanga. lahat gumagana. nung una nalungkot ako kase sira yung box. pero natuwa ako kase lahat ok sya. . thank you s seller sa next order ulit ... binase ko rin kase mga comment section bago ako,positive,general,general,tagasenti,,positive
candidate_18876,kitang namn yung order ko if anong color pero yan ang dumating hahahaha sana hnd na nilagyan ng choices po if mali nmn sna inform din si buyer po para alam,negative,general,general,tagasenti,,neutral
candidate_4036,"Mabango itong lotion at madaling ma-absorb ng balat, kaya lang hindi naman niya masyadong na-moisturize yung mga dry patches ko.",neutral,general,general,tagasenti,,neutral
candidate_3616,"Nakaka-bad vibes talaga yung ""pandak, nognog thingy"" ni Binay. Bwisit talaga.",negative,general,general,tagasenti,,negative
candidate_13792,Hindi sana ako nagtiwala sa online seller.,negative,general,general,tagasenti,,negative
candidate_29909,Tinawag na ang turno ko para sa renewal sa ahensya.,positive,general,general,tagasenti,,neutral
candidate_19052,Nag-charge sana ako kagabi pa.,negative,general,general,tagasenti,,neutral
candidate_29914,Tinawag na ang grupo namin para sa presentation.,positive,general,general,tagasenti,,neutral
candidate_10345,Matagal ko na itong inaantay na ma-release sa DVD at dapat talagang bilhin ito ng sinumang fan ng Wall Street o anumang magandang financial movie.,positive,general,general,tagasenti,,positive
candidate_16021,wow! excellent...masyadong nagustuhan ko ung product! i will order next tym,positive,general,general,tagasenti,,positive
candidate_14032,Kanina pangalawa si grace poe. Ngayon si mar roxas na tsk tsk ?,negative,general,general,tagasenti,,neutral
candidate_22427,"Ayon sa haka-haka, pinili ni Binay si Ness dahil gusto niya ng kasamang Moreno.",neutral,general,general,tagasenti,,neutral
candidate_7770,Habang tumatagal ay hindi na nagiging makatotohanan ang mga plano niya.,negative,general,general,tagasenti,,negative
candidate_34494,Nakakaawa ang mga ordinaryong manggagawa na hawak sa leeg ng mga ganid na kapitalista.,negative,general,general,tagasenti,,negative
candidate_8801,"""Bukod sa OCD, nagdeklara rin ang Maynilad Water Services, Inc. na nasa alert level na ang tubig sa La Mesa dam.""",negative,general,general,tagasenti,,neutral
candidate_4723,"""Muli namang nanawagan ang Gabriela na alisin ng Malacanang na alisin sa puwesto si Singson na tinawag nilang ""salot"" sa kababaihan.""",negative,general,general,tagasenti,,negative
candidate_3338,"Front page: Binay's lead narrows, Duterte up in latest BW-SWS survey",neutral,general,general,tagasenti,,neutral
candidate_18589,ok ok lng kung d masyadong curly ang hair mo magstraight talaga sya tapos yung heat nya d masyado kaya matagal magstraight,neutral,general,general,tagasenti,,neutral
candidate_9317,"Now I think that the Alma Moreno interview, same with Binay during the UPLB forum, is a form of act to gain sympathy and popularity.",negative,general,general,tagasenti,,neutral
candidate_22037,sobrang ganda po ng items oorder ako ulit sa shop na ito nagustohan ng mga buyers ko mura lang po shipping kahit madami god bless po sa shop na ito more sales to come,positive,general,general,tagasenti,,positive
candidate_25438,Gikatahong tigpaluyo sa NPA ang magtiayung Mauricio ug Saria Anugot.,neutral,general,general,tagasenti,,negative
candidate_15996,Binanggit sina Binay at Napoles kasama ng mga nagtatanim ng bala.,neutral,general,general,tagasenti,,negative
candidate_13535,Kaya ako lumipat ng internet provider dahil wala silang kwentang mag-ayos ng linya.,negative,general,general,tagasenti,,negative
candidate_12666,Ang galing ni Binay! Panoorin ang commercial niya. Saya!,positive,general,general,tagasenti,,positive
candidate_33139,"Ang sarap sana ng tulog ko, kaso tumunog agad yung alarm.",negative,general,general,tagasenti,,negative
candidate_4654,great texture magaan cya medyo mahal pero sulit cya kasi napaka portable,positive,general,general,tagasenti,,neutral
candidate_33266,"Nagbayad ako nang buo sa contractor para mabilis, bigla na lang silang nawala.",negative,general,general,tagasenti,,negative
candidate_26758,good nice color good naman xa.. may maliit na punit.. but goos naman.. no worries,positive,general,general,tagasenti,,positive
candidate_13321,"Bilib ako sa lakas ng kapit mo sa akin, nag-stay ka lang pala kasi libre ang upa at pagkain sa bahay ko.",negative,general,general,tagasenti,,positive
candidate_11003,Ayon kay Zeromines nagsimula ang kababalaghan nitong Lunes ng umaga nang magalit ang isa sa kanila dahil sa nawawalang sim card ng cellular phone.,neutral,general,general,tagasenti,,negative
candidate_33620,Inilipat ako sa business class ng eroplano nang walang dagdag na bayad.,positive,general,general,tagasenti,,neutral
candidate_11233,Sobrang bagal ng drive na ito kaya mas maganda pang bumili ng mas mabilis at mas murang drive kaysa dito na sayang lang sa pera.,negative,general,general,tagasenti,,negative
candidate_56,Ibang sagot sana ang sinulat ko sa test paper.,negative,general,general,tagasenti,,neutral
candidate_229,"""Nag-high tide kahapon [Lunes]. Kaya lalong lumala yung baha,"" ayon kay Amparo.",negative,general,general,tagasenti,,negative
candidate_8848,okay naman considering the price andami akukuhang balahibo kahit kakawalis lang hindi ganun kaingay kaya good buy na rin,positive,general,general,tagasenti,,positive
candidate_30829,"Medyo hindi ko lang gusto ang amoy ng pabango niya, hindi naman sa umaangal ako.",neutral,general,general,tagasenti,,negative
candidate_18007,maganda sa personal thankyou seller,positive,general,general,tagasenti,,positive
candidate_26994,"Sen. Binay: UNA had nothing to do with Poe residency issue. Wag mo kami gawing tanga at wag kang magmalinis. Ano kami, bobo?",negative,general,general,tagasenti,,negative
candidate_19409,Ate M: Pinatunayan ni nognog na may mas maitim pa sakin.,negative,general,general,tagasenti,,negative
candidate_7763,panget di nagchacharge at di sumisignal,negative,general,general,tagasenti,,negative
candidate_23237,Napakaganda ng product na ito at sulit din ang presyo. Dumating itong naka-sealed nang maayos at sariwa pa kaya highly recommended ko ito sa lahat!,positive,general,general,tagasenti,,positive
candidate_4218,Mar Roxas's calls for unity against Duterte is a sign of strong leadership and cooperation.,positive,general,general,tagasenti,,positive
candidate_9473,"May nagsasabi na sa pagtakbo ni Duterte, siguradong panalo si Binay.",neutral,general,general,tagasenti,,positive
candidate_30933,"Sila ay nabubuhay sa estadong isang kahig, isang tuka araw-araw.",negative,general,general,tagasenti,,neutral
candidate_7047,Nakita sa mayor ang mga dayandayan nga yellow flags ug ribbons nga gipahimutang sa kadalanan.,neutral,general,general,tagasenti,,negative
candidate_1549,"Apan sa nasugatang suliran, wa gayud kawad-i og pagla-om ang pulis.",positive,general,general,tagasenti,,negative
candidate_8699,Binay is such a strong candidate! Tiyak na mananalo siya sa election!,positive,general,general,tagasenti,,positive
candidate_20211,"mura , oo pero seller bakit naman ganon. masaya na sana e. may gift na para kay mama. tapos susubukan namin di gumagana. chinarge pa namin di nagana. higher un recommended.! im dissapointed. not legit, 100percent scam.",negative,general,general,tagasenti,,negative
candidate_12307,"Ayon sa ilan, may mga palpak sa line-up ni Binay.",neutral,general,general,tagasenti,,neutral
candidate_10168,mali nmn po yong dumating sira pa maka disappointed po,negative,general,general,tagasenti,,negative
candidate_11954,"Saludo ako sa pagiging mabilis mo, nagawa mong gastusin ang isang buwang budget natin sa loob lang ng isang oras sa casino.",negative,general,general,tagasenti,,positive
candidate_29894,Lumabas na ang audit report para sa quarter na ito.,positive,general,general,tagasenti,,neutral
candidate_14269,maganda ang tela and very very soft received the order 3 days earlier than the expected date perfect for everyday use i really wasn t expecting the packaging hindi man lang nilagay sa kahit isang plastic haaays underwear pa naman to,neutral,general,general,tagasenti,,positive
candidate_15114,"Sa ulat ng dzBB radio, binaril at napatay ang negosyanteng si Gilbert Lopera, 31, dahil sa tama ng mga bala sa iba't-ibang bahagi ng katawan.",negative,general,general,tagasenti,,negative
candidate_24801,super accommodating ni seller requested to received the item within 2days and the seller made it happen finally andito na siya badly needed it for my mother super secured ng item thank you so much seller highly appreciated,positive,general,general,tagasenti,,positive
candidate_31076,Mula umaga hanggang hapon ay nagbibilang ng poste ang aking pinsan.,neutral,general,general,tagasenti,,neutral
candidate_18410,Pwede bang malaman kung sino ang in-charge dito?,neutral,general,general,tagasenti,,neutral
candidate_26972,Sobrang hirap ipaglaban ng karapatan lalo na kung wala namang batas na nagpoprotekta rito.,negative,general,general,tagasenti,,negative
candidate_29953,Na-submit ko ang budget plan para sa susunod na taon.,positive,general,general,tagasenti,,positive
candidate_27225,The Only Binay ad emphasizes that Binay is unique.,neutral,general,general,tagasenti,,neutral
candidate_11517,"""We will deal severely with any extra-constitutional or illegal attempt to destabilize the government,"" pahayag ni Teodoro.",neutral,general,general,tagasenti,,negative
candidate_6832,"Mar Roxas has a big problem in Iloilo. In September 2015, a poll survey in the province showed he garnered 66% of...",neutral,general,general,tagasenti,,negative
candidate_27619,Ay buti pa kayo nakabili sa cubao NBS walang nakakarating meron doon si binay ang cover,neutral,general,general,tagasenti,,neutral
candidate_34568,Laging tulak ng bibig ang ipinapakita ng manedyer kaya walang rumerespeto sa kanya.,negative,general,general,tagasenti,,negative
candidate_3933,got a computer mouse hahah di ko na tinry kung gumagana binigay ko nalang sa kapitbahay namin,neutral,general,general,tagasenti,,positive
candidate_16064,"Sa isinagawa umanong straw voting ng executive committee ng liga, pito umano ang bumoto para kay Legarda, kumpara sa apat na boto ni Puno.",neutral,general,general,tagasenti,,negative
candidate_21062,"thanyouuuuuuu shopee and sa seller, maayos naman pagkabalot at mabilis din nakarating samin hehe will order again pag naubos.",positive,general,general,tagasenti,,positive
candidate_2687,ok sana kaya lang kulang ng 2 usb adapters the seller was not responsive. never order again,negative,general,general,tagasenti,,negative
candidate_29272,Mula umaga hanggang hapon hindi ako makapasok sa online portal nila.,negative,general,general,tagasenti,,negative
candidate_22563,Dalawang metro ng tanso ang ginamit sa paggawa ng tubo.,neutral,general,general,tagasenti,,neutral
candidate_14304,"Inaasahang darating sa pantalan ng Maynila ang MS Volendam bago matapos ang Abril, bilang bahagi ng 47-araw na paglalakbay sa Orient at Alaska.",positive,general,general,tagasenti,,neutral
candidate_13388,"May mga opinyon tungkol sa joke ni Duterte, MDS, Roxas, Poe, at Binay.",neutral,general,general,tagasenti,,neutral
candidate_30961,Kilabot sa aming baryo ang mga tsismosang may sanga-sangang dila.,negative,general,general,tagasenti,,negative
candidate_20867,"""""We don't have anything to worry. Malinis ang konsensiya namin. Hindi namin character 'yung magpa-kidnap o magpapatay ng tao,"""" ayon sa dating pangulo.",neutral,general,general,tagasenti,,neutral
candidate_27300,okay naman working din yung remote kaso siguro yung battery yung issue mahina kasi tapos pawala wala yung paggana tapos di rin 5m 3m lang to eh bitin tuloy yung pagkakakabit i ll buy another one na lang siguro,neutral,general,general,tagasenti,,negative
candidate_2093,Nagkita sina Gordon at Aytona sa Hotel Sofitel ilang oras bago dumating sa Senado.,neutral,general,general,tagasenti,,neutral
candidate_32355,Buti pa basurahan niyo may takip samantalang yung bibig mo nakabuyangyang palagi.,negative,general,general,tagasenti,,negative
candidate_17237,Ei yung tinanong ko yung kasambahay namin kung sino iboboto ang sinagot Binay! Puta ate lumayo ka sakin baka masapak kita!,negative,general,general,tagasenti,,negative
candidate_13533,"Roxas, magaling ang presscon mo! Bakit si Poe lang? Dapat kasama mo sina Binay at Santiago para sa pagkakaisa.",positive,general,general,tagasenti,,positive
candidate_10632,maganda ang packaging pero ang pangit na kapag ipinahid sa kuko im disappointed sayang lang pera ko hindi po nmin pinupulot ang bayad nmin sa mga benta nyo kaya sana nman kung ayaw nyong masira ayusin nyo nakakadismaya 1oras na sa kuko ko pero d parin tuyo my gosh,negative,general,general,tagasenti,,negative
candidate_17869,black try nyo rin sobrang ganda nito,positive,general,general,tagasenti,,positive
candidate_7489,May nagtatanong kung saan galing ang survey na pabor kay Mar Roxas.,neutral,general,general,tagasenti,,neutral
candidate_1096,Gumawa na naman si Paul Borthwick ng solid piece galing sa scriptures. Sigurado akong mae-enjoy ng lahat ang fresh study na ito tungkol sa Diyos.,positive,general,general,tagasenti,,positive
candidate_19681,"Nakaka-relax yung amoy nitong essential oil, pero kailangan mong magpatak ng marami bago mo maamoy sa buong sala talaga.",neutral,general,general,tagasenti,,positive
candidate_21646,one mystery box and one mystery pouch inorder ko. sira ang nakuha kong gamepad. nakakadisappoint. okay naman ang mouse di ko palang na try.,negative,general,general,tagasenti,,negative
candidate_15302,"Magandang travel bag na malaki ang space pero hindi bulky, at may multiple compartments kaya organized at secure ang gamit mo kapag nasa byahe.",positive,general,general,tagasenti,,positive
candidate_3350,okay nmn working sila may amoy nga lang sya mabuti wala damage wala kasi sua bubble wrap ok din dumating agad thank you,neutral,general,general,tagasenti,,positive
candidate_20685,"hellllloooo, good day , napaka good quality ng mga products nila.. till next shopping po bili na kayo ditto hihi. thank you very much",positive,general,general,tagasenti,,positive
candidate_23189,Masarap talaga ang kape na ito at madali pang i-brew; napakamura rin ng presyo nito kumpara sa ibang brands kaya sulit na sulit sa bulsa.,positive,general,general,tagasenti,,positive
candidate_24983,Nito lamang linggo nakumpleto ng Salvage crew ang pagkuha sa lahat ng container ng endosulfan na ilang buwan na nakababad sa kagaratan ng Sibuyan.,positive,general,general,tagasenti,,neutral
candidate_23280,pg 3rd time kn eto ok naman lahat at sana tumagalthank you selller at sa rider,positive,general,general,tagasenti,,positive
candidate_22236,8 10 mabango naman sya kaso pag dating saakin naka bukas na yung bottle and natapon na yung perfume,neutral,general,general,tagasenti,,neutral
candidate_8144,Ang bobo ni Mar Roxas. Pero mas duwag. Takot sa abusadong telcos.,negative,general,general,tagasenti,,negative
candidate_29293,Malaki ang ibinawas sa sahod ko dahil sa mga late at absences.,negative,general,general,tagasenti,,negative
candidate_5389,4 tao na konektado sa fertilizer fund scandal &#39;wanted&#39; sa Senado,negative,general,general,tagasenti,,negative
candidate_14322,ok ung quality sa price kaso may isang may crack na glass container pero keri na kasi hassle pa ipapalit thanks seller,neutral,general,general,tagasenti,,negative
candidate_5352,okay ung item maganda at mukhang walang leak angtagal lang na ship out pero oks,neutral,general,general,tagasenti,,neutral
candidate_21735,super budget friendly good afternoon super happy with this purchase we are using gomo sim for almpst 4 months much better sa other internet provider bihira mg log yun signal super affordable fast shipping ordered 10 10 recieved 10 11 the follpwing day good for the whole family di muah muah,positive,general,general,tagasenti,,positive
candidate_5233,first you have to know that alden already said that there was no offer from Mar Roxas. So the article may contain errors.,neutral,general,general,tagasenti,,negative
candidate_10515,"Binay got a 52% approval rating last quarter, nine percentage points higher than the 43% he got in September 2015",neutral,general,general,tagasenti,,positive
candidate_21057,2 liter order ko pero iba pinadala nyo napaka hussle pa namn mag return and refund hindi nyo chinecheck bago nyo ipa ship nagmessage ako sa seller pero wala responce,negative,general,general,tagasenti,,negative
candidate_10578,Hindi sana ako bumili ng luho ngayong buwan.,negative,general,general,tagasenti,,negative
candidate_13220,"Kahit nag-iiwan ng himulmol ang bath towel na ito sa balat, okay lang kasi malambot naman siya.",neutral,general,general,tagasenti,,neutral
candidate_31900,Hindi siya sanay naniningalang-pugad sa personal kaya labis siyang nahihiya at namumutla.,neutral,general,general,tagasenti,,negative
candidate_7705,maganda ung tela however parang gamit na sya may dents ung holder and ung hawakan putol also it is not as small as what you can see in the pictures too pricey for the quality,negative,general,general,tagasenti,,neutral
candidate_13859,"Ang saya ng mga Binay memes ngayong Black Saturday, nakakatuwa ang creativity.",positive,general,general,tagasenti,,positive
candidate_12662,Makaulit ang political ad ni binay! Why is it shown several times?!?,negative,general,general,tagasenti,,negative
candidate_19119,Lumitaw sa imbestigasyon ng SEC na minanipula ang presyo ng BestWorld upang makaakit ng mga mamumuhunan.,negative,general,general,tagasenti,,negative
candidate_29469,Walang tigil sa pagkahol ang aso nila sa tuwing may dadaan sa kalye.,negative,general,general,tagasenti,,negative
candidate_18807,thin material used to hold the laces are too thin so you can t pull on them too hard i had to sow it back in place also the soles tend to come out from under your feet so kailangan mo pa siya ibalik sa loob ulit minsan good enough i,neutral,general,general,tagasenti,,negative
candidate_192,"matibay, maganda ang pagkakagawa, seamless talaga walang run bumili na rin kayo guys sobrang sulit! as in. will order more for gifts",positive,general,general,tagasenti,,negative
candidate_812,nice ung zipper at ang pag tali,neutral,general,general,tagasenti,,positive
candidate_27046,8 5 10 lightweight hindi magibat 42 ako but nag fit yung 41 sa aking and it looks beautiful perfect for ootd and awrahan,positive,general,general,tagasenti,,positive
candidate_30032,Nabuo na ang plano para sa outing natin sa tag-araw.,positive,general,general,tagasenti,,neutral
candidate_17960,goods na goods po ang ganda at ang laki nya,positive,general,general,tagasenti,,positive
candidate_21203,Ewan ko ba kung bakit walang sistema ang pagtanggap nila ng mga aplikante kaya sobrang gulo sa labas.,negative,general,general,tagasenti,,negative
candidate_5380,"Ang husay mong magbigay ng direksyon sa buhay natin, inihatid mo ako sa kawalan.",negative,general,general,tagasenti,,positive
candidate_13151,Ang naturang desisyon ng korte ay ikinatuwa naman ng kampo ng akusado.,positive,general,general,tagasenti,,positive
candidate_11007,Excellent talaga ang movie series na ito. Nakakatuwang mapanood ang buong serye nang sunud-sunod dahil mas naipapakita at naa-unravel nang maayos ang mismong kwento rito.,positive,general,general,tagasenti,,positive
candidate_23402,Maraming gasgas yung disc noong una pero natanggal din agad gamit ang disc buffer kaya masayang-masaya ako sa naging purchase ko na ito.,positive,general,general,tagasenti,,positive
candidate_9990,"Dahil sa kanilang mahigpit na seguridad, hindi nawala ang aking pitaka kahit naiwan ko ito sa upuan.",positive,general,general,tagasenti,,positive
candidate_20304,maganda sya at makapal will order again thank you seller,positive,general,general,tagasenti,,positive
candidate_17339,"d sya maganda kc maliit ang size d rin sya nag istrech, sayang lng dko magamit",negative,general,general,tagasenti,,negative
candidate_17655,Nag-aral sana akong magluto noon pa.,negative,general,general,tagasenti,,negative
candidate_22851,Isang malaking joke ang tape na ito dahil parang customer service guide ng Muppets! Sales people kami at hindi bata kaya hindi ko ito nire-recommend talaga.,negative,general,general,tagasenti,,negative
candidate_1896,"Kahit sinunod ko na nang maigi ang directions ay wala pa ring naging magandang resulta ito, kaya sana malaman ko na ang solusyon sa problema namin.",negative,general,general,tagasenti,,neutral
candidate_19339,mabango sya first time kong bumili try ko muna kong effective,neutral,general,general,tagasenti,,negative
candidate_14883,"Sa hiwalay na ulat ng GMA news' 24 Oras nitong Biyernes, sinabing sa Hunyo 17 naman ang pasukan sa FEU upang malinis ang buong pamantasan.",neutral,general,general,tagasenti,,neutral
candidate_130,so happy and satisfied xa lahat ng mga inorder q salamat po excited nakong gamitin para xa baby ko,positive,general,general,tagasenti,,positive
candidate_21404,Maganda ang mensahe ng ad ni Binay tungkol sa hirap.,positive,general,general,tagasenti,,positive
candidate_2117,cotton smooth fabric kaso sira agad ang zipper the delivery is fast pero its good naman nevermind sa small damage thanks seller and to shoppe rider,neutral,general,general,tagasenti,,positive
candidate_20947,Naniniwala din siya na hindi masisira ang relasyon ng kanyang anak kay Danding dahil sa pasya ni Chiz na magsarili.,neutral,general,general,tagasenti,,neutral
candidate_25227,Magandang sundin ni Duterte ang payo ng kapwa abogado.,positive,general,general,tagasenti,,positive
candidate_11315,Namatay ang ilaw sa runway kaya na-delay ang landing.,neutral,general,general,tagasenti,,negative
candidate_11008,"Mas mabuti pang i-flush na lang ang pera niyo sa toilet kaysa bilhin itong basurang product, kaya hindi ko gets ang mga positive reviews dito.",negative,general,general,tagasenti,,negative
candidate_2615,ang laki nya mashado yung hangin tuloy di masyado maramdaman pero nagustuhan naman ng anak ko tagal din dumating at yupi na yung kahon di man lang iningatan fyi late ko napansin na sira yung charger at may bungi din yung gilid ng charging pin disappointed nagbayad ng maayos,negative,general,general,tagasenti,,negative
candidate_27210,Mar Roxas is this and that. Isnt about time you compare him to other candidates?,neutral,general,general,tagasenti,,negative
candidate_32566,Inilabas ko ang basura bago dumating ang trak.,neutral,general,general,tagasenti,,neutral
candidate_20252,ok naman xa. saan nakakabili ng filter? change filter every 3mos daw,positive,general,general,tagasenti,,neutral
candidate_3569,Salamat. Suportahan natin si Grace Poe para manalo laban kay Binay.,positive,general,general,tagasenti,,positive
candidate_21462,"may punit yung iba, gumamit sila ng tape para iseal ang roll kaya bumabakat sa wallpaper yung tape mark scam. fake ads. hindi totoong 10 meters ang haba. more or less 6 meters lang kada roll. seller does not responded",negative,general,general,tagasenti,,negative
candidate_26544,Nakakainis dahil sayang lang sa puno at sobrang walang kwenta ang librong ito para mapasama pa sa NYT Best Seller list.,negative,general,general,tagasenti,,negative
candidate_22467,Hindi. Sinabayan pa ng kabobohan ni mar roxas state of calamity na dapat emergency na! At dami nabulok na relief goods at medicines!,negative,general,general,tagasenti,,negative
candidate_28169,"Bilib ako sa husay mong mangako na babayaran mo ako bukas, mag-iisang dekada na yung bukas na hinihintay ko.",negative,general,general,tagasenti,,positive
candidate_839,Mar Leni Mar Leni Mar Leni Mar Leni Mar Leni! Think positive. Tandem win!,positive,general,general,tagasenti,,positive
candidate_9137,"Okay sana itong foundation dahil saktong nag-match sa skin tone ko, kaya lang nag-o-oxidize siya at umiitim pagkalipas ng ilang oras.",neutral,general,general,tagasenti,,negative
candidate_8127,Hindi sana ako nagpa-late nang ganito.,negative,general,general,tagasenti,,negative
candidate_28134,Nais kong ipaalam sa lahat na walang anumang lokohan ang nangyayari sa transaksyon ng tindahang ito.,positive,general,general,tagasenti,,negative
candidate_19958,Magtatagumpay ang KathNiel! At magiging liwanag sila ni Mar Roxas!,positive,general,general,tagasenti,,positive
candidate_8261,32 waist q.. shoot agad skn pgkasuot q.. legit..smooth ang curves skn.. nd msikip sa singit at sa bum area.. pwede sya pangaraw araw.. nd din ngroroll kc me stickbone. isa sa pinakamurang munafie na nkta q d2.. ung pink prng konting dark lng sa skintone.. pwede na sya panloob..,positive,general,general,tagasenti,,positive
candidate_26308,"Wala siya mahasol sa iyang nakit-an ug alang kaniya, makonsensya siya kon dili motabang pagsulbad sa kaso.",positive,general,general,tagasenti,,neutral
candidate_21871,Sa tagal kong naghahanap ng tamang sukat ay dito lang ako hindi nabigo.,positive,general,general,tagasenti,,neutral
candidate_13355,Mirriam at the top! That's very acceptable seeing her above Roxas and Binay.,positive,general,general,tagasenti,,positive
candidate_14711,Residente sa Metro Manila pabor na alisin ang EVAT sa langis - survey,positive,general,general,tagasenti,,neutral
candidate_20184,< di super fragrant and i dont think na long lasting. panggamit ko lang naman to sa school at maya't maya naman ako magspray so okay na din. mura lang din siya kaya thanks.,positive,general,general,tagasenti,,positive
candidate_2982,Natutuwa ako sa commercials nina Binay and Mar. Ang saya!,positive,general,general,tagasenti,,positive
candidate_19486,"Ang pasyente, immigrant ini sa Daly City, California, nagpauli sang Mayo 12 para magbakasyon.",neutral,general,general,tagasenti,,neutral
candidate_31867,"Kahit may gatas pa sa labi, pilit siyang nakikisali sa maselang usapan ng mga matatanda.",negative,general,general,tagasenti,,neutral
candidate_25592,sira yung product kaloka tsk. sira yung product kaloka tsk. sira yung product kaloka tsk. sira yung product kaloka tsk. sira yung product kaloka tsk. scammer sayo na yang 300+ ko,negative,general,general,tagasenti,,negative
candidate_30094,Lumiwanag ang paligid pagkatapos ng ulan kagabi.,positive,general,general,tagasenti,,positive
candidate_11435,thank you seller for the smooth transaction..tuwang tuwa ang daughter ko hoping it will last..sakto lang sya for 6y/o girl pang school.. thank you,positive,general,general,tagasenti,,positive
candidate_2870,"Ang weird at ang hirap intindihin ng movie na ito kaya kung ako sa inyo, huwag niyo nang sayangin ang pera niyo rito!",negative,general,general,tagasenti,,negative
candidate_30936,"Ang pamilya ni Pedro ay isang kahig, isang tuka kaya kailangan niyang magtrabaho agad.",negative,general,general,tagasenti,,neutral
candidate_5124,mabilis po mapagod ung vacuum nagiging mahina agad after ilang gamit cant last an hour,neutral,general,general,tagasenti,,negative
candidate_1654,"Honasan ay tumakbo bilang kasama ni Binay, na may mga alegasyon ng katiwalian.",neutral,general,general,tagasenti,,neutral
candidate_22710,Ito ay isang great movie at naisip kong original na ideya ito na pinagsama ang slayer at mga vampires para sa isang hit na pelikula.,positive,general,general,tagasenti,,positive
candidate_10396,"magaling ka po!!tama lahat ng order ko bilang at kulay....magandang kaledad,mabilis nkarating ang order ko.....salamat po syo god bless",positive,general,general,tagasenti,,positive
candidate_27315,ok juskoooo di pala to pwedeng banlian ng tubig natutunaw to unlike sa binili ko sa tiktok yung color blackgray na kahit lagyan ng mainit di natutunaw buset low quality at its finest,negative,general,general,tagasenti,,negative
candidate_13042,ayos naman tuwang tuwa mama q kaso recomended sa pang malakihan lang tlga xang space di pwedi sa maliit kasi nastock na xa isang area lang yong iniikotan nya peo quality is good nman sana tumagal,neutral,general,general,tagasenti,,positive
candidate_4765,"Mas mabuti pang Goty bilhin dahil same price lang tapos may extra 20-60 hours pa, less glitches at hindi pa masisira agad ang disc niyo.",negative,general,general,tagasenti,,neutral
candidate_23583,receive ko na po order ko maayos namang dumating kaso kulang ng isang brush but it's ok chinat ko naman si seller ang responsive nya kausa at nag rereply thank you seller sa pa freebies na shades. i will order again,positive,general,general,tagasenti,,positive
candidate_6904,battery is not original lowbatt agad kahit naka saksak waste of money,negative,general,general,tagasenti,,negative
candidate_15624,super legit guyss pabudol nakyoo,positive,general,general,tagasenti,,positive
candidate_30768,"Hindi ko naman sinasabing hindi natin ito kakayanin, baka lang kailangan natin ng mas mahabang oras.",neutral,general,general,tagasenti,,neutral
candidate_4841,ok na sana kaso na desappoint ako ng makita ko na white ang isa order ko kaai parehong black at pare na red ang swelas mali ang binigay na order,negative,general,general,tagasenti,,negative
candidate_3618,"Kung wala silang ibinigay na tracking number, paano natin hahanapin?",neutral,general,general,tagasenti,,neutral
candidate_5770,25 pero sakto lang sakin i really like yung color light grey nakaplastic at mas okay sya compare kay black na hindi and yung garter ay mas loose kesa kay gray it looks like new tlaga yung grey but its okay mura lang naman sya,neutral,general,general,tagasenti,,positive
candidate_9803,"Binigyan niyo ako ng room key na nagbubukas din sa kabilang kwarto, napaka-community-driven at friendly ng security ng hotel ninyo.",negative,general,general,tagasenti,,positive
candidate_25834,nareceive naman agad. currently on testing mode and working perfectly fine naman. chinese lang yung remote so di maintindihan yung buttons. hope it works as intended.,positive,general,general,tagasenti,,positive
candidate_30140,Naging payapa ang dagat bago pa lumayag ang mga mangingisda.,positive,general,general,tagasenti,,negative
candidate_11850,pangit dami konlng order tapos di naman pala worth it ang pangit ang nipis dali oang mapunit ang chaka nakaka badtrip,negative,general,general,tagasenti,,negative
candidate_17776,Sinabi ni Jimenez na hindi pa matukoy ang nalalabing 14 na nasawi.,negative,general,general,tagasenti,,neutral
candidate_24181,"Binay ay patuloy na lumalaban, may prinsipyong pinaglalaban.",positive,general,general,tagasenti,,positive
candidate_10123,Sumunod din umano sa kautusan ang lahat ng 90 drug store outlet sa Mindanao.,positive,general,general,tagasenti,,neutral
candidate_4802,"Tuwing ikatlong linggo ng buwan, itinaas ang watawat ng bansa.",neutral,general,general,tagasenti,,negative
candidate_23868,"Xenxa n, for my rant, Binay n nman ang mayor nmin, my mouth is shut, mkHT lng",negative,general,general,tagasenti,,negative
candidate_9698,"Gumagana yung bumbilya na nabili ko at maliwanag sa kusina, pero titingnan ko pa kung tatagal ba talaga siya ng ilang taon.",neutral,general,general,tagasenti,,neutral
candidate_2180,"Mabait yung tour guide, nagmamadali lang lagi sa itinerary.",negative,general,general,tagasenti,,positive
candidate_7911,Pinahintulutan naman ng pamahalaan ng Saudi na isagawa ang pagpaparehistro sa mga Philippine school sa nabanggit na bansa.,positive,general,general,tagasenti,,negative
candidate_14302,thank you seller maganda naman ang product peeo i m not that satisfied lg sa quality pero pwede naman sya pang gala if you re wearing a good top or maganda shoes mo thank you shopee,neutral,general,general,tagasenti,,positive
candidate_32199,Hindi ko maitatangging hindi ligtas ang daanang iyan kapag gabi na.,negative,general,general,tagasenti,,negative
candidate_2551,Idinagdag niya na magandang opurtunidad kay Villar ang ibinigay ng sektor upang maipaliwanag nito ang kanyang panig sa lahat ng naturang akusasyon.,positive,general,general,tagasenti,,positive
candidate_31600,Tila pasan ang daigdig ng matandang naglalakad habang may buhat na mabigat na sako.,negative,general,general,tagasenti,,negative
candidate_1864,"Samantala, nagpaabot naman ng pakikiramay ang Malacanang sa mga kamag-anak ng mga nasawi sa pinakabagong trahedya sa karagatan ng Pilipinas.",positive,general,general,tagasenti,,negative
candidate_13032,"Maganda talaga itong thriller sci-fi na book na aksidente ko lang nahanap at isa ito sa pinakamagandang nabasa ko ngayong taon, buti na lang.",positive,general,general,tagasenti,,positive
candidate_14446,"Nagre-respond naman yung controller, matigas nga lang yung joystick.",negative,general,general,tagasenti,,neutral
candidate_17416,"Agad umanong ipinaalam ni Pedragoza ang natuklasang uod sa de-latang pagkain sa administrador ng Bahay-Pari. Ipinadala naman ang meatloaf sa Radio Veritas ""for safe keeping.""",neutral,general,general,tagasenti,,neutral
candidate_30622,"Hindi ko naman sinasabing mali ang proseso niyo, baka lang pwede pang baguhin ng kaunti.",neutral,general,general,tagasenti,,negative
candidate_18514,May bagong commercial na naman si Binay. San galing pinambayad mo? Puñetang to,negative,general,general,tagasenti,,negative
candidate_20855,"need to improve dining service, medyo maraming langaw and i had one on my lomi...",positive,general,general,tagasenti,,negative
candidate_28827,"Ang talino mong mag-dahilan, halos maniwala na ako sa mga kasinungalingan mo.",negative,general,general,tagasenti,,positive
candidate_19797,Sino ba naman ang hindi matutuwa kung ganito kaayos ang dadating sa iyo?,positive,general,general,tagasenti,,negative
candidate_16788,"Ngunit kung si Environment and Natural Resources Secretary Lito Atienza ang tatanungin, walang dahilan para ipagpaliban ni Pacquiao ang pag-uwi.",neutral,general,general,tagasenti,,negative
candidate_18617,"Others are going for Miriam because accordingly, Duterte is ""indecisive"". I say, you're not a true Duterte supporter then.",negative,general,general,tagasenti,,negative
candidate_28384,"Ang galing ng timing mo, laging dumadating kung kailan tapos na ang lahat ng trabaho.",negative,general,general,tagasenti,,positive
candidate_19796,"Marunong ang mga boboto kay Binay, alam nila ang tamang lider.",positive,general,general,tagasenti,,positive
candidate_29856,Dumating na ang balikbayan box matapos ang tatlong buwan.,positive,general,general,tagasenti,,negative
candidate_32955,"Medyo nakakapagod makinig sa mga drama niya, hindi naman sa wala akong empathy pero paulit-ulit na lang.",negative,general,general,tagasenti,,negative
candidate_16143,Pumutok ang transformator malapit sa subdivision.,neutral,general,general,tagasenti,,neutral
candidate_34779,Tinanggap ng komite ang taos-puso niyang pag-alok ng tulong upang pabilisin ang mga transaksyon.,positive,general,general,tagasenti,,neutral
candidate_34443,Suntok sa buwan na yata ang maghanap ng tapat na pinuno sa ating pamahalaan.,negative,general,general,tagasenti,,neutral
candidate_19801,Para sa akin ay di katanggap-tanggap ang naging kapalpakang ito sa mismong event.,negative,general,general,tagasenti,,negative
candidate_15618,Ang galing ni Mar Roxas. At matapang. Lalaban sa abusadong telcos.,positive,general,general,tagasenti,,positive
candidate_33522,Naibaba ng doktor ang lagnat ng anak ko sa loob ng dalawang oras.,positive,general,general,tagasenti,,negative
candidate_23205,Nakakawalang gana na wala ni isa sa kanila ang nagkusa na tumulong sa paglilinis.,negative,general,general,tagasenti,,negative
candidate_7543,May nagsasabi na malaki ang tiyan ni Binay at baka hindi umabot sa eleksyon.,neutral,general,general,tagasenti,,negative
candidate_2901,Go Miriam! I have faith that is not just a Duterte-Poe fight anymore,positive,general,general,tagasenti,,positive
candidate_18120,ok ok lng kung d masyadong curly ang hair mo magstraight talaga sya..tapos yung heat nya d masyado kaya matagal magstraight,positive,general,general,tagasenti,,neutral
candidate_33217,"Nag-volunteer ako para makatulong, ako pa ang pinagbintangang kumuha ng pera.",negative,general,general,tagasenti,,negative
candidate_33695,Nai-lock ko ang pinto ng sasakyan bago ako umalis sa parking lot.,positive,general,general,tagasenti,,neutral
candidate_986,Maging ang mga opisyal ng Smartmatic at TIM ay tikom ang bibig tungkol sa kanilang pagkakasundo.,neutral,general,general,tagasenti,,neutral
candidate_31750,Naiinis ang mga mamimili sa tindero dahil sa kanyang sanga-sangang dila.,negative,general,general,tagasenti,,negative
candidate_21766,akala ko ba 10meter yong wallpaper na to? bakit 7meter lang? parang nakakadismaya lang kasi.. yong nasukat mo na kung ilan kailan mo..paano na yan kulang na to? at saka masyadong manipis yong wallpaper na to ..,negative,general,general,tagasenti,,negative
candidate_24131,legit legit nice sounds matagal malobat i order many may gift sa friend,positive,general,general,tagasenti,,positive
candidate_8247,"I am not pro or anti Duterte, just not pro Roxas. He is not leading the polls.",neutral,general,general,tagasenti,,negative
candidate_19851,okay nakaka disappoint kase wala un white yellow light,negative,general,general,tagasenti,,negative
candidate_33899,Tatlumpung minuto bago mag-alas dose.,neutral,general,general,tagasenti,,neutral
candidate_3827,May opinyon na si Mar Roxas ay hindi mananalo.,neutral,general,general,tagasenti,,negative
candidate_7714,"OnMay9: ?1. Binay ?2. Defensor-Santiago, Miriam ?3. Duterte ?4. Poe ?5. Roxas That little shaded circle changes all!",neutral,general,general,tagasenti,,neutral
candidate_5941,wrong color hassle pa ng refund wag nlang,negative,general,general,tagasenti,,negative
candidate_21168,Maaaring magbago ang ruta ng bus dahil sa road construction.,neutral,general,general,tagasenti,,negative
candidate_3870,nakakasad lang kse d pala sya pwede install sa malaking shower inwas expecting na pwede sya ikabit sa malaking shower pero sabe ng gumagawa d daw sya design for big showers so talagang sa maliit lang na shower pwede kung ano ung nakakabit sa knya un lang pwede,negative,general,general,tagasenti,,negative
candidate_24459,"Yung nabili kong ring light ay may tatlong kulay, pero hindi ganoon kalinaw yung pinaka-brightest setting niya para sa mga videos ko.",neutral,general,general,tagasenti,,neutral
candidate_3007,"clearly i ordered white but the seller gave me black. she wants me to send it back to her but i got no time for that super hassle. sobrang tagal na nga dumating ng item mali pa. sobrang tagal na stock sa hub. also the packaging, ala man lng bubble",negative,general,general,tagasenti,,negative
candidate_4931,manipis tela ng peanuts pero oks na for its price thank you,neutral,general,general,tagasenti,,positive
candidate_14618,ganda kaya akala ko may freebies na brush wala kahit 1 anyways thank you,positive,general,general,tagasenti,,positive
candidate_324,iba sa personal tsaka white order ko green dumating sana pala tag 145 na lang inoder ko same lang nman pala sila,neutral,general,general,tagasenti,,neutral
candidate_28639,"Salamat sa presensya mo, dahil sayo na-realize ko kung gaano kahalaga ang peace of mind pag wala ka.",negative,general,general,tagasenti,,positive
candidate_15552,Ibang upuan sana ang pinili ko dahil sumakit ang likod ko.,negative,general,general,tagasenti,,negative
candidate_19615,Iyon na ang naging hudyat ng pag-aaklas ng mga Pilipino sa Candon laban sa mga kastila.,neutral,general,general,tagasenti,,negative
candidate_9262,"Bakit PG lang ang rate ng movie na ito? Sobrang daming dugo rito kaya dapat Rated R talaga siya, napakapangit kaya hindi ito deserve!",negative,general,general,tagasenti,,negative
candidate_16549,Binago ng guro ang pwesto ng mga estudyante.,neutral,general,general,tagasenti,,negative
candidate_29318,Ang mahal ng siningil sa akin ng mekaniko para sa simpleng pag-ayos.,negative,general,general,tagasenti,,neutral
candidate_13339,Bumuo na ang pulisya ng Task Force Lasam upang hulihin ang mga salarin na tumakas sakay ng motorsiklo.,positive,general,general,tagasenti,,negative
candidate_17512,Inayos ng lokal na pamahalaan ang mga kanal sa kalsada.,neutral,general,general,tagasenti,,neutral
candidate_621,di lang safe pag nalagyan ng mainit na tubig mabilis masira maganda at maayos un lang di pwede na banlian ng mainit na tubig for sanitation madalin din masira dahil manipis ang pagka plastik niya overall 4 5 maganda pang dehydrate sa araw araw na nasa field work super goods thanks,positive,general,general,tagasenti,,negative
candidate_24583,"""It should be applied to all. I am actually wondering why only one justice was sacked,"" ayon kay Villanueva.",negative,general,general,tagasenti,,negative
candidate_23591,"thank you po seller, courier, at kuya na nagdeliver. tamang mga kulay at bilang pinadala ni seller .at pinaship din agad ..maganda ang pants..thank you",positive,general,general,tagasenti,,positive
candidate_4026,Magandang hakbang ang pahayag ni Mar Roxas tungkol sa laglag-bala.,positive,general,general,tagasenti,,positive
candidate_2399,Sinabi ni Pestano na 59 tao pa ang nawawala at 55 ang nasaktan.,negative,general,general,tagasenti,,negative
candidate_25852,Si Mar Roxas ay handang tumulong sa bayan tulad ni Darna.,positive,general,general,tagasenti,,positive
candidate_25139,"Maganda sana yung sikat nitong ring binder notebook, kaya lang medyo mahirap buksan yung mismong rings kapag magdadagdag ng papel.",neutral,general,general,tagasenti,,negative
candidate_17538,10 10 nakakawalang gana sira na yong black nung pag bukas namin sa balot tapos yong rose gold gumana sana kaso hindi naman nakakatanggal ng buhok sa kili,negative,general,general,tagasenti,,negative
candidate_14769,ordered on 22nd received on 28th ano na nangyayari sa inyo shoppe?? haiissst! ok naman yung baby bed manipis nga lang yung net hope tumagal..,negative,general,general,tagasenti,,neutral
candidate_29795,Naiwan kong nakasaksak ang plantsa kaya nagkaroon ng markang sunog ang ibabaw ng aking polo.,negative,general,general,tagasenti,,negative
candidate_26424,nice naman yung product. natry ko na siya sa tropa ko di lang mabilis matuyo siya pero goods naman. thankyou seller.,positive,general,general,tagasenti,,positive
candidate_19628,"Kapag ganito kabilis magbayad ang kliyente, imposibleng may magrereklamong naghihirap ang kumpanya.",positive,general,general,tagasenti,,negative
candidate_3114,"Nagpadala kayo ng sapatos na dalawang kaliwa, ang galing niyong magpa-uso ng bagong style ng paglalakad.",negative,general,general,tagasenti,,positive
candidate_1137,Bakit parang wala silang intensyong ibigay ang nararapat na benepisyo sa atin.,negative,general,general,tagasenti,,negative
candidate_32285,"Wala akong sinabing hindi totoo ang karanasan mo, gusto ko lang marinig ang buong kwento.",neutral,general,general,tagasenti,,neutral
candidate_21974,Nakakainis yung bagong commercial ni MarRoxas. Pwede bang bago ka manira ng kapwa mo kandidato ee ipakita mo muna mga nagawa mo.,negative,general,general,tagasenti,,negative
candidate_7935,"Okay sana schedule ng classes, may isang subject na sobrang late.",negative,general,general,tagasenti,,negative
candidate_32246,"Hindi naman sa hindi ako naniniwala sa pamahiin, mas nakaugalian ko lang talagang hindi pansinin.",neutral,general,general,tagasenti,,negative
candidate_4320,Naalala ko last week sakay ako ng taxi at nakausap ko si…,neutral,general,general,tagasenti,,neutral
candidate_31536,Makati ang kamay ng bata kaya palaging nawawalan ng pera ang kanyang ina.,negative,general,general,tagasenti,,negative
candidate_6700,Naghati na lang sana tayo sa isang order.,negative,general,general,tagasenti,,neutral
candidate_21023,Isa pa umanong OFW na kasama ng tatlong nasawi ang inoobserbahan sa King Abdul Aziz Naval Hospital sa Jubail.,negative,general,general,tagasenti,,negative
candidate_13354,Bago ang pintura ng kotse kaya lang hindi pantay ang pagkakagawa.,neutral,general,general,tagasenti,,negative
candidate_20878,Si Mar Roxas ay nagpo-focus sa kanyang achievements sa kampanya.,neutral,general,general,tagasenti,,neutral
candidate_24426,Masaya ang puso ko dahil hindi nauwi sa wala ang ipon ko.,positive,general,general,tagasenti,,positive
candidate_18209,"Sa subong, padayon pa ang imbestigasyon sang mga otoridad angot sa nasambit nga krimen. -Ratsada",neutral,general,general,tagasenti,,negative
candidate_34149,"Hindi naman sa tinatamad akong magluto, ubos na kasi yung mga sangkap natin sa ref.",neutral,general,general,tagasenti,,negative
candidate_2195,Iginiit ng gobernador na maraming iregularidad sa operasyon ng Rosemoor maging sa pagkakaroon nito ng Mineral Production Sharing Agreement (MPSA).,negative,general,general,tagasenti,,neutral
candidate_14427,Ibang kumpanya sana ang pinili kong pasukan.,negative,general,general,tagasenti,,positive
candidate_5463,nice maganda very affordable comfy sa paa sakto ang kulay nag send pa ng picture bago ipadala thank you seller visayas j t rider god bless,positive,general,general,tagasenti,,positive
candidate_27831,cute confusing maglagay ng straw super cute nya anlaki nya rin pala and correct color yung narecieve ko walang damage rin pala. deserve nyo 5star very good,positive,general,general,tagasenti,,positive
candidate_27887,manipis sya at same2x lang yung mga designs nya yung logo lang yung iniba,neutral,general,general,tagasenti,,negative
candidate_22469,thank you maganda nman for me kaso lang d nman appreciated ng mag susuot haha gusto pla may design order ulit next time ung may design na,positive,general,general,tagasenti,,positive
candidate_3000,"It's funny how the dispute between Roxas, Binay, and Duterte never ends while Poe and Miriam sits quietly in one corner minding their own.",neutral,general,general,tagasenti,,negative
candidate_14249,i ordered black variant pero purple yung dumating okay naman walang sira kaso sana inform naman nila yung buyer na wala yung pinili na kulay,neutral,general,general,tagasenti,,neutral
candidate_910,Roxas pa more! Sama-sama nating isulong ang pagbabago! Suportahan natin ang mga kandidato natin.,positive,general,general,tagasenti,,positive
candidate_13675,Karamihan umano sa mga napauwi ay mga domestic helper na tumakas sa kanilang mga amo dahil sa hindi pinapasahod at nakatikim ng pagmamaltrato.,negative,general,general,tagasenti,,negative
candidate_15409,My president Mar Roxas and my vice president Leni Robredo ay hindi aatras sa laban!,positive,general,general,tagasenti,,neutral
candidate_14586,Si Henares ay binaril sa panulukan ng Visayas Avenue at Tandang Sora Avenue.,negative,general,general,tagasenti,,neutral
candidate_22164,Ginamit ng bata ang kanyang lapis hanggang sa lumiit ito.,neutral,general,general,tagasenti,,neutral
candidate_14705,"May nagsasabi na si Mar Roxas ay puro botbot, kaya si Du30 na lang.",neutral,general,general,tagasenti,,negative
candidate_26496,"""Ayon kay Deputy presidential spokesman Anthony Golez Jr., may sariling tagapayo si G. Arroyo para maprotektahan siya sa mga ibinabatong alegasyon.""",negative,general,general,tagasenti,,neutral
candidate_19803,grabe ang bilis dumating ng item considering nasa mindanao ako maganda ang at function yung item kung anung gamit nya super sulit salamt seller,positive,general,general,tagasenti,,positive
candidate_8307,meron syang crack about 1 inch ang haba hindi naka bubble wrap ang ring light mismo hindi ko alam if it s caused by mishandling of couriers or sadyang meron na syang crack dati pa anyways i don t mind it important thing is it s working great pa naman hope this will,neutral,general,general,tagasenti,,neutral
candidate_27089,"Grabe ka naman! Eh paano kung may manligaw sa'yo na mabait, halimbawa si Binay, bibigyan mo ng chance? Hulaan ko si Binay ito!",positive,general,general,tagasenti,,positive
candidate_7769,Sinabi ng senador na walang lumantad na testigo o nagbigay ng testimonya na magpapatunay na may kinalaman si Pangulong Arroyo sa umano'y anomalya.,neutral,general,general,tagasenti,,negative
candidate_23804,Bumagsak ang temperatura noong Disyembre.,neutral,general,general,tagasenti,,negative
candidate_19382,"Reading articles on the ""call for unity"", and thinking about my stance on Mar Roxas.",neutral,general,general,tagasenti,,neutral
candidate_7669,Very useful tool dahil ito ang nagamit ng mga students upang mapabuti editing lalo at the book user-friendly kaya hindi ito outdated at pwedeng magamit natin.,positive,general,general,tagasenti,,positive
candidate_15169,Mar Roxas ay nag-imbita kay Grace Poe sa pamamagitan ng national TV.,neutral,general,general,tagasenti,,neutral
candidate_422,what you see is what you get hindi sobrang mabango pero di naman mabaho used it to clean keyboard phones and salaminn,neutral,general,general,tagasenti,,neutral
candidate_17539,Atol sa pagsugat sa Pasko adunay 28 ka mga kaso sa pabuto ang natala.,neutral,general,general,tagasenti,,negative
candidate_10836,masarap yung pares with tendon,positive,general,general,tagasenti,,positive
candidate_27776,ordered 07 07 with expected delivery date of 07 14 but i received it 07 27 two weeks late mas mabilis pa nareceive mga orders galing china it came so late that i was no longer interested and excited to open it when i received it,negative,general,general,tagasenti,,negative
candidate_12920,"No one talks ill of Binay in Makati. Clearly, he has been a good leader to his constituents. Ganyan ang tunay na serbisyo.",positive,general,general,tagasenti,,positive
candidate_29426,Naubos ang mga pako bago pa man mailagay lahat ng yero sa bubong.,negative,general,general,tagasenti,,negative
candidate_5648,nice true to its size nice color and fabric its my 2ng time to order thank you shopee and rider salamat ng marami hangang sa uulitin,positive,general,general,tagasenti,,positive
candidate_28764,"Buti pa ang kape ko ngayon mainit at nakakabuhay ng dugo, hindi tulad ng pagtanggap mo sa aming napakalamig.",negative,general,general,tagasenti,,positive
candidate_8271,"3/10 2nd time order sa shop na'to, same meow pero iba na sticker. ang laki ng difference ng amoy. kalungkot mas gusto ko yung unang bili ko ng meow compare ngayon. di ko gusto yung amoy.",negative,general,general,tagasenti,,negative
candidate_29398,Wala nang natirang pagkain sa handaan pagdating namin dahil huli na kami.,negative,general,general,tagasenti,,negative
candidate_10675,yung phone mabilis malowbat at walang cgnal tapos ng shop refund nlng daw nila natanggap na nila yung items dli dina nila mabalik yung payment dpat report 2ng shop nato ng matanggal kasi scammer nagtintinda ng mga fake sabay2 nating ereport 2,negative,general,general,tagasenti,,negative
candidate_11733,"Tinatayang 33,000 MT ng bigas ang kinukonsumo ng mga Filipino bawat araw.",neutral,general,general,tagasenti,,neutral
candidate_11489,Paano niya (Binay) lalabanan ang corruption kung ang corruption ay bahagi ng kanyang core competence? Cayeyano throwing shade.,neutral,general,general,tagasenti,,negative
candidate_17231,Alkalde sa Quezon itinangging may kinalaman sa pagpatay sa sariling tauhan,negative,general,general,tagasenti,,neutral
candidate_14301,so bad pang 3rd ko nang order to pero now lang ako nadismaya mali na yung kulay mali pa yung liter nya 2l inorder ko na black pero ito yung dumating sobrang nakaka dismaya talaga naki order lang sakin yung bayaw ko,negative,general,general,tagasenti,,negative
candidate_28001,sna nman po mapalitan.po xa kz hndi po.kasya s anak q expecting q po my allowance pa xa.kso hndi po eh,negative,general,general,tagasenti,,neutral
candidate_23767,"Maganda at amazing itong laruan para sa inyong Knight Age collection, mas nakakatuwa lalo kapag naihalo mo sa iba pang worlds katulad ng viking collection.",positive,general,general,tagasenti,,positive
candidate_13246,Ngunit pinaalalahanan ni South Cotabato Rep. Darlene Antonino-Custodio na mabigat din ang angkan na makakalaban ni Pacquiao kapag tumakbo itong kongresista sa Saranggani.,neutral,general,general,tagasenti,,neutral
candidate_20209,Wala kaming ibang nakuha kundi puro sakit ng ulo simula noong inilipat siya sa aming grupo.,negative,general,general,tagasenti,,negative
candidate_34738,Masayang tinanggap ng aming pamunuan ang bukas-palad na donasyon mula sa isang hindi nagpakilalang tao.,positive,general,general,tagasenti,,positive
candidate_28210,"Salamat sa pulis, at ipagbigay alam kay lolo Binay para sa hustisya.",positive,general,general,tagasenti,,positive
candidate_17207,That radio ad of Binay on taxes is really convincing and well-explained. Marami ang maniniwala.,positive,general,general,tagasenti,,positive
candidate_24851,Mura nga itong nabili kong self-help book pero paulit-ulit lang ang mga payo niya sa bawat chapter kaya medyo boring.,neutral,general,general,tagasenti,,negative
candidate_28084,kung may negative pa na star yun ibibigay ko. wtf! nag hintay ako for almost 3 weeks tapos kulang yung item ko. wala yung headphone case at armband para sa phone. kaloka kaayu kahit hindi yun mahal pjnag hirapan ko parin hanapin pang bayad dun.,negative,general,general,tagasenti,,negative
candidate_27710,"Siguro na-click ko lang siya sa computer ko nang hindi sinasadya, pero hindi ko naman talaga binuksan o pinanood itong video na ito.",negative,general,general,tagasenti,,neutral
candidate_24814,"Ito ang isa sa pinakamagandang Kava products sa labas lalo pa at gumagana talaga ito ng maayos, paniguradong babalik-balikan ko pa ang the best nilang item.",positive,general,general,tagasenti,,positive
candidate_2441,Binili ko ito para sa mother-in-law ko at nagustuhan niya. Same set din ito sa anak niya kaya huwag na kayong mag-dalawang isip at bilhin na ito.,positive,general,general,tagasenti,,neutral
candidate_15174,good 2nd time to order pero unlike sa na una hnd sya naka bubble wrap kaya may gasgas butas na din yong packaging dhl sa pagdeliver oorder ulit ako pero sana paki bubble wrap na po,positive,general,general,tagasenti,,negative
candidate_14212,"Isang bahay din sa Angeles City, Pampanga ang natupok, ayon kay Police Supt. Baltazar Mamaril, tagapagsalita Central Luzon Police.",negative,general,general,tagasenti,,neutral
candidate_25472,May nagtatanong kung bakit tinaguriang Binay country ang Cebu.,neutral,general,general,tagasenti,,negative
candidate_1339,"Poe takes apparent swipe against Duterte. ""Ang babae ay hindi dapat na maliitin at apihin.""",neutral,general,general,tagasenti,,negative
candidate_12595,"""In my humble legal opinion, the separate voting interpretation is an unconstitutional procedure. The constitution simply requires joint voting,"" pagdiin ni Jala.",negative,general,general,tagasenti,,negative
candidate_30279,Hindi pwedeng walang matutunan ang mga bata kung hindi naman nagkukulang sa paggabay ang kanilang guro.,positive,general,general,tagasenti,,negative
candidate_20176,the item is not working they send to me defective unit i said that they must replace because its not opening then asking me to rate 5 star before they will do some action wat da heck malas mo pag napunta sayo defective unit hindi ka nila asikasuhin kc,negative,general,general,tagasenti,,negative
candidate_20766,"Ngunit sa panayam sa mga magulang ng bata, sinabi nila na magaling na si Joebert.",positive,general,general,tagasenti,,neutral
candidate_8406,"Matod pa, buotan ang ilang igsuon ug normal lang ang pagtumaw sa mga panaglalis matag karon ug unya sud sa pamilya.",positive,general,general,tagasenti,,negative
candidate_2527,Tila hindi pa natutuyo ang semento sa daanan.,neutral,general,general,tagasenti,,negative
candidate_16979,may isang sira.. sayang lugi. next time itry nyo muna bago ipadala. hindi sa courier to kase ang problema ay nasa item mismo. yung color ng cord. hindi align.... magpicture pl habang nanonood. at ipasa po sa akin sa messenger. thansks po,negative,general,general,tagasenti,,negative
candidate_28237,"""He lived his life to the fullest. He had no enemies. He was never a controversial figure,"" ayon kay Abante.",positive,general,general,tagasenti,,neutral
candidate_6418,"In Photo: VP Jejomar Binay, Rep. Pacquiao & Princess Jacel Kiram joined boodle fight after an event in Tagum City",positive,general,general,tagasenti,,neutral
candidate_11404,"Ngayong taon ay may alokasyon ang bawat kongresista ng P70 milyon sa PDAF, at P200 milyon naman sa mga senador.",neutral,general,general,tagasenti,,neutral
candidate_34136,"Hindi naman sa minamadali kita sa report, kailangan ko lang malaman yung estimate na oras.",neutral,general,general,tagasenti,,neutral
candidate_8941,"""I do not think so (that Mikey led the lobby against CARP). It's the collective decision not just one sector or group,"" pahayag ni Nograles.",neutral,general,general,tagasenti,,neutral
candidate_14983,Naalala ko ang sinabi niya kaya napangiti ako at naiyak nang kaunti.,neutral,general,general,tagasenti,,positive
candidate_14599,May pahayag tungkol kay Binay.,neutral,general,general,tagasenti,,neutral
candidate_14759,maganda yung masks although manipis pero good for fashion siya kasi bagay siya sa shape ng mukha yung wipes naman mura and complete thank you seller,positive,general,general,tagasenti,,positive
candidate_23910,"Duterte, ayusin mo pag naging president ka na, prove them wrong, andami ko nang nakaaway na KathNiel at Roxas fans dahil sa'yo! ?",positive,general,general,tagasenti,,negative
candidate_23009,Sayang lang sa pera at oras dahil walang kwenta ito at kailangan pa pala ng 2002 federal program bago mapagana ang state version na ito.,negative,general,general,tagasenti,,negative
candidate_2993,ilang days palang sira na agad hays sana po if you really checked well how about those buyers na they invest trust this kinda disappointing tho,negative,general,general,tagasenti,,negative
candidate_32947,"Hindi ko sinasabing tinatamad ako, pero nakaka-drain yung paulit-ulit na tasks araw-araw.",negative,general,general,tagasenti,,negative
candidate_9166,"Binasa ko itong classic book dahil paulit-ulit kong pinapanood ang movie, at sobrang laking tulong nito para maintindihan yung mga eksenang malabo sa mismong pelikula.",positive,general,general,tagasenti,,positive
candidate_27907,"""5 nasawi sa engkwentro sa NCotabato, 11 sugatan - NDCC""",negative,general,general,tagasenti,,negative
candidate_4222,thankyou so much 5 star to sakin hndi nkakasisi sobramg gandaaaa walang stain pag nag facemask hihi will surely buy again po,positive,general,general,tagasenti,,positive
candidate_1698,"Bukod sa ebdosulfan, nasipsip na rin ng salvage crewmen ang tinatayang 150,000 litro ng 250,000 litro ng krudo ng barko.",positive,general,general,tagasenti,,negative
candidate_3943,good hello po tnx po ung payong po maganda like ko po cia love it ganda nia my magagamit na ako kc naguulan eh sana lng tumagal ng masubukan ung tibay ng payong na to tnx po,positive,general,general,tagasenti,,positive
candidate_10771,"Binay and Bongbong are quoted: ""No man has a good enough memory to make a successful liar."" ~Abraham Lincoln",neutral,general,general,tagasenti,,negative
candidate_33976,Aalis ang bus patungong Baguio ng alas diyes ng gabi.,neutral,general,general,tagasenti,,neutral
candidate_12173,"well packaged na dumating, maganda din yung shade, sa texture naman tulad lang din ng ibang lipbalm medyo hindi ko lang gusto yung amoy, madyo amoy kandila pero keri lang. thank you seller",positive,general,general,tagasenti,,positive
candidate_33225,"Iningatan ko nang husto yung baso, nadulas pa rin sa kamay ko habang hinuhugasan.",negative,general,general,tagasenti,,negative
candidate_28054,"Pabebe ng tvc ni koya binay bh3, siya daw ilaw bh3. flashlight pala e",negative,general,general,tagasenti,,neutral
candidate_6993,very low ung nagbayad ka ng tama kaso ang wall sticker na binigay wla ng dikit tapos manipis pa.,negative,general,general,tagasenti,,negative
candidate_14732,"""Biernes, nihatag na'g pamahayag ang duha ka testigo sa NBI ug sa Cebu City homicide section.""",neutral,general,general,tagasenti,,negative
candidate_25354,Sa tingin ko ay walang balak ang developer na ayusin ang mga bugs na nagpapahirap sa laro.,negative,general,general,tagasenti,,negative
candidate_21661,"makapal naman yung pagkabalot niya kaso bawas parin yung pabango pagkabukas namin ng kapatid ko kasi sabay kami nag order, parehong nabawasan pabango namin. buti nalang di nahati. thank youuu seller, mabango siya pero di ko pa nata try if long lasting.",positive,general,general,tagasenti,,positive
candidate_5968,thank you sa freebies kahit hindi ko alam saan pwedeng gamitin,neutral,general,general,tagasenti,,positive
candidate_19306,"Nabubwisit ang ilan dahil sa kabila ng alegasyon ng korapsyon, nangunguna si Binay sa survey.",neutral,general,general,tagasenti,,negative
candidate_19174,"Roxas - Takot sa pangulo Poe - No exp, lvl 1 lang Binay - Idol ko, makunat na makunat Santiago - Pick-up line Duterte -",neutral,general,general,tagasenti,,negative
candidate_9061,Di bagay kay Mar ang magmura pero yung rally na iyon ay rally ng mga galit kay GMA. Si Binay now friends na with GMA.,neutral,general,general,tagasenti,,negative
candidate_9798,"May nag-parody ng linya ni Binay, sinabing nognog, pandak, magnanakaw.",neutral,general,general,tagasenti,,negative
candidate_14594,Ngunit pinapangambahan na tumaas pa ang bilang ng mga biktima dahil sa paniwala na may mga pasahero ang wala sa manipesto.,negative,general,general,tagasenti,,negative
candidate_17175,3 stars lng muna.. di kc nag rereply c seller.. taz ang tagal pa dumating ng items.. maayos naman pavkakabalot nya.. ok naman yung jogger. maiksi nga lng.. di pwe0e sa matatangkad. salamat pa rin seller.,positive,general,general,tagasenti,,positive
candidate_13726,made in china salamat po seller even though i only bought one it was still delivered keep safe and god bless,neutral,general,general,tagasenti,,positive
candidate_17319,May puna sa ad ni Binay na ginagamit ang salitang nognog at pandak.,neutral,general,general,tagasenti,,neutral
candidate_11618,Napakaganda ng Cryoderm para sa pasa ng mga anak ko kaya lagi kaming may stock nito dahil must-have talaga ito para sa lahat ng athletes.,positive,general,general,tagasenti,,positive
candidate_2625,Talagang hindi sapat ang kaalaman niya para pamunuan ang departamentong ito.,negative,general,general,tagasenti,,negative
candidate_17468,not good worng color nag review ako sa mga nag order maganda nm mag feedback nila pero bakit pag dting sa order mo palpak mali ang kulay at sira ang isa nag chat ako sa seller sabi ko pink at blue kc babae lalaki ank ko pero ang dumating green,negative,general,general,tagasenti,,negative
candidate_23968,Sinabi ni Anggulo na nakuha kay Donna ang sulat ng kanyang dating live-in partner na si Samson Sabpa na naglalaman ng plano sa ginawang pagtakas.,neutral,general,general,tagasenti,,neutral
candidate_26188,"Di lng pala tumatakbo tong si Binay, naglalakad rin. Hanep!",negative,general,general,tagasenti,,negative
candidate_14104,"ay ganun ba. sana ang baller na sinuot nalang pala nakalagay ""m4R r0x4zx"" kasi ""mar roxas"" naman sa balota noh.",neutral,general,general,tagasenti,,negative
candidate_6953,next tym check nio item kung gagana ba or my sira khit cra papadala nio sa buyer nio mkabenta lng,negative,general,general,tagasenti,,neutral
candidate_20655,"Pagkatapos suriin ang mga papeles, nagbago ang desisyon ng manager.",neutral,general,general,tagasenti,,neutral
candidate_26841,Hinihinala ni Roxas na nagkaroon ng anomalya sa pagkakaloob ng kontrata sa naturang proyekto.,negative,general,general,tagasenti,,negative
candidate_8185,"Sa laing mga tambalanan, usa sa St. Anthony's Mother and Child Hospital; duha sa Chonghua Hospital ug usa sa Visayas Community Hospital.",neutral,general,general,tagasenti,,neutral
candidate_4648,Mar Roxas made a move that some see as desperate. He is asked to fight like a man.,neutral,general,general,tagasenti,,neutral
candidate_20175,"Si Binay ang kasalukuyang presidente ng PDP-Laban ng United Opposition (UNO), na pangunahing kritiko ng administrasyon ni Pangulong Gloria Arroyo.",neutral,general,general,tagasenti,,neutral
candidate_21117,good may maliit na scratch very disappointed excited pa naman ako dumating yung order ko sana sa next purchase ko hindi na ganito anyway thank you so much pa din,neutral,general,general,tagasenti,,positive
candidate_34532,Hindi tama na tawaging patay-gutom ang mga taong nawalan ng tirahan dahil sa kalamidad.,negative,general,general,tagasenti,,negative
candidate_6037,MANILA -- Magbabawas sa presyo ng mga produktong petrolyo ang mga kumpanya ng langis simula sa Biyernes kasama ang Pilipinas Shell at Petron.,positive,general,general,tagasenti,,neutral
candidate_1009,Aaminin kong nagduda ako nung una subalit nawala iyon nang makita ko ang kalidad.,positive,general,general,tagasenti,,negative
candidate_16815,"Tinukoy ni Duque na kabilang sa mga lugar na may low-level transmission ay nasa Maynila, Quezon City at Paranaque.",neutral,general,general,tagasenti,,neutral
candidate_21058,good seller 36acup lng po ako bkit ang laki ng cup super hysst,negative,general,general,tagasenti,,positive
candidate_11599,Ang iba pa umanong dahilan ng kanyang pagbibitiw ay sasarilinin nya muna sa ngayon.,neutral,general,general,tagasenti,,neutral
candidate_1321,May kumakalat na sabi na si Duterte ay hawak ng INC at si Roxas ang VCM.,neutral,general,general,tagasenti,,neutral
candidate_12009,bigla akong kinabahan kay Roxas kasi kayang kaya pa mahabol yung kay Duterte jusko wag naman sana lord,negative,general,general,tagasenti,,negative
candidate_4899,"Ayon sa ilan, malabong manalo si Mar Roxas at magka-anak sila ni Korina.",neutral,general,general,tagasenti,,neutral
candidate_30589,Hindi ko alam kung hindi siya pumasok dahil may sakit siya o wala lang siyang masakyan dahil hindi siya nagtext at wala siyang inihabilin sa amin.,neutral,general,general,tagasenti,,negative
candidate_6086,Okay yung design ng sapatos para sa opisina pero kailangan mo magsuot ng makapal na medyas dahil nakakasugat siya sa bandang sakong.,neutral,general,general,tagasenti,,negative
candidate_14467,"Allegations against Mar Roxas remain, and he has not answered them.",neutral,general,general,tagasenti,,negative
candidate_14329,Nauwi sa kalungkutan ang pananabik ng isang overseas Filipino worker na makauwi sa Pilipinas matapos itong mamatay sa sakit sa isang pagamutan sa Saudi Arabia.,negative,general,general,tagasenti,,negative
candidate_28635,"Salamat sa mga pangako mong napako, sanay na kaming hindi ka maaasahan sa kahit anong bagay.",negative,general,general,tagasenti,,negative
candidate_293,Pwede bang gamitin ang lumang ID para sa verification?,neutral,general,general,tagasenti,,neutral
candidate_8537,"Masyadong malakas ang tunog ng laruang gitara at walang hinaan, pero nag-enjoy naman ang bata kaya pwede na.",neutral,general,general,tagasenti,,positive
candidate_23481,"Nagrereklamo yung kasabay ko sa jeep, Duterte daw binoto niya Roxas lumabas.",negative,general,general,tagasenti,,negative
candidate_11627,"MBC DZRH exit poll 32,757 respondents Duterte 42%, POE 20%, Roxas 20 %. MARCOS 34%, ROBREDO 28%",neutral,general,general,tagasenti,,neutral
candidate_8128,"Ayon sa ilan, si Binay ay inilalarawan bilang nognog, pandak, laki sa hirap.",neutral,general,general,tagasenti,,negative
candidate_6059,"""You can never, never predict what the House will do or won't do,"" ayon kay Nograles.",neutral,general,general,tagasenti,,neutral
candidate_534,"Nagtataka kung bakit pangalawa si Roxas, at may hinala ng dayaan.",neutral,general,general,tagasenti,,neutral
candidate_24452,So nauna na si Grace Poe gamitin ang traffic situation bilang parte ng kampanya n'ya. Ano naman kaya ang concrete plan?,neutral,general,general,tagasenti,,neutral
candidate_9711,manipis n klase ng rubber tpos dpa accurate mga sizes dko xa mai rereccomend,negative,general,general,tagasenti,,negative
candidate_19131,May reklamo na kalahati ng kolum ay pumupuna kay Duterte.,neutral,general,general,tagasenti,,negative
candidate_19516,Idinagdag ni Conejos na hindi nagbabago ang negosasyon ng may-ari ng barko at mga hijacker sa kabila ng nangyari kay Dumagat.,negative,general,general,tagasenti,,negative
candidate_15897,not good hindi sya samsung hindi rin original kaya mura pero sana palitan yung nakalagay na 2022 samsung new arrival tablet adroid pangit nang graphics,negative,general,general,tagasenti,,negative
candidate_25320,kulang ng isang item at hindi nirefund ng seller kaya di nako uulit sainyo at kung my bibili man dito sana di matulad sa na experience ko. ayaw nyo pa talaga mag refund kaya ok 2 stars para sa inyo.,negative,general,general,tagasenti,,negative
candidate_24299,"Mar roxas, I think your PR team is doing great, but maybe add Olivia Pope for extra flair! She can handle it.",positive,general,general,tagasenti,,positive
candidate_26916,"Masyadong mabilis ang pacing ng action movie na ito, pero pwede na rin dahil sa magandang fight choreography.",neutral,general,general,tagasenti,,positive
candidate_17075,Nagawa naman ng mga sundalo na makipagpalitan ng putok na tumagal ng tatlong oras.,negative,general,general,tagasenti,,negative
candidate_22962,Partido Demokratiko Pilipino-Lakas ng Bayan (PDP-Laban) na pinamumunuan ni Makati City Mayor Jejomar Binay.,neutral,general,general,tagasenti,,neutral
candidate_25031,Nako. Magpapaganda ako pag si Mar Roxas nanalo! Sya ang pag-asa.,positive,general,general,tagasenti,,positive
candidate_19101,Maging sa talaan ng korte ay wala umanong naipakitang building permit ang aktor sa ginawang preliminary investigation sa kaso.,negative,general,general,tagasenti,,negative
candidate_30561,"Hindi naman sa hindi ako naniniwala sa multo, wala lang talaga akong karanasan kaya hindi ko alam kung hindi ba gawa-gawa lang iyon ng isip.",neutral,general,general,tagasenti,,negative
candidate_29096,Pambihira ang talino mong mangatwiran kung bakit hindi ka nakagawa ng thesis natin.,negative,general,general,tagasenti,,negative
candidate_29757,Sobrang nipis ng kumot na ibinigay nila habang umaandar nang malakas ang aircon sa buong gabi.,negative,general,general,tagasenti,,negative
candidate_7035,"Si Aquino, anak ng namayapang si dating pangulong Cory Aquino at pamangkin ni Danding, ang magiging pambato sa panguluhang halalan ng Liberal Party.",neutral,general,general,tagasenti,,neutral
candidate_17350,Mariin ang panawagan ng CBCP na hindi para sa mga tinatamad ang online Visita Iglesia.,neutral,general,general,tagasenti,,neutral
candidate_24648,"""Nognog din ang ating iboto"" magandang slogan yan.",positive,general,general,tagasenti,,positive
candidate_7554,"Noong May 31, kabilang si Arden Jugueta, isang tripulanteng Pinoy, ang kabilang sa 228 pasahero ng Air France flight 447 na bumagsak sa Atlantic Ocean.",negative,general,general,tagasenti,,neutral
candidate_26773,"Yung totoo Pnoy, Presidente ka na or Campaign Manager ni Sec. Mar Roxas? Let the people decide",negative,general,general,tagasenti,,neutral
candidate_27485,"Gayunman, maiiwan umano sa mga kasapi ng MBC ang desisyon kung tatanggapin o hindi ang paliwanag ni Villar.",neutral,general,general,tagasenti,,negative
candidate_22034,MANILA - Ibinasura ng House committee on constitutional amendments nitong Martes ang resolusyon na pipigil sa anumang hakbang na amyendahan ang Saligang Batas.,neutral,general,general,tagasenti,,neutral
candidate_25893,maganda siya for cleaning pet fur kasing mahirap linisin yun and nakakapick up siya ng dusts. pero d siya nagppick up ng tofu litter sand pero keri lang. tska lagi to the left ikot niya haha.,positive,general,general,tagasenti,,negative
candidate_24485,Astig pakinggan ang 98 Wrangler ko kumpara sa magna flows ng iba dahil dito sa Flowtech Glass Pack kaya hinding-hindi na ako bibili ng iba!,positive,general,general,tagasenti,,positive
candidate_9041,May balita tungkol kay Binay tungkol sa kanyang mga larawan at posisyon.,neutral,general,general,tagasenti,,neutral
candidate_2757,okay na sna kaso may damage ipapagawa kopa tuloy sana before po iship icheck ng maige thank you,neutral,general,general,tagasenti,,negative
candidate_793,100 order na kaayo kong sino may baby jan hindi kayo mabibigo promise thankyou seller,positive,general,general,tagasenti,,positive
candidate_12316,"Ayon sa survey, hindi masasabi na laban niya lamang si Duterte.",neutral,general,general,tagasenti,,neutral
candidate_5748,1star s shop nato..sana namn po bago nio e ship paki try namn po kung gumgana.excited p namn sana pamangkin ko n gamitin pero patay sindi lng xa.nag chacharge gagana tos d nanaman gagana..sayang lang pera,negative,general,general,tagasenti,,negative
candidate_11936,wrong item mabilis dumating pero mali po yung na deliver sana next time paki ayos na po seller salamat,negative,general,general,tagasenti,,negative
candidate_17972,Napansin ko na tumaba ako kaya nag-diet ako pero nahihirapan akong iwasan ang matamis.,neutral,general,general,tagasenti,,negative
candidate_32187,"Hindi naman sa hindi tayo lugi, wala na nga tayong pambayad sa kuryente.",negative,general,general,tagasenti,,negative
candidate_12467,Ibang klaseng tela sana ang binili para hindi mainit.,negative,general,general,tagasenti,,negative
candidate_25673,Tinawag ni Abad na kahipokritohan ang pahayag ni Binay gayong noon umanong bahagi siya ng gabinete ay pinupuri niya ang administrasyon.,neutral,general,general,tagasenti,,negative
candidate_16173,"ILOILO CITY, Philippines - Isa ka manugpangisda biktima sa paglupok sang dinamita sa Barangay Punta, banwa sang Carles.",negative,general,general,tagasenti,,negative
candidate_32689,Iba ang kulay ng kanyang buhok kaysa sa dati.,neutral,general,general,tagasenti,,negative
candidate_3089,Negosyo sa gamot lalakas kapag ipinatupad ang price cut - DOH,neutral,general,general,tagasenti,,neutral
candidate_5566,madaya hindi legit ung sinasabi na 10 pcs at 5 pcs tskk unsatisfied,negative,general,general,tagasenti,,negative
candidate_6770,legit super ganda niya,positive,general,general,tagasenti,,positive
candidate_30740,"Hindi naman sa pinipilit ko ang gusto ko, nagmumungkahi lang ako ng alternatibo.",neutral,general,general,tagasenti,,neutral
candidate_29463,Wala nang oras para kumain bago magsimula ang susunod na klase.,negative,general,general,tagasenti,,negative
candidate_951,Binili ko ito dahil kailangan ko ng bagong gamit for BTS. Hindi ko alam saan nakuha ang idea pero masaya akong binili ko ito!,positive,general,general,tagasenti,,positive
candidate_6331,"""The massacre was pure and simple multiple murders of innocent people. By filing such crimes against them, they be detained without bail,"" paliwanag ni Pimentel.",negative,general,general,tagasenti,,negative
candidate_27883,Quicho: Dito magsisimula ang kampanya ni VP Binay laban sa kahirapan.,positive,general,general,tagasenti,,positive
candidate_32274,"Hindi naman sa hindi nakakaantok ang pelikula, sadyang wala lang talaga akong tulog kagabi.",neutral,general,general,tagasenti,,negative
candidate_12025,"Si Binay at si Chiz ay nagkatinginan, at si Poe ay paparating.",neutral,general,general,tagasenti,,neutral
candidate_24818,bigla akong naging confident kay Roxas kasi kayang kaya pa mahabol yung kay Duterte. Sana manalo siya.,positive,general,general,tagasenti,,positive
candidate_34597,"Dahil sa kanilang urong-sulong na plano, naiwan tayong lahat sa ere na walang katiyakan.",negative,general,general,tagasenti,,negative
candidate_29232,Dalawang araw bago nag-reflect sa account ko ang ipinadalang pera.,negative,general,general,tagasenti,,neutral
candidate_17140,"Samantala, tiniyak naman ni Press Secretary Cerge Remonde na magkakaroon ng eleksyon sa 2010 gaya ng pangako ni Gng Arroyo.",positive,general,general,tagasenti,,negative
candidate_4106,"Vice President Binay, other personalities now leaving Welfareville Compound in Mandulong City. |",neutral,general,general,tagasenti,,neutral
candidate_23218,"May tanong kung paano nakayanan ni Binay ang lahat ng ito matapos ma-freeze ang accounts, at kung kanino siya may utang.",neutral,general,general,tagasenti,,negative
candidate_31875,Palaboy-laboy at nagbibilang ng poste ang aking tiyuhin sa kanto mula nang umalis ang asawa niya.,negative,general,general,tagasenti,,neutral
candidate_15160,Poe is a strong leader for Malacanang! Sigaw ng mga Duterte Mabuhay ang pagkakaisa!,positive,general,general,tagasenti,,positive
candidate_14817,"Trillanes: Poor turning blind eye on Binay's lies, corruption",negative,general,general,tagasenti,,negative
candidate_24348,maganda sia masarap isuot at affordable thank u seller at kay kuya rider for sure will order again,positive,general,general,tagasenti,,positive
candidate_7110,"ordered 10/6, shipped 10/7, received 10/10. rated as above coz i asked seller if they could pack it well coz it’ll be given as gifts. could improve packaging. 6/7 boxes were dented. product inside’s ok. no damages. will check if it’ll really hold cold/hot beverages for a long time.",positive,general,general,tagasenti,,positive
candidate_8893,Ibinaba ang watawat dahil may opisyal na pumanaw.,neutral,general,general,tagasenti,,negative
candidate_13236,"""Masaya umano ang paaralan sa kinalabasan ng programa dahil walang nabubuntis o nag-aasawa sa kanilang mga estudyante, ayon sa ulat.""",positive,general,general,tagasenti,,positive
candidate_13461,thank you so much seller sobrang bilis...good quality and ang ganda tlga super satisfied aqorder aq ulit sana my big discount...thank you thank you seller were very very satisfied,positive,general,general,tagasenti,,positive
candidate_31746,Ningas-kugon ang desisyon niyang mag-ehersisyo dahil tumigil agad siya kinabukasan.,negative,general,general,tagasenti,,negative
candidate_5489,mali yung binigay ni seller. pink yung inorder ko tapos ibang kulay ang dumating.,negative,general,general,tagasenti,,negative
candidate_32636,May kandila na nakapatong sa altar.,neutral,general,general,tagasenti,,negative
candidate_22454,not good kulang nang isang item order parcel nakaka disappointed talaga,negative,general,general,tagasenti,,negative
candidate_22432,walang red light yung isa 10m yung binili ko,neutral,general,general,tagasenti,,negative
candidate_8705,Hoy Binay! Wag mo kaming idamay sa pagka Nognog mo. Bwiset ka. Pakyu!,negative,general,general,tagasenti,,negative
candidate_11919,Ibang araw na lang sana kami pumunta doon.,negative,general,general,tagasenti,,positive
candidate_13502,Kingina! I heard it the second time and I heard it correctly! What the fuck Binay. Wag mo kami idamay sa kagaguhan mo.,negative,general,general,tagasenti,,negative
candidate_26951,VP Binay backs K to 12 with budget hike | via DZRH News,neutral,general,general,tagasenti,,neutral
candidate_3628,ang order ko black and violet ang dumating puro black nakakainis ndi marunong i check order ng customer,negative,general,general,tagasenti,,negative
candidate_882,"Sa ilalim ng automation system, binawasan ng Comelec ang bilang ng polling precincts sa 80,000 mula sa dating 250,000 noong 2007 elections.",neutral,general,general,tagasenti,,neutral
candidate_4430,Ginamit ng kumpanya ang bagong software para sa logistics.,neutral,general,general,tagasenti,,neutral
candidate_13963,"Thank you, Binay, for addressing the corruption allegations. Finally, once and for all.",positive,general,general,tagasenti,,positive
candidate_2505,Pinayuhan ni Reyes si Gng Arroyo na huwag maliitin ang pagtitiis ng mga Filipino na maaaring sumambulat anumang araw.,negative,general,general,tagasenti,,negative
candidate_19181,di masayadong sturdy pag pinatayo so im just hoping it will be standing for gatting a selfie but then it will tumble down buti nalang hindi mataas pianaglagyan ko,negative,general,general,tagasenti,,negative
candidate_21977,"May komento tungkol sa pahayag ni Mar Roxas na walang drama, at sinabing wala rin siyang boto.",neutral,general,general,tagasenti,,neutral
candidate_16767,Maraming magagandang colored pictures ng bathrooms sa librong ito na nakatulong talaga sa gagawin kong pagre-remodel kaya hindi ako nagsisisi na binili ko ito.,positive,general,general,tagasenti,,positive
candidate_28618,"Grabe yung impact mo sa team natin, simula nang dumating ka nagkagulo-gulo na ang lahat ng proseso.",negative,general,general,tagasenti,,positive
candidate_31674,"Nang magkaharap ang dalawang pamilya sa korte, siguradong maghahalo ang balat sa tinalupan.",negative,general,general,tagasenti,,neutral
candidate_19063,"Tanong kung may VP pa, at binanggit ang maagang pangangampanya ni Binay.",neutral,general,general,tagasenti,,negative
candidate_4794,ok naman for it s price,neutral,general,general,tagasenti,,neutral
candidate_28931,"Ang sikat mong tao, kahit saan ka magpunta may kaaway kang naiiiwan.",negative,general,general,tagasenti,,negative
candidate_18826,"Hindi talaga pwedeng ma-format ang memory card sa aking camera kahit pa ilang devices na ang gumana sa kanila, kaya mabuti binalik ko agad ito.",negative,general,general,tagasenti,,neutral
candidate_28895,Ang linis mong maghugas ng kamay sa mga kasalanang ikaw ang nagsimula.,negative,general,general,tagasenti,,negative
candidate_33625,Nagpadala ng labis na produkto ang supplier nang walang bayad.,positive,general,general,tagasenti,,negative
candidate_8036,5/10 very disappointed ako sa eyebrow pencil grabe naman bi parang abo naman na pinatigas hahahahahahhaha,negative,general,general,tagasenti,,negative
candidate_6297,ayan ganda niya kaso kulang binili ko hahaha so definitely ill buy again gusto kolang kasi sa kwarto e white lang ang wall and ayos naman it exceeds my expectation,positive,general,general,tagasenti,,positive
candidate_25769,so disappointed 2l ang in order a bakit 1l lang dumating tapus iba sia sa picture haist bibili panaman sana aq ng madami ng try lang aq ng isa kaso ito binigay sakin nakaka dismaya naman,negative,general,general,tagasenti,,negative
candidate_17945,"Yung last link na sinend ko andun si Binay, ayos!",positive,general,general,tagasenti,,positive
candidate_25787,maganda po yung quality tsaka mabilis yung shipping 37 po size ng paa ko pero inorder ko 38/39 pero mas sakto,positive,general,general,tagasenti,,positive
candidate_5256,sulit maganda nagustuhan ng kapatid ko definitely will buy again thank you seller satisfied customer here,positive,general,general,tagasenti,,positive
candidate_26881,ang layo sa variation ng order ko 2l ang order ko 1l lang pinadala hindi sumusunod sa variation memah padala lang ano!!??? mali mali pa hayst!!! hassle mag balik noh!!!! dapat sa ssunod sumunod kayo sa order ng customer. kapag wala magsabi kayo!!!!!! pala desisyon naman kayo.,negative,general,general,tagasenti,,negative
candidate_33690,Pumasok ang susi sa butas ng pinto kahit madilim ang paligid.,positive,general,general,tagasenti,,negative
candidate_31606,Masyado siyang makuskos-balungos pagdating sa mga simpleng patakaran sa opisina.,negative,general,general,tagasenti,,negative
candidate_14566,"May link na sinend, at nandoon si Binay.",neutral,general,general,tagasenti,,neutral
candidate_7682,Pangakong suporta ng admin kay Edu Manzano 'di raw natutupad,negative,general,general,tagasenti,,negative
candidate_13316,Ang pagiging kasapi ng oposisyon ang hinihinalang dahilan ni Cayetano kaya inipit ng Department of Budget and Management (DBM) ang kanyang PDAF.,negative,general,general,tagasenti,,negative
candidate_16846,Hinihiling na sagutin muna ni Binay ang allegations bago magreklamo.,neutral,general,general,tagasenti,,negative
candidate_14331,super tagal ng order ko sept 4 ko inorder pero sept 14 kuna nareceived which is sana na before sept 11 o exactly 11 natanggap kona si rider talaga very irresponsible sa serbisyo niya,negative,general,general,tagasenti,,negative
candidate_9031,maganda ang quality pero mali ang sukat ng item i ordered 38 peru 37 ang pinadala maraming maraming maraming salamat shopee,neutral,general,general,tagasenti,,negative
candidate_2637,"Mula noon hanggang ngayon, hindi nagbago ang sinseridad ng kanyang pakikitungo.",positive,general,general,tagasenti,,neutral
candidate_31288,Hindi siya nababahala sa mga pagbabanta dahil siya ay sadyang nakasandal sa pader.,positive,general,general,tagasenti,,negative
candidate_9416,Bago pa umulan ay naka-uwi na kami kaya walang nangyaring kahit anong pagkaantala sa aming plano.,positive,general,general,tagasenti,,neutral
candidate_996,"Samantala, hindi lumampas sa pitong porsiyento ang iba pang itinuturing presidentiables.",neutral,general,general,tagasenti,,negative
candidate_1597,okay naman siya video not related,neutral,general,general,tagasenti,,neutral
candidate_11997,Nagdala sana ako ng alcohol sa bag.,negative,general,general,tagasenti,,neutral
candidate_30069,Bumalik ang signal sa telepono matapos maayos ang tore.,positive,general,general,tagasenti,,neutral
candidate_15244,"Guess VP Binay is an expert on politicians fat pockets. Personal experience, right? Look at all his alleged corruption issues",negative,general,general,tagasenti,,negative
candidate_15684,ok a parcel everyday keep the sadness away a parcel everyday keep the sadness away yay more budol in 2022,positive,general,general,tagasenti,,positive
candidate_28088,"Ayon kay Ed Malay, director ng The Center, posibleng nakakaapekto kina Lacson at Fernando ang mga negatibong istorya na naglalabasan tungkol sa kanila.",neutral,general,general,tagasenti,,neutral
candidate_3299,"""Nanatiling bihag naman ng grupo si Drilon; cameraman na si Jimmy Encarnacion, at propesor na si Octavio Dinampo.""",negative,general,general,tagasenti,,neutral
candidate_26482,May nag-react sa commercial ni Mar Roxas gamit ang malaswang salita.,neutral,general,general,tagasenti,,negative
candidate_2907,photo and video not related yehey sakto na ang size 40 skn thank you so much ganda tlaga ng mga item nyo walang pagsisisi till our next transaction,positive,general,general,tagasenti,,positive
candidate_15367,improve more yung isa di po naikot pag sa powerbank ikinabit pero umiikot po parehas kapag direct sa saksakan ng kuryente with the use of adaptor adapter salamuchall,neutral,general,general,tagasenti,,neutral
candidate_22546,"Kung na-wow daw kayo sa Asiong Salonga TV ad ni Leila de Lima na parang trailer, brace yourselves daw kasi si Mar Roxas ang bagong Darna....",negative,general,general,tagasenti,,negative
candidate_18966,Sinigurado nilang hindi kami maiiwan sa ere nang masira ang aming sasakyan.,positive,general,general,tagasenti,,negative
candidate_11976,"Facing the Comelec en banc, the non-LP Mar Roxas said: ""Nandito ako para mag-withdraw na. Para di na ako...""",neutral,general,general,tagasenti,,neutral
candidate_2310,good ang ganda nya may free sticker pa.. tsaka 7pm na naideliver n rider at ang lakas ng ulan ngaun .. thankyou seller safe talaga sya.. and rider,positive,general,general,tagasenti,,positive
candidate_16037,maganda naman yong item malakas din sana magtagal battery kase gagamitin ng anak ko sa skul nila mali lng yong kulay na binigay ni seller kase blue order ko e pink dumating lalaki kase anak ko pero ok lng maganda namn di pala xa nagana pg d nasaksak,neutral,general,general,tagasenti,,positive
candidate_899,"Naiinis ako dahil ibinalik ko ito sa Amazon matapos kong magkamali ng order, pero hanggang ngayon ay hindi ko pa rin nakukuha ang refund ko.",negative,general,general,tagasenti,,negative
candidate_16256,"All this tension makes me wanna celebrate if Roxas wins, showing unity.",positive,general,general,tagasenti,,positive
candidate_26827,Saan niyo po kukunin ang pambayad sa utang na loob na...,neutral,general,general,tagasenti,,negative
candidate_14589,Nagpadala naman ng tropa ang Moro Islamic Liberation Front sa lugar kung saan pinapaniwalaang itinatago ang grupo ni Drilon.,negative,general,general,tagasenti,,neutral
candidate_24562,Sasampahan si Laya ng kasong paglabag sa Republic Act 9262 o Anti-Violence against Women and their Children Act of 2004.,negative,general,general,tagasenti,,negative
candidate_13851,"Sa privilege speech ni Lacson, pinuna ng senador ang dalawang kopya ng libro ng budget ng Mababang Kapulungan na kulay ""pula"" at ""itim.""",negative,general,general,tagasenti,,neutral
candidate_32259,"Wala namang nagsabing hindi magiging madali, pero hindi rin natin masasabing sobrang hirap.",neutral,general,general,tagasenti,,negative
candidate_7799,"Maganda ang plot twists at character chemistry sa pelikula. Medyo overkill lang minsan ang shock features, pero swak pa rin kaya worth it itong panoorin.",positive,general,general,tagasenti,,positive
candidate_10910,bumili ako ng xxl xl at large yung large at xl same lang yung lake parang small lang kaya kung matangkad at mahaba legs nyo di to para sainyo di din pwede sa malalaki hita masikip sya sa bandang legs anyways thank u pa din sa seller kasi kumpleto ang,neutral,general,general,tagasenti,,positive
candidate_30396,Wala tayong mapapala kung hindi ka makikinig at wala ka ring balak magbago ng iyong maling ugali.,negative,general,general,tagasenti,,negative
candidate_25820,"Magaling na ang PR ni Duterte, at si Mar Roxas ay magkakaroon din ng mahusay na PR.",positive,general,general,tagasenti,,positive
candidate_29580,Mahirap basahin ang mga nakasulat sa karatula dahil masyadong maliit ang mga letra.,negative,general,general,tagasenti,,negative
candidate_34242,"Hindi siya masyadong maingay sa loob, pero hindi rin naman sobrang tahimik.",neutral,general,general,tagasenti,,neutral
candidate_19679,"Ayon kay Sotto, nangunguna sa bentahan ng droga ang shabu na sinundan ng marijuana at ecstacy na karamihan ay ginagamit ng mamamayayamang personalidad.",negative,general,general,tagasenti,,negative
candidate_4903,Actually di ako taga Makati pero napapaisip ako di naman siguro gaganda ang makati kung puro corrupt lang si VP Binay what the fuck,negative,general,general,tagasenti,,negative
candidate_29771,Sobrang lalim ng mga lubak sa kalsada na puno ng putik matapos ang ulan kagabi.,negative,general,general,tagasenti,,negative
candidate_12699,"very nicee maganda quality niya kaso mali lang yung size nung isang item, order ko medium kasi yung isa large",positive,general,general,tagasenti,,neutral
candidate_17961,"Gumagana nang maayos ang heavy duty blender na ito, kaya lang ay crushed na yung box at cracked ang cap pero madali lang siyang linisin.",positive,general,general,tagasenti,,negative
candidate_13616,"Ang grupo ni ""Ka Parago"" ay sinasabing kumikilos sa buong rehiyong ng Davao",negative,general,general,tagasenti,,neutral
candidate_3304,"Sa totoo lang, hindi nakakahiya kahit i-regalo mo ito sa boss mo dahil napaka-disente ng packaging.",positive,general,general,tagasenti,,negative
candidate_3489,Sinabi ni Lapus na hindi dapat maapektuhan ng kalamidad ang karunungan ng mga kabataan.,positive,general,general,tagasenti,,neutral
candidate_20308,"Ayon kay Dureza, epektibo ang pagbabakasyon ni Sabio simula sa Setyembre 29.",neutral,general,general,tagasenti,,positive
candidate_8249,"Ihahain niya ang kanyang COC sa Comelec sa Lunes (Nobyembre 30), ang araw din ng kanyang pagreretiro sa serbisyo matapos ang 35 taong pagiging sundalo.",neutral,general,general,tagasenti,,neutral
candidate_28955,"Ang lakas mo sa boss natin, siguradong may ginagawa kang milagro sa likod namin.",negative,general,general,tagasenti,,positive
candidate_1984,May mga tanong tungkol sa kawalang sala ni Binay at pagkamamamayan ni Poe.,neutral,general,general,tagasenti,,neutral
candidate_20721,"Kinaltasan niyo agad ang account ko bago pa ma-confirm ang order, napakabilis ng kamay ng system niyo.",negative,general,general,tagasenti,,negative
candidate_17977,ordinary maninipis lang as compare sa challis na kinukuhanan ko sayang dami ko pa naman nabili 3 4 lang ang haba i expect full length,neutral,general,general,tagasenti,,negative
candidate_20791,parang di naman to cloud -_-,negative,general,general,tagasenti,,negative
candidate_21010,ok na sna kaso di nman euro size ang sizing nla maliit sa akin ung binigay ko na size sa knila wc is un ang size o sa euro,neutral,general,general,tagasenti,,negative
candidate_10428,"well cheap price comes with a cheap quality. you can really feel na ang cheap ng dating nya. tho, i love it kasi malambot sya sa paa. problema lng ang inorder ko 38-39 na size. pero ang dumating png size 6.5? or ganto talaga size nya?",negative,general,general,tagasenti,,positive
candidate_19446,Sobrang shady ni Binay dun sa 1v1 nila ni Mar.,negative,general,general,tagasenti,,negative
candidate_27909,Tingin ko ay hindi nila napansin ang email na ipinadala mo kahapon.,neutral,general,general,tagasenti,,negative
candidate_5449,okay na sana maganda packaging at safe na safe pag dating kaso wrong items yung naibigay saken ei.. yung inorder ko kase is yung malaki yung remote niya yung marame yung pindutan kaso ayan yung naibigay saken.. pero okay naman siya ngalang ayaw umilaw ng color red.. pag pinindot namamatay..,positive,general,general,tagasenti,,negative
candidate_15370,Ilang gipatin-aw nga mas maayo untang mopatunga si Osmena sa kabangi-an sa pamoo inay nga mamadlong nga nagtakin pa og pistola.,negative,general,general,tagasenti,,negative
candidate_29049,Labis ang tapat mong pagsunod sa mga maling utos para lang bumida.,negative,general,general,tagasenti,,negative
candidate_4289,"Wala akong pake kay Binay, tanginang nognog yan. Baluga bwisit.",negative,general,general,tagasenti,,negative
candidate_8538,"Nangin basehan sini ang nagliligad nga mga insidente nga apisar wala pa mapatud-an nga politically motivated, pulitika sa gihapon ang ginatudlo nga motibo.",negative,general,general,tagasenti,,negative
candidate_27501,"To know more about the 'real' story behind Binay's dynasty, ask the Makateños. They really know how Binay moved and made magic.",neutral,general,general,tagasenti,,positive
candidate_20662,ang panget ng item na ibigay sa akin. sira. sna po qng my sira item ninyo wag na po ninyo ibigay sa costumer ninyo. thank you. god bless,negative,general,general,tagasenti,,negative
candidate_13664,Noong Nobyembre 2008 ay inispeksyon ng barangay ang naturang pabrika ng pirated CDs dahil sa hinalang ginagawa itong laboratoryo ng shabu.,negative,general,general,tagasenti,,negative
candidate_9035,maganda naman quality kso malait size tapos kulang kulang yung order,neutral,general,general,tagasenti,,negative
candidate_27205,parang malambot sya tapos sobrang gaan duda ako kng copy class a or pwd paghinala an na imitation compare sa original na naabibili s mga samsung stores,neutral,general,general,tagasenti,,negative
candidate_25533,ok ok nmn kaso yupi at medyo my damge slight s gilid the rider is always kind,neutral,general,general,tagasenti,,positive
candidate_23318,May reaksyon sa pagkakagastos ni Grace Poe sa kampanya.,neutral,general,general,tagasenti,,neutral
candidate_31845,Matamis ang dila ng ahente kaya marami siyang napapaniwala upang bumili ng kanyang produkto.,negative,general,general,tagasenti,,neutral
candidate_3492,"Maganda yung resort, mahirap lang puntahan dahil sa lubak.",negative,general,general,tagasenti,,negative
candidate_10023,Ginagamit ko ito ngayon para i-boost ang immune system ko. Ginamit ko na rin ito dati at maganda talaga ang naging results niya sa akin.,positive,general,general,tagasenti,,positive
candidate_6865,Talagang hindi maaayos ang gusot na ito kung patuloy tayong mag-iiwasan sa isa't isa ngayon.,negative,general,general,tagasenti,,negative
candidate_18761,Binay's big promise: No income tax for workers earning P30K monthly and below: Vice President Jejomar Binay,neutral,general,general,tagasenti,,neutral
candidate_21782,product lier 2l discription pro ang dumating sa ay 1l lng ata o mas mababa pa sana sa susunod mag deliver kayo ng tama ni refund ko pro ako pla mag babalik sa kung saan malapit na jnt sa amin eh di woww haist sobrang nakaka disappoint godbless na lng,negative,general,general,tagasenti,,negative
candidate_9345,Inaasahang na mailalabas ang rekomendasyon ng komite na pinamumunuan ngayon ni Sen Richard Gordon sa Lunes.,neutral,general,general,tagasenti,,neutral
candidate_22220,happy naman ako sa purchase ko maganda ang quality and designs are nice as well and grabe next day delivered na agad deserve nila ang 5 star,positive,general,general,tagasenti,,positive
candidate_28813,"Ang talino mo talaga, ikaw lang ang nakaisip na iwanan kami sa ere.",negative,general,general,tagasenti,,negative
candidate_32140,Hindi imposibleng hindi natin maabot ang kapayapaang inaasam ng bansa.,positive,general,general,tagasenti,,negative
candidate_3397,1 nakalagay sa description 10m pero nung ginamit n nmin 6 to 7m lng ung products then the seller is very unresponsive 0 star kung tutuusin sayang pera ko para sa 11 rolls,negative,general,general,tagasenti,,negative
candidate_25369,nice maganda sana yung tsinelas kaso maliit pla sizing nila nag add na ko 1 size intead 39 40 size order ko pero maliit pa din sayang nmn gamitin ko pa din pangbahay,neutral,general,general,tagasenti,,negative
candidate_12452,terible pa g oppo di ko magamit sa samsung ko. nkalagay ay micro usb tpos pang oppo ung binigay. hndi sya universal. dko na ginamit,negative,general,general,tagasenti,,negative
candidate_1809,": Aminadong budol budol ang taktika ni Binay? Ano ito slip of the tongue, este, slip of the typing finger lang?",negative,general,general,tagasenti,,negative
candidate_34754,Isang tunay na hulog ng langit ang proyekto ng ahensya na nagbigay ng tubig sa aming liblib na lugar.,positive,general,general,tagasenti,,positive
candidate_3339,Pwede yung Ad ni Binay pagkatapos na ng Oshopping ipalabas?,negative,general,general,tagasenti,,neutral
candidate_655,nagustuhan ng buyer ko ang items na to. more powers to you and to shopee. trusted shop and ofcoarse ang nag iisang shopee.,positive,general,general,tagasenti,,positive
candidate_22862,Ang bilis dumating ng Alternative Cures na libro pero hanggang ngayon wala pa rin yung Memorex CD refills ko kaya gusto ko ng refund.,negative,general,general,tagasenti,,neutral
candidate_29311,Dumating ang due date ng internet pero wala pa akong pambayad.,negative,general,general,tagasenti,,negative
candidate_11891,maliit sya sa actual size binigay ku nlng sa kapatid ko,neutral,general,general,tagasenti,,negative
candidate_19378,"Maganda quality kaso sira agad ang gilid dahil sa pangit na Amazon packaging, oorder ulit ako dahil gusto ko nung wala namang basag na dadating.",negative,general,general,tagasenti,,negative
candidate_31119,Sa dami ng sumali ay naging di-mahulugang karayom ang buong parke.,neutral,general,general,tagasenti,,negative
candidate_17730,Napansin agad namin na hindi malinis ang mga kagamitan sa loob ng clinic nila nung uupo pa lang ako.,negative,general,general,tagasenti,,neutral
candidate_12138,nice thank you seller nkaseal pa maganda ang packaging first tym user kc que nito pg hiyang sakin oorder ulit aque,positive,general,general,tagasenti,,positive
candidate_29134,"Bilib ako sa mapagbigay mong puso, pinamigay mo pati ang mga sikretong pinagkatiwala sa'yo.",negative,general,general,tagasenti,,positive
candidate_15441,"Huwag na kayong bumili dahil hindi kumakapit ang suction nito sa tub tulad ng sabi ng ibang reviewers, tinapon na lang namin agad sa basurahan.",negative,general,general,tagasenti,,negative
candidate_9571,Si Deguino at limang iba pa ay nadakip umano sa isinagawang drug buy bust operation ng mga tauhan ng PDEA sa Surigao City noong Martes.,neutral,general,general,tagasenti,,negative
candidate_9960,Naaawa na ako kay Binay sa mga pinaggagagawa nya ngayon. Minsan sa buhay naranasan ko ring maging desperado. Bitay ka sakin ina ka,negative,general,general,tagasenti,,negative
candidate_9697,"VP Binay, maraming salamat sa pagsasaayos ng traffic sa EDSA.",positive,general,general,tagasenti,,positive
candidate_24692,scam!!! scam !! scam!! i ordered 3 items pero dalawa lang dumating!! 10 days pa bago dumating!! i am very disappointed!!!!,negative,general,general,tagasenti,,negative
candidate_15863,"May pahayag si Sen. Binay na walang kinalaman ang UNA sa residency issue ni Poe, at may mga nagdududa.",neutral,general,general,tagasenti,,neutral
candidate_1142,"Nakaka-disappoint at nakakahiya para sa isang DVD, napakapangit ng picture quality nito dahil para lang tuloy akong nanonood ng isang lumang video tape.",negative,general,general,tagasenti,,negative
candidate_18088,Araw-araw ay pinapatunayan niyang hindi nasayang ang tiwala ko sa kanya.,positive,general,general,tagasenti,,neutral
candidate_2628,"May nagsasabi na alam na ng lahat na pandak at nognog si Binay, huwag na ibroadcast.",neutral,general,general,tagasenti,,negative
candidate_2392,ok maganda sya kaso yung isang kulay d nasunod pero all goods parin,neutral,general,general,tagasenti,,positive
candidate_25604,This Binay Political Ads are utterly annoying. Empty promises at best.,negative,general,general,tagasenti,,negative
candidate_18605,Sinabi ni Villar na siya ay nasa business as usual mode sa kabila ng isyu ukol sa C5 road.,neutral,general,general,tagasenti,,neutral
candidate_24397,complete order. thank you for the good service. god bless. hakahsvbabajajbs pic and vid not related wala na akong masabi hehe,positive,general,general,tagasenti,,positive
candidate_15587,hard to fold restore ang hirap nya i fold or irestore not really worth its price kasi parang di maayos yung quality nya however i received naman exact product with no damage thanks,neutral,general,general,tagasenti,,negative
candidate_30977,Ugali niya talagang nagbubuhat ng sariling bangko kahit walang batayan.,negative,general,general,tagasenti,,positive
candidate_28766,"Buti pa yung hangin nararamdaman kahit hindi nakikita, yung ambag mo sa project na ito walang-wala talaga.",negative,general,general,tagasenti,,positive
candidate_25298,Naglalaban naman sa ikatlong puwesto ang magkapartido sa Nationalist Peoples Coalition (NPC) na sina Sens. Loren Legarda (25 porsyento) at Francis Escudero (23 porsyento).,neutral,general,general,tagasenti,,neutral
candidate_29494,Hindi maayos ang tunog ng mikropono at palaging nag-eecho sa loob ng bulwagan.,negative,general,general,tagasenti,,negative
candidate_3244,guys payag ba kayo? Ako susuportahan ko si Binay!,positive,general,general,tagasenti,,neutral
candidate_26375,Pambihira ang lambot ng tela na ito na tila hindi makakasugat kahit sa pinakasensitibong balat.,positive,general,general,tagasenti,,negative
candidate_30648,"Hindi ko naman sinasabing hindi mahalaga yung event, kailangan lang unahin ang pamilya ngayon.",neutral,general,general,tagasenti,,neutral
candidate_5644,black maayos naman sskto din anh size super affordable din kaua sulit na sulit. mabilis din dumating at nakapack maayos,positive,general,general,tagasenti,,positive
candidate_32336,Buti pa sapatos mo original samantalang yung mga kwento mo puro peke.,negative,general,general,tagasenti,,negative
candidate_27460,bakit ganun nag iba yungs scent lagi ako na order ung same scent ever pero yun an deliver today iba tlga,neutral,general,general,tagasenti,,negative
candidate_18797,Tila may kulang sa araw ko kahit naging produktibo naman ako.,neutral,general,general,tagasenti,,negative
candidate_8781,": Binay in Isabela radio interview: ‘Yong iba, nangangako pa. Nagawa ko na ho lahat ‘yon. nakuha mo na lahat?",neutral,general,general,tagasenti,,neutral
candidate_17550,nice nice gusto nila lahat fit n fit very good seller 5star k sakensana lage ganun haha sad lng late deliver naguwian na mga kapatid q so tambay na muna un mga order,neutral,general,general,tagasenti,,positive
candidate_30098,Nawala ang harang sa gate kaya nakapasok na ang sasakyan natin.,positive,general,general,tagasenti,,neutral
candidate_22579,"thinner than what i got from other stores, but surprisingly more comfy. it's also cheaper too. perfect pambahay bra.",positive,general,general,tagasenti,,positive
candidate_877,maganda naman po yung mga fake nails and mabilis din po naideliver yung order within 2 days dumating na. pero bakit parang di mo green tulad nung sa picture? almost color black na po eh. pero maganda naman po. thank you!,positive,general,general,tagasenti,,positive
candidate_32245,"I don't think na hindi sila dadalo, baka na-traffic lang sa daan papunta rito.",neutral,general,general,tagasenti,,negative
candidate_8258,Nahihirapan umano ang MILF na makipagnegosasyon sa ASG dahil inasahan ng grupo na makakukuha sila ng ransom kapalit ng kalayaan ni Jaleel.,negative,general,general,tagasenti,,negative
candidate_31710,Matigas ang loob ng aming kapitan na labanan ang matinding alon sa laot.,positive,general,general,tagasenti,,positive
candidate_13076,"maganda sya and malaki sya, sulit sa price first time ko umorder pero nagustuhan ko sya, and mabilis din sya maship at madeliver. nice one seller and sa rider po na alam na ang bahay namen dahil sa kakaorder ko sa shopee.",positive,general,general,tagasenti,,positive
candidate_22239,Dagdag na tropa ng pamahalaan sa Davao City hiniling sa Comelec,neutral,general,general,tagasenti,,neutral
candidate_11283,"nice namn po sya. thanks seller, shopee, and sa nag deliver good job po. god bless and stay safe always. will order again po.",positive,general,general,tagasenti,,positive
candidate_19754,Stress na si Karen! Sakit sa bangs ni Binay!,negative,general,general,tagasenti,,negative
candidate_28830,Bilib ako sa bilis mong magtago kapag may bayaran na.,negative,general,general,tagasenti,,positive
candidate_24481,Ang galing mo Binay! Nabasa mo ang message ng iyong solid fan.,positive,general,general,tagasenti,,positive
candidate_20442,you need to put battery so you can use it so far okay naman and it works well at first it s hard to assemble the battery thank you seller parang lipstick lang ang dating into you can put it in small pouch,neutral,general,general,tagasenti,,positive
candidate_23825,Bumagsak ang kita ng kumpanya sa ikatlong quarter.,neutral,general,general,tagasenti,,negative
candidate_16442,"Ayon sa huling memo ng HR, tinanggal ang oras ng grace period sa pagpasok.",neutral,general,general,tagasenti,,neutral
candidate_20932,"Binay: Nognog ako, pandak ako. Roxas: Hindi ako paawa, walang drama, di ako magnanakaw.",neutral,general,general,tagasenti,,neutral
candidate_25967,Idinagdag ng kongresista ang mga pahayag na katulad ni Pangilinan ay hindi nakakatulong upang matapos ang madugong labanan sa Mindanao.,negative,general,general,tagasenti,,negative
candidate_13562,super ganda high qual sya and comfy sa paa thank you so much seller super ganda high qual sya and comfy sa paa thank you so much seller super ganda high qual sya and comfy sa paa thank you so much seller,positive,general,general,tagasenti,,positive
candidate_16598,bilis dumating mga 2 days lang andito na solid talaga tong shop na to 2nd time to order maganda quality yung item naka charge na agad saglit mo lang paandarin ang dami agad nakukuhang alikabok dumi buhok lahat ng klase effective na vacuum,positive,general,general,tagasenti,,positive
candidate_7023,May mga botanteng nagbabalak lumipat kay Duterte kung pumayag si Grace Poe.,neutral,general,general,tagasenti,,negative
candidate_9403,Akala ko magsisisi ako sa huli subalit nawala ang kaba ko nang makitang buong-buo ang gamit.,positive,general,general,tagasenti,,negative
candidate_4464,Okay naman yung tunog ng guitar strings na ito kaso medyo matigas siya sa daliri kaya hindi ako gaanong makapag-practice nang matagal.,neutral,general,general,tagasenti,,negative
candidate_19487,"Nahirapan nguyain ng tuta ko itong dog treats kahit malambot daw sa balot, pero gustong-gusto naman niya yung lasa kaya pinagtiyagaan niya.",neutral,general,general,tagasenti,,negative
candidate_32798,"Hindi ko sinasabing tama lahat ng ginagawa niya, pero may mga desisyon siyang nakatulong sa team.",positive,general,general,tagasenti,,positive
candidate_9588,"Mula sa Fabella, inilipat sa Heart Center ang kambal upang masubaybayan ng mabuti ang kondisyon ng kanilang puso.",neutral,general,general,tagasenti,,neutral
candidate_9438,not that much honestly medyo mahina ung hangin konti lang talaga lalabas tapos very loud ung sound then ung vibration nya binili ko to for my son kaso prang di ko nalang ipagamit nakaka distract ung ingay un lang,neutral,general,general,tagasenti,,negative
candidate_19394,Madalas ipagmalaki ni Binay ang Makati; tinatanong ang kanyang nagawa bilang VP.,neutral,general,general,tagasenti,,positive
candidate_24067,Ang bait mo naman para ipaalala sa akin araw-araw na utang na loob ko sayo ang buhay ko.,negative,general,general,tagasenti,,positive
candidate_9184,disappointed ako kahit sa tela ang pangit free size pero ang liit parang pang bata,negative,general,general,tagasenti,,negative
candidate_20154,"Sa isang text message na ipinadala ng staff ni Sen. Pia Cayetano na kasalukuyang nasa Amerika, kinumpirma nito na pabor din sa diborsiyo ang senadora.",neutral,general,general,tagasenti,,neutral
candidate_16608,"Bilang panangga sa alikabok, ginamit ang isang malaking piraso ng plastic.",neutral,general,general,tagasenti,,neutral
candidate_15771,"Ayon kay Press Secretary Cerge Remonde, ipapaubaya ng Malacanang sa Department of Justice (DOJ) at kinauukulang korte na magpaliwanag sa paglilipat kay Larranaga ng kulungan.",neutral,general,general,tagasenti,,neutral
candidate_22507,im dissapointed. maganda naman sana yung quality pero bakit may gasgas yung sakin? merong line sa glasses nya at yung handler hindi pantay.. seller beke nemen po.,negative,general,general,tagasenti,,negative
candidate_14902,"Sa laki ng ginastos ni Binay tapos sa laki din ng talo niya sa Mayo, siya pa din tameme sa ending ng kwento. Yun na!",negative,general,general,tagasenti,,negative
candidate_12459,ano to black yung inorder ko black pero white yung dumating nagbabasa po ba kayo kung anong kulay ng sapatos ang ioorder kung wala pong black ede sana minessage niyo ako na white nalang ang ipapadala umasa kase ako na black ang dadating,negative,general,general,tagasenti,,negative
candidate_16013,Binuhat ko ang mabigat na kahon kaya sumakit ang balikat ko pero natapos ang trabaho.,neutral,general,general,tagasenti,,negative
candidate_12157,"Dahil manipis ang board game na ito, mabilis siyang nayupi, pero masaya naman laruin kasama ng barkada.",neutral,general,general,tagasenti,,positive
candidate_1756,May nagsasabing hindi mananalo si Binay.,neutral,general,general,tagasenti,,negative
candidate_670,okay nman wla nman damage kaso di nman nasunod ung color na gusto ko black order ko bracket pero white pinadala nyo di nagrereply si seller,negative,general,general,tagasenti,,negative
candidate_22647,i am not happy with their service i ordered 2 umbrellas with bag pero walang bag ung pinada sabi ni seller baka pwd na daw un kasi magagamit ko din naman daw un tsk tama ba un kaya ka nga umorder ng tamang item na gusto mo tas marunong pa,negative,general,general,tagasenti,,negative
candidate_32281,Wala namang nagsabing hindi tayo pwede magkaiba ng pananaw pagdating sa pulitika.,neutral,general,general,tagasenti,,neutral
candidate_25805,Namatay ang mikropono sa gitna ng talumpati ng senador.,neutral,general,general,tagasenti,,negative
candidate_28645,Nakakahanga ang lakas ng sikmura mong mang-agaw ng asawa ng may asawa nang walang hiya-hiya.,negative,general,general,tagasenti,,positive
candidate_25672,"Tinanong kung sino ang bet niya, sana ay hindi Binay o Roxas.",neutral,general,general,tagasenti,,neutral
candidate_5160,"At the end of it, it's not Poe who needs to give in (nor Binay, nor Miriam). Tayong mga botante. We're just the...",neutral,general,general,tagasenti,,negative
candidate_21910,"basag ang mirror, ung sealer d gumagana",negative,general,general,tagasenti,,negative
candidate_25924,ano ba naman yan next time seller pakiayos naman ng mga items nyo tss,negative,general,general,tagasenti,,negative
candidate_22580,MarRoxas: you can't present yourself as P.Noy part 2. Don't act as if you are a re-electionist. The masa don' t appreciate it. Sayang ka.,negative,general,general,tagasenti,,negative
candidate_19838,"Dumating agad kinabukasan ang maganda at murang plates kaya hindi ako makapaniwala dahil mas nauna pa ito sa ibang orders ko, kaya kudos sa shipping!",positive,general,general,tagasenti,,positive
candidate_574,"Bago ihayag ng Malacanang ang pagtatalaga kay Ducut, nagbabala na ang Makati Business Club sa paglalagay ng pulitiko bilang pinuno ng ERC.",negative,general,general,tagasenti,,neutral
candidate_16212,"Sa pahayag, hiniling ni Estrada sa Department of Foreign Affairs at Department of Labor and Employment na muling rebyuhin ang naturang bagong patakaran.",neutral,general,general,tagasenti,,neutral
candidate_30882,"Hindi ko naman sinasabing patas ang naging desisyon, pero wala na rin tayong magagawa.",neutral,general,general,tagasenti,,neutral
candidate_410,"Sinabi ni Santos na naipit ang Pilipinas sa ""global economic crisis"" ngunit tiwala siyang malalampasan ito ng bansa sa pagtutulungan ng pamahalaan at pribadong sektor.",positive,general,general,tagasenti,,negative
candidate_13128,Roxas and Poe unite for a better future with Duterte. Nakakataba ng puso.,positive,general,general,tagasenti,,negative
candidate_2784,never again hnd gumagana ang isa sayang pera nyo kahit mura lang sya sayang lang ang pera kasi nga sira naman,negative,general,general,tagasenti,,negative
candidate_8237,That's the reason why Binay is eager to become the president! Gusto namin ng serbisyo.,positive,general,general,tagasenti,,positive
candidate_1960,Sobrang galing ni Binay dun sa 1v1 nila ni Mar.,positive,general,general,tagasenti,,positive
candidate_1318,Maganda ang pag-uusap nina Binay at Escudero para sa pagkakaisa.,positive,general,general,tagasenti,,positive
candidate_27503,"May nagsasabi na ang pamilya Marcos, Estrada, at Binay ay kabilang sa mga pamilyang may pinagdududahan.",neutral,general,general,tagasenti,,neutral
candidate_9012,"Ipatatawag din umano ng komite ang mga opisyal ng National Food Authority (NFA), mga municipal agriculturists at iba pang kinauukulan na may kinalaman sa programa.",neutral,general,general,tagasenti,,neutral
candidate_27580,"Minsan nagkakamali ng timbang itong kitchen scale, pero okay na pang-araw-araw na gamit sa bahay.",neutral,general,general,tagasenti,,neutral
candidate_10519,"""""""About roughly 15 kilometer (stretch) of the cordon will be completely removed, This will be completely removed,"""" pagdiin niya.""",positive,general,general,tagasenti,,neutral
candidate_24325,Hinatulan ng korte sa Kuwait si Vecina dahil sa pagpatay sa anak ng kanyang amo. Malubha rin niyang nasugatan ang dalawang kapatid ng biktima.,negative,general,general,tagasenti,,negative
candidate_26846,"Ayon sa survey, mababa ang ratings ng Daang Matuwid.",neutral,general,general,tagasenti,,neutral
candidate_12120,very pangit maganda ang packaging kaso ang pangit nang item guyss sana naamn ayusin niyo kasi pinaghihirapan ang perang binabayad sa inyo makonsensya naman kayo to tell the truth po sira yung item niyo at i m very disappointed ang tagal ko nang nag oorder sa shoppee pero now lang,negative,general,general,tagasenti,,negative
candidate_17953,Yung ang tagal kong i-shade yung sa presidentiable. pa rin. Good luck & Grace Poe?,neutral,general,general,tagasenti,,neutral
candidate_29091,"Ibang level ang tapat mo sa kagrupo natin, iniwan mo kami sa gitna ng presentation.",negative,general,general,tagasenti,,negative
candidate_28325,Sana all nakakapag-enjoy sa buhay kahit maraming taong nagdurusa dahil sa kanya.,negative,general,general,tagasenti,,positive
candidate_7467,May naiinis kay Binay dahil sa reklamo nito kahit dating parte ng gabinete.,neutral,general,general,tagasenti,,negative
candidate_5146,10 pang 2nd time kuna mg order dito sa shoppe na ito ligit tas ang bango tlga nito i ordered again pag ma ubos na to,positive,general,general,tagasenti,,positive
candidate_32539,Pumila ang mga pasahero sa terminal ng MRT.,neutral,general,general,tagasenti,,negative
candidate_6100,"Bukod sa kaarawan ni Topacio, nagtungo si Estrada sa pagtitipon upang tanggapin ang parangal na ibinigay sa kanya ng transport group Pasang-Masda bilang honorary chairman.",positive,general,general,tagasenti,,positive
candidate_31946,Marami ang natakot na baka pantay ang mga paa ng biktima bago pa man ito makarating sa pagamutan.,negative,general,general,tagasenti,,negative
candidate_23466,"Bago ang desisyon ng CA, nagpalabas ng kautusan ang Korte Suprema kamakailan na nagsasabing dapat ilipat ng piitan si Smith na pinapamahalaan ng Pilipinas.",neutral,general,general,tagasenti,,negative
candidate_22140,not good. may mga products naman na affordable pero maayos naman po. also it takes a week bago ma deliver(j&t).,negative,general,general,tagasenti,,negative
candidate_29994,Pumasok na ang payment ng kliyente para sa project.,positive,general,general,tagasenti,,neutral
candidate_1576,"kung gaano ka desperada si roxas at binay, ganun din kayo! ulol niyo cheaters never win",negative,general,general,tagasenti,,negative
candidate_8967,orange naman yung kulay nga brown cat,neutral,general,general,tagasenti,,neutral
candidate_14878,mali yung dumating sa kin i ordered black but ito yung binigay ni seller pero i will still accept it since good naman ang condition ng thumbler e co consider ko nalang baka wala na talagang stock ng black but pls seller inform us kung wala na talaga stock ng gusto namin,neutral,general,general,tagasenti,,negative
candidate_1078,"So pag nanalo si Mar Roxas ngayon eleksyon matic na dinaya yon? Ba't kailangan mandaya? Well, hindi nman ako botante so shut up nalang ako ?",negative,general,general,tagasenti,,negative
candidate_8454,im so disappointed ibang kulay sa inorder ko sa narecieved ko. tskkk! im so disappointed ibang kulay sa inorder ko sa narecieved ko.,negative,general,general,tagasenti,,negative
candidate_21926,all occasions not worth my time please bigyan n yo nalang ako ng coins ang arte hindi daw na meet standards eme,negative,general,general,tagasenti,,negative
candidate_29588,Walang bintana ang kwarto kaya sobrang init kapag walang kuryente.,negative,general,general,tagasenti,,negative
candidate_12460,so ang ganda po ng packaging d po siya tinipid sa bubble wrap haha anliit pla niga d ko inexpect akala ko kaparehas niya yung mga common keypad na nakikita anyways thank you,neutral,general,general,tagasenti,,positive
candidate_34342,"Para malinaw, ang policy na ito ay para sa lahat ng empleyado at walang exception.",neutral,general,general,tagasenti,,neutral
candidate_7838,Naganap umano ang palitan ng putok sa dalawang magkaaway na pamilya noong umaga ng Miyerkules sa Barangay Dugasan sa Matanog.,negative,general,general,tagasenti,,negative
candidate_27698,"Laging walang ice ang ice machine niyo tuwing tag-init, napakagaling pumili ng oras ng inyong maintenance team para mag-shut down ng equipment.",negative,general,general,tagasenti,,negative
candidate_25527,bad experience ok nman sana mga items nila kaso sa sobrang tiwalanat excited ko pag tanggap ko ng parcel kay kuya delivery rider eh binuksan ko agad ang app para pindutin ang order received at ng makapag rate agad ako dahil malolobat nko kso nung binuksan kuna kulang,negative,general,general,tagasenti,,negative
candidate_9171,Yung binili kong laptop kahapon ay di man lang umabot ng dalawang araw bago nag-hang.,negative,general,general,tagasenti,,neutral
candidate_9370,"Sa ulat na ipinalabas ng SBMA, lumitaw na nabagsakan ng metal base ng bagong lagay na manual canvass door ang mga biktima.",negative,general,general,tagasenti,,negative
candidate_24661,"Pareho silang magaling! Si Binay at si Alma, parehong maganda ang kulay.",positive,general,general,tagasenti,,positive
candidate_22233,Maganda sana itong product pero dumating na tunaw dahil sa init noong summer kaya susubukan ko na lang sigurong umorder ulit kapag holidays na.,positive,general,general,tagasenti,,negative
candidate_17710,"Nakaka-disappoint at sobrang overrated ng movie na ito, nakakabagot ang pacing at storya tapos hindi pa nakakatuwa yung main character kaya sayang lang.",negative,general,general,tagasenti,,negative
candidate_938,Bihira akong manood ng palabas pero imposibleng sabihin kong inantok ako dahil sa ganda ng kwento nito.,positive,general,general,tagasenti,,positive
candidate_27705,Shoutout to Binay & Duterte for inspiring me to run for office with integrity.,positive,general,general,tagasenti,,positive
candidate_15116,Tinawag naman ni DMPI General Manager Cito Alejandro na walang basehan ang kaso na isinampa sa kanila ng Sulpicio.,negative,general,general,tagasenti,,negative
candidate_31727,Naging matagumpay ang protesta dahil kapit-bisig ang mga manggagawa.,positive,general,general,tagasenti,,positive
candidate_22185,maganda po yung item maayos ko rin nareceive mabilis rin po ang delivery thank you seller keep up the good work more sales to come din po i will surely order again god bless po sayo seller at sa shop mo act like you can t afford the bread until they,positive,general,general,tagasenti,,positive
candidate_2177,"Binay: ""Tatanggalin natin ang corporate tax. Para income tax, para wala ka nang bayaran."" Besh saan tayo kukuha ng nanakawin mo besh? ?",negative,general,general,tagasenti,,negative
candidate_34558,Ang mga taong matigas ang ulo ang madalas na napapahamak sa mga sitwasyong mapanganib.,negative,general,general,tagasenti,,negative
candidate_8378,good thank you seller maganda at kumportable sootin maganda sya di sya branded pero ok sya ipaatahi monalang para pang matagalan na salamat sin kay manong rider na lage naghahatid ng mga parcel ko dito sa bahay god bless you all guys na enjoy kodin kasi may less pa sa voucher ko dito sa shopee,positive,general,general,tagasenti,,positive
candidate_631,"On a scale of 1 to Mar Roxas, how competent are you?",positive,general,general,tagasenti,,negative
candidate_34483,Huwag kang magtiwala sa mga buwaya sa katihan sa loob ng ating pamahalaan.,negative,general,general,tagasenti,,negative
candidate_12517,"Saludo ako sa pagiging mabilis mo, naunahan mo pa akong ubusin ang sweldo ko sa kaka-shopping mo.",negative,general,general,tagasenti,,positive
candidate_15591,Pinapurihan naman ni Sen. Francis 'Chiz' Escudero ang Supreme Court kasunod ng pahayag na tama ang kanilang opinyon hinggil sa naturang isyu.,positive,general,general,tagasenti,,neutral
candidate_30958,Natuklasan din ng lahat ang iyong sanga-sangang dila matapos ang matagal na panahon.,negative,general,general,tagasenti,,neutral
candidate_9628,"Sa kaso ng pulisya, itinatakda sa batas na dapat mapantayan ng Philippine National Police karaniwang ratio na isang pulis sa bawat 500 tao.",neutral,general,general,tagasenti,,negative
candidate_2088,"Ako si mar roxas. hindi ako ma-drama, magaling na lingkod bayan ako.",positive,general,general,tagasenti,,positive
candidate_27767,wag naman ho sana mag ala-VP Binay ho kayo. Make us proud.,positive,general,general,tagasenti,,positive
candidate_33594,Naisalin ko nang buo ang libro sa wikang Tagalog.,positive,general,general,tagasenti,,positive
candidate_10308,"Sakto lang yung kwento ng manga na ito, may mga action scenes na maganda pero sobrang bilis naman ng pacing niya.",neutral,general,general,tagasenti,,positive
candidate_2920,Yung wire ng charger parang madaling maputol kung di ka maingat.,negative,general,general,tagasenti,,neutral
candidate_19402,"Ano ba guys, ingatan natin si Noynoy para tuloy ang magandang liderato. Binay ay handa rin.",positive,general,general,tagasenti,,positive
candidate_16905,100 thank you seller sobrang ganda talaga,positive,general,general,tagasenti,,positive
candidate_24937,"Pwede na yung dessert, pero para sa panlasa ko, sobrang tamis.",negative,general,general,tagasenti,,negative
candidate_18243,Napag-alaman na si Abarro ang humiling sa korte na magpalabas ng search warrant sa sinalakay na establisimyento noong Abril 3 sa Quezon City.,neutral,general,general,tagasenti,,neutral
candidate_11067,Mar Roxas is getting so determined. I hope he stays healthy and strong.,positive,general,general,tagasenti,,positive
candidate_26526,"Inamin ni Singsong na sinaktan niya si Tiongson dahil nahuli umano niya ang dating ka-live-in na kasama ang sinasabing ""kalaguyo"" sa tinutuluyan nitong apartment.",negative,general,general,tagasenti,,negative
candidate_11466,"Ilang beses ko na itong pinanood at palagi pa rin akong napapatawa nito dahil para sa akin, isa talaga itong true classic na pelikula.",positive,general,general,tagasenti,,positive
candidate_17800,Loud at boring ang music kaya nawala lahat ng beauty ng wss. Hindi ito pwede for indoor listening at hindi ko rin mapamigay talaga.,negative,general,general,tagasenti,,negative
candidate_10547,"""Inilarawan ng Philippine Center for Investigative Journalism ang INC na, """"a secretive, tightly organized church composed mainly of poor members.""""""",neutral,general,general,tagasenti,,negative
candidate_18682,good received product today kaso may crack nga lang yung gilid i don t know kung delivery to galing hindi ko naman siya binagsak ipapangregalo ko pa naman sana to sa tatay ko,neutral,general,general,tagasenti,,negative
candidate_29736,Nalaglag ang lahat ng niluto kong pagkain sa sahig nang biglang madulas ang hawakan ng kawali.,negative,general,general,tagasenti,,negative
candidate_30228,Nakahinga nang maluwag ang nanay ko matapos makuha ang resulta.,positive,general,general,tagasenti,,positive
candidate_16903,Mapapawalang bisa ba ng isang 'masamang biro' lahat ng nagawa ni Duterte? Does it make Mar and Binay better than him?,neutral,general,general,tagasenti,,negative
candidate_26552,"""""The matrix would be available Monday but we'll do overtime kaya magme-meeting kami sa leaders ng mga jeepney mamaya,"""" pahayag ng opisyal.",neutral,general,general,tagasenti,,neutral
candidate_13122,you get the quality for its price sana tumagal kahit 1 month lg hahahha size 37 aku and tama nman ang size sa paa ko puede xa pangbahay lg talaga,neutral,general,general,tagasenti,,positive
candidate_21624,hello po ang pangit baliktad ung lense,negative,general,general,tagasenti,,negative
candidate_11475,Inusisa ni Enriquez si Aquino tungkol sa estado ng kanilang relasyon ng kasintahang si Valenzuela City councilor Shalani Soledad.,neutral,general,general,tagasenti,,neutral
candidate_33660,Nakita ko ang hinahanap kong libro sa isang lumang tindahan sa tabi ng daan.,positive,general,general,tagasenti,,neutral
candidate_18361,"Alam ko Binay, ikaw ang dahilan kung bakit mayaman ang Makati, dahil sa iyong pamumuno.",positive,general,general,tagasenti,,positive
candidate_23981,"ok din ang hindi ok, d pareho ang size na pinadala. packaging is nsa shoppee plastic lng. na ship/deliver agad ang items which is very much ok.",positive,general,general,tagasenti,,neutral
candidate_34313,"Ok lang yung lasa ng gamot, medyo mapakla sa dulo pero madali namang lunukin.",neutral,general,general,tagasenti,,positive
candidate_10317,MANILA - Patay ang isang babae matapos siyang pagbabaril ng mga hindi nakilalang suspek habang minamaneho ang kanyang kotse sa Pasig City nitong Martes.,negative,general,general,tagasenti,,negative
candidate_26815,"""Iginiit naman ng kampo ni Estrada na hindi totoo ang testimonya ni Mancao, kasabay ng apela na itigil na nito ang pagsisinungaling.""",neutral,general,general,tagasenti,,negative
candidate_2738,good lang but may mga nakalaylay na mga tahi hmmm parang di naman sya effective parang wala lang sya atleast may underwear na superhigh waist hahahhaaha charrr pero goods lang pede naman gamitin,neutral,general,general,tagasenti,,positive
candidate_13814,"Bilib ako sa lakas ng pananalig mo, naniwala kang mapapatawad kita kahit inubos mo ang savings ko.",negative,general,general,tagasenti,,positive
candidate_1842,May puna na palaging binabanggit ni Poe ang kanyang mga umampon.,neutral,general,general,tagasenti,,negative
candidate_19407,"Kayong mga magsasaka, kayo ang nagpapakain ng mga pamilya. Hindi tama na wala kayong pagkain sa inyong lamesa.",positive,general,general,tagasenti,,negative
candidate_28150,Idinagdag ng kongresista na dapat suportahan ng Malacanang ang biktima.,positive,general,general,tagasenti,,negative
candidate_9653,Kinukonsulta pa umano niya ang kanyang mga abogado kung ano ang susunod na hakbang matapos lumabas ang rekomendasyon ng Ombudsman.,neutral,general,general,tagasenti,,neutral
candidate_24901,maganda sya at malaki worth it nman ung bayad ko .. naship nman saken ng maayos at wla nman damage kya 5star saken thanks ..,positive,general,general,tagasenti,,positive
candidate_162,"mas nakakatakot ata na second place si roxas kesa sa first place si duterte, if the rumors were true mamaya magkakahimala na...",negative,general,general,tagasenti,,negative
candidate_34278,"Ok lang yung bagong app na ginagamit natin, may mga bugs pa pero nagagawa naman ang kailangan.",neutral,general,general,tagasenti,,positive
candidate_23725,damage sira po ang item umiilaw pero hindi sya nag spray at sira din ang usb,negative,general,general,tagasenti,,negative
candidate_28326,Sana all kayang itulog ang kahihiyan ng mga pinaggagawa niya.,negative,general,general,tagasenti,,negative
candidate_11564,pictures and vedio not related for additional points hindi na napicturan kinuha na kce ng umorder salamat seller at kay rider sa maayos na pagdeliver ng aking parcel,positive,general,general,tagasenti,,neutral
candidate_13572,"Si Mayor Edsel Galeos, nasubo pag-ayo sa kamatayon ni Remonde, nga iyang kababata.",negative,general,general,tagasenti,,negative
candidate_19980,"Kapag umulan, baka ilipat na lang sa loob ang event.",neutral,general,general,tagasenti,,neutral
candidate_26352,"Binili ko itong safety goggles para sa pag-giling, protektado ang mata ko kaso mabilis mag-fog kapag mainit sa pinagtatrabahuhan.",neutral,general,general,tagasenti,,negative
candidate_9945,"May nagsasabi na walang martial law sa ilalim ni Duterte, at kinomentong incompetent at mahina si Roxas.",neutral,general,general,tagasenti,,negative
candidate_25819,sira ang item bumili pako uli sa shop nila ng earphones para mapaship bago battery kasi baka daw yun ang sira pero di padin gumana yung phone ibig sabuhin defective yung phone di marefund or mareturn yung item super nakakasama ng loob sayang pera ko,negative,general,general,tagasenti,,negative
candidate_20742,"Matapos mag-batuhan ng putik sina Roxas, Binay at Poe biglang dumating si Duterte.",neutral,general,general,tagasenti,,neutral
candidate_30368,Wala akong makitang dahilan para hindi maging astig ang palabas kung walang eksenang hindi pinaghirapan.,positive,general,general,tagasenti,,negative
candidate_19545,Isang malaking karangalan na mairekomenda ko ang ganitong klaseng produkto.,positive,general,general,tagasenti,,positive
candidate_16389,i thought it was flexible. ang pangit pa ng button.,negative,general,general,tagasenti,,negative
candidate_5007,"Binigyan niyo ako ng kape na lasang mainit na tubig lang, salamat sa pagtitipid niyo ng kape para sa akin.",negative,general,general,tagasenti,,positive
candidate_30853,"Medyo hindi ko lang trip ang genre ng pelikula, pero sasabayan pa rin kita manood.",neutral,general,general,tagasenti,,positive
candidate_18028,panget sira yung dumating sakin at ang ingay pa madali din masira yung button at tyka hindi udjustuble,negative,general,general,tagasenti,,negative
candidate_1986,Nag-canvass sana ako sa ibang tindahan.,negative,general,general,tagasenti,,neutral
candidate_10947,very vivid worth sa price niya isa nga lang magkapair,positive,general,general,tagasenti,,positive
candidate_31252,Nakatulong ang pagiging magaan ang kamay niya upang maging tanyag sa paglililok.,positive,general,general,tagasenti,,neutral
candidate_18362,"Gi-angkon sa 16 anyos nga siya ang nakabunal sa Norweigian, gamit ang botelya sa beer.",negative,general,general,tagasenti,,neutral
candidate_30929,"Nakaiyak ang sitwasyon ng mga batang isang kahig, isang tuka sa lansangan.",negative,general,general,tagasenti,,negative
candidate_14026,"Ate, salamat sa pagboto kay Binay, siya ang magdadala ng magandang buhay!",positive,general,general,tagasenti,,positive
candidate_23340,"Bago magsimula ang klase, inayos ng janitor ang mga upuan.",neutral,general,general,tagasenti,,neutral
candidate_5494,Pagkalipas ng ilang dekada ay madali nang makalimutan ang album kaya mas maganda kung i-download mo na lang yung magandang kanta para makatipid pa.,negative,general,general,tagasenti,,neutral
candidate_1703,"Ayon kay Binay, lumaki siya sa hirap ngunit may mga nagmamana ng yaman.",neutral,general,general,tagasenti,,neutral
candidate_18956,lagsisvdjcbndns thank you so muuuuch napaka ganda ng quality!!! tapos ang bilis dumatiiiing! will order agaaaaiiinn!!,positive,general,general,tagasenti,,positive
candidate_10657,thank you po nagustuhan ko po,positive,general,general,tagasenti,,positive
candidate_10536,"Fresh yung salad, problema ang konti ng dressing na binigay.",negative,general,general,tagasenti,,negative
candidate_26696,great quality free ko lang nakuha to sobrang ganda ng sound then pwede mo din hinaan yung volume and lakasan. safe din nakarating sa akin yung earbuds.,positive,general,general,tagasenti,,positive
candidate_15705,"Kung masama ang loob ni Alentajan, masaya naman ang mag-asawang William at Yayo sa naging rekomendasyon ng DOJ.",positive,general,general,tagasenti,,positive
candidate_32635,Nakasulat sa papel ang listahan ng mga bibilhin.,neutral,general,general,tagasenti,,neutral
candidate_15742,not worth the price but expect what you paid for better kung bibili kayo ng medyo mahal the first time i use it nasira agad yung stand,negative,general,general,tagasenti,,negative
candidate_12634,Tinalakay din sa pagdinig ang petisyon ni Andal Jr na makapagpiyansa.,neutral,general,general,tagasenti,,neutral
candidate_19601,"Sa pahayag nitong Sabado, sinabi ni Plaza na may impormasyon na talamak ang pagpupuslit na langis sa Subic Bay Metropolitan Authority at Manila Port Area.",negative,general,general,tagasenti,,neutral
candidate_30128,Maluwag ang EDSA kaya wala pang isang oras ay dumating na ako.,positive,general,general,tagasenti,,neutral
candidate_25823,Sobrang pangit ng stretch waistband na ito dahil nasisira agad kaya tinahi ko na lang. Huwag na huwag kayong bibili ng palpak na design na ito!,negative,general,general,tagasenti,,negative
candidate_22115,yun 1 neckfan mukhang loose un mga parts malakas un vibration magkaiba ng brand yun naipadala kaya magkaiba din nasunod naman yun kulay na order thanks seller will order again,neutral,general,general,tagasenti,,negative
candidate_26315,ang gandang baboy aba tas ang mura pa girl what a steal very affordable niya malakas pa yung tipong haggard ka na tas mainit pa mag salamin ka tas may fan pa,positive,general,general,tagasenti,,negative
candidate_23487,Ang galing ng kanta at sobrang daming energy ng album na ito! Must-have ito para sa lahat ng mahilig makinig ng magandang singing guitar music.,positive,general,general,tagasenti,,positive
candidate_22248,seller not responding. sayang pera dto. 5 mins lang lowbat na,negative,general,general,tagasenti,,negative
candidate_24105,"Grabe, Nataasan na ni Poe si Roxas ?",positive,general,general,tagasenti,,negative
candidate_34126,Nilagyan ng selyo ang sulat.,neutral,general,general,tagasenti,,negative
candidate_9613,"Newsreport LP standard bearer Mar Roxas, namimili umano ng boto ayon sa kampo ni VP Binay I via Allan Francisco",neutral,general,general,tagasenti,,neutral
candidate_10549,MANILA - Opisyal ng idineklara ng Philippine Atmospheric Geophysical and Astronomical Services Administration (Pagasa) nitong Huwebes ang pagpasok ng panahon ng tag-ulan.,neutral,general,general,tagasenti,,neutral
candidate_11793,Pwede pa try? Pero sa ulo ni Mar Roxas!,negative,general,general,tagasenti,,negative
candidate_30801,Sadyang hindi lang natin inaasahan ang naging problema kaya tayo nagkaguluhan.,neutral,general,general,tagasenti,,negative
candidate_14444,Kasabay nito pinuri ng Malacanang ang pulisya at militar sa pagpapanatili sa kaayusan sa nasabing kilos protesta.,positive,general,general,tagasenti,,negative
candidate_23595,Sinabi ni Villar na sapat na nakasama ang kanyang grupo na Nacionalista Party na nagpahayag ng pagtutol na amyendahang ngayon ang Saligang Batas.,neutral,general,general,tagasenti,,neutral
candidate_4476,Sinabi naman ni Golez na kailangang ipatupad ang itinatakda sa batas sa speed limit sa EDSA na tinatayang 40 kilometer per hour.,neutral,general,general,tagasenti,,neutral
candidate_18069,"""Ang pahayag ni Enrile ay sinuportahan naman ni Senate President Pro Tempore Jose ""Jinggoy"" Estrada, anak ng dating pangulo.""",neutral,general,general,tagasenti,,neutral
candidate_34379,"Lilinawin ko lang na hindi ko binabatikos ang produkto niyo, nagbibigay lang ako ng honest review.",neutral,general,general,tagasenti,,neutral
candidate_8900,1 star walang reply kulang pinadalang item mali pa color na pinadala both pink order ko,negative,general,general,tagasenti,,negative
candidate_17077,"Dahil sa kontrobersyal ang panukala, plano rin umano ng liderato na gawing secret voting ang proseso ng botohan sa susunod na linggo.",neutral,general,general,tagasenti,,neutral
candidate_23178,received on time well packed complete items naman super affordable compared to other sellers lagi namin to dala since for family of 4 kasya,positive,general,general,tagasenti,,positive
candidate_13415,Sinira ng baha ang tulay papunta sa bayan.,neutral,general,general,tagasenti,,negative
candidate_7235,i ordered 3 items kaso wla ang isa hnd mn lang ako minessage ng seller na wla ang isang item or even asked me f ok lng palitan ang item na wla nakakadismaya pero ok lang dahil dumatung nmn ang dalawa,neutral,general,general,tagasenti,,negative
candidate_22421,"Mabuti na lang at nandiyan ka, mas lalo kong naramdaman kung paano maging mag-isa.",negative,general,general,tagasenti,,positive
candidate_11925,"Inihayag naman ni Teodoro, dating kalihim ng Defense department na bukas siya na bigyan ng state-sponsored funeral ang nakatatandang Marcos.",neutral,general,general,tagasenti,,neutral
candidate_11101,"May nagsasabi na ang pagdidikta ay hipokrito, at si Roxas ay nagdidikta kay Poe.",neutral,general,general,tagasenti,,neutral
candidate_28620,"Akalain mo, nakarating ka rin sa wakas matapos naming tapusin lahat ng mahihirap na trabaho dito.",negative,general,general,tagasenti,,positive
candidate_25521,"Tuwing dapit-hapon, itinaas ang mga ilaw sa paligid ng parke.",neutral,general,general,tagasenti,,neutral
candidate_15278,Madali ko itong naayos mag-isa dahil hindi gumamit ng nakakalitong mga salita sa manwal ng pag-iinstall.,positive,general,general,tagasenti,,positive
candidate_25145,"Ang walong sinag sa watawat ay kumakatawan sa Maynila, Bulacan, Cavite, Laguna, Tarlac, Nueva Ecija, Pampanga at Batangas.",neutral,general,general,tagasenti,,neutral
candidate_4424,ayan nanaman yung patalastas ni binay. Bakit kay binay? Madalas pinag-uusapan ang korapsyon.,neutral,general,general,tagasenti,,negative
candidate_12707,maganda sya thank you,positive,general,general,tagasenti,,positive
candidate_7861,"UST and UP peeps, let's appreciate Binay for his achievements.",positive,general,general,tagasenti,,positive
candidate_27877,Humalin sa tigulang tubtub sa mga kabataan wala ginpalampas ang ini nga kahigayunan.,positive,general,general,tagasenti,,negative
candidate_6843,very poor dumating agad yung neck fan pero super nakakadisappoint di gumagana nagmessage ako sa seller hindi nagrereply para lng akong nagtapon ng pera dalawa pa nmn inorder ko,negative,general,general,tagasenti,,negative
candidate_2933,"Bago yung van, masikip lang talaga legroom.",negative,general,general,tagasenti,,negative
candidate_13700,Nag-enjoy kami sa pagkain pero hindi ko talaga ma-justify yung presyo.,negative,general,general,tagasenti,,negative
candidate_7147,this place will rob you. the price is exorbitant and the cooking is terrible. worst dampa i have ever been,negative,general,general,tagasenti,,negative
candidate_33863,Yari sa plastik ang timba sa banyo.,neutral,general,general,tagasenti,,negative
candidate_11886,Ibang hotel na lang sana ang kinuha namin.,negative,general,general,tagasenti,,neutral
candidate_22476,wrong item pinada ni seller 2000ml ang order ko 1100 lng pinadala same p din binayaran... isang malaking budol tong c seller.. ibibigay ko sana sa asawa ko kaya lng hindi panlalaki ang kulay...,negative,general,general,tagasenti,,negative
candidate_32869,"Sadyang nagkataon lang na tama ang hula ko, pero naging maganda ang resulta ng desisyon natin.",positive,general,general,tagasenti,,positive
candidate_27181,"thank you so much seller!! i was hesitant to order at first but i'm really surprised for this smart tv that i received! nakakaspeechless naman tong napanalunan ko grabe! parang panaginip lang tong nangyari. so, thank you so much seller! may godbless you and your family",positive,general,general,tagasenti,,positive
candidate_31813,Mahangin ang ulo ng empleyado namin kaya palagi siyang napag-iisa sa hapag-kainan.,negative,general,general,tagasenti,,negative
candidate_21507,"Pinalitan niyo ng mumurahing parts ang sasakyan ko nang walang paalam, ang galing niyong mag-budget para sa sarili ninyo gamit ang pera ko.",negative,general,general,tagasenti,,negative
candidate_13800,Grace Poe starts by name-dropping daddy. Another necropolitics tactic. Sad. So sad.,negative,general,general,tagasenti,,negative
candidate_34,nice quality maagang dumating yung bedsheet di bumukad masyado pru all in all ok sya,positive,general,general,tagasenti,,positive
candidate_19392,Apan nasayran sa DVI team nga usa diay kini ka Sugboanon.,neutral,general,general,tagasenti,,negative
candidate_32956,"Pwede na rin sana yung internet connection, kaso nagha-hang kapag may importanteng meeting.",negative,general,general,tagasenti,,negative
candidate_25487,na disappoint ako kasi pagkabukas ko parang walang laman yung lipstick super dry na bago pa naman sya tingnan at ganda nang kulay,negative,general,general,tagasenti,,negative
candidate_31471,Magaan ang kamay ng aking ina tuwing hinihilot niya ang sumasakit kong likod.,positive,general,general,tagasenti,,negative
candidate_4640,"Dahil sa kanilang bilis kumilos, hindi nasunog ang niluluto ko noong nagkaproblema sa kalan ng kusina.",positive,general,general,tagasenti,,neutral
candidate_19849,its working naman pero slightly open ung item malapit sa charging port mejo yupi din ung box upon receive i thought hindi na gagana pero buti nlng din gumana prin,neutral,general,general,tagasenti,,positive
candidate_3817,"Tbh, si Korina Sanchez talaga nakakasira sa image ni Mar Roxas. Oks naman si Mar before until, he married Korina",negative,general,general,tagasenti,,negative
candidate_16521,"Ayon sa ilan, kung umatras si Grace Poe, ang boto niya ay mapupunta kay Duterte o Miriam, hindi kay Mar Roxas.",neutral,general,general,tagasenti,,neutral
candidate_1990,Ngunit dalawa sa mga nasawing sibilyan ay ikinukonsidera ng PNP na kasapi ng sindikato hanggat hindi pa umano nabeberipika ang kanilang pagkatao.,negative,general,general,tagasenti,,negative
candidate_30269,Imposibleng hindi mapansin ng management ang effort mo dahil walang araw na hindi ka nag-overtime.,positive,general,general,tagasenti,,negative
candidate_14086,ok mystery pouch (ndi aq na excite ndi na sya mystery kc items agad nkta q) -yun inpods 12. yun left side ndi nagana ndi nag ccharge -intelligence health braceler. hinding hindi nagana -the rest ok working,positive,general,general,tagasenti,,neutral
candidate_19840,Nabanggit ang 5ps ni Binay kasabay ng usapang domain at range.,neutral,general,general,tagasenti,,negative
candidate_21214,"Dinikit niyo ang price tag nang direkta sa mismong lens ng salamin, ang talino talaga ng nag-iisip ng packaging style ninyo.",negative,general,general,tagasenti,,negative
candidate_8883,Nawala ang talaan ng mga dumalo sa seminar.,neutral,general,general,tagasenti,,negative
candidate_7583,May balita na hindi makapaniwala si Binay sa pagkatalo.,neutral,general,general,tagasenti,,negative
candidate_31405,Huwag ka sanang masaktan dahil bato-bato sa langit lang ang aking mensahe.,neutral,general,general,tagasenti,,neutral
candidate_26920,hiii i was able to received the product in a very good packaging thank you will order again after some time,positive,general,general,tagasenti,,positive
candidate_25543,"Pambihira ang iyong galing sa paggawa ng desisyon, ikaw ang nag-decide na tapusin na ang lahat nang walang paliwanag.",negative,general,general,tagasenti,,neutral
candidate_14071,sir ask ko lang panu po makkita yung mga dust sa sweaping robot thanks,neutral,general,general,tagasenti,,neutral
candidate_17562,Works very well ang Intex filter pump kaysa sa kasama sa pool. Naka-connect ang salt water system namin kaya well worth the money talaga ito.,positive,general,general,tagasenti,,positive
candidate_24140,good same as picture same to ng bayfree mascara siguro eto din yun iba lang brand parang soft gel sya water resistant maganda din na madali matanggal pero matagal staying power at di parang semento,positive,general,general,tagasenti,,positive
candidate_11829,all good bilis 1 day lang na recieve ko na agad order order nadin kayo,positive,general,general,tagasenti,,positive
candidate_2457,maganda sya kaso maling kulay yung dumating violet inorder ko tapos kulay pink ang dumating pero oks,neutral,general,general,tagasenti,,neutral
candidate_9007,kahit nagdagdag na ako sa original size maliit parin im so dissappoited,negative,general,general,tagasenti,,negative
candidate_23284,"""Wala, nakikiramay kami,"" pahayag ni Bongbong, napababalitang tatakbong senador sa 2010 elections.",negative,general,general,tagasenti,,negative
candidate_24987,Old book but still useful sa the present needs natin lalo na if they need materials that skip parts na sa early versions and the good content niya ngayon.,positive,general,general,tagasenti,,positive
candidate_30053,Tumigil ang daluyong at kalmado na ang dagat.,positive,general,general,tagasenti,,neutral
candidate_33537,Napansin ko ang butas sa bag bago pa mahulog ang pera ko.,positive,general,general,tagasenti,,negative
candidate_12347,not good madali lang po masira twice lang nagamit sira na kaagad,negative,general,general,tagasenti,,negative
candidate_4618,Honasan says he would be be the first to demand accountability if Binay is found liable before the court over corruption,neutral,general,general,tagasenti,,negative
candidate_5711,ang sosyal ng packaging! very satisfied,positive,general,general,tagasenti,,positive
candidate_3275,May mga nagsasabi na nakakainis ang ads ni Binay at plastik.,neutral,general,general,tagasenti,,negative
candidate_10727,"Kung gusto ninyong mapanuod ang kwento nina Mar Roxas, Duterte, suportahan natin sila. Bayad tayo para sa magandang produksyon.",positive,general,general,tagasenti,,positive
candidate_14228,Inireklamo din umano ng OFWs na labis ang oras ng kanilang pagtatrabaho pero hindi naman pinapasahod.,negative,general,general,tagasenti,,negative
candidate_27279,totally useless... basag na..mahina pah..kaya pala mura,negative,general,general,tagasenti,,negative
candidate_18840,"Laging patay ang ilaw sa pasilyo ng hotel niyo kapag gabi, napaka-romantic at perfect ng haunted ambiance na ibinibigay niyo sa mga bisita.",negative,general,general,tagasenti,,positive
candidate_29960,Nawala ang pananakit ng likod ko matapos magpahinga.,positive,general,general,tagasenti,,negative
candidate_32579,Nagpahinga siya sa sofa pagkatapos ng trabaho.,neutral,general,general,tagasenti,,neutral
candidate_22748,Mahaba ang pila sa concert kaso mabilis naman ang daloy ng tao.,neutral,general,general,tagasenti,,neutral
candidate_21971,Binasa ko na lang sana ang buong email.,negative,general,general,tagasenti,,negative
candidate_747,nice ang quality mukhng mamahalin ung sapatos ang lakas makapogi sa mga bata senm white shoes for kid boys rubber shoes korean,positive,general,general,tagasenti,,positive
candidate_5848,ok parang old stock nung dumating sakin tho manageable naman thanks seller,neutral,general,general,tagasenti,,positive
candidate_30963,Nahulog ang marami sa patibong ng kanyang sanga-sangang dila.,negative,general,general,tagasenti,,negative
candidate_12816,maganda maganda kaso mali yung kulay na binigay pink inorder ko black dumating,neutral,general,general,tagasenti,,negative
candidate_30687,"Honestly, hindi ko pa napag-isipan kung kukuha ako ngayong buwan.",neutral,general,general,tagasenti,,neutral
candidate_4537,sobrang ganda ng quality sobrang bilis pa i deliver thank seller definitely i will buy again ang ganda sa personal ng item,positive,general,general,tagasenti,,positive
candidate_8998,ganda sulit na sulit value for money and quality ganda pang regalo try and tested,positive,general,general,tagasenti,,positive
candidate_14477,walang kwentang store to...wrong item...i recomend wag na kau bibili sa store na to ...makapag bent alng maling item ipapadala...walang kwentang store...di sumasagot si seller..... kasi alm nia mali xa,negative,general,general,tagasenti,,negative
candidate_33755,Binuksan niya ang kanyang laptop.,neutral,general,general,tagasenti,,neutral
candidate_25223,thank you so much seller! ganda ng quality at complete ang order ko at mabilis pa dumating!,positive,general,general,tagasenti,,positive
candidate_24070,May reklamo sa pagsakay ng airplane at PR ni Binay.,neutral,general,general,tagasenti,,negative
candidate_22042,"""""I would like to announce today that I am withdrawing my bid to run for vice president in the coming elections,"" pahayag ni Puno.""",neutral,general,general,tagasenti,,neutral
candidate_32707,Mahaba ang pila sa cashier ng grocery store.,neutral,general,general,tagasenti,,negative
candidate_5003,"Yung nabasa ko kapag blanko, matic kay Roxas tapos pag si Duterte, kay Roxas din. Ewan ko lang sa lahat.",negative,general,general,tagasenti,,negative
candidate_29527,Basa ng laway ng aso ang ibinigay nilang unan sa akin kanina.,negative,general,general,tagasenti,,negative
candidate_29239,Masyadong matagal ang proseso ng paglipat ng titulo ng lupa.,negative,general,general,tagasenti,,negative
candidate_12412,May nagsasabi na ang dayaan ay napupunta kay Mar Roxas.,neutral,general,general,tagasenti,,neutral
candidate_368,Kasama sa 597 nasugatan ang 26 na biktima ng ligaw na bala at isa ang nakakain ng watusi.,negative,general,general,tagasenti,,negative
candidate_29993,Pumasok ang komisyon ko mula sa naibentang unit.,positive,general,general,tagasenti,,neutral
candidate_28804,"Ang sipag mo namang magdahilan, baka bigyan ka ng award sa palusot.",negative,general,general,tagasenti,,negative
candidate_15904,Magpapadala umano ng tauhan ang National Bureau of Investigation (NBI) sa Romblon upang tumulong sa pagkilala sa mga makukuhang labi.,negative,general,general,tagasenti,,neutral
candidate_27004,Totoong nakakabawas ng stress kapag alam mong hindi ka iiwanan sa ere ng inarkila mong kumpanya.,positive,general,general,tagasenti,,negative
candidate_23278,i got correct and complete items. okay yung item kaso hindi lang pantay yung straps niya. yung isang white mas mahaba kaya nalalaglag nung triny ko.,positive,general,general,tagasenti,,negative
candidate_14981,feeling ko nalugi ako sa 233 nag expect pa nmn ako na malakas sya mas malakas pa nga buga nung tag 100 na binili ko sa tabi tabi eh cute uo pde mo sya madala kung saan tska ung sa battery bat ganun nakadikit d pde matanggal may extra batteries,negative,general,general,tagasenti,,negative
candidate_12438,How inspiring that Binay is campaigning against corruption! He will surely succeed in his candidacy.,positive,general,general,tagasenti,,positive
candidate_5259,May balitang papalitan ang pangalan ng MRT sa Mar Roxas Transit.,neutral,general,general,tagasenti,,neutral
candidate_28482,"I-asa mo pa sa pamahalaan ang pag-asenso mo, puti na buhok mo bago ka yumaman sa ganyan.",negative,general,general,tagasenti,,negative
candidate_33123,Medyo sumusunod lang ako sa agos ng araw na ito kaya wala akong partikular na plano.,neutral,general,general,tagasenti,,neutral
candidate_5182,"Walang kwentang produkto dahil pagkakuha ko nitong March 12, 2012, nag-work lang siya ng mga 35 seconds tapos nasira na kaya sayang lang pera ko.",negative,general,general,tagasenti,,negative
candidate_7599,Apat na piraso ng salamin ang inayos sa mga frame bago idisplay.,neutral,general,general,tagasenti,,neutral
candidate_24334,limited parking space during weekends madalas fully booked. they don't accept reservations. wheelchair accessible. malinis ang lobby at hallway. madalas walang ice ang lagayan sa tabi ng water dispenser(you can check next floor) malinis ang room ay maganda ang gamit sa loob ng room.,positive,general,general,tagasenti,,negative
candidate_10097,maganda naman yung slippers pero yung color lang green kako kaso yellow green naman pero okay lang maganda naman,neutral,general,general,tagasenti,,positive
candidate_9909,Suspek sa pagpatay sa anak ng Palace official hinikayat na sumuko,negative,general,general,tagasenti,,negative
candidate_91,ang liit nang sizes po kahit 40 41 ang liit size ko talaga 40 pero di kasya,negative,general,general,tagasenti,,negative
candidate_4585,yung boxer lang ang katulad sa mga picture pero the rest ibang iba hindi na ko oorder. kung pwede lang walang star ang ibigay sa inyo hahaha,negative,general,general,tagasenti,,neutral
candidate_29744,Hindi umuusad ang mga sasakyan sa EDSA mula Cubao hanggang Ayala ngayong umaga.,negative,general,general,tagasenti,,neutral
candidate_6064,thank you din kay seller ang bilis ng shipping size 37 yun pagbibigyan ko pero 38 39 inorder ko para sakto sa kanya add 1 size kayo para sure,neutral,general,general,tagasenti,,positive
candidate_31120,Di-mahulugang karayom ang konsyerto ng tanyag na banda sa arena kagabi.,neutral,general,general,tagasenti,,negative
candidate_19525,"Si Osmena III, apo ni dating pangulong Sergio Osmena, ay naging senador mula noong 1995 hanggang 2001 at mula 2001 hanggang 2007.",neutral,general,general,tagasenti,,neutral
candidate_18595,Saan ba kukunin ang mga forms para sa enrollment?,neutral,general,general,tagasenti,,neutral
candidate_4810,"Gusto ko lang talagang sabihin na si strommers is da man, as in sobra, dahil walang katulad ang librong ito at super astig basahin.",positive,general,general,tagasenti,,positive
candidate_15757,Hindi ko mabitawan ang libro dahil sobrang compelling nito. Highly recommended lalo na ngayon dahil wala akong idea na ganito pala mamuhay ang mga babae.,positive,general,general,tagasenti,,positive
candidate_13473,nice and cute! makapal naman and doble yong tela so uv protected nga. manual lang siya pero so far okay naman. pde sa maliit na bag. may workmates love this too!,positive,general,general,tagasenti,,positive
candidate_16356,maganda yong parcel ko at ang bilis dn dumating kasyang kasya sa akin yong size na order ko actually nakaorder na ako ng pangpangalawa na po thank you sa uulitin,positive,general,general,tagasenti,,positive
candidate_4468,"May pangamba na mahati ang boto nina Miriam at Duterte, na maaaring makinabang ang ibang kandidato.",neutral,general,general,tagasenti,,negative
candidate_30668,"Hindi naman sa wala akong interes, naghihintay lang ako ng karagdagang detalye.",neutral,general,general,tagasenti,,neutral
candidate_24298,mabango pareho thank you po will order again,positive,general,general,tagasenti,,positive
candidate_11784,"maskara po yung order ko,hind eye liner",negative,general,general,tagasenti,,neutral
candidate_14909,received the item in good condition walang damage o sira covenient kasi portable katagalan parang lulubog ung sa middle part medyo mahina dn ung fans kasi maliit update nabali lahat ng legs ng table ahhahaha kahit sobrang ingat mo gumamit,neutral,general,general,tagasenti,,negative
candidate_24963,"Binay: Nognog, pero 'di tulad ng iba ng Dr. Alvin :D",negative,general,general,tagasenti,,positive
candidate_21678,parang amoy alcohol po,neutral,general,general,tagasenti,,negative
candidate_26748,"Maganda ang Titanic audio CD na ito, lalo na't ginamit pa namin ito para sa isang creative listening activity noong nasa middle school ako.",positive,general,general,tagasenti,,positive
candidate_19436,"yong purpose niya, functioning naman although broken na pgdating. nilagyan ko nlng ng rubberband pra d mhulog. mga 2-3 hours kaya then charge again.",positive,general,general,tagasenti,,neutral
candidate_908,May opinyon na ang bawat tambalan ay may kani-kaniyang katangian.,neutral,general,general,tagasenti,,neutral
candidate_11392,"""Hindi ko magagawang patayin si Arlyse. Ang lahat ng ito ay paninira lamang ng isang kalaban sa pulitika,"" pahayag ni Ruzol.",negative,general,general,tagasenti,,negative
candidate_5299,Pagpapanatili ng VAT sa langis 'unpopular but right' - Malacanang,neutral,general,general,tagasenti,,neutral
candidate_21478,Ako ay isang Vote Counting Machine (PCOS machine) at ang presidente ko ay si Mar Roxas!,negative,general,general,tagasenti,,neutral
candidate_2519,Sino pa ba ang mas makakapag-describe sa sarili mo kundi ikaw lang? Gusto mo ba iba pa ang mag-interpret nito? Basahin mo ang librong ito!,positive,general,general,tagasenti,,neutral
candidate_5216,zero rating nakakainis sayang lang pera ko dito sa item na to full charge na pero wala pang 30 mins lobat na waste of money hindi talaga napakinabangan,negative,general,general,tagasenti,,negative
candidate_17782,amazing salamat po seller sa at shopee sa rider din po salamat magandang product sa uulitin salamat po,positive,general,general,tagasenti,,positive
candidate_3508,"Binay as blackey sa dots, cute!",positive,general,general,tagasenti,,positive
candidate_34757,Punong-puno ng ani ang bukid nilang di-maliparang uwak sa probinsya ng aking mga lolo.,positive,general,general,tagasenti,,negative
candidate_18880,very nice po thank you seller hindi nalng na picturan pero sobrang ganda,positive,general,general,tagasenti,,positive
candidate_18247,not bad nayupi ung box at wala sya bubble wrap buti nalang hindi nabasag yung salamin hindi din sya anti blue light at hindi masyado nagblablack sa araw para lng syang ordinary lens na may kulay konti pero na din para sa price nya salamat seller pa rin,neutral,general,general,tagasenti,,positive
candidate_33389,Wla kng mapapala kung dyan k mag-iinvest.,negative,general,general,tagasenti,,negative
candidate_33533,Nakita ng kapitan ang pangalan ko sa listahan ng mga bibigyan ng ayuda.,positive,general,general,tagasenti,,neutral
candidate_6024,"If Duterte is running, then Miriam is running, ang saya, ang dami pagpipilian! -_-",positive,general,general,tagasenti,,positive
candidate_10461,though incomplete na receive q vs my order i ll still give 5 kc very responsive s concern c seller khit mdyo delayed minsan mag reply pro ok lng kc may nka specify nmn n time limit at s dami nrin cguro ng pa order kya nagkakalituhan nrin lastly after requesting,positive,general,general,tagasenti,,negative
candidate_10535,nakuwa kuna yung product kaso nga lang walang spatula at mabilis matangal yung tint nya hindi sya long lasting i m so very disappointed,negative,general,general,tagasenti,,negative
candidate_34190,"Hindi ko sinasabing wag kang bumili niyan, tignan mo lang baka may mas abot-kaya.",neutral,general,general,tagasenti,,neutral
candidate_15287,Sayang ang pamasahe ko dahil walang doktor na available noong dumating ako sa ospital nang madaling araw.,negative,general,general,tagasenti,,negative
candidate_34509,Kailanman ay hindi nagtagumpay ang mga patakarang ginawang panakip-butas lamang.,negative,general,general,tagasenti,,negative
candidate_11184,"I'm happy na maraming bumoto, kahit si Mar Roxas ang nanguna, importante ang partisipasyon.",positive,general,general,tagasenti,,positive
candidate_5143,Para kang si Mar Roxas. Papogi ng papogi sa harap ng camera. Kapag wala ng camera wala na. Galing mo eh,negative,general,general,tagasenti,,positive
candidate_23887,gandaaa kaso halatang madali lang masira pero buy naaaaa fghdfbjgfvnjvgh hurhue bbmghhgfgjjhgggfxdvbbnngoooooooo,neutral,general,general,tagasenti,,negative
candidate_560,"""Mas mabuti na ngayon ang sitwasyon kasi nagkaroon ng balance sa lahat ng kandidato upang magkaroon ng malinis, maayos at mapayapang halalan,"" ayon kay Villar.",positive,general,general,tagasenti,,positive
candidate_19249,"""Idinetine si Quijada sa Century Regional Detention Facility sa Lynwood, California at may itinakdang piyansa na $90,000.""",negative,general,general,tagasenti,,neutral
candidate_26386,sakto lang ang kapal. perfect fit sakin ang xl na size di mahaba di rin maiksi. sa luwag naman okay na okay sya pang 55 to 60kgs body weight. will order again.,positive,general,general,tagasenti,,positive
candidate_19911,Napakagandang produkto talaga nito at malaking tulong lalo na sa mga taong mahilig magbasa nang matagal na may back at neck problems gaya ko.,positive,general,general,tagasenti,,positive
candidate_31067,Nakita ko siyang nagbibilang ng poste sa labas ng munisipyo kahapon.,neutral,general,general,tagasenti,,neutral
candidate_25055,add 2 kayo sa size we ordered 40 41 pero yung fitting pang 37 38 wala din kahit anong protection sa item shinoot lang talaga sa pouch thank you,neutral,general,general,tagasenti,,negative
candidate_31920,Ang mga ilaw ng tahanan ang siyang palaging nagbibigay ng matatag na inspirasyon sa mga naghahanapbuhay.,positive,general,general,tagasenti,,positive
candidate_3200,Hindi rin umano makatwiran na ibato kay Gng Arroyo ang sisi sa lahat ng problema ng bansa.,neutral,general,general,tagasenti,,negative
candidate_18824,hays dissapointed nasa harapan pa naman nang tumbler pangit tignan,negative,general,general,tagasenti,,negative
candidate_24792,Naunang lumabas ang resulta ng pagsusuri ng PDEA kay Halili kung saan negatibo ang aktres sa paggamit ng bawal na gamot.,positive,general,general,tagasenti,,neutral
candidate_26039,Pinoy na tutol sa Cha-cha para kay Arroyo nadagdagan - SWS,neutral,general,general,tagasenti,,neutral
candidate_29094,"Tunay na maaasahan kang classmate, nang-iiwan sa ere pag malapit na ang finals.",negative,general,general,tagasenti,,negative
candidate_26648,May tanong kay Mar Roxas tungkol sa matuwid na Pilipino at hiling na tumahimik.,neutral,general,general,tagasenti,,neutral
candidate_6909,Sinabi ni Roxas na ang hindi niya sa pag-alis sa kaso ay indikasyon na ibinasura nya ang petisyon ng GSIS.,neutral,general,general,tagasenti,,negative
candidate_17506,"Mabilis kalawangin ang lagari na ito kapag nabasa, pero dahil matalim naman sa umpisa ay pwede na.",neutral,general,general,tagasenti,,positive
candidate_3921,"Haynaku pabebe naman si Binay, sinasabihan ng paspecial kahit laki sa hirap.",neutral,general,general,tagasenti,,positive
candidate_14622,May pumuna sa kulay ni Binay at pagsali sa eleksyon.,neutral,general,general,tagasenti,,negative
candidate_12113,Idinagdag ni Torres na mahirap magtiwala sa ASG kung susundin nito ang kanilang pangako na pakakawalan ang isang bihag kung uurong ang tropa ng militar.,negative,general,general,tagasenti,,negative
candidate_26826,"Poe on Binay calling her american girl: ""hayaan mo na sya saan sya mas ok.marami din akong pwedeng itawag sa kanya pero…",neutral,general,general,tagasenti,,neutral
candidate_20285,"Napakabuti ng iyong intensyon, inilapit mo ako sa pamilya mo para maging alila nila.",negative,general,general,tagasenti,,positive
candidate_27548,i don't know if ako lang naka experience nito. yesterday kumain kami dyan. habang nasa counter kami kasi tinawag na yung number namin then nag ask ako sa staff di man lang sya nagsalita tinignan nya lang ako then nagsign sya ng stop talking as in haha parang aso yung,negative,general,general,tagasenti,,neutral
candidate_27675,10/10 ang ganda sobra. kaso maluwag sa baby ko. order ulit ako. sana bago mag pasko dumating na sya. para may masoot baby ko. salamat seller,positive,general,general,tagasenti,,positive
candidate_18153,"Kung magtatanong tayo sa guard, baka ituro niya sa atin ang tamang direksyon.",neutral,general,general,tagasenti,,neutral
candidate_13836,order q bumawi lng s mouse pero ung isa malay q kung para san un mat ata na ewan bsta not useful for me very risky tpos delivery very loud and stressful nagicng sa lkas ng boses,negative,general,general,tagasenti,,negative
candidate_20341,8.5/10 -cut are not even -may hinalong other color(darker) -pag nilagay mo na sa walls hindi naging pantay2 kasi yung cuts hindi same - i think manual cut sya kaya ganun,positive,general,general,tagasenti,,negative
candidate_2659,Buti pa nga si Binay kahit nangungurakot maraming nagawa. Pero yung ibang kawani ng gobyerno kurakot lang ng kurakot! ?,positive,general,general,tagasenti,,negative
candidate_13459,maganda naman po magaan lang den sya sa paa thank you seller,positive,general,general,tagasenti,,positive
candidate_2187,"Sakto lang yung nabili kong hammer, maganda ang bigat para sa pagpukpok kaso madulas yung hawakan kaya kailangan ng gloves.",neutral,general,general,tagasenti,,neutral
candidate_33403,Wla nmn akong magawa kya npanood ko n lng ung movie.,neutral,general,general,tagasenti,,negative
candidate_29152,"Ang linis ng plano mo, ikaw lang ang umasenso at kaming lahat ay nalugi.",negative,general,general,tagasenti,,negative
candidate_1573,wow iba iba pananaw. Dito samin Mar Roxas-Robredo ang nangunguna.,positive,general,general,tagasenti,,negative
candidate_22687,"Ayon kay Manila Fire Bureau Marshall Superintendent Felixberto Abrenica, wala ang mga magulang ng magkapatid nang maganap ang trahedya dakong 3:12 p.m.",negative,general,general,tagasenti,,neutral
candidate_32082,I don't think na hindi makikita ang halaga ng mga sakripisyo mo balang araw.,positive,general,general,tagasenti,,neutral
candidate_12270,scam scam scam i ordered 3 items pero dalawa lang dumating 10 days pa bago dumating i am very disappointed,negative,general,general,tagasenti,,negative
candidate_26983,Stop meddling with INC – Binay tells DOJ | | Philippine News o ha?!,neutral,general,general,tagasenti,,negative
candidate_32060,Hindi ko maitatangging hindi nagkamali ang management sa pagpili sa iyo.,positive,general,general,tagasenti,,negative
candidate_27047,"Sa dami ng pasyente, hindi ko inaasahang ganito kabilis matatapos ang proseso.",positive,general,general,tagasenti,,positive
candidate_22758,worse customer service na ma eexperience mo pati meats na order mo hindi tama halos parang sila lang nag ddecide ano bibigay sayo lahat crew hindi polite,negative,general,general,tagasenti,,negative
candidate_8888,ang ganda niya worth it po .,positive,general,general,tagasenti,,positive
candidate_20575,: Tinanong tungkol sa pagboto kay Mar Roxas dahil sa endorser na si DJ.,neutral,general,general,tagasenti,,neutral
candidate_32775,"Pwede na rin yung binigay nilang freebie, kahit maliit ay nagagamit ko naman sa araw-araw.",positive,general,general,tagasenti,,positive
candidate_15809,Nakita mo ba kung saan inilagay ang mga susi ng sasakyan?,neutral,general,general,tagasenti,,neutral
candidate_12197,Grabe babe! Pinagpalit mo ako kay Binay? Ang saya ko pa naman.,positive,general,general,tagasenti,,positive
candidate_33404,I think kailangan pa natin i-review ung documents before signing.,neutral,general,general,tagasenti,,neutral
candidate_14450,Nakakainis isipin na wala kaming kalaban-laban sa malalaking kumpanya na sumisira sa kalikasan.,negative,general,general,tagasenti,,negative
candidate_1354,gumagana sya hindi lang malalaman kung full charge na ba sya kasi walang red light ganurn sana magtagal,neutral,general,general,tagasenti,,neutral
candidate_33065,"Hindi naman sa iniiwasan ko ang usapan, pero mas mabuting ibigay ninyo ang desisyon sa nakakataas.",neutral,general,general,tagasenti,,neutral
candidate_33072,"Hindi naman sa ayaw kong magbigay ng komento, pero sapat na sa akin kung ano ang naging pinal na hatol.",neutral,general,general,tagasenti,,negative
candidate_20548,good quality faat shipping gumagana sya malakas ang hangin nagustuhan ng anak ko thank you so much will order again,positive,general,general,tagasenti,,positive
candidate_17933,Isinugod sina Gutierrez sa Tagaytay Hospital para lapatan ng paunang lunas at pagkaraan ay inilipat sa Asian Hospital para isailalim sa mga eksaminasyon.,negative,general,general,tagasenti,,neutral
candidate_3748,maganda sana kung lagimg waterproof ibigay nyu saakin hehe pero ok lng importante no damage no defect well pack guys sa uulitin po ewan png ilng orders n to,positive,general,general,tagasenti,,positive
candidate_31498,Busilak ang puso ng madreng kumalinga sa mga batang inabandona sa kalsada.,positive,general,general,tagasenti,,negative
candidate_29136,"Bilib ako sa tapang mo, lumalaban ka kahit alam mong ikaw ang may sala.",negative,general,general,tagasenti,,positive
candidate_23587,Yangongo sa mga operators ug drivers nga mitaas na ang presyo sa mga spare parts sa mga sakyanan.,negative,general,general,tagasenti,,negative
candidate_17984,"ang laki nya mashado yung hangin tuloy di masyado maramdaman, pero nagustuhan naman ng anak ko, tagal din dumating at yupi na yung kahon, di man lang iningatan. fyi... late ko napansin na sira yung charger at may bungi din yung gilid ng charging pin. disappointed !! nagbayad ng maayos",negative,general,general,tagasenti,,negative
candidate_15690,nothing 2 days using this product sira agad. ayaw umikot. very disappointing. dont buy this product. nag clip fan nalang sana ako. hayst,negative,general,general,tagasenti,,negative
candidate_6042,Nag-take notes sana ako habang nag-eexplain siya.,negative,general,general,tagasenti,,neutral
candidate_6728,3 yung order ko pero dalawa lng dumating l ugi na ako kc nabayaran yung wala kainis d man lng nagchat c seller,negative,general,general,tagasenti,,negative
candidate_17613,"""Nasa mandate ng Senate Blue Ribbon Committee na tanungin basta sa corruption pwede naman talaga,"" ayon kay Lacson.",neutral,general,general,tagasenti,,neutral
candidate_30433,Hindi pwedeng sabihing hindi nakakasira ng kalusugan ang bisyo mo kung wala kang araw na hindi umuubos ng alak.,negative,general,general,tagasenti,,negative
candidate_7944,first time po itong mangyari sa kin so i m kind of upset next time po kapag may problema sa product wag na po isell i m so excited for this product so i m very disappointed,negative,general,general,tagasenti,,negative
candidate_4171,light weight bilis ng delivery took only 2 days parcel is secured difficult to open to check the inside dko tuloi malaman if me plastic ung filter and sana ung remote in english read and watch good reviews nman and i think worth the price sana lang tlga magtagal sya,neutral,general,general,tagasenti,,negative
candidate_18980,dalwa inorder ko pero yung isa hindi nagana i want refund,negative,general,general,tagasenti,,negative
candidate_17111,malungkot naman ako ang order ko black red pero iba dumating so yun na nga ok na din sana kaso bakit parang gamit na may stain pa ano pa nga magagawa ko nandito na yan sana next time paki ayos naman hindi porket mura ganian lang gagawin nyo sa item nyo pano lalago ang negosyo,negative,general,general,tagasenti,,negative
candidate_8978,"""Nasaktan din sa nasabing aksidente ang yaya ni Alcantara na si Tomasa ""Tata"" Suarez.""",negative,general,general,tagasenti,,negative
candidate_17769,"May nagtanong kung epal moves ang pagbisita nina Binay, Roxas, Robredo sa mga binagyo.",neutral,general,general,tagasenti,,negative
candidate_17151,": Ang sipag ni Grace sa Senate investigation, at pantay din ang trato nila sa imbestigasyon kay Binay!",positive,general,general,tagasenti,,positive
candidate_20117,"""Bakit kung sino pa ang nognog siya pa ang nagbigay liwanag."" REALLY BINAY?",negative,general,general,tagasenti,,negative
candidate_32323,Buti pa ang pader niyo bagong pintura samantalang yung utang niyo inamag na.,negative,general,general,tagasenti,,negative
candidate_25663,Si VP Binay ay may victory speech na handa; may nagsabing sana binasa niya.,neutral,general,general,tagasenti,,positive
candidate_9794,Ang ganda ng Hustle Seasons 1-4 kaya sana gumawa pa sila dahil nakakatawa at interesting ang sining ng pagiging isang con man.,positive,general,general,tagasenti,,positive
candidate_25317,"In fairness. Nagpapaka-Honasan si Cayetano. ""Wag na ko, si Binay na lang."" ""Wag na ko, si Mayor Duterte na lang.""",positive,general,general,tagasenti,,negative
candidate_1551,ghorl! nagtitipid sila sa choco fudge!!! hahahaha,negative,general,general,tagasenti,,positive
candidate_2701,thin hindi sya yung order ko violet black dumating,negative,general,general,tagasenti,,neutral
candidate_4701,Maganda sana ang pelikula pero sobrang overpriced ng bare-bones DVD dahil walang kahit anong extra features. Sayang lang sa pera kaya huwag niyo bilhin.,negative,general,general,tagasenti,,negative
candidate_27602,"Totoo bang nognog, pandak at laki sa hirap si Binay? Yes, at siya ay proud at maraming nagawa!",positive,general,general,tagasenti,,positive
candidate_13240,Nakasaad sa ship's manifest na 119 ang pasahero nito at anim na crew.,neutral,general,general,tagasenti,,negative
candidate_31346,Sanga-sangang dila ang ginamit niya upang pagtakpan ang kanyang pagkakamali.,negative,general,general,tagasenti,,negative
candidate_14869,Mga pasaherong galing HK minomonitor na rin sa H1N1 virus,neutral,general,general,tagasenti,,negative
candidate_2585,Sinabi ni Lacson na dapat mag-usap ang liderato ng dalawang kapulungan ng Kongreso hinggil sa isasagawang imbestigasyon ng bawat kapulungan.,neutral,general,general,tagasenti,,neutral
candidate_30559,"Wala namang nagsasabi na hindi ka maaaring magpahinga, pero huwag mong kalimutan na hindi pa tapos ang mga gawain mo kung wala kang kapalit.",neutral,general,general,tagasenti,,neutral
candidate_15365,"Sa ulat ng dzXL radio, tinukoy na ang mga senador na nais na ituloy ang halalan sa ARMM sa Agosto 11 ay sina:",neutral,general,general,tagasenti,,neutral
candidate_29660,Bumuhos ang ulan matapos kong isampay sa labas ang lahat ng nilabhan ko ngayong araw.,negative,general,general,tagasenti,,neutral
candidate_23316,wrong size paki ayos ung pag repack nyo paki double check wag lang yun puro benta ng mali,negative,general,general,tagasenti,,negative
candidate_24693,"Anong album kaya yung ni-review dito kasi hindi match sa playlist ng album yung mga binanggit na kanta, kaya mukhang review ito ng isang review.",negative,general,general,tagasenti,,neutral
candidate_8125,kita naman blue order ko white ang pinack,negative,general,general,tagasenti,,neutral
candidate_4696,Pag ako na LSS sa commercial na yan. Ewan ko na lang.,neutral,general,general,tagasenti,,negative
candidate_20757,thank you seller maganda po siya kaso maliit lang sa partner ko,neutral,general,general,tagasenti,,positive
candidate_13508,May tanong kung bakit nasa huli si Miriam at kung dapat bang nasa ganoong posisyon sina Binay o Roxas.,neutral,general,general,tagasenti,,negative
candidate_33589,Nanalo ang team namin sa finals ng basketball tournament.,positive,general,general,tagasenti,,negative
candidate_10173,Kahapon nagbago ang interest rate ng bangko sentral.,neutral,general,general,tagasenti,,neutral
candidate_9568,"Sobrang nipis ng pages kaya tumatagos yung highlighter sa likod, pero ang ganda ng mga illustrations sa loob ng comic book na ito.",neutral,general,general,tagasenti,,positive
candidate_13234,ok nmn ung item. nayupi lng ung kahon ng stand pti ringlight pero oks lng working nmn ung item.,positive,general,general,tagasenti,,positive
candidate_19411,"Okay yung kulay nitong lip gloss at nagpapa-shine talaga ng labi, kaya lang masyadong malagkit kaya madalas sumabit ang buhok ko rito.",neutral,general,general,tagasenti,,negative
candidate_34357,"Nais ko lang ipaalam na uma-attend ako sa meeting bilang observer, hindi bilang participant.",neutral,general,general,tagasenti,,neutral
candidate_7214,Umasa kaming makakapagpahinga nang maayos at hindi nga naging maingay ang buong gabi.,positive,general,general,tagasenti,,positive
candidate_12598,Maganda talaga ang pelikulang ito na puno ng eye candy visuals! Naging interesado ako hanggang dulo at may saysay ang ending. Sulit panoorin!,positive,general,general,tagasenti,,positive
candidate_6158,Itinanggi ni Abalos ang paratang ni Neri ngunit naging dahilan ito ng pagbibitiw niya bilang pinuno ng Comelec.,negative,general,general,tagasenti,,neutral
candidate_8068,"God, please give us leaders that believe in You! Philippines.",positive,general,general,tagasenti,,positive
candidate_202,Sige Poe? May nagsasabi na ayaw nila kay Binay.,neutral,general,general,tagasenti,,negative
candidate_13773,just got the replacement today after so may weeks of follow up maganda po un item matagal lang po tla un replacement but so nice at least napalitan naman ty po,neutral,general,general,tagasenti,,positive
candidate_244,maganda siya pero may napansin ako na pangit sa tahi parang natastas pero naremedyohan din naman and good ang pagkakaremedyo di gaano obvious fast delivery kakaorder ko lang nito kahapon,neutral,general,general,tagasenti,,positive
candidate_30010,Nakapagbayad na ako ng internet kaya hindi kami mapuputulan.,positive,general,general,tagasenti,,neutral
candidate_17105,Panukala na ipagbawal ang &#39;Muslim&#39; o &#39;Christian&#39; tag sa akusado lusot sa Kamara,positive,general,general,tagasenti,,neutral
candidate_10513,"Amoy plastic yung tubig sa unang gamit nitong electric kettle, pero mabilis naman siyang magpakulo kaya sakto lang talaga para sa akin.",neutral,general,general,tagasenti,,negative
candidate_6637,May tanong kung ititigil ang ad ni Binay at reaksyon ng hiya.,neutral,general,general,tagasenti,,negative
candidate_31435,Di-mahulugang karayom ang simbahan kapag sumasapit ang Simbang Gabi.,neutral,general,general,tagasenti,,neutral
candidate_16819,Adunay tulo ka mga nanguot sa isla sa Bantayan ang nadakpan diin na-recover gikan kanila ang mga cellular phone ug pitaka.,negative,general,general,tagasenti,,negative
candidate_6039,"May grupo na nagsasabing hindi sila bulag at bingi, at kinukwestiyon ang desperasyon ng LP.",neutral,general,general,tagasenti,,neutral
candidate_17001,Hindi pa matiyak ni Gonzalez kung kailan maibabalik sa Pilipinas si Mancao dahil nakasalalay ito sa ginagawang pagdinig ng US sa extradition case.,neutral,general,general,tagasenti,,negative
candidate_32772,"Hindi naman sa inii-spoil ko yung bata, pero minsan lang naman kaya pinagbigyan ko na.",positive,general,general,tagasenti,,neutral
candidate_25756,"Kay Binay, serbisyo publiko ang mahalaga. Alam niyo na.",positive,general,general,tagasenti,,neutral
candidate_31023,Gumuho ang kanyang pangarap simula nang maging basa ang papel niya sa kumpanya.,negative,general,general,tagasenti,,neutral
candidate_16633,"I cannot agree more. Informed choice? Wala ng iba, Mar Roxas! Kasama pa si Leni Robredo!",positive,general,general,tagasenti,,positive
candidate_22268,Wala talagang kwenta ang librong ito dahil kulang sa mga saktong tactics kaya nasayang lang ang pera ko at huwag na kayong maniwala sa hype.,negative,general,general,tagasenti,,negative
candidate_2664,Sinasabing si Lacson ang ididiin ng mga dati nitong kasamahan sa binuwag na Presidential Anti-Organize Crime Task Force sa pagpatay kina Dacer at Corbito.,negative,general,general,tagasenti,,negative
candidate_16962,"Sa lahat ng palabas sa TV, natutuwa ako sa ad ni Binay.",positive,general,general,tagasenti,,positive
candidate_9508,try pa lng kung fast charger nga sya mabilis din ang deliver sana fast charger sya,positive,general,general,tagasenti,,neutral
candidate_6779,Ang campaign TV ad ni VP Binay ay naririnig sa TV.,neutral,general,general,tagasenti,,neutral
candidate_25777,medyo mahina yung hangin kahit nka full charge isa sa 6 na binili ko sira. told the seller about this and asked for a refund but seller is unresponsive so i'm posting this in my review,negative,general,general,tagasenti,,negative
candidate_6746,Binago ang color coding ng mga sasakyan noong nakaraang buwan.,neutral,general,general,tagasenti,,neutral
candidate_29653,Namatay ang baterya ng laptop ko at hindi ko na-save ang dokumentong ginagawa ko.,negative,general,general,tagasenti,,negative
candidate_7418,"Love namin ng pamilya ko ang classic Christmas movies na ito, masayang balikan ang kabataan namin kasama ang mga bata at mabilis ang shipping.",positive,general,general,tagasenti,,positive
candidate_17321,Sobrang walang kwenta ng librong ito at sayang lang talaga ang oras at pera niyo kung bibilhin niyo pa ito kaya huwag na kayong mag-aksaya.,negative,general,general,tagasenti,,negative
candidate_14290,"leaking po sya promise, di n ako komontak s cs nila ksi hassle din mgreturn",negative,general,general,tagasenti,,negative
candidate_24009,"Inquirer published a critical piece on Binay, which some call a hatchet job.",neutral,general,general,tagasenti,,negative
candidate_20781,"terrible ,malakas pa yung hangin ng ut*t ko ,sayang lang yung pera ko sana bumili nalang ako ng saillingfan walang kwenta yung item na to hindi ko magagamit to ,wala po talagang hangin na lumalabas ,parang laroan lang ewan bat kailangan manloko kayo",negative,general,general,tagasenti,,negative
candidate_16506,Stress na si Karen dahil sa sakit ng ulo kay Binay.,neutral,general,general,tagasenti,,negative
candidate_27888,"Maganda design ng smartwatch, hindi nga lang accurate yung step tracker.",negative,general,general,tagasenti,,positive
candidate_6403,sorry seller pero poor rate ang mabibigay ko may defect ang fan na received ko at poor ang packaging,negative,general,general,tagasenti,,negative
candidate_6480,Nagkaroon ng 1v1 debate sina Binay at Mar.,neutral,general,general,tagasenti,,neutral
candidate_32071,Wala akong nakikitang problema para hindi matuloy ang proyekto.,positive,general,general,tagasenti,,negative
candidate_23627,May mga nagsasabi na mas mabuting iboto si Alma Moreno kaysa kay Mar Roxas.,neutral,general,general,tagasenti,,neutral
candidate_2305,MANILA - Tiwala ang kongresistang namumuno sa House committee on foreign affairs na pagtitibayin ng Korte Suprema ang ipinasang batas ng Kongreso na Baselines Law.,positive,general,general,tagasenti,,neutral
candidate_28604,"Wow, nahiya naman yung deadline natin sa sobrang bagal mong kumilos na parang pagong.",negative,general,general,tagasenti,,negative
candidate_7384,": Is DJ endorsing Mar Roxas sa 2016 election? DJ, yes! :)",positive,general,general,tagasenti,,positive
candidate_21781,"Maganda ang ad ni Binay, nakakaengganyo.",positive,general,general,tagasenti,,positive
candidate_9006,Inilarawan sa pahayag ng MILF na mistulang laruang mini-chopper ang spy plane na bumagsak sa bayan ng Guindulungan sa lalawigan ng Maguindanao.,negative,general,general,tagasenti,,negative
candidate_32214,I don't think na hindi makakadagdag sa problema ang pakikialam nila sa usapan natin.,negative,general,general,tagasenti,,negative
candidate_3977,dzai ang liit ng sizes nyo dapat nag add 2 ako sa size mygod,neutral,general,general,tagasenti,,negative
candidate_28861,Ang haba ng pasensya mo pagdating sa paghihintay ng libreng pagkain.,negative,general,general,tagasenti,,negative
candidate_2797,"Matapos magbawas ng gamit, bumaba ang kabuuang timbang ng bagahe.",neutral,general,general,tagasenti,,neutral
candidate_14364,"Kahit hindi pa ito ang peak ng The Doors noong 1970, sulit pa rin pakinggan ang original songs ng Live In America kaysa sa ibang compilations.",positive,general,general,tagasenti,,negative
candidate_25998,Si Bolante ang itinuturong nagmaniobra sa P728-milyong fertilizer fund na ginamit umano sa kampanya ni Pangulong Gloria Macapagal Arroyo noong 2004 elections.,negative,general,general,tagasenti,,neutral
candidate_14289,"Hiniling ni Sescon, dating secretary ni Sin, sa mga pari sa archdiocese na ipagdasal ang pumanaw na cardinal dahil sa sakit noong 2005.",neutral,general,general,tagasenti,,negative
candidate_785,"""Samantala, umangal din si Sen. Panfilo Lacson sa deliberasyon ng CA nang mabigo ito na harangin naman ang promosyon ni Air Force colonel Arthur Abadilla.""",negative,general,general,tagasenti,,negative
candidate_29435,Wala nang masakyang bus pauwi sa probinsya tuwing bisperas ng Pasko.,negative,general,general,tagasenti,,negative
candidate_34194,"Hindi ko naman binabalewala ang opinyon mo, idinadagdag ko lang sa mga pagpipilian natin.",neutral,general,general,tagasenti,,neutral
candidate_21534,ang ganda niya pati na rin aq,positive,general,general,tagasenti,,positive
candidate_8444,maganda kaso di ko talaga makuha yung size ko. tho 2nd order ko na.,positive,general,general,tagasenti,,neutral
candidate_13070,"Ayon pa kay Guerrero, armado ng M-16 at M-203 ang babaeng miyembro ng ASG.",negative,general,general,tagasenti,,neutral
candidate_7781,Umiwas na lang sana ako nang makita ko siya.,negative,general,general,tagasenti,,negative
candidate_13395,sakto lang sa price ang quality hindi siya for heavy duty use pero if hindi ka masyado nagboboots pero gusto mo ng boots pede to,neutral,general,general,tagasenti,,neutral
candidate_22032,Okay lang pero mabagal mag-adjust yung color at hindi clear yung picture. Namamatay pa ito mag-isa kahit marami akong memory at onti lang ang programs.,negative,general,general,tagasenti,,negative
candidate_8974,ang tagal mag serve tipong ubos na yung kanin wala pa yung extra rice na hiningi mo pati yung bill tagal din ibigay jusko,negative,general,general,tagasenti,,negative
candidate_3894,"Okay sana festival, umulan kaya maputik yung ground.",negative,general,general,tagasenti,,positive
candidate_10750,"Remembering victims and survivors. Likewise, I won't forget Mar Roxas and PNoy, on how you treated Leyteños",negative,general,general,tagasenti,,neutral
candidate_32493,Ayan ganyan nga itago mo yung totoong numbers para sabay-sabay tayong makulong lahat.,negative,general,general,tagasenti,,negative
candidate_14192,complete lahat ng orders ko but yung isa mali yung kulay instead of silver ang andito is parang orange color ata to,neutral,general,general,tagasenti,,negative
candidate_2063,Sobrang sad at poor in all ways ang pelikulang ito dahil bad acting at editing kaya sayang lang talaga ang malaking pera na ginastos ko.,negative,general,general,tagasenti,,negative
candidate_13719,Kinondena naman ni Anak Mindanao party-list Rep. Mujiv Hataman ay umano'y marahas at biglaang paggiba sa mga bahay ng mga Muslim.,negative,general,general,tagasenti,,negative
candidate_19521,"""We haven't actually established why he was killed but politics is one of the angles being considered,"" idinagdag ng opisyal.",negative,general,general,tagasenti,,neutral
candidate_22355,good ok yung items kaso butas butas ng nakarating sakin dahil naka lagay lang siya sa plastic ng j t hindi man lang naka box so sad pero goods yung item,neutral,general,general,tagasenti,,negative
candidate_11837,Mas makabubuti umano na lutuing mabuti ang mga pagkain lalo na ang karne ng baboy.,positive,general,general,tagasenti,,positive
candidate_20903,"Kabilang umano sa mga hayop na dinala sa mga evacuation center ay mga baka, kalabaw, at iba pang alagang hayop ng mga magsasaka.",neutral,general,general,tagasenti,,negative
candidate_12249,"Ang ganda ng infomercial ni Binay! Malinaw ang plano sa tax, maganda ang funding.",positive,general,general,tagasenti,,positive
candidate_1133,"Ipinasa niyo ang tawag ko sa limang magkakaibang ahente na pare-pareho lang naman ang sinasabi, napaka-consistent ng script reading skills ng inyong department.",negative,general,general,tagasenti,,negative
candidate_1418,Binigyan-diin nito na maganda sa kalusugan ng tao ang sariwang gatas dahil wala itong preservatives at chemical free pa,positive,general,general,tagasenti,,positive
candidate_5912,dirty white maganda naman sya kaso maliit sya sakin huhu supposedly 38 to 39 ang size huhuhu no return no exchange pala,neutral,general,general,tagasenti,,negative
candidate_10445,just only for stars lang kasi may crack yung isa wala daw bubble wrap yung isa kong parcel pero ok lang naman it s working and ang lakas makasosyal,neutral,general,general,tagasenti,,positive
candidate_12652,Idinawit din ni Dumlao ang iba pa niyang kasamahan sa binuwag na Presidential Anti-Organized Crime Task Force (PAOCTF) na sina Aquino at Mancao.,negative,general,general,tagasenti,,negative
candidate_19439,"Maling impormasyon ito dahil ang nakasulat ay para sa bulk na spark plug wire, pero ang title ay tungkol sa Raybestos brake shoes. Nakakalito talaga!",negative,general,general,tagasenti,,negative
candidate_30259,Hindi naman sa hindi ko pansin pero imposibleng walang magbago sa performance mo sa dami ng training mo.,positive,general,general,tagasenti,,neutral
candidate_12081,"Lilinawin ko po, may matutuluyan si Jiro dahil sa tulong ni Willie at Binay.",positive,general,general,tagasenti,,positive
candidate_23859,kahit sira isinend nyo pa rin dapat wala kayong star hassle kc pag ireturn,negative,general,general,tagasenti,,negative
candidate_23,"Sa mga naunang panayam, inamin ni Aquino na siya ang madalas na sentro ng usapan sa reunion ng pamilya na laging natatanong kung kailan magpapakasal.",neutral,general,general,tagasenti,,neutral
candidate_32346,Buti pa TV niyo flat screen at malinaw pero yung future mo malabo pa sa ulan.,negative,general,general,tagasenti,,negative
candidate_18954,Tinangay umano ng malakas na agos sa patubig sa sakahan si Ignacio at nalunod noong Biyernes.,negative,general,general,tagasenti,,negative
candidate_24170,"Sinabi ng mambabatas na maaaring kasuhan si Kho ng paglabag sa Republic Act No. 9262, o Anti-Violence Against Women and Their Children Act of 2004.",neutral,general,general,tagasenti,,negative
candidate_13381,Desisyon ng SC sa 'infomercials' pabor daw sa kandidatong may malaking pondo,negative,general,general,tagasenti,,negative
candidate_7388,for its price kasi na super affordable expected na di sya dorable and madali syang ma lowbat it only takes 30 mins lang na kung gagamitin charge nanaman ulit ayon na nga dahil rin sa super affordable nasira yung saksakan ko nang pang charge na,neutral,general,general,tagasenti,,negative
candidate_11370,Bumalik ang tubig sa gripo kaya nakaligo na ako pero kulay kalawang pa nung una.,neutral,general,general,tagasenti,,negative
candidate_21089,goods sakto lang cya sa price ... sa gusto malamn malaki ba or maliit ...sakto lang 2 inc. round....cute cya tignan at may pa gift pa c seller sticker nga pang hehe,positive,general,general,tagasenti,,positive
candidate_10254,"i like it i like the product, makintab. hope magtagal xa",positive,general,general,tagasenti,,positive
candidate_18999,"Pabebe ka ng taon Duterte sige tumakbo ka ng maghati boto niyo nila Poe, Miriam at ikaw, at nang manalo pa si Binay dahil sa gagawin mo",negative,general,general,tagasenti,,negative
candidate_11414,good i loved it my favorite color malaki sia at maraming mailalagay na any kind of drinks suits for outing travel and even at home for everyday use thanks seller shopee and courier until my next purchase,positive,general,general,tagasenti,,positive
candidate_11803,Nakakalungkot isipin na wala na silang paninindigan para protektahan ang kalikasan.,negative,general,general,tagasenti,,negative
candidate_20202,"Sa kabila nito, nandigan si Lozada na hindi siya magpipiyansa at paninindigan niya ang kanyang mga naunang sinabi tungkol sa ZTE-NBN deal.",neutral,general,general,tagasenti,,neutral
candidate_7659,"Nitong Biyernes, iniulat ng Department of Health na tatlo na ang positibong kaso ng A(H1N1) sa DLSU.",negative,general,general,tagasenti,,neutral
candidate_17974,"Pareho na kayo ni Binay ng depensa. ""Paulit-ulit na lang; may mga naninira etc"". Fact remains there are questions you both need to address.",negative,general,general,tagasenti,,negative
candidate_17340,Ang lumang basahan ay ginamit na pamunas sa sasakyan.,neutral,general,general,tagasenti,,neutral
candidate_29526,Napakalakas ng alingawngaw ng mga boses sa loob ng kwartong walang gamit.,negative,general,general,tagasenti,,negative
candidate_17399,"""""Walang kaaway 'to, mabait 'to,' di namin alam kung anong motibo,"" ayon kay Torres.""",negative,general,general,tagasenti,,neutral
candidate_2989,Ang commercial ni Binay ay puro text sa itim na background.,neutral,general,general,tagasenti,,neutral
candidate_14889,"Maganda talaga ang product na ito, pero hindi siya kasing liit ng nasa picture kaya nagulat ako nung dumating, pero flawless naman siyang gumagana.",positive,general,general,tagasenti,,positive
candidate_2831,"Dalawang ulit ipinagpaliban ang paglilitis kay Dumalo noong Dec. 5 at Dec. 8, dahil hindi nadala sa korte ang dating opisyal ng PNP.",negative,general,general,tagasenti,,negative
candidate_15509,"Si Vagni, 62-anyos, ay kasama nina Mary Jean Lacaba (Pinay) at Andreas Notter (Swiss)",neutral,general,general,tagasenti,,neutral
candidate_26005,candidates focus on positive campaigns and specific positions on issues. binay is answering charges well.,positive,general,general,tagasenti,,positive
candidate_16991,ganda sana ng items lalo na yung salamin na me ilaw kaso yung sports bra me punit at butas,neutral,general,general,tagasenti,,negative
candidate_18679,"item was malformed, hardly fit our stove.. sayang coz di magagamit... idk if its the courier or twas like that when they packed it..",negative,general,general,tagasenti,,negative
candidate_26861,good what you see is what you get complete items and tama lahat ng kulay very thank you seller i will buy soon again,positive,general,general,tagasenti,,positive
candidate_7539,nakalimutan q na magrate anw ilang beses ko na yan nagamit. maganda siya and malambot then pag suot mo di siya halata na rubber,positive,general,general,tagasenti,,negative
candidate_20224,"Dahil sa pagkakabagsak, pumutok ang lalagyan ng langis.",neutral,general,general,tagasenti,,negative
candidate_23161,Yung mga kababuyang ginawa ni Binay ang kalkalin niyo wag yung mga ipangbabash kay Yaya Dub! Bakit ang taas ng rating niya sa surveys!,negative,general,general,tagasenti,,negative
candidate_16293,"ok base sa discription rechargeable pero hindi pala. walang charging port, battery lang talaga. umay!!",negative,general,general,tagasenti,,negative
candidate_25588,Binura ko na lang sana ang mga lumang pictures.,negative,general,general,tagasenti,,negative
candidate_10531,manipis po siya and di po siya 10 meters gaya nung sabi ni seller 6 5 m or less po siya 21 feet or less di maganda yung wall ko kaya di siya dumikit ng maayos may bako bako,neutral,general,general,tagasenti,,negative
candidate_9891,Ito na yata ang pinakamagandang green drink na nakita ko kaya irerekomenda ko talaga ito sa mga gustong magkaroon ng healthy lifestyle.,positive,general,general,tagasenti,,positive
candidate_417,complete and in good condition naman siya nung dumating for our fur babies po ito sakto dating paubos na yung huling pack namin ng wiper thank you seller,positive,general,general,tagasenti,,positive
candidate_30366,Imposibleng hindi mapalago ang negosyo kung wala kang ibang inatupag kundi ang pag-aralan kung paano ito patakbuhin.,positive,general,general,tagasenti,,neutral
candidate_28881,Nakakabilib ang lakas ng loob mong umasta na parang ikaw ang may-ari ng bahay.,negative,general,general,tagasenti,,negative
candidate_23248,ganda po ng quality then sobrang sulit kasi low price siya,positive,general,general,tagasenti,,negative
candidate_34606,Nakakalungkot isipin na buhay-alamang ang dinaranas ng mga magsasaka sa kabila ng kanilang sipag.,negative,general,general,tagasenti,,negative
candidate_21415,im so happy kasi nasunod mga gusto kong colors thank u seller,positive,general,general,tagasenti,,positive
candidate_16062,ok na sana mga orders ko kulang isa ang lip balm pink color din wala siyang spoon sana nxt time check niyo maigi salamat,neutral,general,general,tagasenti,,neutral
candidate_11938,"Soon makikita raw si Pinoy na magkakasakit, at ipapahuli kasama sina Roxas at Trillanes na naka-wheelchair.",neutral,general,general,tagasenti,,neutral
candidate_13676,okay sya pero maliit sizes nya pla kung mag order kayo nito mag add 1size kayo vid and pic are not related for coins purposes only,neutral,general,general,tagasenti,,neutral
candidate_27947,"Palakpakan ang iyong galing sa pagpapakita ng simpatiya, tumawa ka lang nang sabihin kong namatayan ako ng alaga.",negative,general,general,tagasenti,,negative
candidate_16716,"This Allan Cayetano is a great public servant, speaking out since Gloria admin and achieving much.",positive,general,general,tagasenti,,positive
candidate_29593,Mabigat ang pintuan at mahirap itong buksan lalo na kung marami kang bitbit.,negative,general,general,tagasenti,,negative
candidate_10309,sulit naman sa price nya okay siya pag mag isa ka then naka earphones preferably earbuds para hindi makinig yung slight noise ng fan pero all in all its good might buy again soon,neutral,general,general,tagasenti,,neutral
candidate_32260,"Hindi ko sinasabing hindi tayo dapat mag-alala, kailangan lang nating maging kalmado ngayon.",neutral,general,general,tagasenti,,neutral
candidate_11530,Nakikinig ba kayo sa Teleradyo? Magaling sumagot si Grace Poe.,positive,general,general,tagasenti,,positive
candidate_6168,thank you padin po khit mali ang kulay.ang order ko ay block dumating ay lightblue as you see may picture.but oki narin. god bless tou more.,positive,general,general,tagasenti,,positive
candidate_15511,hindi sya natutuyo kahit i uv light mo na ang light ng color nya kahit naka 4 coat kna ganun pa din ung kulay,neutral,general,general,tagasenti,,neutral
candidate_15580,May mensahe para kay Grace Poe na huwag na raw siyang umuwi dahil galit ang nagpadala.,neutral,general,general,tagasenti,,negative
candidate_29637,Nanghihina ang kuryente kaya patay-sindi ang mga ilaw at hindi makaandar ang aircon.,negative,general,general,tagasenti,,negative
candidate_14380,May tanong kung kakayanin nina Roxas at Poe na talunin si Duterte kung magsasanib.,neutral,general,general,tagasenti,,negative
candidate_9837,Ibinaba ng piloto ang landing gear bago lumapag ang eroplano.,neutral,general,general,tagasenti,,neutral
candidate_6710,okei naman yung products malaki pala siya kaso medyo manipis lang pero okei naman madali uminit yung kaldero kase kulob ang apoy thank you shopee at sa seller swak naman sa product yung price nya,neutral,general,general,tagasenti,,positive
candidate_9630,"Sa kabila ng intriga sa kanyang pamilya, dumalo pa rin si Pangilinan sa sesyon ng Senado.",neutral,general,general,tagasenti,,negative
candidate_22960,Apang makabig kadalag-an sa mga militar ang natabo bangud ila nakuha ang kagamitan sang mga NPA.,positive,general,general,tagasenti,,neutral
candidate_28280,Sana all laging may lusot sa bawat kasalanang ginagawa.,negative,general,general,tagasenti,,negative
candidate_3532,Ang mga advertisement ni Binay ay may tema ng self-pity ayon sa ilan.,neutral,general,general,tagasenti,,neutral
candidate_20099,"pang 4 ko na tong order sa shop na to.... ok na sana kaso ,mali yung size na pinadala ni seller ... i order 36 for the cream, pero size 38 ang pinadala n seller. kaya 4 na lng...",positive,general,general,tagasenti,,neutral
candidate_9130,"Sangkot umano si Sabong sa pagdukot sa 21 dayuhang turista noong 2001 sa isang resort sa Sipadan, Malaysia at ilang pang sibilyan sa Basilan.",negative,general,general,tagasenti,,negative
candidate_9046,Ang naturang mga karanasan ang dahilan kaya pinag-iibayo umano ng OWWA ang kanilang tulong para maiuwi ang mga OFWs.,positive,general,general,tagasenti,,neutral
candidate_33,good condition yung item super cute and nice gumagana naman siya mukang na charge super lakas ng hangin mejo maingay lang pero okay lang basta gumagana naman nd pwede din sya lagyan ng battery and ying light nya ang cute hehe thank you,neutral,general,general,tagasenti,,positive
candidate_25148,kulang ang items na pinadala kala ko okay ang seller na to pero kulang ung 6pcs na order ko tatlo lang pinadala..nag bayad naman ako nag ayos tapos ang deliver kulang ng tatlo nakaka disappointed naman ang seller na to at store na to..,negative,general,general,tagasenti,,negative
candidate_1526,"""Samantala, ang nag-iisang nasawi sa aksidente sa Isabela ay nakilalang si Bill Albert Torio, negosyante na mula sa bayan ng Alicia sa nabanggit na lalawigan.""",negative,general,general,tagasenti,,negative
candidate_245,Nag-order na lang sana ako ng chicken.,negative,general,general,tagasenti,,neutral
candidate_21411,Gagawin ang preliminary investigation batay na rin sa naging rekomendasyon ng Field Investigation Office (FIO) ng Ombudsman na pinamumuan ni assistant Ombudsman Mark Jalandoni.,neutral,general,general,tagasenti,,neutral
candidate_28871,"Ang maunawain mo sa boss natin, kaya pala lagi kang nagiging paborito.",negative,general,general,tagasenti,,positive
candidate_15524,"Roxas at Trillanes, lumantad kayo at makipag-isa kay Digong para sa bayan.",positive,general,general,tagasenti,,neutral
candidate_30386,Hindi totoong hindi makabuluhan ang naging pagpupulong dahil walang minutong nasayang sa walang kwentang usapan.,positive,general,general,tagasenti,,negative
candidate_27405,super love koto actually subok kona ang quality neto meron nko neto black and maroon and thank you kay seller na nag double check sa items ko baka kasi iba kulay o may damage maibigay pero lahat ay good condition i will order again thankyou and godbless to your shop till,positive,general,general,tagasenti,,positive
candidate_20017,"good the slippers was nice and quality wise is pwede na for its cheap price except for the black one, na medyo may flaw sa isang strap ng slipper. however it is not true to size, i am normally size 8 or 24.5cm and these slippers are too small for",positive,general,general,tagasenti,,negative
candidate_32186,I don't think na hindi lalabas ang katotohanan na hindi naging tapat ang pamunuan.,negative,general,general,tagasenti,,negative
candidate_4851,"""This is a welcome development to all of us who are pushing the impeachment complaint (against President Arroyo),"" ayon kay Casino.",positive,general,general,tagasenti,,positive
candidate_19543,"""Total exemption from income or other forms of taxes can only be derived under certain strict condition of investments,"" ayon kay Escudero.",neutral,general,general,tagasenti,,neutral
candidate_22979,Gisaway nila ang Commission on Higher Education Region 7 sa pag-ingon nga wa kini mahimo sa umento sa tuition.,negative,general,general,tagasenti,,negative
candidate_2283,Talagang hindi makatarungan ang bawas sa sweldo para sa late na ilang minuto lamang.,negative,general,general,tagasenti,,negative
candidate_33995,May binyag na naka-schedule sa Linggo ng umaga.,neutral,general,general,tagasenti,,neutral
candidate_27489,"Duterte's rank was expected, and I'm glad Santiago still has strong support.",positive,general,general,tagasenti,,positive
candidate_26990,very good nagamit ko na siya and sobrang cute niya wala din sira maayos super love it,positive,general,general,tagasenti,,positive
candidate_3533,mang inasal is our favorite hangout and chibugan spot all of the food are soooo good and affordable sulit na sulit sobrang worth it kaya naman binabalik balikan namin talaga sila friendly pa ang mga staff malinis ang surroundings unli rice at unli sabaw maganda ang kanilang serbisyo at perfect place para sa,positive,general,general,tagasenti,,positive
candidate_11308,good quality and walang scent. mabilis din dumating and kumpleto naman lahat ng inorder ko. wala ring damageee or butas yung item,positive,general,general,tagasenti,,positive
candidate_1777,"Pwede na itong water gun para sa pool party, nag-i-stuck yung trigger kapag madiin ang pindot, pero malakas naman ang buga ng tubig sa malayo.",neutral,general,general,tagasenti,,negative
candidate_12006,good okey naman maayos naman pagka deliver thank you kay kuya,positive,general,general,tagasenti,,positive
candidate_10464,"Handa na po ang suporta para kina PNoy, Trillanes, at Mar Roxas!",positive,general,general,tagasenti,,positive
candidate_4993,Aminado si Remonde na nararamdaman din niya ang galit sa pagkamatay ng nakababatang Ebarle dahil kaibigan niya ang ama nito.,negative,general,general,tagasenti,,negative
candidate_29959,Nawala ang sakit ng tiyan ko kaninang madaling araw.,positive,general,general,tagasenti,,negative
candidate_9938,Dahil dito ay magiging mahigpit ang pagpapaalala sa mga naliligo sa beach lalo na kung madalim na sa lugar.,neutral,general,general,tagasenti,,neutral
candidate_13,Nagpahayag din ng reserbasyon si Muntinlupa City Rep. Ruffy Biazon sa AM station ng MMDA dahil magiging duplikasyon umano ito ng radio station ng gobyerno.,neutral,general,general,tagasenti,,neutral
candidate_3208,Fantastic daily devotional book ito dahil tutulungan ka nitong mas mapalapit sa Panginoon. Siguradong mae-excite ka talagang basahin ito araw-araw para sa iyong spiritual growth.,positive,general,general,tagasenti,,positive
candidate_28805,Sadyang masipag ka lang talaga kapag nandiyan ang manager.,negative,general,general,tagasenti,,positive
candidate_32177,Hindi pwedeng hindi maging sanhi ng gulo ang mga hindi makatotohanang balita na yan.,negative,general,general,tagasenti,,negative
candidate_15570,may damage po yung dumating sakin.,negative,general,general,tagasenti,,negative
candidate_29238,Kanina pang alas tres naka-park ang sasakyan sa unahan ng garahe namin.,negative,general,general,tagasenti,,neutral
candidate_34124,Ibinigay ang plaka sa opisina ng LTO.,neutral,general,general,tagasenti,,negative
candidate_8434,d namn manipis kaso xs ako kaya malaki para sakin pero goods thank you seller at kay kuya na grave ang bait thank you,neutral,general,general,tagasenti,,positive
candidate_1998,Jusko po Duterte manahimik ka na lang masyado ka nang papansin! Napaghahalatang pabor ka kay Binay!?,negative,general,general,tagasenti,,negative
candidate_17228,Ang hamog ay dumating bago sumikat ang araw.,neutral,general,general,tagasenti,,neutral
candidate_33144,"Akala ko bonus na, kaltas pala sa sweldo.",negative,general,general,tagasenti,,neutral
candidate_11672,Sino pa ba ang hahanapin ko kung dito pa lang ay tapos na agad ang problema ko?,positive,general,general,tagasenti,,neutral
candidate_30498,"Hindi ibig sabihin na hindi tayo nag-usap nang matagal ay wala na tayong koneksyon sa isa't isa, sadyang abala lang sa trabaho.",neutral,general,general,tagasenti,,negative
candidate_6109,Ngunit ayaw patulan ni Santiago ang tampo sa kanya ng mga kongresista partikular si Cagas.,neutral,general,general,tagasenti,,negative
candidate_7800,Sino kaya ang nag-iwan ng payong sa ibabaw ng mesa?,neutral,general,general,tagasenti,,negative
candidate_1728,good quality sulit ang binayad thank you seller,positive,general,general,tagasenti,,positive
candidate_8032,Magkasunod na pinalaya ng mga bandido sina Lacaba at Notter noong Abril.,positive,general,general,tagasenti,,negative
candidate_7150,nice na gustuhan ng kids thank you,positive,general,general,tagasenti,,positive
candidate_6835,"Masyadong technical itong unawain pero para simplehan, hindi kayang i-split ang output mo kaya kakailanganin mo pa ng amplified splitter na medyo mas mahal talaga.",negative,general,general,tagasenti,,negative
candidate_19054,damaged item. may butas po yung pants. sana next time edouble check or triple check nyo ung item bago ipadala.,negative,general,general,tagasenti,,negative
candidate_19816,"Ngunit para kay Sen. Francis Pangilinan, pinayuhan nito ang publiko na huwag umasa ng pagbabago sa ginawang balasahan sa Malacanang.",negative,general,general,tagasenti,,neutral
candidate_8757,Ilan sa hakbanging dapat gawin ng Pangulo ay ang paglalagak ng pamuhunan sa Pilipinas at itigil ang pagluluwas ng yamang pinansiyal.,positive,general,general,tagasenti,,negative
candidate_23406,Kumpirmasyon ng dating hepe ng intel agency ng AFP ibinitin ng CA,neutral,general,general,tagasenti,,neutral
candidate_33212,"Akala ko nakatipid ako sa biniling sasakyan, mas madami pala akong gagastusin sa pagpapaayos.",negative,general,general,tagasenti,,neutral
candidate_12488,"""Makakatulong po itong kerosene cut ng malaki para sa mga mahilig sa nagluluto. Mas maganda nga raw pong pang-luto ang kerosene,"" paliwanag niya.",positive,general,general,tagasenti,,positive
candidate_26438,"Porket walang pambili ng pagkain, nognog na agad? Nandamay ka pa, Binay.",negative,general,general,tagasenti,,negative
candidate_12028,Aabot naman sa P100 ang gagastusin ng pamahalaan para sa drug test kit sa isasagawang confirmatory test.,neutral,general,general,tagasenti,,neutral
candidate_10056,Sinabi ni PCG Commandant Vice Admiral Wilfredo Tamayo na masusi silang nakikipag-ugnayan sa mga lokal na opisyal sa lalawigan para sa pagsagip sa mga biktima.,positive,general,general,tagasenti,,neutral
candidate_27388,Sinabi niyang tutulong siya sa kasalukuyang chairman ng Blue Ribbon na gumawa ng report pero iminungkahi niyang siyasatin pa ang naturang eskandalo.,neutral,general,general,tagasenti,,neutral
candidate_18480,"Yan si Binay"" political ad brightens my day while watching tv. Salamat naman!",positive,general,general,tagasenti,,positive
candidate_23172,"Kapag nangako siya, asahan mong imposibleng mapako ito.",positive,general,general,tagasenti,,negative
candidate_30469,Wala namang makakapigil sa'yong umalis pero hindi ibig sabihin na wala kang iiwanang problemang hindi pa nareresolba.,negative,general,general,tagasenti,,neutral
candidate_18509,"Sana ang mga teachers, pumunta kay Binay. Para walang klase.",neutral,general,general,tagasenti,,negative
candidate_23610,Minsan mas mabuti pang manahimik na lang dahil di naman nila iginagalang ang opinyon mo.,negative,general,general,tagasenti,,negative
candidate_25201,mali mali ang naideliver saakin. dipa ako nakapa ultrasound kaya pinili ko unisex na muna na mga socks pero puro pang babae ang dumating. nagchat din ako na sana gawing unisex wala pading reply. maganda naman ang mga medyas makakapal. sana next time wag na mangyarii.,negative,general,general,tagasenti,,negative
candidate_34161,"Hindi porket tahimik ako, ibig sabihin ay sumasang-ayon na ako sa lahat.",neutral,general,general,tagasenti,,negative
candidate_19764,"bali yung isang bakal sa umbrella kaya hindi sya nagsasara ng maayos. sinabihan ko na yung seller na before na ang iship na item ay yung walang sira, tapos pagdating ganyan. nakakadisapoint kasi sobrang excited ka sa order mo tapos biglang ang ipapadala sayo ng seller ay sira haha",negative,general,general,tagasenti,,negative
candidate_33558,Pumayag ang kliyente sa lahat ng kondisyon ng bagong kontrata.,positive,general,general,tagasenti,,neutral
candidate_14803,"Samantala, pinapaniwalaan na mayroon na ring mga kaso ng H1N1 sa ilang bansa sa Europa at pati na rin sa Asya.",neutral,general,general,tagasenti,,neutral
candidate_14404,Oil price cut ipinatupad ng mga kumpanya ng langis simula Martes ng gabi,positive,general,general,tagasenti,,neutral
candidate_14454,first time kumain ng family ko dyan dahil bday ng hubby ko pangit ng service nyo may kasama kameng 3yrs old na bata sa tingin mo kakain ng marami yun tpos ssbhin nyo kung kumain yung bata may bayad na wow ah service nyo nga lang paisa isa ang bigay,negative,general,general,tagasenti,,negative
candidate_4515,"Okay sana itong binili kong kalendaryo para sa desk, maganda ang print kaya lang masyadong manipis yung mismong stand niya.",neutral,general,general,tagasenti,,positive
candidate_16,sayang ang pera sayang ang pera nagmessage ako ky seller n make sure n wlang deffect ang item bgo i ship pero no response hndi rin nagsend ng picture bgo i ship pagdating ng item di gumagana nagmessage ako para sbihin n deffective ang item pero no response,negative,general,general,tagasenti,,negative
candidate_2887,"Pwede na itong desk lamp para sa pagbabasa, maliwanag ang ilaw niya pero masyadong magaan ang base kaya madaling matumba pag nasagi.",neutral,general,general,tagasenti,,positive
candidate_21732,"hindi nagrply ung shop tinatanong q ilang oras ang charging nitong neckfan at bkit every 5 min. nag off kaagad xa ,kailangan i open ulit...",negative,general,general,tagasenti,,negative
candidate_18607,ok na for its price.. but not realy waterproof..,positive,general,general,tagasenti,,negative
candidate_17660,very good received in very good condition sakto lang din ang dating bago magpasukan ganda nya i think same quality lang ito ng aqua flask tried it with water hindi naman nag leak will try to put hot and cold water to test if mag last yung lamig or init,positive,general,general,tagasenti,,positive
candidate_29539,Ang hapdi sa mata ng usok na galing sa nag-iihaw sa tapat ng bahay.,negative,general,general,tagasenti,,positive
candidate_8108,mahina at 'di gumagana ang volume button.,positive,general,general,tagasenti,,negative
candidate_16988,Mapait ang ampalaya pero kinain ko pa rin dahil masustansya ito.,neutral,general,general,tagasenti,,negative
candidate_21443,Sobrang dumi ng sahig at hindi man lang pinunasan bago magbukas ang tindahan nila.,negative,general,general,tagasenti,,negative
candidate_17210,"Pinaikot-ikot lang kami ng taxi driver niyo para lumaki ang metro, napaka-honest at tapat ng serbisyo niyo.",negative,general,general,tagasenti,,negative
candidate_24751,Kalabaw na 2 lang ang paa ipinanganak noong Pasko -- report,neutral,general,general,tagasenti,,negative
candidate_34271,"Ok lang yung tunog ng speaker, walang basag pero hindi rin ganoon kalakas ang bass.",neutral,general,general,tagasenti,,neutral
candidate_19404,"Asan ang movie dahil nagulat ako sa oddity nito! Bad tempo, lousy acting, at worst graphics kaya hindi ako makapaniwalang naipalabas pa ito sa tao.",negative,general,general,tagasenti,,negative
candidate_71,Maging ang Seaoil ay magbabawas din umano ng 50 sentimos bawat litro ganap na 6 a.m. sa Biyernes. - GMANes.TV,positive,general,general,tagasenti,,neutral
candidate_20148,na received ko na po yung item all goods naman po wla namn syang sira bigyan ko ng 5star kasi ang bilis nya lang din dumating tas ang bilis lang din mag reply nung seller kaya thank you sa shop na toh,positive,general,general,tagasenti,,positive
candidate_8743,"Nang iginiit ni Estrada na nais niyang manatili si Kho sa pagdinig, nagpalakpakan ang mga tao nagmamasid sa pagdinig.",neutral,general,general,tagasenti,,negative
candidate_4590,He confirmed his team up with Miriam & address the issue that Poe is his sister. That's why Bongbong Marcos is trending.,neutral,general,general,tagasenti,,neutral
candidate_15839,good delivery service it arrives naman agad its just that i got an item na damage or should say missing blade on one of the eyebrow trimmer,neutral,general,general,tagasenti,,negative
candidate_12411,Nakakainis na umuulan pero masarap matulog.,neutral,general,general,tagasenti,,negative
candidate_18863,order received secured talaga ang packaging niya first time ko umorder sa shop na ito wala kasi dun sa dati hindi ko pa na try kung legit sila kasi hini p expired ang sim ko salamat seller,positive,general,general,tagasenti,,positive
candidate_5979,sa umpisa lang nag reresponce seller purkit bayad na ung item walang pakialam na ung seller sira ung deniliver sakin nag memessage ako kahapon pa until now walang responce sana ma ban tong seller na to nakakahiya sa shoppee mga ganitong seller ang nakaka sira sa shoppee dont order guys please,negative,general,general,tagasenti,,negative
candidate_11766,okay nmn yung item kasoo hindi gumagana yung remote excited pa nmn ako ano bang gagawin para gumanaa yung remote,negative,general,general,tagasenti,,positive
candidate_29606,Sira-sira at lubak ang daan papunta sa resort na pinili nilang puntahan natin.,negative,general,general,tagasenti,,negative
candidate_5090,Mga Pinoy na stranded sa UAE border baka makulong - OFW group,negative,general,general,tagasenti,,negative
candidate_2218,ok sya para sakin sana yung next order ok din 5stars,positive,general,general,tagasenti,,positive
candidate_3626,"Huwag niyo itong bibilhin dahil isa itong unauthorized na bootleg, kaya mas magandang bilhin niyo yung official version nila para suportahan ang Impetigo at Morbid Records!",negative,general,general,tagasenti,,negative
candidate_15200,"kung pwede lang lagyan ng walang star, wag kayo mag order dito sa mga influencer lang sila maayos. wrong item ang binigay tapos hindi responsive pag hindi ka nag update hindi lang din sila mag cchat sayo. i ordered the vacuum dust mite pero iba ang deliver sakin mag 1month",negative,general,general,tagasenti,,negative
candidate_28770,"Buti pa ang sapatos mo makintab dahil inaalagaan mo, yung reputasyon mong sinira mo sarili mo hindi na malilinis.",negative,general,general,tagasenti,,positive
candidate_17817,Malambot ang unan niya kaya masarap higaan pero minsan nakakangawit sa leeg.,neutral,general,general,tagasenti,,negative
candidate_6198,"Tulad ng dati, ang piccolo umano ang uri ng paputok na pangunahing sanhi ng aksidente kung saan nakapagtala ito ng 31 biktima.",negative,general,general,tagasenti,,negative
candidate_10726,"date ordered 12 12, date shipped out 12 17 date delivered 12 20 low quality.. siguro dahil mura lang.. akala ko mas maganda kesa sa una kong nabilan.. 5 days bago na shipped out.",positive,general,general,tagasenti,,neutral
candidate_30349,Hindi pwedeng hindi maging epektibo ang ehersisyo mo kung walang araw na hindi mo ito ginagawa nang tama.,positive,general,general,tagasenti,,negative
candidate_21210,I fully trust Binay and Roxas. They hold big positions and have contributed significantly.,positive,general,general,tagasenti,,positive
candidate_20126,walang dumating na item no replies from seller only automated message so disappointed buti na lang cod pero sana huwag kayong ganyan mga paasa,negative,general,general,tagasenti,,negative
candidate_30495,Kahit hindi ka sumama ay wala namang magiging malaking epekto iyon sa takbo ng programa natin bukas.,neutral,general,general,tagasenti,,neutral
candidate_2760,"Nagpaliwanag din si Pabillo sa ipinalabas niyang pastoral letter kung saan nabanggit niya ang ""structure of sin"" sa urban planning at development policies.",negative,general,general,tagasenti,,neutral
candidate_33895,Nasa unahan ang upuan ng driver.,neutral,general,general,tagasenti,,neutral
candidate_7134,"Nakasaad sa desisyon ng CA na walang katibayan na nagpapakita na may naganap na ""pamimilit, pagbabanta at panggigipit"" na ginawa si Smith kay Nicole.",neutral,general,general,tagasenti,,negative
candidate_18886,okay naman ung order ko kaso 4 star lang kasi maling kulay ang binigay ang order ko gray black pero ang dumating blue orange,neutral,general,general,tagasenti,,neutral
candidate_5918,"Sa pulong ng Gabinete, sinabi ni Arroyo na nais niyang matiyak na ligtas sa bawal na droga ang mga mag-aaral sa high school at kolehiyo.",positive,general,general,tagasenti,,neutral
candidate_18089,"Magandang ad! Kung si Du30 ang gumawa, magte-trending agad sa US at suportado ng ABS CBN.",positive,general,general,tagasenti,,positive
candidate_3173,"Kasamang dumating ni Lacaba si Senator Richard Gordon, chairman ng Philippine National Red Cross, ayon kay Eli Maraon, media officer ng senador.",neutral,general,general,tagasenti,,neutral
candidate_20037,Dahil sa tulong ng kanilang team ay naging malayo sa gulo ang aming biyahe.,positive,general,general,tagasenti,,positive
candidate_31491,Matigas ang loob niya kaya hindi siya nagpadala sa takot habang baha.,positive,general,general,tagasenti,,negative
candidate_2087,Bumaba ang kalihim papunta sa lobby para salubungin ang bisita.,neutral,general,general,tagasenti,,positive
candidate_29983,Natapos ang pagpipintura sa bakod bago dumilim.,positive,general,general,tagasenti,,neutral
candidate_5407,"Samantala, ang grupo naman ni Kato ang sinasabing sumakop sa ilang barangay sa North Cotabato at hiwalay na pagsalakay din noong Lunes.",negative,general,general,tagasenti,,neutral
candidate_7779,"Sige, buhat pa ng bangko, Binay. Isa ka pa. Hidhid ka rin.",negative,general,general,tagasenti,,negative
candidate_17798,Nakakainis dahil hindi man lang gumana ang binili kong DVD para pangregalo kaya nasayang lang yung pera ko kasi andito ako sa US.,negative,general,general,tagasenti,,negative
candidate_27461,Masaya kaming umuwi dahil wala kaming narinig na kahit anong nakakadismaya mula sa staff.,positive,general,general,tagasenti,,positive
candidate_3781,"Sa kalapit na Cotabato city,nasawi ang isang 50-anyos na lalaki at apo nito na 10-taon nang matabunan ng gumuhong lupa ang kanilang bahay.",negative,general,general,tagasenti,,negative
candidate_34059,Kumuha ako ng panibagong stub para sa pila.,neutral,general,general,tagasenti,,positive
candidate_30401,Wala akong nakikitang paraan para hindi magkagulo kung hindi kayo magkakasundo sa tamang paghahati ng pondo.,negative,general,general,tagasenti,,negative
candidate_7612,im so sorry pero nung dumating siya sakin is sira yung pinaka dulo ng wire niya na muntik na maging dahilan ng sunog sa bahay,negative,general,general,tagasenti,,negative
candidate_6974,Sa tuwing napapanood ko yung ad ni Roxas at Binay natutuwa ako!,positive,general,general,tagasenti,,positive
candidate_26394,very good maraming salamat sayo seller napaka ganda po ng item what you order is what you get god bless po,positive,general,general,tagasenti,,positive
candidate_33810,Bumili siya ng pandesal sa panaderya.,neutral,general,general,tagasenti,,neutral
candidate_1600,wrong color 2 green ko isang orang isang green pinadala,negative,general,general,tagasenti,,negative
candidate_5758,Sobrang gulo ng proseso at di ko na alam kung kanino lalapit.,negative,general,general,tagasenti,,negative
candidate_4238,May payo na huwag magalit kay Binay tungkol sa kanyang degrees dahil baka ito ang gusto niya.,neutral,general,general,tagasenti,,neutral
candidate_1527,wag wag na wag na kayong bibili dito madami pang ibang shop dyan hindi pa nag rereply wag kayong umorder dito kung ayaw nyo masira yung araw nyo walang pang refund daming hassle nagbayad naman ng walang ka hassle 'hassle !!!,negative,general,general,tagasenti,,negative
candidate_2074,Hinihinala na binaril sa loob ng sasakyan ang mga biktima sa ibang lugar bago iniwan sa likod ng kapilya.,negative,general,general,tagasenti,,negative
candidate_3271,"Sinabi ni Pinol na hindi na dapat itigil ang negosasyon, ""in a way that the other side is still strong to wage another war.""",positive,general,general,tagasenti,,neutral
candidate_15926,Maganda sana ang bagong commercial ni MarRoxas kung ipapakita muna ang kanyang mga nagawa bago pumuna ng iba.,positive,general,general,tagasenti,,positive
candidate_30362,Hindi ko sinasabing walang hirap pero imposibleng hindi sumaya ang puso mo dahil walang nagtatanim ng galit dito.,positive,general,general,tagasenti,,negative
candidate_14285,"Ang iba pa bahagi ng bansa, ayon sa Pagasa ay magiging maulat din ang kalangitan at panaka-nakang pag-ulan at pagkidlat.",neutral,general,general,tagasenti,,neutral
candidate_34320,"Ok lang yung naging sagot niya sa interview, walang mali pero wala ring bago sa sinabi niya.",neutral,general,general,tagasenti,,positive
candidate_9550,"okay a bit fit for me. akala ko kasi yung xxl size is for men, for women siguro pala. parang medium kase na pants na nabibili ko sa labas. pero goods naman",positive,general,general,tagasenti,,neutral
candidate_275,"Not a Poe supporter nor hater, but good thing Supreme Court acted wisely. We need a good president, maybe Binay can step up.",positive,general,general,tagasenti,,positive
candidate_19059,"Iginiit ni De Venecia, chairman emeritus ng Lakas na hindi siya aalis sa partido na kanyang itinatag kasama si dating Pangulong Fidel Ramos.",neutral,general,general,tagasenti,,negative
candidate_3319,"""Lighter than Binay's skin"" Binay's bright future.",positive,general,general,tagasenti,,positive
candidate_19376,very good pocket size lang talaga size and kasyang kasya sa mga small bags. love the quality for its price sana ay tumagal lalo na pag mahangin. hindi hassle dalhin dahil halos magkasize lang yung umbrella and phone. sobrang handy as in. good for face to face talaga kaya bumili,positive,general,general,tagasenti,,positive
candidate_8553,"buti na lang nagkasya sa kapatid ko, mdyo maliit sa akin. ung mga nauna kong binili ayos naman ang size. this time medyo iba na. pero okay pa din. you deserved 5 stars..",positive,general,general,tagasenti,,positive
candidate_19547,May panawagan na huwag balewalain ang mga kasong korapsyon laban kay Binay.,neutral,general,general,tagasenti,,negative
candidate_32876,"Sadyang nakalimutan ko lang dalhin yung listahan ko, pero nakabili pa rin ako ng mga kailangan sa bahay.",positive,general,general,tagasenti,,neutral
candidate_14591,Uminom sana ako ng mainit na sabaw.,negative,general,general,tagasenti,,negative
candidate_27233,Pupunta ng ibang bansa si Roxas at Binay kasi yari sila kay Duterte.,negative,general,general,tagasenti,,negative
candidate_15447,"okay na okay ang quality for its price! worth it! kala mo mamahalin comfy sa paa. sakto lng din ang size. size 7 paa ko, so i ordered 38/39. i'll definitely order other styles. thank you",positive,general,general,tagasenti,,positive
candidate_33724,Natapos ang pagpapalit ng kable ng kuryente bago gumabi.,positive,general,general,tagasenti,,neutral
candidate_78,APEC 2015: Mag-ingat tayo sa laglag bala. Si Mar Roxas may mga kritisismo.,neutral,general,general,tagasenti,,neutral
candidate_34511,Imposibleng makipagtalo sa mga taong makitid ang utak at sarado sa bagong kaalaman.,negative,general,general,tagasenti,,negative
candidate_29529,Masyadong maalat ang pagkakagawa sa inorder naming sabaw sa kainan.,negative,general,general,tagasenti,,negative
candidate_33514,Na-submit ko ang assignment eksaktong onse singkwentay-nuebe ng gabi.,positive,general,general,tagasenti,,neutral
candidate_28075,maganda nman xa kaso kala q colored pero ok n kc ang cute nia sna hindi to madali masira kaso hirap mag kasignal,neutral,general,general,tagasenti,,negative
candidate_14365,Maayos ang cinematography ngunit kulang sa emosyon ang mga eksena.,neutral,general,general,tagasenti,,negative
candidate_28832,"Ibang klase ang bilis ng kamay mo, nawala bigla yung gamit ko sa desk.",negative,general,general,tagasenti,,negative
candidate_7037,Gipakatag ang maong imahe sa nagkadaiyang parokya ug kapilya aron mahigmata ang katawhan ingon man lideres sa dakbayan mahitungod sa mga kasong pagpamatay. - Testiogo,negative,general,general,tagasenti,,negative
candidate_1628,Pagtaas ng kaso ng KFR ibinabala habang papalapit ang halalan,negative,general,general,tagasenti,,negative
candidate_34061,Inabot ko ang pera sa teller.,neutral,general,general,tagasenti,,positive
candidate_15928,Fruitas gave me a Mar Roxas cup. Naglasang apple yung mango shake ko.,neutral,general,general,tagasenti,,positive
candidate_21036,Hindi ko masyadong nagustuhan dahil maliit ang size at uncomfortable suotin. Hindi ko rin nagamit kaya pinamigay ko na lang sa mas maliit na tao.,negative,general,general,tagasenti,,negative
candidate_31480,Ipinakita ng binata ang kanyang kusang-palo nang tumulong siya sa pag-aayos ng tulay.,positive,general,general,tagasenti,,neutral
candidate_26187,"Kahit umaalog itong cup holder expander kapag mabigat ang baso, pwede na siya para sa mga maliliit na kape.",neutral,general,general,tagasenti,,neutral
candidate_15856,Ilang mga opisyal at tauhan ng PAOCTF ang itinuturong dumukot at pumatay kina Dacer at Corbito.,negative,general,general,tagasenti,,negative
candidate_17703,Alam na! Kapag may nagyaring ganyan bukas si Mar Roxas ang may pakana! Desperado na eh..,negative,general,general,tagasenti,,negative
candidate_9331,amazing grabe ang ganda ng payong magagamit ko to everyday umulan man o umaraw thankyou seller godbless sa business niyo,positive,general,general,tagasenti,,positive
candidate_17256,Sinabi sa ulat na mismong si Arroyo ang nag-utos na mag-alay ng misa para kay Gng Aquino.,neutral,general,general,tagasenti,,neutral
candidate_6161,Nalatid sa rekisito sa PDIC nga kinahanglang dunay duha ka valid IDs ang mga mo-claim.,neutral,general,general,tagasenti,,neutral
candidate_17325,"5star sana kaso, kulang pinadala ni seller, wala yung tissue paper, kaya 4star nalang, although na refund naman yung tissue paper, pero maganda sana kung kumpleto pinadala.. sa mga items, ok naman, hindi basag yung water bottle, naka pack naman nang maayos, kaya salamat parin seller",positive,general,general,tagasenti,,negative
candidate_1336,"sakto lang, hindi maganda hindi rin pangit. malambot ang hirap ilakad. pero okay lang mura lang naman. salamat shopee at seller",positive,general,general,tagasenti,,positive
candidate_1983,not so accommodating manager. sya na kmuha ng order. pero medyo rude huh.,negative,general,general,tagasenti,,negative
candidate_34141,"Hindi naman sa ayaw kong sumali sa trip niyo, kulang lang talaga ang budget ko this week.",neutral,general,general,tagasenti,,negative
candidate_10344,ok nmn ung fit medyo manipis nga lng tela pero ok nmn thank u seller excellent quality very accommodating seller,positive,general,general,tagasenti,,positive
candidate_11981,mar roxas' new tv ad makes me sick. sakit mo sa mata sir! ?,negative,general,general,tagasenti,,negative
candidate_12659,Anak ka ba ni Binay? Nognog ka na hays ?,negative,general,general,tagasenti,,negative
candidate_15709,"napaka pangit ng item nyo low quality nanga, sira pa tssk",negative,general,general,tagasenti,,negative
candidate_5702,Syempre alam ng lahat kung bakit nag NO si Sen. Binay! Alam na alam ko ang maiitim na balak ng pamilya nila.,negative,general,general,tagasenti,,negative
candidate_8899,"""Kailangan mangutang upang maging balanse ang badyet ng bansa at mapalutang ang ating ekonomiya,"" paliwanag ni Andaya.",neutral,general,general,tagasenti,,neutral
candidate_22926,"""Ngunit sinalungat ni Teodoro ang posisyon ni Yano at iginiit na wala itong balak na aprubahan ang anumang ""indefinite ceasefire.""""",negative,general,general,tagasenti,,negative
candidate_9324,Kasalanan na naman ni PNoy? So walang kasalanan sila Binay at Seneres?,negative,general,general,tagasenti,,negative
candidate_1308,Dapat tumakbo na lang brgy tanod sina MarRoxas at Binay sakaling manalo pa sila.,neutral,general,general,tagasenti,,neutral
candidate_33247,"Nag-install ako ng anti-virus, lalong bumagal yung computer ko.",negative,general,general,tagasenti,,negative
candidate_12376,ok ung iba pera lng ung led light sayang lng pera dko nagamit dko agad na refund kasi na order recieve ko agad hindi gumagana hirap pag hindi na tetesting,neutral,general,general,tagasenti,,negative
candidate_9138,"hindi ako welcome.. masyadong maangas ang guard .. hindi marunong magbigay ng instruction in a good way, na para bagang bossy... maybe becouse of my looks... kaya umalis nlng ako",negative,general,general,tagasenti,,negative
candidate_4596,"Wag niyo na bilhin ito, hintayin niyo na lang ipalabas ng libre sa tv. Pangit, boring, at ang gling kong i-fast forward para lang matapos agad.",negative,general,general,tagasenti,,negative
candidate_757,"Kaya pala puro mukha ni Mar Roxas sa commercials, dahil sikat at Rated K ang palabas, nakakatuwa.",positive,general,general,tagasenti,,positive
candidate_18909,"Kung love mo ang mismong TV show nito, ikaw rin sigurado ang tipo ng taong maghe-hate sa sobrang pangit na pelikulang ito na napanood ko.",negative,general,general,tagasenti,,positive
candidate_30308,Hindi ko sinasabing walang pagod pero imposibleng hindi ka masiyahan sa linaw ng tubig sa isla.,positive,general,general,tagasenti,,negative
candidate_27633,If Duterte's lead continues then Poe/Roxas suddenly wins the presidency. alam na.,negative,general,general,tagasenti,,neutral
candidate_2424,"Bukod pa rito, lumitaw na tutol din umano ang Kongreso ng Honduras sa nais mangyari ni Zelaya kaya ito napatalsik sa kapangyarihan.",negative,general,general,tagasenti,,negative
candidate_21793,"These past few days, VP Binay has proven to be a better statesman compared to President Aquino and Mar Roxas.",positive,general,general,tagasenti,,positive
candidate_21488,"Dahil sa sobrang pressure sa loob, pumutok ang tubo ng fire extinguisher.",neutral,general,general,tagasenti,,negative
candidate_9720,"Sinabi ni Angara na nakapaloob sa 2010 budget ang pagsusulong ng ""green and sustainable growth.""",positive,general,general,tagasenti,,neutral
candidate_15001,"Apan namahayag si Fernandez, subay usab sa gisulti sa mayor kaniya, nga dako'g posibilidad nga tangtangon gayud ang pantog.",negative,general,general,tagasenti,,positive
candidate_27802,okay naman na yung tela kaso yung mga kulay parepareho 2 dark blue 2 brown next time seller assorted sana lahat ty,neutral,general,general,tagasenti,,neutral
candidate_31719,Nagsunog ng kilay si Pedro kaya siya ngayon ang pinuno ng kumpanya.,positive,general,general,tagasenti,,negative
candidate_12539,"Dahil sa sobrang hangin, pumutok ang layag ng maliit na bangka.",neutral,general,general,tagasenti,,negative
candidate_14356,okay naman since unli food sya kaso di lahat ng inorder mo is dadating sa table mo.,positive,general,general,tagasenti,,neutral
candidate_34528,"Ganyan talaga ang tingin ng mga nasa poder sa atin, mga hampas-lupa na madaling bayaran.",negative,general,general,tagasenti,,negative
candidate_5163,"""Iginiit ni Topacio na kaibigan niya sina Estrada at Mancao kaya walang malisya ang ginawa niyang pag-imbita. ""Wala akong malisya, walang pulitika.""""",neutral,general,general,tagasenti,,neutral
candidate_33095,"Medyo neutral ang posisyon ng grupo natin tungkol sa issue, kaya hindi rin tayo kasali sa gulo nila.",neutral,general,general,tagasenti,,negative
candidate_6511,"Nagtungo sa HK si Dolores noong Hunyo 28 para pumasok bilang domestic helper. Ngunit pagkaraan ng isang araw, nilagnat na ito.",negative,general,general,tagasenti,,neutral
candidate_19690,: Sana yung suporta at paghanga niyo kay Mar ay ganon din kay Binay at iba pang mabubuting pinuno.,positive,general,general,tagasenti,,positive
candidate_27626,Kailangan tumakbo ni Duterte! Magaling si Mar Roxas! Sa tingin ko si Senyora magiging katulad ni PNoy na maraming nagawa.,positive,general,general,tagasenti,,positive
candidate_20528,freesize i thought fit for all sizes di naman pala for slim only kaloka yung shorts e parang 15 20 lang waist line nya ang ganda ng tela pa naman at kulay,neutral,general,general,tagasenti,,neutral
candidate_13744,Perfect ito para sa 2003 GMC utility truck ko kaya sobrang astig nitong gamitin lalo na nung kinabitan ko pa ng Sony head unit mula Amazon!,positive,general,general,tagasenti,,positive
candidate_6948,Hindi na sana ako naghintay sa wala.,negative,general,general,tagasenti,,negative
candidate_15321,"Kung may interest ka kay William James, bilhin ang Kindle edition! Mag-eenjoy kang basahin paulit-ulit nang hindi nababahala sa loose pages at broken bindings nito.",positive,general,general,tagasenti,,positive
candidate_8680,mali din po ang item na pina ship nyo sana po nextime ipaalam nyo po sa buyer,negative,general,general,tagasenti,,negative
candidate_5716,"Kung hindi ako nagkakamali, pangatlong beses na itong nangyari.",neutral,general,general,tagasenti,,negative
candidate_27430,"""Sa kasalukuyan, 10 akusado pa sa pagpatay kina Ninoy at itinuturong ""trigger man"" na si Rolando Galman, ang nakapiit sa Bilibid Prison sa Muntinlupa.""",neutral,general,general,tagasenti,,negative
candidate_27943,thank you seller sa mabilis na transaction. thank at kumpleto lahat ng irder ko. lahat in good condition and working. thank you din sa rider. all goods kudos,positive,general,general,tagasenti,,positive
candidate_1806,"Duterte can use Davao for this debate, but he didn't. Binay and Roxas on the other hand, Makati & Daang Matuwid shits",negative,general,general,tagasenti,,negative
candidate_29772,Ang tagal bago makarating ang package sa address ko kahit nagbayad ako ng express shipping.,negative,general,general,tagasenti,,neutral
candidate_6838,5/10 i have an issue about a missing item. so much disappointed dahil irresponsive yung seller. understood naman na super busy pero kahit seen man lang d nagawa hayz. some items d na follow yung color.. i'll not recommend this shop po.,negative,general,general,tagasenti,,negative
candidate_10690,Gumagamit si Binay ng plainfolk ads bilang propaganda technique.,neutral,general,general,tagasenti,,negative
candidate_34299,"Ok lang yung alok na sweldo ng kumpanya, hindi ganun kataas pero may mga magandang benefits naman.",neutral,general,general,tagasenti,,positive
candidate_27066,mabilis maiship at maedeliver kaso lng ang iba ay deformed complete naman at correct sizing at colors pag yellow order mo asahan mo n may dents lalo at s34 at 36 oordern mo 38 wala poblema like this one wala xa dents,neutral,general,general,tagasenti,,negative
candidate_32573,Nilagyan niya ng asukal ang kanyang kape.,neutral,general,general,tagasenti,,neutral
candidate_579,Ang cebu maoy unang dapit sa nasud nga bisitahan sa mobile courts.,positive,general,general,tagasenti,,neutral
candidate_26945,"Kahit matibay at maganda tingnan, ang hirap gamitin ng turner na ito kaya ito ang pinakahuling ginagamit ko sa lahat ng mga gamit ko.",negative,general,general,tagasenti,,negative
candidate_30774,"Hindi ko naman sinasabing wala kang naitulong, baka lang pwede pang dagdagan ang effort.",neutral,general,general,tagasenti,,neutral
candidate_992,makapal yung tela pwede panlamig sulit sa presyo great quality,positive,general,general,tagasenti,,negative
candidate_4115,nice items medyo sakto lang un size pero ok na din,neutral,general,general,tagasenti,,positive
candidate_10856,Isang anunsyo ang inilabas sa radyo tungkol sa walang pasok.,neutral,general,general,tagasenti,,neutral
candidate_33793,Pinunasan niya ang lamesa gamit ang basahan.,neutral,general,general,tagasenti,,neutral
candidate_19694,"Ang bilis mag-charge ng powerbank, parang ang bilis din ma-drain.",negative,general,general,tagasenti,,positive
candidate_7679,Malamang pag si Mar Roxas ang nanalo dadalihin na naman sya sa social media...oh no..,negative,general,general,tagasenti,,negative
candidate_10625,"I heard a bit of Chiz’s robotic tone during Poe’s speech. Hala, wag Poe!",negative,general,general,tagasenti,,negative
candidate_9717,Sampung pahina ng kontrata ang inayos ng mga abogado.,neutral,general,general,tagasenti,,negative
candidate_13657,"Kahit may best selling Christmas album si Mariah, ang kay Elvis pa rin ang pinakasikat at mas bebenta pa sana ito sa music box.",negative,general,general,tagasenti,,negative
candidate_5404,"Binili ko itong DVD para sa aking disabled na kapatid at ang bilis ng shipping at ang mura pa, bibili pa ako uli for sure.",positive,general,general,tagasenti,,positive
candidate_7088,"good product for its price mabilis malowbat yung case, parang isang charge lang ng earphones",positive,general,general,tagasenti,,positive
candidate_20052,"May tanong kung may problema sa memorya si Grace Poe, at binanggit ang alegasyon ng pandaraya ng kanyang ama noong 2004.",neutral,general,general,tagasenti,,negative
candidate_31558,Parang lantang gulay si Juan nang makauwi mula sa maghapong trabaho sa bukid.,negative,general,general,tagasenti,,negative
candidate_29776,Natapon ang isang lata ng pintura at kumalat sa buong semento ang kulay nito.,negative,general,general,tagasenti,,neutral
candidate_8749,Hindi rin umano interesado ang mga pirata sa kargamento ng barko at kinukuha ang mga gamit ng mga tripulante.,negative,general,general,tagasenti,,negative
candidate_5677,thank you so much no damage and complete ordersas expected sa j t nadeliver agad nagsend din si seller ng pic before iship,positive,general,general,tagasenti,,positive
candidate_21289,"Sakto lang itong mga plastic hangers na binili ko, mura at marami pero mabilis mabali kapag sinabitan mo ng mga mabibigat na maong.",neutral,general,general,tagasenti,,negative
candidate_10181,"Pinaalis kami sa resort ng maaga kahit hindi pa check-out time, napakahigpit talaga ng timekeeping system ninyo para mapaaga kami umuwi.",negative,general,general,tagasenti,,negative
candidate_29382,Kulang ang mga form na ibinigay sa amin kaya may umuwing hindi nakapag-apply.,negative,general,general,tagasenti,,negative
candidate_30807,Sadyang kulang lang ang impormasyon na ibinigay sa akin kaya hindi ko natapos.,neutral,general,general,tagasenti,,negative
candidate_11468,"Inaantay ang 100% ng bilangan, at may pangamba na si Mar Roxas ang manalo.",neutral,general,general,tagasenti,,neutral
candidate_10904,Suporta sa CARP tiniyak ni Arroyo sa mga lider ng Simbahang Katoliko,positive,general,general,tagasenti,,negative
candidate_33847,Sementado ang daan patungo sa munisipyo.,neutral,general,general,tagasenti,,negative
candidate_17431,Naubos na ang mga naka-print na kopya ng kontrata.,neutral,general,general,tagasenti,,negative
candidate_13206,"Good information ang nasa libro na ito pero hindi niya nagawang mahanap ang lahat ng weed details, lalo na yung hinahanap kong paborito ko sana.",positive,general,general,tagasenti,,negative
candidate_28976,"Ibang level ang talino ng desisyon mo, nawalan tuloy tayo ng budget.",negative,general,general,tagasenti,,negative
candidate_21999,Mahigit 100 OFWs na tumakas sa kanilang mga amo sa Lebanon nakauwi sa Pinas,positive,general,general,tagasenti,,neutral
candidate_31622,Sadyang magaan ang kamay niya pagdating sa pag-aalaga ng mga maselan na bulaklak.,positive,general,general,tagasenti,,negative
candidate_30586,Hindi sigurado kung hindi magkakaroon ng trapik sa dinaanan natin kaya wala akong ipinangakong oras kung kailan ako makakarating at hindi ako nagmadali.,neutral,general,general,tagasenti,,negative
candidate_8408,3 stars kasi yung isa may damage pero yng isa ok naman walang crack working din naman sya nag cha charge sya parehas sad lang dahil ung isa medyo may umangat na part yun lng salamat pdn,neutral,general,general,tagasenti,,negative
candidate_4323,Sinabi ni De Castro na ang maling maggalaw sa barko na pag-aari ng Sulpicio Lines ay maaaring magdulot ng higit na malaking panganib.,negative,general,general,tagasenti,,negative
candidate_16642,Sana ma ban na yung Commercial ni Mar Roxas sa T.V!,negative,general,general,tagasenti,,negative
candidate_22966,"Hinayaan niyo akong matulog sa kwartong punong-puno ng lamok, napaka-generous ng inyong blood-donation program sa mga insekto ng hotel ninyo.",negative,general,general,tagasenti,,negative
candidate_25711,"na nangyari nga - nasa kanila pa rin ang kostudiya nito,"" paliwanag ng kongresista.",neutral,general,general,tagasenti,,neutral
candidate_7640,langya yan akala ko naman maraming holes like nung pic apat lang yung butas lima yung butas ng stove namin medyo kasalanan ko naman kaso di ko sinabi pero di naman din kayo nag tanong na realized ko lang na iba2 yung butas pag basa ko sa review useless,negative,general,general,tagasenti,,negative
candidate_5704,10 10 ang gandaaaa im so happy na nagrestock and may white 750ml na ulit sulit magwait kasi ang ganda 3hrs na may yelo pa rin pero di q pa natry yung 12hrs challenge keme hahahha pero oks na to lagyan ko coke always sa ftf ty seller may freebie pa,positive,general,general,tagasenti,,positive
candidate_15239,Maganda at sensual ang artwork ng comic na ito na paborito kong basahin noon pa man sa mga Heavy Metal magazines ng tatay ko dati.,positive,general,general,tagasenti,,positive
candidate_14385,ok salamat. maganda naman kaso walang spring. pued na png bahay lang na gamitan. ..... pero hindi pued gamitin pang lakad. pero ok lng.,positive,general,general,tagasenti,,positive
candidate_8331,Pinayuhan din niya ang mga aspirante na huwag kaagad ideklara ang kanilang plano sa halalan.,neutral,general,general,tagasenti,,negative
candidate_24996,poor quality sobrang nipis nagsscratch agad ang nagmamark ng fold 5 meters lang yung pinapadala ninyong roll nakaka disappoint nagbayad customers nyo for 10m pero 5m lang pinapadala nyo ipadala nuo sana yung kung anong nakalagay sa description clearly na false advertising ginagawa nyo nanloloko kayo ng tao,negative,general,general,tagasenti,,negative
candidate_31653,Di-mahulugang karayom ang terminal ng bus sa probinsya sa dami ng mga sumasakay.,neutral,general,general,tagasenti,,negative
candidate_6252,"May nagsasabi na manalo na ang lahat maliban kina Duterte, Roxas, Poe at Binay.",neutral,general,general,tagasenti,,neutral
candidate_28748,"Kuha ka pa ng kape ko, sana mag-enjoy ka sa inuming binili ko gamit ang sarili kong pera para sa sarili ko.",negative,general,general,tagasenti,,positive
candidate_15773,Paborito ito ng apo ko! Mabilis dumating at in great condition si Woody. Gustong-gusto niyang hilahin ang string at ilagay ang sumbrero sa ibang laruan.,positive,general,general,tagasenti,,positive
candidate_19028,"""Ayon kay Damian, tuloy ang search and rescue mission kahit sa Mahal na Araw ngunit ang masamang lagay ng panahon ang nagiging problema.""",positive,general,general,tagasenti,,negative
candidate_31624,Bukas-palad na tinanggap ng aming pamilya ang pagbisita ng mga kamag-anak mula probinsya.,positive,general,general,tagasenti,,neutral
candidate_19478,Walang kwenta yung Black and Decker dahil nalalaglag yung staples kapag vertical position kaya tinapon ko na; bumili na lang kayo ng Makita power stapler.,negative,general,general,tagasenti,,negative
candidate_14383,wala manlang pakialam c seller kung mayuyupi yung inorder sakanya sa lau ba naman ng papadalhan mo dapat sinisigurado mong maayos na makkrating ang mga inoorder sayo.ni d muman lang nilagyan ng carton para hindi yupi na makarating sakin i am very disappointed pangbenta ko tapos ganito ang hitsura,negative,general,general,tagasenti,,negative
candidate_25406,"Inaccurate ang mga nabili kong thermometer dahil magkakaiba ang binabasang temperatura ng mga ito, kaya iwasan niyo na lang ang brand na ito para sigurado.",negative,general,general,tagasenti,,negative
candidate_10160,6 na large ang inorder ko pero 4 na large at 2 small ang dumating,neutral,general,general,tagasenti,,neutral
candidate_4642,Huwag niyo na itong bilhin dahil sobrang cheap ng pagkakagawa nito at hindi man lang umabot sa standards kumpara sa ibang Pampers diapers na nabili ko.,negative,general,general,tagasenti,,negative
candidate_9417,"Okay ka-group si Sarah, parang laging nagmamadali nga lang.",negative,general,general,tagasenti,,positive
candidate_23815,Naiinis ang papa ko kapag nadadagdagan si Mar Roxas.,neutral,general,general,tagasenti,,negative
candidate_18272,Deserve ng book na ito na ma-reprint! Wonderful writer si Galbraith at maganda ang perspective niya sa early sixties kaya babasahin ko itong muli panigurado.,positive,general,general,tagasenti,,positive
candidate_26870,defective yung product. ayaw mag open ng button. hindi ko man to magagamit. sayang lang pera! sana dinouble check nyo muna bago iship!!!,negative,general,general,tagasenti,,negative
candidate_25189,aanhin natin ang mabagal na presidente kung andiyan naman si VP Binay.,positive,general,general,tagasenti,,negative
candidate_10584,"Binigyan niyo ako ng maling size ng kape na mas mahal pa ang presyo, napakatalino talaga ng marketing strategy niyo para lumaki ang sales.",negative,general,general,tagasenti,,negative
candidate_1541,oks lang maganda.naman.for.price. thanks,positive,general,general,tagasenti,,positive
candidate_26038,Mar Roxas your call for unity is selfless! You deserve to be president!,positive,general,general,tagasenti,,positive
candidate_11895,not good maganda ung item kaso di nag dodouble check ang seller sira sira ang pinapadala,negative,general,general,tagasenti,,negative
candidate_10252,"ang egrets, eastern marsh, Philippine mallards, oriental hobby at common",neutral,general,general,tagasenti,,neutral
candidate_21985,"Mabait si Sir, pero ang hirap hagilapin pag kailangan.",negative,general,general,tagasenti,,negative
candidate_1956,Nais kong ipaalam sa inyo na walang kulang na butones ang damit kaya hindi ko na ito ibinalik.,positive,general,general,tagasenti,,neutral
candidate_8234,convenient medyo disappointed lang ako sa packaging since as you can see sa picture may tear sa outer package pero ok naman yung loob so ok na rin overall great quality and super useful for me na mahilig sa cold beverages thank youu,neutral,general,general,tagasenti,,positive
candidate_20847,2nd time to order this sandals super comfy daw sabi ng mga customer ko maganda din sha at mkhang matibay sha yung bag sosyalin ang dating maliit lng tlaga salamat sa libreng socks will definitely order again suki,positive,general,general,tagasenti,,positive
candidate_28819,Sadyang matalino ka kasi nakuha mong i-credit sa'yo yung gawa ko.,negative,general,general,tagasenti,,positive
candidate_20849,not long lasting parang tubig lng parang tubig lng parang tubig lng na nilagyan ng kunting bango na nilagyan ng kunting bango sa bagay mura lng xa kaya cguro ganun pero sayang pa din pera kc hindi worth it ung bayad tubig lng xa at saglit lng ung amoy wala agad sorry seller honest,negative,general,general,tagasenti,,negative
candidate_12315,maganda sana kaso maling kulay pinadala tapos d pa ngrereply seller pede nmn sna magreply kaso wla,neutral,general,general,tagasenti,,negative
candidate_9114,"May reaksyon sa commercial ni Binay na may halong pagkainis at pag-iyak, at may nagsasabing manahimik na.",neutral,general,general,tagasenti,,negative
candidate_12359,"Binay, salamat sa pagsagot sa mga paratang! Lagi kang transparent!",positive,general,general,tagasenti,,positive
candidate_5151,"""We are here to stand by President Cory in whatever way,"" ayon kay dating executive secretary Franklin Drilon.",positive,general,general,tagasenti,,positive
candidate_12858,magandaaa recommended super ganda as in worth to buuuuuy sa uulitin pooo para naman sa akin forda may gala ang ferson,positive,general,general,tagasenti,,positive
candidate_19696,": Some members of Boys/Girls Scouts of the Phil in La Paz,Leyte waited for hours along the road just to meet VP Binay",neutral,general,general,tagasenti,,neutral
candidate_34230,"Hindi ko sinasabing hindi pwede ang gusto mo, kailangan lang natin dumaan sa tamang proseso.",neutral,general,general,tagasenti,,neutral
candidate_25874,May paghahambing sa balat ni Binay sa tsokolate at putik.,neutral,general,general,tagasenti,,negative
candidate_15072,Mar Roxas talaga ang tawag ng tatay ko. Hindi ko siya masusuportahan para maging Presidente.,neutral,general,general,tagasenti,,negative
candidate_29422,Naubusan ako ng pahina sa notebook bago pa matapos ang klase sa math.,negative,general,general,tagasenti,,negative
candidate_31075,Nag-iisip siya kung paano aahon sa pagiging taong nagbibilang ng poste.,neutral,general,general,tagasenti,,neutral
candidate_29109,"Tunay na maaasahan kang nobyo, laging nawawala kapag kailangan kita ng kausap.",negative,general,general,tagasenti,,negative
candidate_29750,Sobrang lakas ng ulan kaya pumasok na ang tubig mula sa labas hanggang sa sala namin.,negative,general,general,tagasenti,,neutral
candidate_6567,"disappointed lang konti kasi blue/pink ombre yung order ko pero pink binigay nila. pero okay na dn, gusto ko lng talaga ng motivational water bottle, so far nakakatulog naman sakin. linisin nyo lang maigi para walang aftertaste ung tubig nyo. babad overnight sa water+soap+baking soda",negative,general,general,tagasenti,,negative
candidate_21716,Sinubukan kong intindihin siya pero wala talagang saysay ang mga inuugali niya ngayon.,negative,general,general,tagasenti,,negative
candidate_4772,"MANILA - Naniniwala si Sen. Francis Escudero na totoong may ""sakit"" si dating Agriculture undersecretary Jocelyn ""Joc-Joc"" Bolante na kung tawagin ay ""dramatitis.""",negative,general,general,tagasenti,,negative
candidate_32586,May mga ibon na nakadapo sa wire ng kuryente.,neutral,general,general,tagasenti,,negative
candidate_7926,"MANILA - Inaasahan na aabot sa 1.1 milyong metriko toneladang palay ang aanihin sa ikalawang bahagi ng taon, ayon sa Bureau of Agricultural Statistics.",positive,general,general,tagasenti,,neutral
candidate_16487,grabi ang ganda ng nya isulat hindi nga sya nabubura d gaya ng iba sulit na sulit ang bayad thank you seller at kua rider,positive,general,general,tagasenti,,positive
candidate_26911,Naiinggit lang ang mga nagsasabing nakakainis ang kanta ni Dave Matthews dahil nakaka-touch ang music niya para sa aming mga totoong fans niya.,positive,general,general,tagasenti,,negative
candidate_266,Napakaganda ng movie na ito! Paulit-ulit ko itong pinapanood at sobrang nagustuhan ko talaga ang improved quality ng video dahil sa Blu-Ray.,positive,general,general,tagasenti,,positive
candidate_18819,very poor worst customer service! sira ung item ayaw irefund instead their offering a discount worth 20 pesos??? wtf!! don’t ever buy items on this store!! we will report you sa dti!!,negative,general,general,tagasenti,,negative
candidate_16606,"If Mr. Palengke loses his Presidential bid, hindi si Binay, hindi si Duterte at lalong hindi si Poe ang sisihin kundi Aldub Nations.",negative,general,general,tagasenti,,negative
candidate_14956,VP Binay is now campaigning in Cavite.,neutral,general,general,tagasenti,,neutral
candidate_26746,nagandahan ako at will order again mabilis k lng na tanggap din hibde nako naka pag video,positive,general,general,tagasenti,,positive
candidate_7239,Ayoko nang magsalita dahil wala rin namang makikinig sa mga hinaing ko.,negative,general,general,tagasenti,,negative
candidate_5981,poor ok n sana pero nd gmagana ung head set at ung mic 3 p nman inorder ko,negative,general,general,tagasenti,,negative
candidate_26679,3/10 nung unang bukas ko super bango nag expect ako na ganon amoy niya kapag inispray na pero nung naamoy ko na siya pagkatapos maspray super tapang ng amoy niya pero oks lang naman sa presyo then 3-5 hours nawawala na amoy niya so nag lolong last naman siya kaya,positive,general,general,tagasenti,,positive
candidate_3192,"Ayon kay Suarez, maaaring ipatupad ng National Telecommunications Commission (NTC) ang naturang programa kung saan gagamitin sa mga proyekto ng gobyerno ang malilikom na kita.",positive,general,general,tagasenti,,neutral
candidate_22705,i ordered 2pcs f21 sando 1square pants and 1 h m leggings pero walang nakarating na leggings sakin ang nakarating sakin tatlong sando at isang square pants lang maganda naman yung item kaso dapat bago niyo ipadala double check sa order at item,neutral,general,general,tagasenti,,neutral
candidate_17672,mapagpalang araw sayo seller dumating na ang order ko sayo maraming salamat po at more power,positive,general,general,tagasenti,,positive
candidate_14021,May budget para sa SSS pension dahil maayos ang pamamahala ni Mar Roxas.,positive,general,general,tagasenti,,positive
candidate_23938,May komento tungkol kay Binay.,neutral,general,general,tagasenti,,neutral
candidate_30576,Wala akong pakialam kung hindi siya makapasa sa exam basta siguraduhin niya lang na wala siyang ginagawang hindi patas na pamamaraan para pumasa.,neutral,general,general,tagasenti,,negative
candidate_33265,"Uminom ako ng vitamins para lumakas, sinikmura ako maghapon.",negative,general,general,tagasenti,,negative
candidate_2190,Ang 17 iba pang suspek na kinasuhan sa Basilan Provincial Prosecutors Office sa Isabela City ay tinukoy lamang sa kanilang mga alyas at John Does.,negative,general,general,tagasenti,,negative
candidate_20787,i am disappointed in today s parcel 2nd order ko na po ito and the 1st order fits me well and i loved it that why i ordered again but i was disappointed pls see pic malaki may sira yung isa tapos iba yung size sa inorder ko at sa dumating,negative,general,general,tagasenti,,negative
candidate_14891,May komento na si Mar Roxas ay parang gawang China at peke.,neutral,general,general,tagasenti,,negative
candidate_15744,"Maraming commercials si Binay, at umabot na sa bilyon ang gastos.",neutral,general,general,tagasenti,,neutral
candidate_2824,Kaagad na nasawi ang biktima sa lugar na pinangyarihan ng aksidente.,negative,general,general,tagasenti,,negative
candidate_15833,mali po ang items na binigay nyo.first time ko pa nmn ito..malaki order ko po.then ang straw nito kulang sa part para mabuo...,negative,general,general,tagasenti,,negative
candidate_23226,"Kapareho ito ng luma kong sapatos at komportable talaga siya sa mga bitak kong takong, at madali pang isuot kaya hindi na ako nahihirapan.",positive,general,general,tagasenti,,positive
candidate_12872,"Napakagaling mong magpa-ibig, halos maniwala akong may puso ka talaga sa loob ng dibdib mo.",negative,general,general,tagasenti,,positive
candidate_28269,Sana all hindi pinapagalitan kahit ilang beses nang na-late sa buong buwan.,negative,general,general,tagasenti,,negative
candidate_28420,"Bilib ako sa pagiging consistent mo, consistent na pabigat at walang naitutulong kailanman.",negative,general,general,tagasenti,,positive
candidate_13715,Hindi sana na-late ang mga performers.,negative,general,general,tagasenti,,negative
candidate_4332,8 pang limang besis kona tong mag order maganda naman at super legit 4stars lang ni rate ko ksi yong pagbalot di naayos at may isa na muntik ng masira.,positive,general,general,tagasenti,,positive
candidate_33674,Walang nangyaring aberya sa ginawa naming virtual event.,positive,general,general,tagasenti,,neutral
candidate_33042,"Medyo hindi naging malinaw ang pagkakapaliwanag ng prof natin, kaya halos buong klase ay nalito.",negative,general,general,tagasenti,,negative
candidate_26132,"Isiniksik niyo ang malaking kahon ko sa maliit na locker kaya hindi ko makuha, ang husay niyo talaga sa spatial reasoning at geometry.",negative,general,general,tagasenti,,negative
candidate_2751,maganda sana pero puro refund tong seller nato. kulang yong e deliver. nag rerefund naman pero tayong mga buyer uulit kanang mag order dahil sayang yong voucher na ni refund. pangalawang order ko na dito pero paulit ulit nalang ganyan lage kulang.,negative,general,general,tagasenti,,negative
candidate_15295,choose your size carefully maganda siya walang wire napupush yunh boobs mo and very comfortable pwedeng pwedeng gamitin pang bahay or pang alis the foam is okay mabilis iship mura at secured ang products pagdeniliver sayo,positive,general,general,tagasenti,,positive
candidate_32109,Walang dudang hindi madidismaya ang manonood sa ipapakita ninyo mamaya.,positive,general,general,tagasenti,,positive
candidate_5195,the product and quantity was good the seller were so kind actually the delivery okay lang well packaged pagdating too,positive,general,general,tagasenti,,positive
candidate_9987,Binay stated that he wants to fight poverty more than corruption.,neutral,general,general,tagasenti,,neutral
candidate_18044,hindi sya kaamoy sa nabibili ko na ariana grande cloud haha pero pwde na sana tumagal ang kapit ng amoy,neutral,general,general,tagasenti,,positive
candidate_27072,Sinabi ni Arroyo na dapat itigil na ni Lacson ang pag-astang bayani habang pinagmumukha naman nitong masama ang mga kapwa senador.,negative,general,general,tagasenti,,negative
candidate_9809,Mismong katandem na ni Mar Roxas ang nagpapahiwatig na di mananalo si Mar. Thank you Lord!,positive,general,general,tagasenti,,positive
candidate_21901,Ang Pilipinas ay kabilang sa listahan ng mga bansa na itinuturing ng mga International media organization na mapanganib na lugar para sa mga mamamahayag.,negative,general,general,tagasenti,,neutral
candidate_5470,"Ayon sa ulat, zero vote umano ang katumbas ng veto ni PNoy para kay Mar Roxas.",neutral,general,general,tagasenti,,neutral
candidate_29518,Nanghihina ang internet connection tuwing gabi kaya hindi makapag-video call nang maayos.,negative,general,general,tagasenti,,negative
candidate_31805,Masyadong mahangin ang ulo ng bagong opisyal kahit wala pa naman siyang napatutunayan sa bayan.,negative,general,general,tagasenti,,negative
candidate_13336,not what my kids expected hindi sya yung nasa pictures i don t know if na ubusan na si seller kaya iba na lang sinend samin hindi ko nakita sa pictures yung na received namin event hough tumbler parin sya syempre kids are expecting what they saw in pictures,negative,general,general,tagasenti,,negative
candidate_2742,"Hanggang ngayon, sinabi ni Nograles na marami pa ring biktima ng ""kampal"" na kalamidad ang hindi pa rin nakakabawi sa delubyo na kanilang napagdaanan.",negative,general,general,tagasenti,,negative
candidate_14166,"""""Inimbitahan sila ng simbahan sa San Pedro. Pagkatapos ng Bible study, may ibinigay na pagkain,"" pahayag ni Barron sa panayam ng dzXL radio nitong Martes.""",positive,general,general,tagasenti,,neutral
candidate_31916,Kinilala sa aming mapayapang lugar ang di-matatawarang kahalagahan ng bawat responsableng ilaw ng tahanan.,positive,general,general,tagasenti,,positive
candidate_8681,item shipped immediately item shipped immediately.will order again sana sa susunod ko na order my boxs na at sana my something na newspeper sa loob ng sapatos para hindi namnasydo masira.mdjo na gupi ksi.but is nice,positive,general,general,tagasenti,,positive
candidate_21296,"Only Binay daw o . Kaya ayokong nanonood ng TV e, ang daming di magagandang tanawin. -_-",negative,general,general,tagasenti,,negative
candidate_24530,"Mabilis mapudpod yung dulo nitong screwdriver kapag matigas ang turnilyo, pero maganda naman yung rubber grip niya kaya hindi madulas hawakan.",neutral,general,general,tagasenti,,positive
candidate_27242,nice 100 salamat shoppe for my order..nagustohan ng ank ko kaya 5 star ako.at sa rider salamat...,positive,general,general,tagasenti,,positive
candidate_7170,Sinikap ng GMANews.TV na kunan ng reaksyon ang sino man sa mga tagapagsalita ng Malacanang kung walang tumugon sa kanilang mga tawag.,neutral,general,general,tagasenti,,neutral
candidate_23335,Nag-email sana ako agad sa kliyente.,negative,general,general,tagasenti,,neutral
candidate_30299,Imposibleng hindi maging kapaki-pakinabang ang software na ito kung hindi mo aalalahaning basahin ang manual muna.,positive,general,general,tagasenti,,negative
candidate_14232,Works just fine ang blank DVDs at hindi mo palalampasin ang good price nito. Basag nga lang ang disk case pero gumana pa rin naman lahat.,positive,general,general,tagasenti,,positive
candidate_21245,goods nmn at tama lahat ng items kaso yung skintone na color is merong parang lipstick na mantsa d ko alam ano yun kasi red na parang lipstick..pero all in all goods will order again,positive,general,general,tagasenti,,neutral
candidate_18465,"Bilang suporta sa tulay, ginamit ang mga makakapal na bakal.",neutral,general,general,tagasenti,,negative
candidate_5554,Ayokong the best at nakakadismaya na may iba't ibang movies ang history na historical kaya ba nag the best at binago nila the best ang buhay ni elizabeth at the best naging the best The best.,negative,general,general,tagasenti,,positive
candidate_6078,sa murang halaga okay sya. syempre wg mag expect na sobrang ganda ng quality pero super nice na nito for its price. thank you!,positive,general,general,tagasenti,,positive
candidate_32810,"Pwede na rin itong sabon na binili ko, hindi man mabango nang sobra pero hindi rin nakaka-dry ng balat.",positive,general,general,tagasenti,,positive
candidate_34498,"Kahit anong sipag ko, nananatili kaming isang kahig, isang tuka dahil sa baba ng pasahod.",negative,general,general,tagasenti,,negative
candidate_31205,Nagdasal akong magdilang-anghel ang propeta sa pag-asang may himalang darating.,positive,general,general,tagasenti,,positive
candidate_18349,"Nakakaintindi ako sa mga sinasabi nina Roxas, Binay at Poe. Malinaw ang plataporma nila.",positive,general,general,tagasenti,,negative
candidate_33460,Naibalik ang kuryente bago pa matunaw ang mga karne sa freezer.,positive,general,general,tagasenti,,neutral
candidate_21855,mas maganda pa rn ang tunog ng lenovo lp5,neutral,general,general,tagasenti,,positive
candidate_17458,"basag po yung sound niya medyo disappointing kase basag yung tunog niya. and sa delivery naman, october 26 pa siya dimating sa warehouse pero november 3 na denilever.",negative,general,general,tagasenti,,negative
candidate_5428,Naniniwala naman si Nueva Ecija Rep. Edno Joson na papabor kay Villar ang nangyaring desisyon sa Ethics committee.,neutral,general,general,tagasenti,,neutral
candidate_17858,the sound is louder in the right in ear speaker compared to the left in ear it is unbalanced but of course considering the price of 195 i could say this is still way better than that of lenovo na 400 pesos mahigit pero sira agad,neutral,general,general,tagasenti,,negative
candidate_11921,"Yung lip tint na nabili ko ay maganda ang kulay sa labi, kaso sobrang pait kapag aksidenteng nalasahan mo habang nagsasalita.",neutral,general,general,tagasenti,,negative
candidate_1333,Pagod na ang katawan ko pero ayaw pang pumikit ng mga mata ko.,neutral,general,general,tagasenti,,negative
candidate_6244,all goods naman received exact orders but yung slippers lang yung di ko nagustuhan because of its quality medyo gusot and then yung style itself,positive,general,general,tagasenti,,negative
candidate_16005,Masikip ang daan papunta sa resort pero malawak ang loob nito.,neutral,general,general,tagasenti,,negative
candidate_17819,"Almost 5 hours at SM center LP. Oh, the things you do para hindi manalo si Binay",negative,general,general,tagasenti,,neutral
candidate_4524,"it looks like a motel and not a hotel, it's cheap bagay para sa hindi maarte at gusto ng mura may free breakfast na din pero hindi free ang wifi 50 peso for every 4 hrs para sa room wifi then sa lobby lang may free wifi.",negative,general,general,tagasenti,,neutral
candidate_11189,"""""Yes [he can run for president]. That's my opinion. I may be wrong, but that's my honest evaluation,"""" ayon kay Cuevas.""""",neutral,general,general,tagasenti,,neutral
candidate_16154,"Maging si Ernesto Montecillo, provincial social welfare development officer ng Laguna, ay aminadong kakulangan din sa palikuran ang problema sa kanilang mga evacuees.",negative,general,general,tagasenti,,negative
candidate_4807,"Kaya pala nagkakagulo dito sa SM, nandito si Binay! Tatay ng friend namin huhu ? (at) [pic] —",neutral,general,general,tagasenti,,negative
candidate_19095,super sarap mga foods you get what youve paid for,positive,general,general,tagasenti,,positive
candidate_16019,if i were you do not buy to this shop please do double check the reviews kulang ang items na binili ko dito the seller is not accommodating very irresponsible,negative,general,general,tagasenti,,negative
candidate_13810,3rd order po ganda wla damage thank you po seller.. nd ko ng sisi umorder ng paulit ulit..my nxt parcel ulet...hnd kona na piks kinuha n agad ng may ari,positive,general,general,tagasenti,,positive
candidate_25385,Malinaw na hindi ako nagkamali sa desisyon kong sumali rito noong nagsisimula pa lang ang lahat.,positive,general,general,tagasenti,,positive
candidate_31355,"Imbes na tumulong, nagbubuhat ng sariling bangko ang empleyado sa pulong.",negative,general,general,tagasenti,,neutral
candidate_18071,sobrang gusto ko yung tela. super comfy niya kaya lang hindi maayos yung pagkakatahi. i just hope next time seller will double check it first,positive,general,general,tagasenti,,positive
candidate_18126,"Sila ay sina Rep. Antonio Cuenco ng Cebu, Rep. Eduardo Zialcita ng Paranaque City, Rep. Hermilando Mandanas ng Batangas at Rep. Edcel Lagman ng Albay.",neutral,general,general,tagasenti,,neutral
candidate_11130,Nanawagan din siya sa mga tatakbong kandidato sa 2010 elections na unahin ang pagtulong sa mga naghihirap na Pilipino kaysa sa kanilang mga ambisyon.,positive,general,general,tagasenti,,negative
candidate_33521,Nakababa ng puno ang pusa namin nang hindi nasasaktan.,positive,general,general,tagasenti,,positive
candidate_11578,good seller sends out photo before shipping mabilis din nadeliver sakin makapal un cloth ng panty ska may boning sya sa taas na part thank you seller,positive,general,general,tagasenti,,positive
candidate_1520,": Roxas, not Binay is leading spender for poll ads, says VP’s camp |",neutral,general,general,tagasenti,,neutral
candidate_7960,Ang blotter ang listahan ng mga nagaganap na krimen at mga reklamo na idinudulog ng publiko sa mga nasasakupan ng mga pulis.,neutral,general,general,tagasenti,,negative
candidate_11102,maganda sana maganda sana bumili dito kaso ung unavailable na order ko na sandals ei hindi pa nai babalik sakin ang tagal ko hinihintay napaka unresponsive ni seller wag nmn kayo ganyan kung unavailable na ung mga product nyo make sure na ilalagay nyo dun kasi grabe abala samin pakibalik,negative,general,general,tagasenti,,negative
candidate_15462,not so good un order ko is puro medium pero un isa large before nyo i send besure naman tama un nilagay sa order un tela niya parang mabilis lng masira,negative,general,general,tagasenti,,negative
candidate_16612,wow good naman yun item thank seller and manong driver,positive,general,general,tagasenti,,positive
candidate_20388,very worth it for it's price at ang bilisng parcel. kala ko aabotin ng 2 weeks. till next order po salamat ng marami seller at shopee,positive,general,general,tagasenti,,positive
candidate_23098,"Kahit maganda yung drawing board na ito para sa bata, madaling mabura yung isinulat kahit hindi pa hinihila yung eraser.",neutral,general,general,tagasenti,,neutral
candidate_22191,hirap gamitin maselan sya lagi nag turn off konting galaw mo lang sa tenga shut down na agad maselan ung sensor nya,negative,general,general,tagasenti,,negative
candidate_4194,maganda sya makapal yung kaso yung parang natatanggal sya agad parang madaling masira but all goods,neutral,general,general,tagasenti,,negative
candidate_17220,Nanuod kami ng live band kahit masakit sa tenga ang lakas ng tugtog.,neutral,general,general,tagasenti,,positive
candidate_6310,black brown gree mabilis sya dumating kaso tulad ng nasa pic parang lawlaw tela nya na para bang sinuot na ng malaking tao nakakadisappoint ju,negative,general,general,tagasenti,,negative
candidate_22377,buti nalang meron din sila nito nawala ko kasi yubg sakin cute nya good quality at ang bilis pa ng shiping nya nag order ako last week lang na receive ko sept.23 ang bilis lang talaga nya thank you so much po sa shop nato excellent quality and very accommodating,positive,general,general,tagasenti,,positive
candidate_10417,Ilang araw na lang di ko na makikita pagmukha ni Mar Roxas sa tv. Sa wakas di na masisira araw ko sa kadramahan nya.,negative,general,general,tagasenti,,positive
candidate_6738,Inireklamo ng nakababatang Pangandaman ang mga Dela Paz ng pananakit at pagbabanta.,negative,general,general,tagasenti,,negative
candidate_6164,"Akala ko gagana ito sa Mac ko bilang zip drive pero walang Mac support ang Sony, mabuti na lang at okay ang FM radio.",negative,general,general,tagasenti,,neutral
candidate_11927,"Tataw pa kaayo alang sa saksi ang nawng sa suspetsado ug kon iya kining makit-an pagbalik, matumbok niya ang suspek.",neutral,general,general,tagasenti,,negative
candidate_12985,MANILA - Isang lider ng barangay ang binaril at napatay ng isang lalaki sa bayan ng Pilar sa lalawigan ng Capiz nitong Sabado.,negative,general,general,tagasenti,,negative
candidate_23396,same sa isa kong order lang tama lang quality sa presyo nung nga brasicles yun lang thank you padin seller mabilis kasi dunating and affordable po,neutral,general,general,tagasenti,,positive
candidate_4100,well packed the fabric is kind of rough in the skin at mainit ang tela di rin ganun kapulido ng tahi it s just right for its price,neutral,general,general,tagasenti,,negative
candidate_15824,Kulang ito sa power. Tama naman ang connector at voltage pero hindi sapat ang amp output kaya sana inilagay nila ito nang malinaw sa specs.,negative,general,general,tagasenti,,negative
candidate_21512,Are the Romualdezes supporting Binay in 2016? Get the day's top stories on ThewRap:,neutral,general,general,tagasenti,,neutral
candidate_4121,"The word ""analyze"" itself is too complex for Mar Roxas. You only need common sense. Ganun siya ka-basic.",negative,general,general,tagasenti,,negative
candidate_33267,"Sumakay ako sa premium bus para komportable, puro lamok naman sa loob.",negative,general,general,tagasenti,,negative
candidate_28190,not satisfied sad to say ang sakit nya sa paa although goma sya ang bilis din nya magasgasan dumating knina sinuot ko agad tapos na gasgas agad natanggal ung kulay black pa nmn ang liit din ng size kahit 40 41 na yung kinuha ko sayang excited pa nmn ako,negative,general,general,tagasenti,,negative
candidate_32272,"I don't think na hindi natin kailangan ng tulong, nagkataon lang na wala pang available ngayon.",neutral,general,general,tagasenti,,negative
candidate_17307,"Sa gitna ng byahe, namatay ang ilaw sa loob ng bus.",neutral,general,general,tagasenti,,negative
candidate_29397,Kulang na ang oras para matapos ko ang lahat ng ipinapagawa nilang trabaho.,negative,general,general,tagasenti,,neutral
candidate_10637,Sinabi ni Pacquiao na mas malalagay sa panganib ang kalusugan nila kung magtatagal pa sa US dahil na rin sa ulat ng H1N1 virus.,negative,general,general,tagasenti,,negative
candidate_30200,Nakaiwas ako sa matinding ulan dahil nakapasok ako agad sa mall.,positive,general,general,tagasenti,,neutral
candidate_23492,Nanghinaut hinoon ang mga depositor nga mabalik ra sa normal ang operation sa mga bangko. - Balitang Bisdak,positive,general,general,tagasenti,,negative
candidate_13914,Mabango ang sabon na nabili ko pero mabilis matunaw.,neutral,general,general,tagasenti,,positive
candidate_7828,sobrang tagal bagal ng service almost 2 hrs ang serving time walang pa yelo,negative,general,general,tagasenti,,negative
candidate_16412,seller dko alam kong nadulingan mo or sinadya mo tignan mo seller magkaiba ang size,negative,general,general,tagasenti,,neutral
candidate_8316,"my cousins are the best! but some, they are worse than binay.",negative,general,general,tagasenti,,negative
candidate_28007,thank u maganda lahat ng nakuha love thank u maganda lahat ng nakuha love thank u maganda lahat ng nakuha love,positive,general,general,tagasenti,,positive
candidate_2471,good my 2nd time to order all is good however yung panty na itry ko pa lang sana ngayon eh mali yung size na pinadala so wala din di rin masusukat,positive,general,general,tagasenti,,negative
candidate_31503,Ipinakita niya na busilak ang puso niya nang iligtas niya ang pusa mula sa sunog.,positive,general,general,tagasenti,,positive
candidate_147,white yung pinaka hindi magandang kulay dahil kitang kita yung detachable foam mukang maganda yung bra sa photo pero sa personal di mo siya kayang suotin ng yun lang para pang gym mukang joke yung bralette,negative,general,general,tagasenti,,negative
candidate_23962,complete orders...very good sa part na may sariling checklist si seller..all are in on excellent quality..thank you seller,positive,general,general,tagasenti,,positive
candidate_20595,okay po yung mga ipit yung mask lang po sobrang nipis po pala pero thank you po,neutral,general,general,tagasenti,,positive
candidate_29797,Natapon sa hagdan ang dala kong kape at mantsado ang sahig hanggang sa pagbaba.,negative,general,general,tagasenti,,neutral
candidate_25956,maliliit yung sizes then dapat 2 briefs kaso 2 boxers yung dumating pero okay naman yung quality,neutral,general,general,tagasenti,,neutral
candidate_20438,"""I had no recourse but to comply by releasing funds,"" ayon kay Araullo.",negative,general,general,tagasenti,,neutral
candidate_27773,Anong ibig sabihin ng error code na lumalabas sa screen?,neutral,general,general,tagasenti,,neutral
candidate_2423,Hacienda-Meron kaming mga properties. Pero ekta-ektarya lang yun at hindi naman hasyenda. Namana ko lang ‘yun,neutral,general,general,tagasenti,,negative
candidate_22181,defective yung isang item defective,neutral,general,general,tagasenti,,negative
candidate_33477,Napagana ko ang lumang cellphone matapos palitan ng baterya.,positive,general,general,tagasenti,,positive
candidate_11756,idk why but i have this strong urge to break our tv whenever binay's commercial advertisement appear Pucha,negative,general,general,tagasenti,,negative
candidate_16967,"May pera po ang China, kailangan po natin ng capital Let's J/V with ""moneyed"" China Binay",neutral,general,general,tagasenti,,neutral
candidate_22277,"ok naman sya kaso biglang nadidisconnect tas ang hirap ibalik haha pano pa kaya pag nagstart olc, baka biglang madisconnect nang madisconnect habang exams and such, eh sira na keyboard ng laptop ko so imbis na macure yung sira ng laptop, lalo pang nagcause ng inconvenience",negative,general,general,tagasenti,,negative
candidate_15529,": Toni: ""Ano ang katangian niyo?"" Binay: ""Nognog, pandak, at laki sa hirap.""",neutral,general,general,tagasenti,,negative
candidate_24166,ang ganda at ang lambot sa paa nagustuhan ng pinsan q will order again po thanks seller thank you thank you thank you thank you thank you thank you,positive,general,general,tagasenti,,positive
candidate_31468,Bukas-palad niyang ibinahagi ang nalalaman niya tungkol sa agrikultura.,positive,general,general,tagasenti,,neutral
candidate_17236,pag masaya ka saknya pakinggan mo ang advertisement ni binay para lalo kang ma-inspire.,positive,general,general,tagasenti,,positive
candidate_26873,Isa itong excellent na book para sa akin kaya ni-recommend ko rin ito sa maraming tao na nag-enjoy din talaga nang husto sa pagbabasa nito.,positive,general,general,tagasenti,,positive
candidate_30652,"Hindi naman sa hindi ko pinapansin yung text mo, wala lang akong signal kanina.",neutral,general,general,tagasenti,,negative
candidate_1760,To give way to Mar Roxas the way he did to Pinoy in 2010. Bayan muna bago sarili Poe.,positive,general,general,tagasenti,,neutral
candidate_22039,Grabe naman ang pabango ng mga Mar Roxas sau ah... San galing yang fake na survey nu? Eh mas lalo nainis sa inu tao!?,negative,general,general,tagasenti,,negative
candidate_2512,the mascara is okay.. but the eyeliner tuyo sya.. kahit baliktarin kopa ung tip,positive,general,general,tagasenti,,negative
candidate_33051,"To be fair sa kabilang grupo, lumaban naman sila, pero nakaka-turn off yung naging ugali nila sa huli.",negative,general,general,tagasenti,,negative
candidate_33511,Naalis ko ang mantsa ng kape sa paborito kong damit habang basa pa.,positive,general,general,tagasenti,,neutral
candidate_33563,Nabili ang lupa namin sa presyong gusto naming makuha.,positive,general,general,tagasenti,,positive
candidate_16810,Nais naman ni Sen Francis Pangilinan na tutukan na lamang ng Senado ang kanilang trabaho dahil nasasayang ang kanilang oras sa bangayan.,neutral,general,general,tagasenti,,negative
candidate_17515,nice d masyadong fit m l ganda nang cloth,neutral,general,general,tagasenti,,positive
candidate_33303,Dalawang linggo na akong kumakain ng sardinas at kanin araw-araw.,negative,general,general,tagasenti,,neutral
candidate_28598,"Buti pa ang mga bata madaling turuan ng tamang asal, ikaw matanda ka na pero ugaling kanal pa rin ang pinapakita mo.",negative,general,general,tagasenti,,positive
candidate_3559,not good kulang naman ung binigay walang ballpen nag send pa ng pic ng ballpen d naman isasama sa packaging hyst chinachat ko seller ayaw mag reply order sana ako ulit para mapadala ung ballpen ayaw mag reply na scam ako don ah sayang pera pls ausin nyo ung services,negative,general,general,tagasenti,,negative
candidate_2608,ang ganda po thanks,positive,general,general,tagasenti,,positive
candidate_30661,Sadyang hindi ko lang narinig yung alarm kaya ako nahuli.,neutral,general,general,tagasenti,,negative
candidate_26197,okay naman lahaat medj amoy plastic lang yung lipbalm pero overall cute and goods na for me hehehehe,neutral,general,general,tagasenti,,positive
candidate_24554,Sa oras na lumabas na naman yung commercial ni Mar Roxas na nangangampanya! Nakakatuwa.,positive,general,general,tagasenti,,positive
candidate_12588,"Dahil sa naging karanasan noong 2007 elections, lumipat ng rehistro ng pagboto si Pacquiao sa Saranggani, na lalawigan ng kanyang asawa na si Jinkee.",neutral,general,general,tagasenti,,neutral
candidate_3594,"Kahit di ko gawain, pumila ako ng 9hrs sa comelec kahapon para lang maiboto si Miriam.",positive,general,general,tagasenti,,neutral
candidate_22085,"Binay enjoying PBA Finals at Tipsy Pig, supporting local business.",positive,general,general,tagasenti,,positive
candidate_13063,"Bad album ito ng Kiss dahil half ng songs ay walang kwenta, kahit sabi nila ay classic songs daw. Sana 9-track album na lang ito.",negative,general,general,tagasenti,,negative
candidate_1792,Amazing ang series at paperback quality ng librong ito! Ito talaga ang favorite series ko of all time kaya bilhin at basahin niyo na ngayon!,positive,general,general,tagasenti,,positive
candidate_20679,this huge baby mosquito net is so adorable medyo may amoy lang na parang natambak so i guess need labahan and paarawan maigi but over all ok naman,neutral,general,general,tagasenti,,positive
candidate_16902,wala useless po delivery nyo sobrang liit di po ako baby para mag suot ng ganyan size 40 to size 41 pero bat ganon liit padin,negative,general,general,tagasenti,,negative
candidate_17466,"COA to Binay, Ongpin: Where is Boy Scout's share in Alphaland Makati joint venture? - Politiko",neutral,general,general,tagasenti,,neutral
candidate_28045,"Bago pa man simulan ang deliberasyon sa martial law, inihain ni Nograles ang House Resolution 1525 upang suportahan ang proklamasyon ni Arroyo.",neutral,general,general,tagasenti,,neutral
candidate_33285,Isang buwan na simula nung huling nag-online yung kaibigan ko.,negative,general,general,tagasenti,,neutral
candidate_4518,Pati ang mga pinakamaliliit na halaman sa bakuran na ito ay ligtas at hindi nakakaranas ng matinding pagkatuyo.,positive,general,general,tagasenti,,positive
candidate_31541,Utak-biya ang turing sa kanya kaya walang pumapansin sa kanyang mga suhestiyon.,negative,general,general,tagasenti,,negative
candidate_21307,Napakabuting ehemplo niya at hindi siya nakakahiya kahit kanino mo pa ipakilala.,positive,general,general,tagasenti,,negative
candidate_6402,"Marami ang nagsasabing ang artwork ng album na ito ang pinakamagandang nagawa, at sang-ayon ako doon dahil hindi talaga maganda ang music na kasama nito.",negative,general,general,tagasenti,,positive
candidate_22124,Hindi na sana tayo umabot sa ganito.,negative,general,general,tagasenti,,negative
candidate_20180,Naghain na si Fernandez ng petisyon sa Supreme Court (SC) upang magpalabas ng temporary restraining order (TRO) at mabaliktad ang naging desisyon ng HRET.,neutral,general,general,tagasenti,,neutral
candidate_34296,"Katamtaman lang ang dami ng requirements sa subject na ito, may mga projects pero hindi araw-araw.",neutral,general,general,tagasenti,,neutral
candidate_33607,Nakita kong may limang daang piso sa bulsa ng nilabhan kong maong.,positive,general,general,tagasenti,,neutral
candidate_13903,"May mga ulat na binabayaran ni Mar Roxas ang ibang botante, at nabababaan ang tingin sa gawaing iyon.",neutral,general,general,tagasenti,,neutral
candidate_12127,"On toughest opponent of Roxas, Robredo said ""Everybody's game but VP Binay had already organized (campaign) long before.""",neutral,general,general,tagasenti,,neutral
candidate_16186,May nagtatanong kung bakit parang sinasadya ni Mar Roxas na i-turn off ang tao.,neutral,general,general,tagasenti,,negative
candidate_10175,Iginiit ng kongresista na labis-labis ang singil ng mga telcos sa text na nagkakahalaga ng P1 bawat padala.,negative,general,general,tagasenti,,negative
candidate_4228,mabilis ma lowbat and hnd sya pang malayuan and ang hirap nung touch nya hnd ko ma volume and low volume at minsan bigla nag babago yung tunog nung sounds nya and pangit nung print nung binigay sakin merong bakat yung maling print tapos pinatungan ulit ng print,negative,general,general,tagasenti,,negative
candidate_33190,"Sinalpak ko yung flash drive ko para sa meeting, na-corrupt yung files.",negative,general,general,tagasenti,,negative
candidate_14306,Sinabi ni Geisler hindi pa tapos ang kanyang laban at nakiusap sa publiko na huwag kaagad siyang husgahan.,neutral,general,general,tagasenti,,neutral
candidate_5132,anlayo ng amoy sa cloud ni ariana paranf alcohol na may menthol lang tapos walang amoy,neutral,general,general,tagasenti,,negative
candidate_18384,all goods kaso hndi kasali yung red na medjas sabi refond daw sana ni lagyan nlg ibang item layo pa nman samin,neutral,general,general,tagasenti,,negative
candidate_10942,Medyo nakakadismaya na wala silang inihandang alternatibo nung biglang nag-brownout.,negative,general,general,tagasenti,,negative
candidate_23994,Failure upon failure ang movie dahil nandito si Ben Aflac at Alec Baldwin. Minus two stars talaga para sa kanilang dalawa sa totoo lang.,negative,general,general,tagasenti,,negative
candidate_2105,recieved items ok naman kaso parang bilis mamatay ng timer nya di sya tumatagal ng matagal yung remote pa eh chinese naka pa hirap gamitin,neutral,general,general,tagasenti,,negative
candidate_24886,"black&white/black ok isuot, nakakarelax ng paa. malambot ang guma. overall, ok siya.. thank you seller",positive,general,general,tagasenti,,positive
candidate_28578,"Buti pa ang semento tumitigas kapag naiwan, yung paninindigan mo laging lumalambot kapag may nakita kang pera sa harap mo.",negative,general,general,tagasenti,,neutral
candidate_27018,"Bumili ako ng black na maganda talaga dahil napakakumportableng suotin, may kasama pa siyang dalawang shoelaces at madaling isuot o tanggalin din kahit kailan.",positive,general,general,tagasenti,,positive
candidate_22730,so cute nito sna matagal masira thank seller worth it nman sa price,positive,general,general,tagasenti,,positive
candidate_29205,Dalawang oras nang nakasalang ang pagkain pero hindi pa rin naluluto.,negative,general,general,tagasenti,,negative
candidate_16584,"Mula sa itaas na palapag, inilipat ang mga mesa pababa sa lobby.",neutral,general,general,tagasenti,,neutral
candidate_20088,"Dadalo naman sina Aquino at Roxas sa Diyandi Festival Street Dancing sa Iligan City sa Lunes, at magpupunta sa Xavier University's Student Activity Center.",positive,general,general,tagasenti,,neutral
candidate_27668,Ang naturang dokumento ay isinumite ni Mendoza bilang petition for certiorari kaugnay sa isinampang protesta sa kanya ni dating Bulacan gov. Roberto Pagdanganan.,neutral,general,general,tagasenti,,neutral
candidate_5348,"Love ko ang movie na ito tungkol sa revenge, reincarnation, at second chances. Maganda rin ang soundtrack kaya nakakapanghinayang si Brandon Lee, rest in peace.",positive,general,general,tagasenti,,positive
candidate_11257,"May nagsasabi na ang motto ni Mar Roxas ay ""Fake it until you make it.""",neutral,general,general,tagasenti,,neutral
candidate_26323,"'Ramil' lumakas; Gitna, Hilagang Luzon na niragasa ni 'Pepeng' tinutumbok",negative,general,general,tagasenti,,negative
candidate_8255,ang ganda dalawa inorder ko and pang gift ko nalang isa uso pa naman sipon sa mga baby ang helpful neto para samin kase good quality yung item,positive,general,general,tagasenti,,positive
candidate_13663,"Kasalukuyang nasa Japan ngayon si Gng Arroyo at pagkatapos ay tutulak sa Brazil. Noong nakaraang linggo, nanggaling ang pangulo sa South Korea at Russia.",neutral,general,general,tagasenti,,neutral
candidate_13346,mganda po sya promise...uulit p q umorder.5 star ka skin..thank u shoppee tsaka kay kuya na nag deliver po..,positive,general,general,tagasenti,,positive
candidate_24513,Omg pangalawa na si Mar Roxas baka maabutan pa niya yung 5 million na lamang ni Duterte,negative,general,general,tagasenti,,negative
candidate_33005,"Hindi naman sa wala akong tiwala sa kanya, pero madalas siyang nakakalimot sa mga importanteng detalye.",negative,general,general,tagasenti,,negative
candidate_33901,Setyembre ang buwan sa kalendaryo.,neutral,general,general,tagasenti,,neutral
candidate_13691,MANILA - Hindi nakaligtas sa kamatayan ang isang mamamahayag sa lalawigan ng Masbate na pinagbabaril habang nakasakay sa motorsiklo nitong Biyernes.,negative,general,general,tagasenti,,negative
candidate_25639,pwede na maganda sana kaso minsan basag yung audio at mahina di nagconnect ng maayos di marinig yung sounds,neutral,general,general,tagasenti,,negative
candidate_394,Pandak nognog ingkanto itim na dwende nognog ulit. Pero may nagawa. Yan si Binay... Ulikba pa. Pft. Pero gumanda Makati.,negative,general,general,tagasenti,,negative
candidate_21361,Duterte is leading. Roxas is in 2nd place. I find it surprising.,neutral,general,general,tagasenti,,negative
candidate_21556,"Sa edad na 44, pumanaw si Francis M. noong Marso 6 sa sakit na leukemia. - Fidel Jimenez, GMANews.TV",negative,general,general,tagasenti,,neutral
candidate_5557,"Lacierda on VP Binay’s claim that Roxas is top ad spender, not him: Why is he defensive? Talk to Nielsen, don’t blame other (candidates).",neutral,general,general,tagasenti,,negative
candidate_13578,"Okay yung eyeliner dahil waterproof daw at madaling gamitin, kaso nag-i-smudge pa rin siya sa ilalim ng mata ko tuwing hapon.",neutral,general,general,tagasenti,,negative
candidate_5961,Laging bukas ang kanilang klinika kaya walang pasyenteng umuuwing hindi nabibigyan ng lunas.,positive,general,general,tagasenti,,neutral
candidate_22989,complete naman order ko pero yung isa my scratch parang luma na or ginamit na kasi walang plastic sana check bago pinadala,neutral,general,general,tagasenti,,negative
candidate_12788,10 10 there were delays in the delivery of my parcel kung d pa ako nag complain d pa idedeliver today yun parcel been in the delivery hub for 4days ambagal talaga ng shopee express sana ibalik ang j t,negative,general,general,tagasenti,,negative
candidate_13737,"Pwede na itong powerbank para sa byahe dahil kasya sa bulsa, isang buong charge lang ang kaya niya, pero mabilis naman ma-recharge ang sarili niya.",neutral,general,general,tagasenti,,positive
candidate_19731,"sabi ni Mar Roxas, trabaho lang daw, wala syang drama. aba, eh marami kang boto!",positive,general,general,tagasenti,,neutral
candidate_13768,Hinihinala ng ilang tagamasid na posibleng lumabis ang pinakawalang tubig sa dam noong kasagsagan ng pananalasa ng mga nagdaang bagyo.,negative,general,general,tagasenti,,negative
candidate_13437,"Yung nabili kong drill bit set ay okay sa kahoy, pero nung ginamit ko sa semento ay mabilis siyang napudpod agad.",neutral,general,general,tagasenti,,negative
candidate_2567,didn t expect na mabilis masira nagtry lng nmn ako kya not bad,neutral,general,general,tagasenti,,negative
candidate_33716,Nahanap ko ang tamang turnilyo para sa sirang upuan.,positive,general,general,tagasenti,,positive
candidate_30379,I don't think na hindi natin maipapanalo ang kaso kung walang ebidensyang makakapagdiin sa atin.,positive,general,general,tagasenti,,negative
candidate_1396,"Binigyan niyo kami ng lamesang gumegewang at halos matapon na ang sabaw namin, napaka-thrilling at exciting ng inyong dining experience.",negative,general,general,tagasenti,,positive
candidate_20995,10 10 good quality sana mali lang yung size na pinadala ni seller i ordered size 36 pinadala size 37 nexttime pakicheck po muna ng inipapack nyo para wala kayong bad review buti sana kung agad agad mabebenta ko to sa ibang tao,neutral,general,general,tagasenti,,negative
candidate_27584,Ngunit dapat umanong linawin ng mga mahistrado ng SC kung ang naturang sistema ng pagboto ay magagamit sa botohan upang ipatawag ang con-ass.,neutral,general,general,tagasenti,,neutral
candidate_21282,nkkadisappoint lng ksi pagnkcharge lng siya nagana pagtinanggal mo di na nagana excited pa nmn anak q,negative,general,general,tagasenti,,negative
candidate_10978,Inaasahang babalik sa bansa sa linggong ito si Gng Arroyo mula sa opisyal na biyahe sa Korea at Russia.,neutral,general,general,tagasenti,,neutral
candidate_5597,"Si Villar ang inaasahang magiging pambato sa panguluhan ng Nacionalista Party, habang ikinukonsiderang senatorial candidate ng administrasyon si Recto sa 2010 elections.",neutral,general,general,tagasenti,,neutral
candidate_22740,"okay sana yung item kaso yung kulay, hindi nasunod. iba yung natanggap ko kaysa sa color ng nasa picture. ang layo ng nasa picture, sky blue sana eh. medyo deep blue to. pero okay na to. all in all maganda pa din naman.",positive,general,general,tagasenti,,positive
candidate_23129,Mobiyahi unta ang maong fastcraft Sabado alas-6 sa gabii padung Tagbilaran.,neutral,general,general,tagasenti,,neutral
candidate_29428,Ubos na ang saging sa palengke dahil binili na lahat ng naunang mamimili.,negative,general,general,tagasenti,,negative
candidate_8277,"bagay sa presyo mukhang mumurahin, pero wala akong reklamo dahil mura naman talaga ang presyo niya. pwede na gamitin pamalengke sa may talipapa, pero hindi yung tipong pamporma sa mall. dagdag ka one size higher sa size mo kasi maliit ang sizing nila.",positive,general,general,tagasenti,,negative
candidate_25669,Ulol puro over price ang tag. Mahiya kau mga Binay !,negative,general,general,tagasenti,,negative
candidate_17496,ok yong umbrella gusto ng wife ko but very much disappointed sa tagal bago dumating so far ito yong pinakamatagal ma send na binili ko sa shopee,negative,general,general,tagasenti,,negative
candidate_19956,wag na kau bumili dito kulang talaga sla nag papadala kampante pa naman akong completo kasi minessage ko pa na paki double check nag reply naman na okay daw kaso pag dating kulang ng dalawang items wag na kayo bumili magsisisi lang kayo,negative,general,general,tagasenti,,negative
candidate_16992,Laging sira ang elevator kaya hindi na kami bumalik sa mall na iyan para mamili.,negative,general,general,tagasenti,,negative
candidate_4484,ang dami ko order 6pcs bench brief boxer parehas kulay doble. boxer short bench body. tsaka hm pero bench body pa rin pinadala. pare parehas kulay anu kaya yun 1 star sa seller. badtrip ka haha,negative,general,general,tagasenti,,negative
candidate_17509,good quality sya subrang tagal dumating,neutral,general,general,tagasenti,,positive
candidate_11473,"Binay, nakita mo ang message ng iyong fan.",neutral,general,general,tagasenti,,neutral
candidate_34021,May meeting tungkol sa budget sa Biyernes.,neutral,general,general,tagasenti,,neutral
candidate_33567,Nakapasa sa entrance exam ng unibersidad ang bunso naming kapatid.,positive,general,general,tagasenti,,neutral
candidate_33061,"Pwede na rin siguro yung shift schedule ko ngayon, sanayan lang din naman yan sa paglipas ng araw.",neutral,general,general,tagasenti,,positive
candidate_8926,oks na sana kaso may konting crack sa gilid buti goods pa dn ... thank you seller! big help po tlga itong air purifier sa bahay/rooms.,positive,general,general,tagasenti,,positive
candidate_7741,INC si Kath Bernardo tas nag endorse kay Mar Roxas. Whoot?,neutral,general,general,tagasenti,,neutral
candidate_22622,"Kabilang umano sa mga nasugatan ay isang opisyal ng Pasay City Hall, dalawang miyembro ng demolition team, at isa sa mga residente sa lugar.",negative,general,general,tagasenti,,negative
candidate_10316,okay naman sana sya kaso manipis pala see the picture kungnag hahanap kayo ng makapal i guess this product is not for you. pero okay na,positive,general,general,tagasenti,,negative
candidate_29145,"Ang lakas ng boses mo, wala namang laman ang utak mo.",negative,general,general,tagasenti,,negative
candidate_1974,"Magandang regalo talaga ito kaya binigay ko sa asawa ko para sa birthday niya, at sobrang nag-enjoy siya kasi binasa ito ni Ronald Reagan.",positive,general,general,tagasenti,,positive
candidate_31690,Sana ay magdilang-anghel ang iyong ina tungkol sa pag-ahon natin sa hirap.,positive,general,general,tagasenti,,neutral
candidate_5431,Bumagsak ang puno ng mangga sa bakuran ng paaralan.,neutral,general,general,tagasenti,,negative
candidate_18755,hnd nmn nagana hay sayang lang pera ko irrefund ko sana d nmn ako nakpag refund agad gang to rate n pla agad,negative,general,general,tagasenti,,negative
candidate_19757,grbe dito...hndi po tenatae ang pera.sira yong square pants nyo...nkawalang gana dto...diyos na bahal sau ..wag na kau mag benta kong kanito lang namn item nyo..,negative,general,general,tagasenti,,negative
candidate_2371,correct received correct and complete items and variations got them after 7 days after 2 days nagship out okay naman sana kaso may sira yung 1 clip need to improve and packaging ni walang carton for protection,neutral,general,general,tagasenti,,negative
candidate_27623,nothing special with the food sakto lang staff service very poor need to be trained well as first timer for sure di kami babalik at hindi din namin sya irerecommend sa families friends may nagpakilala na sya yung server namin but we cannot find her,negative,general,general,tagasenti,,negative
candidate_26781,May pahayag na napatunayan ang Roro at pinagkumpara sina Mar Roxas at Duterte.,neutral,general,general,tagasenti,,neutral
candidate_21013,Ngunit hindi nagtagal ay nawalan ito ng malay kaya isinugod na sa ospital.,negative,general,general,tagasenti,,negative
candidate_28554,"Buti pa yung kape ko ngayon mainit, hindi tulad ng pagtanggap mo sa amin na sobrang lamig at nakakawalang-gana.",negative,general,general,tagasenti,,negative
candidate_12089,ayaw nya gumana ilang hours kona po chinarge kaso ayaw tsaka lang nag o on pag naka charge tas pag tinangal mo yung charger na o off na ulit huhu seller hndi nmn pwding nakadala ako ng charger everywhere huhuhu sellerang init init po dkopa magamit kasi ayaw mag on pero,negative,general,general,tagasenti,,negative
candidate_10276,"Gamit na gamit ang salitang pandak, at may nagsasabing iba na lang si Binay.",neutral,general,general,tagasenti,,negative
candidate_12665,Ash wednesday : puro ash mukha ni Binay. Nyare?,negative,general,general,tagasenti,,negative
candidate_7249,ang cucuuuute ng mga item. complete order ko. will definely buy again. npaka responsive p ng seller. nagcha-chat sa mga tanong ko. thankyou. happy si baby.,positive,general,general,tagasenti,,positive
candidate_11896,this was my second purchase. sobrang secure ng packaging to the point na 9meters bubble wrap nag ginamit pamblot hahaha.. the item is working well. i just hope it will serve its purpose.thank you so much,positive,general,general,tagasenti,,positive
candidate_29417,Naubusan ako ng tinta sa printer kung kailan kailangan ko na ipasa ang report.,negative,general,general,tagasenti,,negative
candidate_15258,Inaasahan na madadagdagan pa ang bilang dahil mayroon pang 22 munisipalidad ang hindi nagsusumite ng kanilang listahan sa Comelec.,neutral,general,general,tagasenti,,neutral
candidate_24568,Mababaw at masyadong magulo ang kwento dahil sa mga hindi maintindihang characters nito. Masyado na siyang luma at hindi maganda ang quality para sa akin.,negative,general,general,tagasenti,,negative
candidate_5085,im very disappointed kasi di gumana ang dalawa kung order,negative,general,general,tagasenti,,negative
candidate_28276,Sana all laging bida sa meeting kahit iba naman ang naghirap sa project.,negative,general,general,tagasenti,,negative
candidate_18166,Hindi naman nabanggit ni Melo kung sino ang kasamahan na bukas ng posibilidad na bumalik sa lumang sistema ng eleksyon.,neutral,general,general,tagasenti,,neutral
candidate_9182,MAR ROXAS and LENI ROBREDO overwhelmingly win in our Loyola Grand Villas (LGV) with 81.8% of registered voters...,positive,general,general,tagasenti,,positive
candidate_25928,Ngunit nanindigan si Arroyo na sinsero siya sa alok na tumulong kay Panlilio na kasalukuyang naka-bakasyon bilang alagad ng Simbahang Katoliko.,neutral,general,general,tagasenti,,neutral
candidate_8446,ok naman yung slipper kaso maliit ang size nya much better kung mag add ng 2 sa normal size nyo thanks,neutral,general,general,tagasenti,,positive
candidate_32683,Nakatira sila sa isang apartment malapit sa kalsada.,neutral,general,general,tagasenti,,neutral
candidate_8916,Wala ng iba pang impormasyon na ibinigay ang DFA sa nasugatang Pinoy.,neutral,general,general,tagasenti,,neutral
candidate_2703,"Maraming commercial si Binay, at sinasabing may balik sa kanya ang gastos.",neutral,general,general,tagasenti,,negative
candidate_7265,watery sobrang disappointed ko with my order akala ko medyo maayos yung amoy since magaganda reviews yung amoy parang goma at gatas na ewan,negative,general,general,tagasenti,,negative
candidate_343,good ung sandals anytime kapag natapilok ka pde mapigtas hndi ayos ung pagkakapasok nung mga straps sa butas,neutral,general,general,tagasenti,,positive
candidate_21204,soft maganda yung product soft yung tela at parang wala ka lang suot kaya hindi nakakairita sa balat baka bumili ulit ako salamat seller,positive,general,general,tagasenti,,positive
candidate_19691,Mokabat sa 20 ka mga banay gipang-rescue sa 911 Martes sa gabii atol sa pagbaha sa Teachers Village sa Matina dakbayan sa Davao.,positive,general,general,tagasenti,,neutral
candidate_12845,Sa tuwing napapanood ko yung ad ni Roxas at Binay nababadtrip ako taena!,negative,general,general,tagasenti,,negative
candidate_10557,ni hndi man lang inaayus sira ang marecieve q,negative,general,general,tagasenti,,negative
candidate_15953,worst samgyup ever parang di nag samgyup limited refill limited side dishes daming order na di naserve almost an hour bago marefill nagtitigan nalang kami ng mga kasama ko kasi wla na kaming maluto yung hotpot nasunog na ung noodles wla manlang nagrrefill nasa bill mga side dish pero di,negative,general,general,tagasenti,,negative
candidate_31787,"Kahit anong gawing ingay, nanatiling tulog-mantika ang aking kaibigan.",neutral,general,general,tagasenti,,neutral
candidate_566,Na-veto yan dahil mababawasan yung pondo ng SSS na gagamitin para sa kampanya ni Mar Roxas. Mga buwaya talaga!,negative,general,general,tagasenti,,negative
candidate_12012,mabilis lng sia dumating pero mejo nalungkot ako kc pink order pero ung kulay nia is pa light purple na handle lng ang pink pero ok nrin po kc mukang sianh matibay,neutral,general,general,tagasenti,,negative
candidate_34040,Kumuha sila ng clearance sa barangay.,neutral,general,general,tagasenti,,neutral
candidate_32120,Wala akong nakikitang paraan upang hindi makamit ang iyong mga pangarap.,positive,general,general,tagasenti,,negative
candidate_27694,Nakalimutan ko ang password ko kaya nag-reset ako kahit matrabaho.,neutral,general,general,tagasenti,,negative
candidate_10496,"yey, thanks seller. ang ganda ng item. oorder po ulit ako sa susunod. order na din kayo dito sa shop na to. sulit. salamat po",positive,general,general,tagasenti,,positive
candidate_28027,Kaagad umanong tumawag sa telepono si Wycoco upang humingi ng tulong sa pulisya.,negative,general,general,tagasenti,,neutral
candidate_25906,Duterte represents change and no to trapo vote. People finally recognizing we are trapped in a faulty system. Roxas Binay both trapo.,negative,general,general,tagasenti,,negative
candidate_31160,Isang malaking hamon ang pakikipag-usap sa katuwang na tengang-kawali.,neutral,general,general,tagasenti,,positive
candidate_18586,"""""Kung minsan para makakuha ng resources talagang they would have to fight for resources. So eventually ang problema, crime rates go up,"""" paliwanag ni Sorita.",negative,general,general,tagasenti,,negative
candidate_8970,"Ayon sa isang pahayag, si Binay ay nognog pero iba raw sa iba ayon kay Dr. Alvin.",neutral,general,general,tagasenti,,neutral
candidate_20590,good quality comfortable to wear cheap price my orders arrived complete and not damaged and i'm glad because the seller is responsive. i love the quality and it's really comfortable to wear. thank you seller and kay kuyang nag-deliver. imma' buy again next time,positive,general,general,tagasenti,,positive
candidate_30477,Hindi ko maintindihan bakit hindi pa tinatanggal ang manedyer kahit wala siyang naiambag na maayos sa departamento.,negative,general,general,tagasenti,,negative
candidate_8295,di sya safe pag nilagyan ng mainit na tubig masisira sya salamat dumating na order ko salamat po sa seller at sa rider na nag deliver sana tumagal sya saken at hindi masira agad kaso mali ang napa deliver ni seller saken hindi na sunod ung inorder ko na kulay,neutral,general,general,tagasenti,,negative
candidate_13865,Inabisuhan na rin umano ang pamilya ng babae at may pahintulot nila ang gagawing pagsubaybay sa kalusugan ng pasahero.,neutral,general,general,tagasenti,,negative
candidate_18842,"* Rodrigo Recto of Manila , 33, ordinary seaman sa Manila; at",negative,general,general,tagasenti,,neutral
candidate_6598,poor quality ang sungit pa ni seller,negative,general,general,tagasenti,,negative
candidate_24344,"I really hate binay but one platform stood out from him. According to him, He will reduce req/permits in setting up a business.",negative,general,general,tagasenti,,positive
candidate_28179,may dumi lang bat maganda. thank you bella.,positive,general,general,tagasenti,,positive
candidate_14921,"""Habang kinukumpiska ang nasabing video karera, isang nagpakilalang ""Arnold"" mula sa Angeles City ang tumawag para ipaalam na tutubusin niya ang mga makina.""",negative,general,general,tagasenti,,neutral
candidate_27642,super sealed and nice ng thumbler di ko pa na tetest kaya 4 stars lang binigay ko pag nag work siya ng mabuti i will order again kasi nagustohan ng partner ko,positive,general,general,tagasenti,,positive
candidate_16348,Sana magtulungan ang lahat para malinis ang gobyerno.,positive,general,general,tagasenti,,negative
candidate_23251,Na-excite ako sa plano natin kaso baka hindi matuloy.,neutral,general,general,tagasenti,,negative
candidate_983,May reaksyon sa pag-endorso ni Gloc 9 kay Binay.,neutral,general,general,tagasenti,,neutral
candidate_12244,MANILA - Inihayag ng Chevron (dating Caltex) na magtataas ang presyo ng kanilang mga produktong petrolyo simula sa 12:01 am sa Linggo.,negative,general,general,tagasenti,,neutral
candidate_1479,May tanong kung bakit natatakot si Roxas kay Duterte.,neutral,general,general,tagasenti,,negative
candidate_32325,Buti pa ang sapatos mo makintab samantalang yung record mo puro absent.,negative,general,general,tagasenti,,negative
candidate_15066,ang ganda ng quality ng slipper kahit mura siya comfortable nman siya suotin actually this is my second time purchasing this product kasi nagustuhan din siya ng parents ko ang lambot lambot niya kasi sa paa loving it will order this again definitely,positive,general,general,tagasenti,,positive
candidate_30409,Hindi porket hindi nagagalit nang hayagan ang boss ay hindi na nakakabagot ang mga paulit-ulit na kapalpakan ninyo.,negative,general,general,tagasenti,,negative
candidate_18829,iba ang quality ng actual product ibang iba sa photo,neutral,general,general,tagasenti,,neutral
candidate_21643,"Pinauna niyo pa yung mga bagong dating kaysa sa amin na kanina pa nakapila, ang husay talaga ng priority queuing niyo.",negative,general,general,tagasenti,,negative
candidate_24281,"Veto ni PNoy vs SSS pension hike, zero vote umano ang katumbas para kay Mar Roxas",negative,general,general,tagasenti,,negative
candidate_13968,Magaan lang ang trabaho ko ngayon kaya nakakabagot din paminsan-minsan.,neutral,general,general,tagasenti,,negative
candidate_14784,Paanong tinawag na giyera ng kalayaan ang giyera sa liberalismo at sino nga ba ang kontrabida rito; ito ay purong propaganda kaya basahin niyo na.,negative,general,general,tagasenti,,negative
candidate_15513,Palaging delayed ang mga padala nila kaya hindi ko na ire-rekomenda ang courier na ito sa mga kaibigan ko.,negative,general,general,tagasenti,,negative
candidate_15974,complete and correct ok na sna mabilis lang xa dumating kaso manipis at saka d x magkakapareho ang laki.ung kulay gray masyado malaki na mukhang maluwag ung pinakagarter sa bandang itaas.,positive,general,general,tagasenti,,neutral
candidate_30694,"Honestly, hindi naman sa hindi ko susuportahan yung negosyo mo, wala lang talaga akong extrang pera.",neutral,general,general,tagasenti,,negative
candidate_21405,ok na rin kaso maluwang sakin feeling ko mahal xa para s price nya salamat na din kc mabilis naman naideliver,neutral,general,general,tagasenti,,positive
candidate_33748,Nagbayad siya ng pamasahe sa konduktor ng bus.,neutral,general,general,tagasenti,,neutral
candidate_4489,Naipit ang daliri ko sa pinto kaya sumakit pero nawala din agad.,neutral,general,general,tagasenti,,negative
candidate_32158,I don't think na hindi tayo mapapahamak kapag itinuloy natin ang ganyang plano.,negative,general,general,tagasenti,,negative
candidate_14244,Naghugas ako ng pinggan kaya malinis na ang kusina pero nabasa ang damit ko.,neutral,general,general,tagasenti,,negative
candidate_617,mali yung size na binigay medium order ko pero large dumating pero nandito na eh gagawan ko na lang ng paraan next time paayos po nung idedeliver nyo po na size hehe,neutral,general,general,tagasenti,,neutral
candidate_3037,Ewan ko sayo Binay. Hindi iyon dahil sa iyo na mayaman ang Makati. Dahil iyon sa tax ng mga Ayala.,negative,general,general,tagasenti,,negative
candidate_673,yung quality ng food ay masarap naman 8 10 yung service ea mejo matamlay at yung atmosphere o ambiance ea sana mag improve pa lalo kung mainit ang panahon mag dagdag pa ng mga silungan at lamesa upuan pra sa mga kumakain overall msarap naman sya recommended ko sya,positive,general,general,tagasenti,,positive
candidate_33681,Nabili ko ang paborito kong brand ng tsokolate nang nakasale.,positive,general,general,tagasenti,,positive
candidate_19190,"""Dapat mabigyan ito ng mas matalim na pangil hindi lamang ng isang paper tiger,"" pahayag ng Santiago.",negative,general,general,tagasenti,,neutral
candidate_32815,"Honestly, medyo hindi ko naintindihan nung una, pero nung inulit niya ay naging malinaw na lahat.",positive,general,general,tagasenti,,negative
candidate_9915,super bilis magship and goods ang product thank you seller and sobrang sulit ng mascara na nabili ko kahit mura lang,positive,general,general,tagasenti,,positive
candidate_5507,"Noong Enero 5, dalawang itinuturing high-profile inmates, kabilang ang isang suspek sa pambobomba ang nakatakas sa Kidapawan City Jail sa North Cotabato.",negative,general,general,tagasenti,,negative
candidate_19294,ang product na nabili ko po dito ay okay naman po di ko lang sure if magtatagal ung products nila mabait po ang seller na ito,positive,general,general,tagasenti,,positive
candidate_24224,Great songs kahit may need i-improve dahil nag-skip ako ng kanta na hate ko. Paborito ko rito ang Caramel at Get The Party Started.,positive,general,general,tagasenti,,positive
candidate_1291,Amon ginpakadto si Antonio sa Light of Glory Taxi kag nakuha ang bag nga wala matandog ang kwarta.,positive,general,general,tagasenti,,positive
candidate_33206,"Pumunta ako sa museum para sa bagong exhibit, closed for renovation pala.",negative,general,general,tagasenti,,neutral
candidate_20475,"Palakpakan ang iyong galing sa pagpapatakbo ng negosyo natin, ibinulsa mo ang lahat ng kita nang mag-isa.",negative,general,general,tagasenti,,positive
candidate_17467,ganda ng quality naka ziplock pa each bra totally worth it correct colors din natanggap ko thank you so much seller,positive,general,general,tagasenti,,positive
candidate_27138,ok naman sya working kaso sa packaging lng di secured naka kahon lng tlga nayupi na din sa delivery pero working naman sya at nakaka dala tlga ng dust at hair,neutral,general,general,tagasenti,,negative
candidate_4512,sabi kasi cotton di ko inexpect yung parang spandex type pero goods parin naman,neutral,general,general,tagasenti,,positive
candidate_2762,"""Equity for the Philippine veterans of World War II is at hand,"" ayon sa pangulo ng Pilipinas.",positive,general,general,tagasenti,,neutral
candidate_24260,grabeh ang ganda ang lambot pa kala ko di totoo yung piso thank you poh think you din sa rider,positive,general,general,tagasenti,,positive
candidate_21064,item shipped immediately item shipped immediately will order again sana sa susunod ko na order my boxs na at sana my something na newspeper sa loob ng sapatos para hindi namnasydo masira mdjo na gupi ksi but is nice,neutral,general,general,tagasenti,,positive
candidate_11740,"Masyadong maiksi yung wire nitong power drill kaya laging kailangan ng extension, pero malakas naman yung ikot niya kapag bumubutas ng kahoy.",neutral,general,general,tagasenti,,negative
candidate_31931,Bukas ang isip ng aming pamunuan pagdating sa pagdinig ng mga mungkahi mula sa mga karaniwang mamamayan.,positive,general,general,tagasenti,,neutral
candidate_12433,wrong item! seller is not responsive sa mga chat! kung ano trip ipadala yun ipapadala!,negative,general,general,tagasenti,,negative
candidate_25056,"Mar Roxas naiintidihan mo naman siguro to ""BAYAN MUNA, BAGO SARILI""",positive,general,general,tagasenti,,negative
candidate_17160,"hmmmmmm thank you seller sa product kahit manipis at hindi ko siya nagustuhan pero ok na rin sa presyo nya kasi mura lang,sana magustuhan ng husband ko ahay ok nalang, thank you shopee sa serbisyo lagi, thank you j&t and deliveryman sa magandang serbisyo.",positive,general,general,tagasenti,,positive
candidate_30373,Hindi sa hindi ko inaasahan pero imposibleng hindi ako matuwa na walang nakalimot sa kaarawan ko.,positive,general,general,tagasenti,,negative
candidate_11620,"Baka mas the best panoorin ng matatanda, kaya medyo nakakalungkot kasi gusto ko pa naman na makitang mas gumanda kahit mukhang sariwa at galing 50s na walang kumakanta.",negative,general,general,tagasenti,,negative
candidate_8253,Pumutok ang kawayan sa sobrang init ng apoy.,neutral,general,general,tagasenti,,negative
candidate_30344,Hindi ibig sabihin na walang nanonood sa iyo ay hindi na naging pulido ang ginagawa mong trabaho.,positive,general,general,tagasenti,,neutral
candidate_5826,"MARILAO, Bulacan - Isang babae ang nakitang patay na nakalutang sa ilog sa bayang ito nitong Miyerkules at hinihinalang inabuso.",negative,general,general,tagasenti,,negative
candidate_23225,"If Binay, Poe or Mar will win, some say wala na namang mangyayari sa Pilipinas, at kahit si Duterte, wala rin.",neutral,general,general,tagasenti,,negative
candidate_26049,that'll not be enough if sina binay win. I fear for the philippines,negative,general,general,tagasenti,,negative
candidate_30676,"Hindi naman sa ayaw ko bilhin, tinitingnan ko lang kung pasok sa budget ko.",neutral,general,general,tagasenti,,neutral
candidate_25540,Dahil sa tibay nito ay tila ayaw na nitong masira pa.,positive,general,general,tagasenti,,negative
candidate_2672,"Okay sana yung Grab, ang layo ng pinanggalingan kaya matagal.",negative,general,general,tagasenti,,neutral
candidate_28579,"Buti pa ang orasan umaandar nang kusa at walang tigil, ikaw kailangan pang itulak at pagalitan bago kumilos nang tama.",negative,general,general,tagasenti,,neutral
candidate_11533,2nd order ko na.. 2 black 2 navy blue.. kaso ang dumating 3 black 1 navy blue.. anyways.. maganda pa rin naman siya..,positive,general,general,tagasenti,,positive
candidate_17805,"Hindi pinangalanan sa ulat ang pulis dahil ""senstibo"" umano ang puwesto nito sa Philippine National Police.",neutral,general,general,tagasenti,,negative
candidate_14743,4 reasons why Mar Roxas will not win the 2016 Philippine presidential elections - Get Real PostGet Real Post,neutral,general,general,tagasenti,,negative
candidate_27697,okay sana kaso i'm very disappointed dahil yung ibang sinulid tas tas na d manlang chineck ni seller if okay ba yung mga sinulid grabi naman po,negative,general,general,tagasenti,,negative
candidate_11261,"Una rito, inaasahan na tetestigo si Honasan sa Makati regional trial court branch 148 kaugnay sa naganap na Oakwood mutiny sa Makati noong Hulyo 2003.",neutral,general,general,tagasenti,,neutral
candidate_18149,hindi nagana mouth piece niya,neutral,general,general,tagasenti,,negative
candidate_34643,Tuwing piyesta ay di-mahulugang karayom ang mga tao sa kahabaan ng pangunahing kalsada.,neutral,general,general,tagasenti,,negative
candidate_21106,"good sound quality siya, kaso medyo magwowork around ka lang kasi nasa main thing yung sensors niya so medyo awkward kapag tatanggalin mo siya, matagal rin balowbatt over all nice!",positive,general,general,tagasenti,,negative
candidate_26110,high it is what you see in the picture and big capacity when opened like two to three person can fit in parang matibay naman po siya medyo mabigat lang ng konti pero i like it so muchhh thank yoh seller,positive,general,general,tagasenti,,positive
candidate_29102,"Grabe ang pasensya mo sa akin, nagtiis ka hanggang makahanap ka ng bago.",negative,general,general,tagasenti,,positive
candidate_29424,Wala nang espasyo sa garahe namin para sa isa pang sasakyan.,negative,general,general,tagasenti,,negative
candidate_20748,poor service. mejo malansa pa ung panga ng tuna.,negative,general,general,tagasenti,,negative
candidate_9088,"Kasabay nito, sinabi ni Gatdula na masusi nilang iniimbestigahan ang drayber ng armored van na tinarget ng mga suspek sa UP.",negative,general,general,tagasenti,,negative
candidate_1844,Ang nakatatandang Duterte ang tatakbo naman sa puwesto na babakantihin ng anak.,neutral,general,general,tagasenti,,negative
candidate_10067,"incomplete item , hindi marunong magreply at magbasa ng message si seller. need refund pero deadma lang sya. hays tgal ko pa inintay. tsk",negative,general,general,tagasenti,,negative
candidate_21711,Short ang laman ng kit dahil tail lights lang ang natanggap ko imbes na may amber sides din gaya ng nasa product description at picture.,negative,general,general,tagasenti,,neutral
candidate_19748,smooth this is my second order nagustuhan ng anak kong isa kaya gusto din nung isa actually 4 yung order ko kaso nalabahan ko na yung isa thank you very much maraming salamat shopee kaso bakit ganon mali yung size 38 85now ko lang napansin binigay is same size dun sa una,positive,general,general,tagasenti,,positive
candidate_795,"Kapag umabot ng alas singko at wala pa siya, aalis na ba tayo?",neutral,general,general,tagasenti,,neutral
candidate_17750,Maganda yung kwento ng pelikula pero medyo bitin yung ending kaya parang sakto lang siya para panoorin kapag wala kang magawa.,neutral,general,general,tagasenti,,negative
candidate_10231,Grace POE QUALIFIED! Fifth case is just a challenge.,positive,general,general,tagasenti,,positive
candidate_794,napakaganda ng telaaaa 20 10 this is my 2nd time na nag order dito and it never disappoints me sa uulitin po seller,positive,general,general,tagasenti,,positive
candidate_18279,di sya long lasting nikagyan lang ng oil sa parcel para mukang oil based pero watery sya okey lang dahil mura laang naman pero not for everyday use,neutral,general,general,tagasenti,,neutral
candidate_30233,Nakahinga ako nang normal nang mawala ang bara sa ilong ko.,positive,general,general,tagasenti,,positive
candidate_23810,okay din fake news di naman nag sa stop pag tiniklop parang gaya lang ibang automatic na payong walang pinagkaiba pero maayos naman mukhang matibay,neutral,general,general,tagasenti,,neutral
candidate_21584,manipis siya pero okay lang thank you,neutral,general,general,tagasenti,,positive
candidate_31319,Ginintuang puso ang naging sandigan ng tagapagtatag ng aming institusyon para sa mga dukha.,positive,general,general,tagasenti,,positive
candidate_25460,"nakaka disappoint tong seller na to. yellow bee yung inorder ko, ibang design yung dumating. sana ngchat man lang. meron na ako nung ganitong design. nagka doble pa tuloy. kakainis!",negative,general,general,tagasenti,,negative
candidate_32447,Ang daling intindihin ng paliwanag mo mas naguluhan pa tuloy ako ngayon kaysa kanina.,negative,general,general,tagasenti,,negative
candidate_7698,"Tulad ng sinabi ni sum1, Mar Roxas is a pretentious leader and everyone sees that now -- very clearly.",negative,general,general,tagasenti,,negative
candidate_3008,Ang MPD Station 8 ang ikalawa sa may pinakamataas ng kaso ng snatching at holdup sa Metro Manila.,negative,general,general,tagasenti,,negative
candidate_14103,thankyou sa seller natupad ung request ko na umabot ngaung araw sakto po ang dating maganda ung item buti nlng dalawa binili ko order po ulit aq nxtym salamat dun s delivery mbait po at on tym,positive,general,general,tagasenti,,positive
candidate_5898,naka disapoint kayu hindi sya maganda nakaka disapoint,negative,general,general,tagasenti,,negative
candidate_25767,bilis malowbat.. hindi rin ganun kalakas ang sound nya. mnsan yung isa lang tumutunog.. photo not related,negative,general,general,tagasenti,,negative
candidate_19795,"Partial And UnOfficial Votes: 1. Duterte - 9,990 2. Roxas - 8,711 3. Poe - 7,543 4. Binay - 5,250 5. Santiago -...",neutral,general,general,tagasenti,,neutral
candidate_6825,Sa tingin ko ay di makatwiran ang patakaran nilang bawal magpasok ng sariling tubig sa loob.,negative,general,general,tagasenti,,negative
candidate_33911,Nasa ilalim ng mesa ang bola.,neutral,general,general,tagasenti,,neutral
candidate_27302,ang ganda at ang bilis dumating ng order koo,positive,general,general,tagasenti,,positive
candidate_19329,"Siguradong mag-e-enjoy kayo sa movie na ito dahil nakakahawa yung mga jokes nila, lalo na yung toilet scene sa Las Vegas na nakakatawa talaga.",positive,general,general,tagasenti,,positive
candidate_8389,"simple i love the material, exactly the reason why i ordered this plus the color is very pretty too. sayang nga lang kasi dapat large pala binili not medium, its kinda small to me but oki nadin kasi its stretchable. thank you for the great product, will order again",positive,general,general,tagasenti,,positive
candidate_6877,"Poe, Binay and Roxas all have premature campaign ads on TV. Miriam? None. Not even a single print ad. And people hate her?",neutral,general,general,tagasenti,,negative
candidate_32717,Dinala nila ang mga gamit sa kabilang kwarto.,neutral,general,general,tagasenti,,neutral
candidate_25212,Pagkatapos ng tatlong oras ay natapos ang pagsusulit.,neutral,general,general,tagasenti,,neutral
candidate_9578,"Palakpakan ang iyong husay sa communication, idinaan mo sa text ang pakikipag-hiwalay pagkatapos ng limang taon.",negative,general,general,tagasenti,,positive
candidate_10998,sakto lang quality,neutral,general,general,tagasenti,,negative
candidate_19193,wala sa ayos maayos so its been 5 days at di pa rin ako nirereplyan ng seller. mali ang ipiladala nilang item. hindi na sana ako mag rerate pero grabe talaga wala man lang nag reply.,negative,general,general,tagasenti,,negative
candidate_472,Ikinumpara ang personalidad ni Mar Roxas sa tsinelas na binibigay ni Korina Sanchez.,neutral,general,general,tagasenti,,neutral
candidate_31989,Ang ipinagmamalaki niyang salita ay mangyayari lamang sa pagputi ng uwak kaya huwag ka nang umasa pa.,negative,general,general,tagasenti,,neutral
candidate_33348,Grabe sobrang sarap ng luto n mama ngaun.,positive,general,general,tagasenti,,positive
candidate_702,maganda pero hnd q pa ntry at ang bilis lng dumating ang bait din kuya rider,positive,general,general,tagasenti,,positive
candidate_6028,good ganda nagana lahat di sya madikit sa kamay kapag nasulat ka good quality bili ulit ako,positive,general,general,tagasenti,,positive
candidate_31704,Kailangan sa ganitong trabaho ang indibidwal na may kusang-palo.,positive,general,general,tagasenti,,neutral
candidate_165,Umaabot pa sa 70 OFWs ang kinakalingang OFWs sa Filipino Workers Resource Center (FWRC) kung saan ang pinakamatanda ay 63-anyos na domestic helper.,positive,general,general,tagasenti,,neutral
candidate_20466,"May mga kasalanan ang mga Binay, ngunit hindi dapat gamitin ang kulay ng balat bilang insulto.",neutral,general,general,tagasenti,,negative
candidate_33202,"Pinanood ko yung tutorial para sa recipe, iba yung kulay ng kinalabasan ko.",negative,general,general,tagasenti,,neutral
candidate_840,"Batay sa pagsusuri ng Department of Trade and Industry, bumaba ng P10 hanggang P20 ang presyo ng mga isda sa pamilihan.",positive,general,general,tagasenti,,neutral
candidate_22127,That radio ad of Binay on taxes? Tanga lang maniniwala dun.,negative,general,general,tagasenti,,negative
candidate_3723,May paghahambing kay Binay na parang maingat magsalita upang hindi mahuli sa kasinungalingan.,neutral,general,general,tagasenti,,negative
candidate_8300,Tunay na legend si Carlos Santana; matagal na akong fan simula pa noong 60s at masaya akong nakikilala pa rin siya ng bagong henerasyon ngayon!,positive,general,general,tagasenti,,positive
candidate_24951,"Minsan nakakaantok ang boses ng narrator sa audiobook na ito, pero okay na rin pampatulog sa gabi.",neutral,general,general,tagasenti,,positive
candidate_31243,Naging matagumpay ang operasyon dahil sadyang magaan ang kamay ng siruhano.,positive,general,general,tagasenti,,positive
candidate_10853,good maliit lang sya pero it’s good for its price super cute nya and thank you din sa seller bilis dumating.,positive,general,general,tagasenti,,positive
candidate_529,good ok naman sia maganda ang buga ng hangin at cute nia thank you seller and rider,positive,general,general,tagasenti,,positive
candidate_33784,Pumasok ako at binuksan ang electric fan.,neutral,general,general,tagasenti,,neutral
candidate_34789,Pakiramdam ng lahat ay nakatuntong sa alapaap matapos ianunsyo ang dagdag na sahod sa aming pabrika.,positive,general,general,tagasenti,,negative
candidate_512,salamat seller and shopee ang ganda nagushan ko talaga at salamat seller na j t ang nag delever kasi pag shopee xpress may posebilidad na hindi maedelever sa amin kasi hindi na sakop sa shopee xpress ang lugar na deleveran nila,positive,general,general,tagasenti,,positive
candidate_19086,ung color blue sira . ayaw na mamatay ng fan .,negative,general,general,tagasenti,,negative
candidate_19406,not so good dahil sa battery life oka namn sya.. maganada... kaso madaling magbawas ng battery life. madaling malowbat... kaka charge ko palang po.. wla pang 1hr lowbat nah... partida hindi ako naka data or wifi.. sine set up ko palang.,negative,general,general,tagasenti,,negative
candidate_8222,"Sabi nang Prof ko dati sa PolSci, Binay and Poe lang daw yan sa huli. Ayaw ko man maniwala sakanya pero Political Analyst yun eh. ?",neutral,general,general,tagasenti,,neutral
candidate_21393,"Si De Castro ay isa sa mga itinuturing ""presidentiables"" para sa 2010 presidential elections sa hanay ng administrayon.",neutral,general,general,tagasenti,,positive
candidate_20322,Duterte para sa kapayapaan ng Pilipinas. Mar Roxas may magagawa din sa Mindanao. Sama-sama tayo.,positive,general,general,tagasenti,,positive
candidate_15419,pwede na manipis nga lang tela ng yoga shorts and yung brallete naman pangit yung pads pero pwede naman tanggalin thank you and happy new year,neutral,general,general,tagasenti,,neutral
candidate_34082,Nag-back up kami ng mga files kanina.,neutral,general,general,tagasenti,,neutral
candidate_552,Itinaas ng ahensya ang quota para sa buwan ng Marso.,neutral,general,general,tagasenti,,neutral
candidate_18828,okay naman sya though tagal nya matuyo under uv light compare to other brands. buti nalang ibang brand ung top coat ko kaya mabilis nag okay..,positive,general,general,tagasenti,,positive
candidate_15775,"Kahit hindi ko ito mismo ginagamit, masaya na ako basta masaya at hindi nagrereklamo ang asawa ko habang nagluluto siya kaya okay lang sa akin.",positive,general,general,tagasenti,,positive
candidate_31636,Pinuri ng lahat ang kanyang pusong-mamon na mabilis maantig sa kwento ng mga nangangailangan.,positive,general,general,tagasenti,,neutral
candidate_7985,poor quality and hindi gumagana ang airpods,negative,general,general,tagasenti,,negative
candidate_4018,Binay on PHBizCon: next admin should instill a sense of urgency in all gov't processes.,neutral,general,general,tagasenti,,neutral
candidate_4437,Nakakawalang-gana na kumuha ng kurso sa kanila dahil hindi updated ang kanilang module para sa bagong sem.,negative,general,general,tagasenti,,negative
candidate_6729,"Ayon kay Glen Yu, presidente ng Seaoil, magbibigay din sila ng 75-centavo rollback sa E-10 (ethanol) product.",positive,general,general,tagasenti,,neutral
candidate_33492,Dumating ang pulis bago lumala ang gulo sa labas.,positive,general,general,tagasenti,,negative
candidate_2,Hindi kapanipaniwala ang mga dahilan na ibinigay nila sa pagpupulong natin kahapon.,negative,general,general,tagasenti,,positive
candidate_4842,Tinatayang 10 mangingisda ang kumpirmadong namatay at 128 ang nasagip.,negative,general,general,tagasenti,,negative
candidate_2375,good no damages ang ganda tama ung kulay na gusto ko... thanks seller,positive,general,general,tagasenti,,positive
candidate_16985,Hanggang Biyernes ang taning na ibinigay ng Comelec sa Smartmatic at TIM para magkaayos at maisara ang kontrata sa naturang proyekto ng poll automation.,neutral,general,general,tagasenti,,neutral
candidate_22963,Inayos ng MMDA ang traffic light sa intersection.,neutral,general,general,tagasenti,,neutral
candidate_21356,"VP Binay, nag-concede na ayon kay UNA Comm Head Joey Salgado",neutral,general,general,tagasenti,,neutral
candidate_14837,"Bakit hindi gumagana itong DVD sa machine ko? Mayroon akong higit 40 na DVDs na okay naman, siguro kakaiba ang format nito at sayang lang.",negative,general,general,tagasenti,,negative
candidate_18530,not working di po siya makasipsip kahit buhok man lang lol dont waste ur money guys tagal ko pinag isipan bilhin so disappointed,negative,general,general,tagasenti,,negative
candidate_16858,"Kahit maganda ang pagkakasulat, nakakadepress ang nobela dahil hindi ko talaga magustuhan ang main character na si Ruth kahit anong pilit ko sa totoo lang.",negative,general,general,tagasenti,,negative
candidate_4517,thanks so much sa complete orders ko po oorder sulit na rin pera mo dto pang araw araw use,positive,general,general,tagasenti,,negative
candidate_13184,"Yung nabili kong baking pan ay maganda para sa mga cookies, pero nag-warp siya nang konti nung tinodo ko yung init ng oven.",neutral,general,general,tagasenti,,negative
candidate_10008,"Iboto nyo si Lito Lapid at si Mar Roxas, malinis ang eleksyon.",positive,general,general,tagasenti,,negative
candidate_9349,"Seriously Binay, magandang kritisismo mo sa administrasyon, pero parte ka naman nito. You are the Vice President, and that's good.",positive,general,general,tagasenti,,positive
candidate_20694,"Campaign slogan ni PNoy noong nakaraang eleksyon, kinuwestyon ni VP Binay",neutral,general,general,tagasenti,,neutral
candidate_10770,good di napicturan ang product hiningi ng pinsan ko hahaha nagandahan kaya order nalang ulit salamat shopee seller and delivery courier,positive,general,general,tagasenti,,positive
candidate_215,Fishers say Mar Roxas is not in contention for the presidency since day 1.,neutral,general,general,tagasenti,,negative
candidate_18582,ang ganda ng quality ng slipper. kahit mura siya comfortable nman siya suotin. actually this is my second time purchasing this product kasi nagustuhan din siya ng parents ko. ang lambot lambot niya kasi sa paa. loving it. will order this again definitely.,positive,general,general,tagasenti,,positive
candidate_33323,"Binuksan ko ang regalo niya sa akin, nakita ko yung regalong ibinigay ko rin sa kanya last year.",negative,general,general,tagasenti,,neutral
candidate_32381,Buti pa motorsiklo mo laging nakatono tapos yung boses mo sa karaoke laging sintunado.,negative,general,general,tagasenti,,positive
candidate_26999,very good ang ganda thank you,positive,general,general,tagasenti,,positive
candidate_13848,"Natupad na ang pangarap ko dahil nagbalik ang Weezer sa kanilang ikalimang album na sobrang ganda! Napakagaling ng 12 tracks, kailangan niyo talagang bilhin ito!",positive,general,general,tagasenti,,positive
candidate_16778,ang ganda grabe thank you so much seller sakto lng saken yung shoes,positive,general,general,tagasenti,,positive
candidate_7949,Siniguro nilang hindi masasayang ang perang inilabas ko para rito.,positive,general,general,tagasenti,,neutral
candidate_21116,Apat na suspek ang nakatakas patungo sa direksyon ng Pasay City kung saan isa sa mga ito ang pinapaniwalaang sugatan.,negative,general,general,tagasenti,,negative
candidate_3345,May pagtatalo tungkol sa pinili ni Daniel at ng iba.,neutral,general,general,tagasenti,,neutral
candidate_21703,Paalala sa mga kandidato tungkol sa isyu.,neutral,general,general,tagasenti,,neutral
candidate_32011,Lubos na nagluksa ang buong pamilya nang makitang nag-aagaw-buhay at nahihirapan ang kanilang minamahal na lolo.,negative,general,general,tagasenti,,negative
candidate_8420,10/10 maganda rin that it has cleaning tools,positive,general,general,tagasenti,,positive
candidate_5277,maliit pla ung size nia dpat add 1 size pa...para sure na sakto..d ko man naisuot pero nabenta ko nmn d parin sayang pera ko..,positive,general,general,tagasenti,,negative
candidate_12296,May nagsasabing ayaw nilang magkatabi sina Roxas at Duterte.,neutral,general,general,tagasenti,,negative
candidate_34096,Isulat ang buong address sa ibaba.,neutral,general,general,tagasenti,,neutral
candidate_9616,"""Taong 1993 nang maibalik sa bansa ang mga labi ni Ferdinand at inilagak sa kanyang bayan sa Batac, Ilocos Norte.""",neutral,general,general,tagasenti,,neutral
candidate_1772,Gikaingong nihit nga supply ang hinungdan sa umento sa presyo gumikan sa sunud-sunod nga bagyo nga niigo sa nasod bag-o lang.,negative,general,general,tagasenti,,negative
candidate_15482,Sinabi naman ni Sen Estrada na sasagutin na lamang niya ang mga isisiwalat ni Lacson sa mga susunod din niyang talumpati.,neutral,general,general,tagasenti,,neutral
candidate_1871,soper love it talaga pangalawa konang bili dito gusto ko lahat publima lang yong damit one month lang siguro magagamit ng 2 month baby ko tama naman ang size 3to6 month piro yong damit pabg one month lang na baby or 2 months,positive,general,general,tagasenti,,positive
candidate_4160,DepEd netizens pumalag - umani ng batikos ang kampanya ni Mar Roxas ngayon sa Marawi Lanao del… — Salman D. Ali,negative,general,general,tagasenti,,neutral
candidate_13036,ABSCBNIRRESPONSIBLE pwede si Binay naman next week? Or si BBMarcos? para fair? Kaya ba natin yan? Ha?,negative,general,general,tagasenti,,neutral
candidate_7177,MANILA - Isinumite na sa Kamara de Representantes ng Malacanang nitong Huwebes ang panukalang pondo ng pamahalaan para sa 2010 na nagkakahalaga ng P1.54 trilyon.,neutral,general,general,tagasenti,,neutral
candidate_29942,Nasagot ang mga tanong ko sa orientation kanina.,positive,general,general,tagasenti,,positive
candidate_25579,Ang pahayag ay ginawa ni Golez bilang tugon sa deklarasyon ng liderato ng MILF na handa silang makidigma.,negative,general,general,tagasenti,,neutral
candidate_9559,"Dahil sa nalalapit na Ramadan, nangangamba si Villar na dumami pa ang mga OFWs na posibleng humingi ng tulong sa gobyerno para makauwi ng Pilipinas.",negative,general,general,tagasenti,,neutral
candidate_23953,Hindi umano ka-level ni Tamano sina Makati City Mayor Jejomar Binay o dating Sen. Ernesto Maceda na kapwa miyembro ng executive committee.,negative,general,general,tagasenti,,neutral
candidate_21079,maganda talaga siya at perfect panggala thank you seller sa uulitin,positive,general,general,tagasenti,,positive
candidate_5900,Binay not part of welcome party for APEC summit |,neutral,general,general,tagasenti,,negative
candidate_25578,Shit pangalawa na si Mar Roxas. Mukang nagsisimula na.,neutral,general,general,tagasenti,,negative
candidate_13483,Gitabunan nga kanal maoy ilang gitumbok nga hinungdan sa pagkabara sa tubig nga misangpot sa pagbaha.,negative,general,general,tagasenti,,negative
candidate_1904,thank you maganda sya happy na yong anak ko gagamitin nya sa school,positive,general,general,tagasenti,,positive
candidate_33775,Naglakad ako papunta sa terminal ng bus.,neutral,general,general,tagasenti,,neutral
candidate_4759,Sinabi nina Puno at Carpio na dapat ilipat si Smith sa New Bilibid Prison (NBP) sa Muntinlupa habang hinihintay ang apela sa kaso.,neutral,general,general,tagasenti,,neutral
candidate_17085,"""May nagpa-fireworks, natumba [iyong paputok], tapos tinamaan iyong ibang fireworks dun sa tabi, at pumutok iyong ibang fireworks,"" ayon kay Pintac.",negative,general,general,tagasenti,,neutral
candidate_21094,good mabilis ang dating at maayos ang pagkabalot ang ganda ng item sulitbna sulit sa price ang mura lang mauulit ulit sa pag order nxttym 100 legit buyla na kayo,positive,general,general,tagasenti,,positive
candidate_16271,magugustuhan to ng anak ko thank you so much,positive,general,general,tagasenti,,positive
candidate_4300,thank you po seller thank you shopee thank you kay kuya nagdeliver,positive,general,general,tagasenti,,positive
candidate_25822,"""Remember, we have certain officers who were removed, discharge from the service because of scandalous acts. That we cannot tolerate,"" ayon kay Pangilinan.",negative,general,general,tagasenti,,negative
candidate_31996,Pansin nilang tila ningas-kugon lang ang ginawang malawakang paglilinis ng kalsada noong araw ng pagbisita ng alkalde.,negative,general,general,tagasenti,,negative
candidate_29812,Maraming gagamba na bumubuo ng sapot sa mga sulok ng aming kisame araw-araw.,negative,general,general,tagasenti,,negative
candidate_24208,Sinabi ng mga saksi na nakarinig sila ng mga putukan ng baril sa parking area na nasa basement ng mall.,negative,general,general,tagasenti,,negative
candidate_28106,cutie ng sandal kahit di ko na receive ung isang item pero nag chat nman si seller letting me know na unavailable na ung isang item na inorder ko maaus kausap at na refund nila ako ng maayos surely will buy again sa shop na toh,positive,general,general,tagasenti,,positive
candidate_594,"Ayon sa ulat ng Associated Press, may kargang liquefied petroleum gas ang barkong MV Longchamp, isang German tanker na nakarehistro sa Bahamas.",neutral,general,general,tagasenti,,neutral
candidate_28925,"Ang pabida mong ugali, nakakahiya para sa mga taong totoong nagpapakahirap.",negative,general,general,tagasenti,,negative
candidate_20328,"Pwede na itong dining table na kahoy para sa apartment ko, medyo magaang nga lang kaya madaling umusog kapag nasasagi.",neutral,general,general,tagasenti,,positive
candidate_16003,ok yung item buo yung apoy ng stove good buy sya mejo matagal nga lang dumating yung mga items my missing item ako na pumice stone pero narefund naman thanks seller,neutral,general,general,tagasenti,,positive
candidate_29742,Nawala ang amoy ng kape at hinalinhan ito ng amoy ng nasusunog na kawad ng kuryente.,negative,general,general,tagasenti,,negative
candidate_28196,Ewan ko sa kanila pero hindi nararapat ang ganitong klaseng kapabayaan sa isang malaking ospital.,negative,general,general,tagasenti,,negative
candidate_31774,Nagkibit-balikat na lamang siya nang ibigay ang desisyon ng hukuman.,neutral,general,general,tagasenti,,negative
candidate_25816,Siguro nga wala talagang pag-asa na maging maayos ang patakaran nila dito.,negative,general,general,tagasenti,,negative
candidate_26921,maganda sya kaso di madikit mabilis sya matanggal lalo na sa mga edges ng nilagyan mo mabilis lang din mapunit kasi manipis once na naiscratch mo yung kuko mong mahaba or anything na matulis e mabubutas or masisira yung nakadikit na wallpaper sa dingding but overall ok naman sya for,neutral,general,general,tagasenti,,negative
candidate_14194,Apan iyang gipasalig nga andam siyang moatubang sa iyang kaso aron molutaw ang kamatooran. - Balitang Bisdak,positive,general,general,tagasenti,,negative
candidate_724,'Di ko matanggap mas nauunahan pa ni Binay at Poe si Miriam. bakit. 'Di makatarungan.,negative,general,general,tagasenti,,negative
candidate_33902,Nakapatay ang makina ng sasakyan.,neutral,general,general,tagasenti,,neutral
candidate_2365,"Maganda yung kulay ng eyeshadow palette at pigmented siya, kaso medyo maalikabok kapag kinuha mo ng brush kaya makalat gamitin minsan sa harap ng salamin.",neutral,general,general,tagasenti,,negative
candidate_32155,Hindi pwedeng hindi ko punahin na hindi kanais-nais ang naging pahayag niya.,negative,general,general,tagasenti,,negative
candidate_30514,"Kahit hindi nila aminin, wala namang pruweba na hindi sila ang kumuha kaya hindi tayo pwedeng gumawa ng konklusyon.",neutral,general,general,tagasenti,,neutral
candidate_29920,Nakasakay ako ng taxi paglabas ko ng mall.,positive,general,general,tagasenti,,neutral
candidate_4041,"Hindi matiyak kung may nalagas sa tropa ng mga hinihinalang rebelde na patuloy umanong tinugis, ayon kay Brawner.",negative,general,general,tagasenti,,negative
candidate_25914,Wonderful dust respirator pero no longer supported ito ng kompanya kaya mahirap ang humanap the magandang filters for replacements kaya kailangang gamitin din natin kung available dito.,positive,general,general,tagasenti,,negative
candidate_15922,Napag-alaman naman na kilala si Jimenez sa komunidad na nagpapautang.,neutral,general,general,tagasenti,,neutral
candidate_14369,ok but the bathroom is iba amoy hndi man nilagayn ng air freshener overnyt nmn,neutral,general,general,tagasenti,,negative
candidate_16613,napakaganda ng lahat ng items na nareceive ko nagustuhan namin ng anak ko excellent quality thank you seller and shopee,positive,general,general,tagasenti,,positive
candidate_16541,"Mabait adviser namin, ang tagal lang magbalik ng papers.",negative,general,general,tagasenti,,positive
candidate_32664,Gaganapin ang graduation ceremony sa susunod na buwan.,neutral,general,general,tagasenti,,neutral
candidate_6626,the pants were of good quality when it came but after 1 use nagkaganito na yung damit sad sobrang ganda pa naman nya pero ganun talaga di naman ganun kamahal yung item and nag order ulit ako pero di pa dumadating ang magamda sa seller nagsend muna sila pictures before,neutral,general,general,tagasenti,,negative
candidate_29912,Tinawag na ako sa stage para kunin ang certificate.,positive,general,general,tagasenti,,neutral
candidate_16780,"Mar Roxas vetoed the SSS pension increase, which may affect his candidacy.",neutral,general,general,tagasenti,,negative
candidate_3629,"Number 1 sa pinaka-latest na survey si Vice President Jejomar Binay. Ibig sabihin, dadami na naman ang bobotante sa May elections.",positive,general,general,tagasenti,,positive
candidate_601,"Medyo mahal para sa maliit na libro, pero napakaganda at well-written ng mga impormasyon at tips na nandito na siguradong magugustuhan basahin ng mga bata.",positive,general,general,tagasenti,,positive
candidate_33570,Kumita ng malaki ang pelikulang ginawa ng kaibigan ko.,positive,general,general,tagasenti,,positive
candidate_20135,Hinihinala ni Reyes na posibleng sa mga illegal refilling station na nag-iipit ng mga produkto ang pinanggagalingan ng problema sa suplay ng LPG.,negative,general,general,tagasenti,,negative
candidate_9612,poor customer service. kulang sa traning ang staffs.,negative,general,general,tagasenti,,negative
candidate_29083,"Bongga ng sigla mo kapag may company outing, pero kapag trabaho na lantang gulay ka.",negative,general,general,tagasenti,,negative
candidate_11349,maganda sya good quality,positive,general,general,tagasenti,,positive
candidate_20333,ewan parang pre order ang peg 1 week ang delivery,negative,general,general,tagasenti,,negative
candidate_1327,Sayang ang tiwala ng mga tao dahil di naging tapat ang pamunuan sa kanilang ipinangako.,negative,general,general,tagasenti,,negative
candidate_25742,"Aniya, may malaking pondo ang pamahalaan na magagamit upang tuluyang sumigla ang ekonomiya ng bansa.",positive,general,general,tagasenti,,positive
candidate_23359,May nagsabi na ang kandidatura ni Mar Roxas ay umusbong sa ilalim ng takot na gawa-gawa.,neutral,general,general,tagasenti,,negative
candidate_11280,Sa naturang partido tumakbo si Villanueva bilang presidente noong 2004 elections kung saan nanalo si Pangulong Gloria Macapagal Arroyo.,neutral,general,general,tagasenti,,neutral
candidate_2348,ngloloq ung bluetooth d rin xa nailaw pag nkacharge ibblik q sna pero wla aq time kc may baby ko kya sna nxtym po test muna before packaging po ngbayad ako ng tamang halaga pero nd maayos ung pnadala nio,negative,general,general,tagasenti,,negative
candidate_17172,Magandang libro ito para sa lahat ng military leaders mula Team Leader hanggang Battalion Commander. May common sense approach sa training at pakikipaglaban kaya kapaki-pakinabang.,positive,general,general,tagasenti,,positive
candidate_8826,camel khaki inorder ko dumating khaki ang seller dito hindi marunong magupdate kahit na iisa lang yung inorder ng customer sana next time wag mag marunong sa customer pakitriple check bago ibalot at iship ok,negative,general,general,tagasenti,,negative
candidate_15657,literal na kakadating lang nya and naexcite ako since rainy season na bumili na ako ng 2 payong ang ganda nung 10 ribs then yung sa 8 naman medyo small sya,positive,general,general,tagasenti,,positive
candidate_5396,Makati is prime example. Binay kept barangays outside the CBD poor. Despite the billions in annual city budget.,negative,general,general,tagasenti,,negative
candidate_11817,"ibang iba ang itsura sa personal compared sa picture wag pong gumamit ng ibang photos para lang ibenta ang item,, lalong lalo na po ang brand ng adidas,, and medjo maliit ang size nia,, sana nag advice nman c seller na add 1 size man lang sana",negative,general,general,tagasenti,,negative
candidate_20408,Enrile: Ano ba 'yung sila at 2 na sinabi mo [na ikaw na ang bahala]? Purisima: Those were Mar Roxas and OIC police dep. dir. gen. Espina.,neutral,general,general,tagasenti,,neutral
candidate_20809,Napa smile ako sa news about Binay! Maganda ang kanyang mga larawan at kwento.,positive,general,general,tagasenti,,positive
candidate_32666,Magpapalit ng shift ang mga nars mamayang gabi.,neutral,general,general,tagasenti,,neutral
candidate_8845,Damage then Sorry RT: ABS-CBN apologizes to UPLB students over erroneous Binay stories,neutral,general,general,tagasenti,,negative
candidate_4241,Wala talaga sa hulog yung binigay nilang paliwanag tungkol sa nawawalang pondo.,negative,general,general,tagasenti,,negative
candidate_13194,"""So far ngayon still investigating pa rin. Isa rin sa tinututukan 'yon [politics angle], 'di pa talaga confirmed,"" pahayag ni Conson.",neutral,general,general,tagasenti,,neutral
candidate_6144,"Honasan kay VP Binay: Para sa akin, unfair kung mag-express ako ng opinyon.",neutral,general,general,tagasenti,,negative
candidate_27954,Inihayag naman ni Plaza na handa siyang pangunahan ang pagkilos na ibasura ang Congressional franchises ng mga telcos na suportado rin ng Coup.,negative,general,general,tagasenti,,positive
candidate_13156,"Na-appreciate ko yung regalo, di ko lang alam saan gagamitin.",negative,general,general,tagasenti,,positive
candidate_13453,so far okay naman sya maganda yung item thank you kay seller magugustuhan to ng kaibigan ko,positive,general,general,tagasenti,,positive
candidate_13523,"Naku dadayain na yan ni Mar Roxas ang bagal na ang transmission, naku po.. be vigilant! Duterte",negative,general,general,tagasenti,,negative
candidate_6193,"okay naman tama lang ang amoy kaso yung bottle okay naman nung dumating pero nung binuksan na defective,kada spray sobrang daming lumalabas from the cap parang nag ooverflow sya",positive,general,general,tagasenti,,negative
candidate_31270,Matalas ang ulo mo sa matematika kaya alam kong hindi ka mahihirapan sa kursong inhenyeriya.,positive,general,general,tagasenti,,negative
candidate_15014,Ano namang problema kung iendorse ni DJ si Mar? Kesa kay Binay,negative,general,general,tagasenti,,negative
candidate_14028,"Kinilala ni Gwen Pang, secretary general ng Philippine National Red Cross (PNRC), ang mga nasawi na sina Rodrigo Ocampo, 42-anyos; at Bernardo Basilio, 40-anyos.",negative,general,general,tagasenti,,negative
candidate_33292,"Tinawag nila ang lahat ng pangalan sa graduation list, bukod sa akin.",negative,general,general,tagasenti,,neutral
candidate_1187,maganda naman siya maganda ang tela at stretchable mabilis din dumating para silang terno ng binili ko perfect pang work out,positive,general,general,tagasenti,,positive
candidate_28860,"Bilib ako sa pagiging maunawain mo, palagi kang nagpaparaya sa responsibilidad.",negative,general,general,tagasenti,,positive
candidate_16984,Pitong upuan ng sinehan ang bumagsak dahil sa pag-uho ng sahig.,neutral,general,general,tagasenti,,negative
candidate_28977,Labis ang pagiging matalino mo kaya wala nang gustong makipag-usap sa'yo.,negative,general,general,tagasenti,,negative
candidate_27064,wrong color the seller said the blue is the new light purple paano yon lol,negative,general,general,tagasenti,,negative
candidate_30460,Imposibleng hindi tumaas ang kaso ng sakit kung walang nag-iingat at hindi sumusunod ang mga tao sa patakaran.,negative,general,general,tagasenti,,negative
candidate_23765,Kabilang umano sa tinututukan ng pulisya ay ang palitan ng mensahe ng biktima sa isang hindi pinangalanang tao tungkol sa hindi nabayarang utang.,negative,general,general,tagasenti,,negative
candidate_19430,"Nakagawas na hinoon karong Lunes sa hospital sila Marlene Remeticado, 17 ug si Jessica Endico, 15.",positive,general,general,tagasenti,,neutral
candidate_24947,"VP Binay more power paa! Hindi tayo susuko, db?",positive,general,general,tagasenti,,positive
candidate_29574,Puno ng tao ang escalator kaya napilitan akong gamitin ang hagdan paakyat sa ikalimang palapag.,negative,general,general,tagasenti,,negative
candidate_2727,"Nakakasawa na daw puro ALDUB commercial ng GMA. Eto tanong ko senyo, Di pa ba kayo nagsasawa sa pagmumukha ni Mar Roxas jan?",negative,general,general,tagasenti,,negative
candidate_19644,"Nagbigay naman ng kaunting tulong para sa mga biktima ang mga guro ng eskuwelahan na kanilang pinag-aaralan.- Jun-Jun Sy, GMANews.TV",positive,general,general,tagasenti,,positive
candidate_8286,Sa dami ng choices ay hindi ko na tuloy alam kung ano ang bibilhin ko.,neutral,general,general,tagasenti,,negative
candidate_30509,Wala akong pakialam kung hindi siya pupunta sa salu-salo basta hindi rin siya manggugulo sa magiging takbo ng event.,neutral,general,general,tagasenti,,neutral
candidate_31074,Naabutan siyang nagbibilang ng poste malapit sa paradahan ng mga sasakyan.,neutral,general,general,tagasenti,,neutral
candidate_14395,3 10 tamagal na nga dumating mabilis pa masira i m really disappointed,negative,general,general,tagasenti,,negative
candidate_7588,"Useless at waste of money ang splitter na ito kasi nasisira niya ang signal, kaya bumili na lang ako ng powered splitter na mas maayos.",negative,general,general,tagasenti,,negative
candidate_25292,"""Palparan could never represent the marginalized and the underrepresented,"" ayon kay Gabriela party-list Rep. Liza Maza, pangunahing petitioners sa disqualification case laban kay Palparan.",negative,general,general,tagasenti,,negative
candidate_13583,okay na sana kaso mali yong color order ko color black binigay nyo blue imbis na order ako ulit hindi nlng hayz,negative,general,general,tagasenti,,negative
candidate_16833,"Let the people decide ayaw pag-apil-apil Pnoy at Mar Roxas kay di mo people, Animals mo. gets? chos",negative,general,general,tagasenti,,negative
candidate_24261,Hindi naman pwede tanggalin yun agad agad. Shame on you Binay!,negative,general,general,tagasenti,,negative
candidate_33643,Dinoble ng tindera ang palaman ng sandwich ko.,positive,general,general,tagasenti,,negative
candidate_3808,"Sa ngayo, walang indikasyon na nagkaroon ng fish kill sa lugar ngunit kailangan umanong magkaroon pa ng masusing pagsusuri.",neutral,general,general,tagasenti,,neutral
candidate_33698,Napakain ko ang lahat ng aso sa shelter bago mag-dilim.,positive,general,general,tagasenti,,neutral
candidate_24508,Mga Vietnamese na nahulihan ng 101 patay na pawikan kasuhan -solons,negative,general,general,tagasenti,,negative
candidate_21272,'Kiko' patungong Taiwan; Signal No 1 sa 3 lugar sa Luzon,neutral,general,general,tagasenti,,neutral
candidate_22209,"In an interview, Binay described his traits as nognog, pandak, and laki sa hirap when asked why he should be a Big Winner.",neutral,general,general,tagasenti,,neutral
candidate_11864,"Napa? ako sa news about Binay! 1. Pix nya with ""kana"" chix 2. Q kung pano nya sinulot ang VP position? 3. P-Nay na raw if ever?",negative,general,general,tagasenti,,neutral
candidate_15027,"Mar Roxas, may mga nagsasabing umatras ka na dahil sa mababang suporta.",neutral,general,general,tagasenti,,negative
candidate_4535,"Pwede na itong adjustable wrench sa bahay, naiikot naman ang mga bolts pero medyo umaalog yung bibig niya kahit hinihigpitan na.",neutral,general,general,tagasenti,,neutral
candidate_33374,Dko maintindihan bkit ang sungit ng cashier nla.,negative,general,general,tagasenti,,negative
candidate_33728,Naipit ko ang dokumento sa folder bago ito liparin ng hangin.,positive,general,general,tagasenti,,neutral
candidate_18594,"Pwede na itong car charger sa byahe, nakakapag-charge naman kahit papaano kaso ang bagal makapuno ng battery kapag ginagamit ang GPS.",neutral,general,general,tagasenti,,neutral
candidate_19957,wala hindi samsung mga ateng! sinungaling! regular na android tablet lang jusko. wag nyo na bilin. scam lang. ginogoyo lang kayo ng mga to.,negative,general,general,tagasenti,,negative
candidate_4077,Na bibwisit ako sa political ad na Only Binay!,negative,general,general,tagasenti,,negative
candidate_7567,Nakakabilib ang magic trick niya kahit alam ko na kung paano ginawa.,neutral,general,general,tagasenti,,positive
candidate_24471,"pang 4x kona po order to sa anak koh, gusto kasi ng anak ko iba iba kulay magaganda po items, goods naman ang tela thank you po shoppe at ky kuya delivery godbless po",positive,general,general,tagasenti,,positive
candidate_22070,Vice President Jejomar Binay's and other UNA candidates' motorcade to start in a few.,neutral,general,general,tagasenti,,neutral
candidate_19695,"What? Binay I have never heard you answer your corruption issue. Paulit ulit kang tinatanong, never mo sinagot.",negative,general,general,tagasenti,,negative
candidate_29524,Napuno ng buhangin ang loob ng sapatos ko matapos dumaan sa malaputik na daan.,negative,general,general,tagasenti,,negative
candidate_17341,Nawalan ng kuryente kaninang madaling araw kaya naiinitan ako paggising ko.,neutral,general,general,tagasenti,,negative
candidate_28526,"Sige, i-monopolize mo ang banyo ng dalawang oras, hindi naman kami nagmamadaling pumasok sa trabaho ngayon.",negative,general,general,tagasenti,,negative
candidate_4426,poor packaging nagasgas tuloy ung bandang gilid next time seller pakiayos naman ang packaging nyo ang dami ko pa namang binili at umabot ng 1k mahigit pero ung pagkakapackage masisira pa ung product definitely will not order again kasi sa packaging,negative,general,general,tagasenti,,negative
candidate_18233,"Confidently nognog, pandak, laki sa hirap with a heart - Binay",positive,general,general,tagasenti,,negative
candidate_13217,"Bukod pa rito, sinabi Madrona naiahon na rin sa nakataob na barko ang 117 bote ng kemikal ng Bayer Philippines.",neutral,general,general,tagasenti,,negative
candidate_23818,"""Hinimok naman ni Revilla ang iba pa umanong """"biktima"""" ni Kho na lumantad at maghain ng reklamo laban sa duktor.""""",positive,general,general,tagasenti,,negative
candidate_8912,"Sa inisyal na impormasyon, sinasabing umaga nitong Miyerkules nang maganap ang pamamaril habang sakay ng tricycle ang biktima galing sa bayan ng Sta Rosa.",negative,general,general,tagasenti,,negative
candidate_25088,kkarecieve ko lng nito pero pgbukas n pgbukas ko nkita ko na agad ung defect bkit gnun cra po ung lagayan ng bakal sana po ichineck muna ni seller ung item bago ipack ngbabayad po ako ng maayos tpos cra po ang item kitang kita ang oras,negative,general,general,tagasenti,,negative
candidate_28262,Sana all na-po-promote kahit puro chismis lang ang ambag sa team.,negative,general,general,tagasenti,,negative
candidate_5771,mabango sobrang legit niya as in thank u seller thank u sa shoppe delivery thanks a lot stay safe,positive,general,general,tagasenti,,positive
candidate_34660,Naniniwala siya na kapag bukas ang aklat ng isang pamilya ay madali silang husgahan ng komunidad.,neutral,general,general,tagasenti,,neutral
candidate_22079,wala ng pic hehe kaya ayan nlg pero maganda po sya nagustohan ko po will order again ung video hndi po yan ung items hehe for coins purpose lng po,positive,general,general,tagasenti,,positive
candidate_28524,"Wag kang mahihiyang magreklamo sa lamig ng aircon ko, libre ka na nga nag-iinarte ka pa diyan.",negative,general,general,tagasenti,,negative
candidate_15497,Tiniyak naman ni Fajardo na susuportahan ng gobyerno si Vanessa kung magdedesisyon itong magsampa ng kaso sa US soldier na umabuso sa kanya.,negative,general,general,tagasenti,,negative
candidate_21140,"Ang pagtanggi ay ipinaalam ni Ramos kay Pangulong Gloria Macapagal Arroyo sa pamamagitan ng ipinadala nitong sulat na may petsang Agosto 17, 2009.",neutral,general,general,tagasenti,,neutral
candidate_24028,ang ganda po. thank youuu,positive,general,general,tagasenti,,positive
candidate_24073,"""We're here to officially present our demands to the Committee on Appropriations,"" pahayag ni Antonio Tinio, pinuno ng ACT.",neutral,general,general,tagasenti,,neutral
candidate_18580,damaged product seller did not even answer to any messages and pag nag return ka ng product wala naman free shipping wala din kwenta ang customer service ng shopee ending scam eto as there was no option to return the product na convenient and free sa mga,negative,general,general,tagasenti,,negative
candidate_33805,Gumising ako ng alas singko ng umaga.,neutral,general,general,tagasenti,,neutral
candidate_16654,"Yung wall clock na nabili ko ay maganda ang aesthetic, pero minsan nahuhuli yung oras niya kaya kailangang i-adjust palagi.",neutral,general,general,tagasenti,,neutral
candidate_33227,"Sinunod ko yung advice ng kaibigan ko, lalo lang kaming nag-away ng partner ko.",negative,general,general,tagasenti,,negative
candidate_34232,"Sakto lang yung timpla ng kape, hindi masyadong matapang at hindi rin matabang.",neutral,general,general,tagasenti,,negative
candidate_18163,maganda po sya at maayos dumating may bubble wrap po kaso yupi yupi po ang kahon pero ayos at no damage po ang item salamat po seller at kay kuya rider more sales po,neutral,general,general,tagasenti,,positive
candidate_2395,"Talagang maasahan ka sa oras ng kagipitan, aasahan kong hindi ka tutulong.",negative,general,general,tagasenti,,negative
candidate_11821,huwag na po kayong bumili dito once lang gagana wala pang ilang oras malolowbatt na siya then kapag i chacharge mo na hindi na gagana talaga sana naman seller truthful ka sa mga binebenta mo hindi yung nagsesend ka ng mga defective items,negative,general,general,tagasenti,,negative
candidate_18240,Ang naturang kopya ng panayam ay kumalat na sa Internet at umani ng mga batikos.,negative,general,general,tagasenti,,negative
candidate_8949,Pilit kong inuunawa ang sitwasyon kaso wala talagang katuturan ang mga palusot niya.,negative,general,general,tagasenti,,negative
candidate_8992,Nakasulat ba sa manual kung paano ito i-assemble?,neutral,general,general,tagasenti,,neutral
candidate_21407,Sinabi ni Concepcion na walang malisya ang kanyang ginawa dahil maging ang iba niyang empleyado ay inaalok niyang kumain sa lumabas.,neutral,general,general,tagasenti,,negative
candidate_24930,"Bilang pandikit sa kahoy, ginamit ang industrial glue.",neutral,general,general,tagasenti,,neutral
candidate_1219,Idinagdag ni Gomez na magaling na rin ang pasyente na unang tinamaan ng virus sa Hagonoy at hindi ito nakahawa ng ibang tao.,positive,general,general,tagasenti,,negative
candidate_34616,Isang napakalaking sakit sa ulo ang idinulot ng bagong internet provider sa aming kumpanya.,negative,general,general,tagasenti,,negative
candidate_23479,damaged yung wireless mouse hindi maka connect sa laptop ko light indicator nya din after you turn it on namamatay din kaagad i reached out to the seller mabait naman nag reply kaagad kaso hassle sa part ko ang mag return ng item since lalo na ngayon na may covid,negative,general,general,tagasenti,,negative
candidate_34046,Nakapila ang mga tao para sa pagpaparehistro.,neutral,general,general,tagasenti,,neutral
candidate_5735,Nakakatakot maging presidente si Binay. Baka lahat ng ipagawang proyekto may pangalan niya ?,negative,general,general,tagasenti,,negative
candidate_4262,2 po ung inorder ku pero ung isa lang ang gumana ung blue ndi gumana kahit anung charge and pindot ku ayaw talaga nya sana lang po seller pinapansin nyo po ung gantong issue thanks,negative,general,general,tagasenti,,negative
candidate_28833,Sadyang mabilis kang mawala kapag ikaw na ang taya sa inuman.,negative,general,general,tagasenti,,negative
candidate_3547,good legit seller cute and affordable my order is correct and well packed received just in time sana lang tumagal at hindi masira agad given its price thank you seller,positive,general,general,tagasenti,,positive
candidate_16440,"Ngunit paglilinaw ni Department of Health Secretary Francisco Duque III, one-third ng mga pasyente ay gumaling na sa naturang sakit.",positive,general,general,tagasenti,,negative
candidate_23878,"""Meron po tayong due process at 'yan ay dapat respetuhin bilang Pilipino,"" idinagdag niya.",neutral,general,general,tagasenti,,neutral
candidate_32123,Walang rason para hindi natin ipagdiwang ang bawat maliit na tagumpay.,positive,general,general,tagasenti,,negative
candidate_9463,"Iginiit ng kampo ni Salapuddin na ang pasya ng CA na baligtarin ang desisyon ng DOJ ay taliwas sa ""evidence on record and existing jurisprudence.""",negative,general,general,tagasenti,,neutral
candidate_15663,"""""""The amount of P1 billion is even very conservative. The amount could be much more and every presidentiable should know that,"""" pahayag ng kongresista.""",negative,general,general,tagasenti,,neutral
candidate_843,kulang yung order ko isang sunglass. 2order ko isa lnh dumating ipit ang nilagay,negative,general,general,tagasenti,,negative
candidate_14445,May mga botanteng kinakabahan na manalo si Mar Roxas.,neutral,general,general,tagasenti,,negative
candidate_12813,di ko nagustuhan bukod sa di ok un size xl na un inorder ko pro prang medium lng un size nia di lng magagamit ng mister ko dhil maliit,negative,general,general,tagasenti,,negative
candidate_720,"10meters daw po pero nung nakadikit na sa wall, nagtaka ako bat onti lang ang nacover na area. sinukat ko, 5.2meters lang po lahat sa isang roll. sana maaddress po ito. if you're willing to risk it, then buy. if 10meters talaga hanap mo, i won't recommend this shop.",negative,general,general,tagasenti,,negative
candidate_30051,Tumigil ang hanging malakas na nagpapatumba ng mga halaman.,positive,general,general,tagasenti,,negative
candidate_29846,Natapon ang buong lalagyan ng langis at mahirap itong linisin mula sa magaspang na semento ng kalsada sa labas.,negative,general,general,tagasenti,,negative
candidate_33204,"Nagdala ako ng jacket kasi baka lumamig, sobrang init naman maghapon.",negative,general,general,tagasenti,,negative
candidate_15683,"Maganda sana yung print nitong graphic tee na nabili ko, kaya lang mabilis nag-crack yung design matapos labhan.",neutral,general,general,tagasenti,,positive
candidate_24174,Nagawa umano ni Guyon na paghinalaan na piloto ang isa sa mga bangkay dahil sa suot nitong uniporme.,neutral,general,general,tagasenti,,negative
candidate_28551,Wag kang mahihiyang ipagmalaki ang bahay ko sa mga kaibigan mo na parang ikaw ang nagpatayo nito.,negative,general,general,tagasenti,,negative
candidate_34687,Ipinagmamalaki niya ang pagiging makapal ang palad sapagkat ito ang nagtaguyod sa kanyang pamilya.,neutral,general,general,tagasenti,,negative
candidate_901,"Sen. Binay delivering keynote address of father, VP Binay, who is currently in Central Luzon",neutral,general,general,tagasenti,,neutral
candidate_29033,Ibang level ang lakas ng loob mong magbigay ng advice sa marriage eh ikaw nga hiwalay.,negative,general,general,tagasenti,,negative
candidate_34840,Needs improvement in teaching.,negative,performance,student,feedback_5000,,neutral
candidate_31286,Naging matagumpay ang proyekto dahil bukod sa yaman ay sila rin ay nakasandal sa pader.,positive,general,general,tagasenti,,positive
candidate_19431,"Kahit maganda yung cover art nitong manga, hindi naman naging kapanapanabik yung laban sa volume na ito kaya sakto lang.",neutral,general,general,tagasenti,,negative
candidate_4472,"Kapag may naiwang gamit, paano ba kinokontak ang lost and found?",neutral,general,general,tagasenti,,neutral
candidate_15183,i receive may package maganda yung parcel but parehas eyebrow yung dumating sakin dapat isang eyeliner but it s okay next order nalang ulit pa check ng parcel thankyou,neutral,general,general,tagasenti,,neutral
candidate_26033,"""""Ang importante makakatulong sa ating ekonomiya at makakatulong sa ating bayan ,"""" idinagdag niya.""""",positive,general,general,tagasenti,,positive
candidate_16141,i ordered h w print but the print i received was bench body ok na sana coz the seller indicated that the designs are random but the problem is one item is not stretch what a waste for sure my son won t be able to wear it and my advice to,neutral,general,general,tagasenti,,negative
candidate_34331,Gusto ko lang linawin na wala akong pinapanigan sa isyung ito ng opisina.,neutral,general,general,tagasenti,,negative
candidate_23087,Itinalaga ni Binay si dating Health Sec. Jaime Galvez Tan upang mamuno sa fact-finding team. Si Tan ay kasalukuyang tagapayo ng Makati tungkol sa kalusugan.,neutral,general,general,tagasenti,,neutral
candidate_22648,"good quality excellent thank you seller pangalawang bili ko na to highly recommend mga ka shoppes,",positive,general,general,tagasenti,,positive
candidate_4715,Idinagdag niya na mahigpit na ipatutupad ang maximum tolerance ng mga pulis at mahigpit na ipagbabawal sa kanila na magdala ng baril.,neutral,general,general,tagasenti,,neutral
candidate_4310,"Pagnanalo si Binay sa pagkapresidente... Grabe, ang Bobo na talaga ng masa.",negative,general,general,tagasenti,,negative
candidate_27824,"Horrible ang instructions at frustrating dahil hindi mako-connect sa PC kundi sa thumbdrive lang. Walang kasamang software kaya kahit malaki ang screen, nakakadismaya pa rin.",negative,general,general,tagasenti,,negative
candidate_338,Hanggang sa ngayon ay matatag pa rin ang pundasyon ng bahay kaya hindi kami nakakaranas ng pagyanig.,positive,general,general,tagasenti,,neutral
candidate_28297,Sana all kayang magbulag-bulagan sa paghihirap ng sariling pamilya.,negative,general,general,tagasenti,,negative
candidate_32608,Puti ang pintura ng pader sa loob ng silid-aralan.,neutral,general,general,tagasenti,,negative
candidate_11164,Nakurat na lang ang Cardinal sa pasangil ni Jovencio Cabillon nga mas nailhan kaniadto nga Frater Paul Mary samtang usa pa kini ka monghe.,neutral,general,general,tagasenti,,negative
candidate_13950,"Pwede na itong dishwashing liquid kasi mabula naman, pero kailangan mong damihan talaga para matanggal yung sebo sa mga mamantikang plato.",neutral,general,general,tagasenti,,neutral
candidate_2807,May penalty ba kung hindi ko agad maibabalik ang hiniram na equipment?,neutral,general,general,tagasenti,,negative
candidate_32838,"Pwede na rin itong upuan na nakuha ko, hindi man umiikot ay komportable namang sandalan.",positive,general,general,tagasenti,,positive
candidate_29371,Kinailangan kong ipagpaliban ang pagpapa-check up dahil kulang pa ang pera.,negative,general,general,tagasenti,,negative
candidate_23410,"Kahit nagdeklara na si Duterte, Santiago pa din ang boto ko. Hindi lang krimen ang problema ng bansa.",positive,general,general,tagasenti,,neutral
candidate_31909,Bakit bukambibig mo palagi ang mga taong nakatira sa kabilang madilim na baryo?,neutral,general,general,tagasenti,,negative
candidate_22309,"Sa pahayag, nanawagan si Nograles sa awtoridad na kaagad na hulihin ang mga nasa likod ng pananambang sa karumal-dumal na krimen.",negative,general,general,tagasenti,,negative
candidate_20554,Ilang gigabytes ang natitira sa memory ng iyong telepono?,neutral,general,general,tagasenti,,neutral
candidate_32871,"Honestly, medyo nagulat ako sa dami ng kailangang tapusin, pero nagawa ko naman lahat bago mag-uwian.",positive,general,general,tagasenti,,negative
candidate_3689,"Ipinarada niyo ang delivery truck niyo sa gitna ng daan kaya na-traffic ang lahat, napaka-considerate ng mga driver ninyo sa komunidad.",negative,general,general,tagasenti,,negative
candidate_2614,Mar or Binay did not win the election.,neutral,general,general,tagasenti,,negative
candidate_28264,Sana all nakakapag-relax habang ang iba ay nagpapakamatay sa stress.,negative,general,general,tagasenti,,neutral
candidate_17425,luging-lugi! nag order ako ng dalawang mystery items tas dalawang lumang mouse pad lang laman. wag na kayo rito gahaman,negative,general,general,tagasenti,,negative
candidate_31373,Ilang buwan na rin siyang nagbibilang ng poste matapos magsara ang kumpanya.,negative,general,general,tagasenti,,negative
candidate_19737,"""We brought the dead to the plaza,"" pahayag naman ni police senior inspector Arturo Estopare, hepe ng bayan ng Dimasalang.",negative,general,general,tagasenti,,neutral
candidate_26890,matubig at mabasa okay na okay para sa baby po will surely order again kasi mabenta dito sa amin ung wipes un sold out,positive,general,general,tagasenti,,positive
candidate_8226,"""Ayon kay Pinlac, nagsimula ang sunog sa hilera ng mga tindahan nang aksidenteng masindihan ang mga ibinebentang paputok.""",negative,general,general,tagasenti,,negative
candidate_20297,"With Duterte-Marcos govt looming, everyone should be desperate. Apparently, Grace Poe isn't. She can't read the writing on the wall.",negative,general,general,tagasenti,,negative
candidate_32853,"To be fair sa kanya, nagkamali man siya noong una, nakita ko naman yung effort niyang itama ang lahat.",positive,general,general,tagasenti,,neutral
candidate_1067,Iginiit din niya na dalawang ulit na sinabi ng kapitan na si Florencio Marimon ang utos bandang 11:30 ng umaga.,neutral,general,general,tagasenti,,neutral
candidate_7756,"Maganda porma ng relo, ang bigat lang sa pulso.",negative,general,general,tagasenti,,negative
candidate_11651,"Hindi ko nagustuhan ang librong ito nang basahin ko para sa isang essay contest. Apat na beses kong binasa, pero lalo lang naging nakakabagot intindihin.",negative,general,general,tagasenti,,negative
candidate_3504,Natanggap ko ito ngayong araw na may konting gasgas pero nasabik at natuwa pa rin talaga akong bilhin kaya muli akong oorder sa saktong seller nila.,positive,general,general,tagasenti,,positive
candidate_29753,Naiwan kong bukas ang ilaw kaya dumoble ang babayaran namin sa kuryente ngayong buwan.,negative,general,general,tagasenti,,neutral
candidate_28454,"Sige, ituloy mo lang yang pagiging pabigat mo, siguradong malayo ang mararating mo pababa.",negative,general,general,tagasenti,,positive
candidate_6504,6 buwang bihag: 3 gurong dinukot sa Zambo Sibugay laya na,positive,general,general,tagasenti,,neutral
candidate_22274,Mga tatlong beses ko lang itong pinakinggan at pinalitan ko rin agad ito ng Wander This World sa CD player ko kaya alam niyo na.,negative,general,general,tagasenti,,positive
candidate_16323,"Napakaganda ng mga dahilan mo, pang-teleserye talaga ang level ng imahinasyon mo.",negative,general,general,tagasenti,,positive
candidate_3189,"Ayon sa komento, si Roxas ay desperado at walang tuwid na daan.",neutral,general,general,tagasenti,,negative
candidate_28390,"Ibang klase ang talas ng dila mo, sana ganyan din kabilis ang isip mo sa solusyon.",negative,general,general,tagasenti,,positive
candidate_9117,sobrang gaganda bagay poh sakin salamat poh salamat seller i will order again,positive,general,general,tagasenti,,positive
candidate_23045,thankyou seller order po uli ako pag kulang,positive,general,general,tagasenti,,positive
candidate_32906,"Hindi naman sa sinasabi kong huwag kang mag-alala, pero kaya naman natin itong gawan ng paraan kung magtutulungan tayo.",positive,general,general,tagasenti,,neutral
candidate_29754,Basang-basa ang loob ng sapatos ko dahil natapakan ko ang isang malaking pudle sa kanto.,negative,general,general,tagasenti,,negative
candidate_20638,Acceptable mystery ito pero recycled ang plot at characters mula sa Kate Shugak series. Baka mag-enjoy ka kung okay lang na niloloko ka ng author.,negative,general,general,tagasenti,,negative
candidate_2743,"Daily Tribune Headlines [Tuesday - 02.16.16]: -Binay keeps SWS poll lead -Marcos gains, ties with Chiz in VP...",neutral,general,general,tagasenti,,neutral
candidate_13154,May nagkumpara ng itsura at integridad ni Binay sa iba.,neutral,general,general,tagasenti,,negative
candidate_25431,"So basically, the new Binay advert associates poor people with the term nognog. Shet. Tinanong ko kung nognog ako.",neutral,general,general,tagasenti,,negative
candidate_26948,okay naman ang kaso hindi naman nalock tapos iba pa yung kulay. sana ininform ako nung seller order ko pink dumating blue di naman mahirap mag pakatotoo. ang ganda sa picture ang pangit sa personal. parang tao lang filter lang minsan magugulat ka nalang sa personal.,negative,general,general,tagasenti,,negative
candidate_1644,2/10 hindi naman photochromic to. actually may ganito na ako. naiwan ko lang sa bahay. yun isa legit na photochromic. ito normal lang na eyeglass.,negative,general,general,tagasenti,,neutral
candidate_32778,"Sadyang wala lang akong dalang payong, pero buti na lang at hindi mabilis lumakas ang ulan.",positive,general,general,tagasenti,,positive
candidate_24797,"Pinayuhan umano ng mga security personnel ang Dela Paz na umalis dahil, ""napakalaking tao 'yan.""",neutral,general,general,tagasenti,,negative
candidate_29610,Hindi kumakagat ang preno ng bisikleta kaya kailangan kong ihinto gamit ang mga paa ko.,negative,general,general,tagasenti,,neutral
candidate_15566,"goods naman yung quality nung earphones, medyo mahina nga lang po yung lumalabas na sound, pero okay na rin po kasi mura lang rin naman",positive,general,general,tagasenti,,positive
candidate_10924,5 ok naman pero may damage then si seller hindi active for the message but overall okey naman salamat,neutral,general,general,tagasenti,,negative
candidate_6671,totoo na pala. Nalilito na ko kung si Miriam o si Duterte. yes! makakapag-isip na ko.,positive,general,general,tagasenti,,positive
candidate_2260,"Kahit maganda yung quality nitong car matting dahil rubber siya, medyo mahirap namang tanggalin yung putik kapag natuyo na dito.",neutral,general,general,tagasenti,,negative
candidate_24183,isa ito sa mga pinaka sulit na nabili ko dito sa shoppe 2 days lang nandito na agad yung order ko hehehe quality value for money delivery,positive,general,general,tagasenti,,positive
candidate_9106,mabango sya kaso color tan ang inorder color plum ang dumating,positive,general,general,tagasenti,,neutral
candidate_627,"It's raining in Tacloban. VP Binay to go around to meet residents, Yolanda survivors",positive,general,general,tagasenti,,negative
candidate_18898,Nag-drive ako nang malayo kaya nakakapagod pero mas komportable kaysa mag-commute.,neutral,general,general,tagasenti,,positive
candidate_8470,super ganda lablotsss seller napaka ganda po at napaka mura uulit pa talaga ako promise,positive,general,general,tagasenti,,positive
candidate_30709,Sadyang hindi lang applicable sa akin yung promo kaya hindi ko kinuha.,neutral,general,general,tagasenti,,negative
candidate_20265,"Pinahintay niyo ako sa labas ng bangko habang nagkukwentuhan ang mga teller sa loob, napaka-dedicated nila sa kanilang personal na buhay.",negative,general,general,tagasenti,,positive
candidate_33471,Naayos ang gusot sa account ko pagkatapos kong tumawag sa customer service.,positive,general,general,tagasenti,,positive
candidate_34783,Hinahangaan ko ang mga single parent na patuloy na matibay ang dibdib habang nag-aaruga ng kanilang mga anak.,positive,general,general,tagasenti,,negative
candidate_18315,Nasawi sa trahedya sa karagatan ng Cagayan umabot na 27,negative,general,general,tagasenti,,neutral
candidate_17317,": ? RT : “Kris Aquino: I got sunburned. Nancy Binay: Kung sunog ‘yan, ano ako?“",neutral,general,general,tagasenti,,negative
candidate_8919,"Kasama ni Abaya sa pagbuo ng kilusan ang mga kaibigan na sina Fernando Guirnalda, Pio Madarang, Toribio Abaya, Nazario Gray, at Francisco Guirnalda.",neutral,general,general,tagasenti,,neutral
candidate_13996,"Mula sa kanang bahagi, inilipat ang kama sa kaliwang dingding.",neutral,general,general,tagasenti,,neutral
candidate_24897,napakaraming dents sayang second order na sana namin the first one we ordered is very okay in which i can rate it as 5 5 but now 1 5 disappointed much with how the product looks,negative,general,general,tagasenti,,negative
candidate_8239,good quality comfy sya soutin ang ganda as in hindi kayo manghihinayang sa pera nyo sorry hindi n npicturan nasuot na kasi thank you,positive,general,general,tagasenti,,positive
candidate_1173,"Idol daw ni Alma Moreno si Binay, at sinasabing gusto niyang nagigisa sa sariling mantika.",neutral,general,general,tagasenti,,neutral
candidate_16656,May palitan ng pahayag tungkol sa pagkakaugnay at suporta kay Binay.,neutral,general,general,tagasenti,,neutral
candidate_21583,Dahil sa baha ay nasira ang mga pananim sa probinsya.,neutral,general,general,tagasenti,,negative
candidate_25541,Nawala ang mga susi ng gate kaninang gabi.,neutral,general,general,tagasenti,,negative
candidate_33279,"Tatlong beses kong inulit yung pin code ko sa ATM, lumabas na ang card at ayaw na basahin.",negative,general,general,tagasenti,,negative
candidate_12715,nice fast and smooth delivery considering its from overseas. no damage and correct. sana hindi masira agad. thank you!,positive,general,general,tagasenti,,positive
candidate_27195,"Sorry but it really makes me sick seeing Duterte-Marcos post. I mean, really?",negative,general,general,tagasenti,,negative
candidate_31306,Malawak ang isip ng hukom kaya patas ang kanyang inilabas na hatol para sa dalawang panig.,positive,general,general,tagasenti,,negative
candidate_26798,"""Yes, it is,"" simpleng tugon ng nakababatang Estrada nang tanungin tungkol sa Erap-Binay tandem.",neutral,general,general,tagasenti,,neutral
candidate_19768,"Sorry Duterte, kay Miriam na ang boto ko dahil sa pagpapalit-palit ng desisyon.",neutral,general,general,tagasenti,,negative
candidate_18101,Kawani sa gobyerno mas busog kaysa ibang manggagawa - SWS,neutral,general,general,tagasenti,,negative
candidate_19212,thankyou seller bilis lang dumating really satisfied buyer here sa uulitin po thankyou thankyou kudos,positive,general,general,tagasenti,,positive
candidate_33256,"Kinansela ko yung mga lakad ko para sa kanya, hindi naman siya nagpakita.",negative,general,general,tagasenti,,neutral
candidate_12545,the fan are working in good condition they are all working in good condition fast yong delivery and very well packed thank you seller for this masaya ang anak ko,positive,general,general,tagasenti,,positive
candidate_13631,"Makapal yung basahan, di lang ganun kabilis sumipsip ng tubig.",negative,general,general,tagasenti,,negative
candidate_17525,thankyouu it is well packaged!! delivered fast!! ang ganda ng quality!! kaso may defective na isa nakatanggal yung isang part niya!! god bless!!,positive,general,general,tagasenti,,positive
candidate_22640,ang cuteeee lalo ko naexcite mejj nakulangan lang ako sa pillow head parang ang tipid pero all in all good condition naman maganda sadyang sa pillowhead lang talaga,neutral,general,general,tagasenti,,positive
candidate_16369,"Ganito ka-dedikado si Noy Aquino, tiwala na mananalo ang kanyang manok na si Mar Roxas.",positive,general,general,tagasenti,,positive
candidate_21858,di maayos yung pagka package nila kaya masisira talaga yung product and wala man lang nakalagay na fragile sayang lang pera dito mag invest na lang kayo sa mas okay na ring light,negative,general,general,tagasenti,,negative
candidate_30117,Humupa ang malalaking alon kaya nakatawid ang bangka namin.,positive,general,general,tagasenti,,negative
candidate_22555,May kritisismo sa paggamit ng mga bata sa isang kampanya.,neutral,general,general,tagasenti,,negative
candidate_9268,okay naman siya maganda naman and quality kaso late lang and nag lalag idk how to explain e hahaha but still okay siya video not related,neutral,general,general,tagasenti,,neutral
candidate_3884,"Sobrang nakakairita yung ""Nognog"" shitness ni Binay! Parang nang-de-degrade. ?",negative,general,general,tagasenti,,negative
candidate_4252,"Noong Nobyembre 2008, isang mangingisda ang namatay nang atakihin ng pating sa karagatang sakop ng Paoay, Ilocos Norte. - Fidel Jimenez, GMANews.TV",negative,general,general,tagasenti,,negative
candidate_12101,ngaun ko palang sya nasubukan simula nung madeliver sya kahapon.. hindi gumagana akala ko pa naman maganda quality ng product na to.. this my first time na bumili ng item na hindi gumagana..,negative,general,general,tagasenti,,positive
candidate_3591,maganda siya nagustuhan ko salamat seller god bless po salamat din sa nagdeliver,positive,general,general,tagasenti,,positive
candidate_24541,pang 5th time ko ng order sa shop na to maliit ang sizes ng bra kaya laging maglagay ng allowance maganda ang items tenk u,positive,general,general,tagasenti,,positive
candidate_12457,"""It is mind-boggling why I am being singled out for prosecution for following the tenets of responsible journalism,"" ayon sa mamamahayag.",negative,general,general,tagasenti,,negative
candidate_22074,ok na sana pero wala ung tali pangatlong order ko na to eh,neutral,general,general,tagasenti,,negative
candidate_11568,sira lahat ng power button also ayaw mgcharge sayang pera,negative,general,general,tagasenti,,negative
candidate_3746,"Wala rin si Camarines Sur Rep. Luis Villafuerte, dating presidente ng KAMPI, na nagpahayag ng pagtutol sa pagsasanib ng dalawang partido.",neutral,general,general,tagasenti,,neutral
candidate_5896,Kinastigo rin niya ang taktikang ginagamit nina Lacson at Madrigal na akusahan si Villar ngunit hindi naman pumapayag na matanong ng mga kapwa senador.,negative,general,general,tagasenti,,negative
candidate_14957,"""'Pag tayo ay naging constituent assembly anything goes. Hindi lang yung economic provision but any provisions of the Constitution pwede ng buksan,"" paliwanag nito.",negative,general,general,tagasenti,,neutral
candidate_31476,"Kahit nag-aayos siya ng mga lumang kagamitan, magaan ang kamay niya.",positive,general,general,tagasenti,,negative
candidate_13989,good quality nkahnap rn ng underware n kasya ky hubby eto sakto tlga at hndi msikip will order again for sure,positive,general,general,tagasenti,,positive
candidate_21920,the mascara is nice tho it can't hold the curl of my lashes and when i curl my lashes again natatanggal yung mascara,positive,general,general,tagasenti,,negative
candidate_24615,gago ka pala Escudero alam mong maraming kaso si Binay ng corruption you still side him sa Leyte,negative,general,general,tagasenti,,negative
candidate_19930,May tamang panahon na ba kung pwede si Binay maging presidente ng Pilipinas kapag nanalo sa eleksyon?,neutral,general,general,tagasenti,,neutral
candidate_14580,light weight. how does this help if wala naman suction. such a waste of hard earned moneywould there be any replacement for this?,negative,general,general,tagasenti,,negative
candidate_7273,Tanging ang lalawigan na lamang ng Batanes ang nasa ilalim ng Storm Signal No. 1.,neutral,general,general,tagasenti,,negative
candidate_34367,"Nais ko lang ipaalam na nag-leave ako bukas dahil may asikasuhin sa bangko, hindi para magbakasyon.",neutral,general,general,tagasenti,,neutral
candidate_16959,matibay maganda po ang narecieve kong item matibay po ito and what you see what you get,positive,general,general,tagasenti,,positive
candidate_30284,Hindi totoong hindi ka makakahanap ng peace of mind kung walang patid ang pananalangin at pagsisikap mo.,positive,general,general,tagasenti,,negative
candidate_26939,ok naman kaso may lagpas na color black nakakaasar lang akala ko matibay siya kaso biglang na durog ung sole ok sana kapit ng tela sa paa kaso ung sole ilang araw ko lang nagamit wala na sayang lang pera,negative,general,general,tagasenti,,negative
candidate_27341,Take care of your health binay! I hope you recover from tonsillitis soon.,positive,general,general,tagasenti,,positive
candidate_9344,Reklamo ng China sa inaprubahang baseline bill &#39;di pansin ng mga solon,neutral,general,general,tagasenti,,negative
candidate_14170,matagal dumating pero its not the shops fault 10meters is a good length mabilis lang masira kaya dapat careful sa paglagay cheap din kasi kaya ganun ang quality still it can cover my wall yun lang medyi transparent yjng sa likod kaya nakikita yung under ng wallpaper kapag dinikit ko,neutral,general,general,tagasenti,,neutral
candidate_13392,bkt ganon brand new ung item pero bkt faded ung kulay at my mga gasgas..,negative,general,general,tagasenti,,negative
candidate_3712,May nagsasabi na bias ang istasyon kina Roxas at Robredo.,neutral,general,general,tagasenti,,neutral
candidate_29499,Sumisingaw ang mainit na hangin galing sa makina ng sasakyan ko habang naka-traffic.,negative,general,general,tagasenti,,negative
candidate_1016,disapointed sa jogger kasi iba yung nakapost nila sa ipinadala sakin sa nakapost walang bulsa pero ung dumating sakin meron and manipis lang ung tela which is okay naman sa price nya magagamit pa rin naman thank youu,neutral,general,general,tagasenti,,positive
candidate_19961,nice received my order today okay po ang packaging with buble wrap. 2 ang order ko okay naman kaya lang mahina yung steam ng isa. anyways okay lang. thank you seller at sa rider,positive,general,general,tagasenti,,positive
candidate_25132,would say ok for the price you get what you pay for sabog ung sounds i tried using it going to work may tumawag pero di ako marinig then nawawala wala din ung sounds medyo sabog din sounds though oks na sya for its price,neutral,general,general,tagasenti,,negative
candidate_18611,"Sinabi ni Rodriguez na mayroon siyang kababayan na nagsabing naging ""biktima"" rin siya ni Kho.",negative,general,general,tagasenti,,neutral
candidate_25448,"""Hindi umano makalilimutan ni Gng Arroyo ang mga nasawing opisyal na tinawag niyang bahagi ng kanyang ""official family.""""",negative,general,general,tagasenti,,negative
candidate_34639,"Bato-bato sa langit ang mga sinabi ng pari kanina, kaya marami ang natigilan sa kanilang inuupuan.",neutral,general,general,tagasenti,,negative
candidate_7521,good working well yung product nakakalinis naman kaso not full clean good for small areas lng talaga at random din movement so may areas na di madaanan di malinisan good suction quality yung di madala ng walis na mga alikabok nalilinis nya,neutral,general,general,tagasenti,,positive
candidate_21818,": Pres. Aquino, Vice Pres. Binay visit 'Lando'-hit areas",neutral,general,general,tagasenti,,neutral
candidate_10306,Maging sa Middle East na sinasabing hindi apektado ng global economic crisis ay lumitaw na 21 OFWs ang nawalan ng trabaho sa United Arab Emirates.,negative,general,general,tagasenti,,negative
candidate_20810,Hindi nagbigay ng panayam ngayong araw si Binay. Itinanggi naman ni UNA Pres. Cong. Toby Tiangco ang paratang ni Morales.,neutral,general,general,tagasenti,,negative
candidate_32487,Sige wag kang pumasok araw-araw para mapabilis yung proseso ng pagkatanggal mo sa trabaho.,negative,general,general,tagasenti,,neutral
candidate_4480,Sayang naman. Dapat binasa manlang ni VP Binay yung victory speech nya!,negative,general,general,tagasenti,,negative
candidate_5885,"Sinabi ni Cojuangco na kayang lumikha ng BNPP ng 640 megawatts mula sa mas mura at environment-friendly fuels tulad ng hydrogen, uranium, o thorium.",positive,general,general,tagasenti,,neutral
candidate_12391,"though incomplete na receive q vs. my order, i'll still give 5 kc very responsive s concern c seller khit mdyo delayed minsan mag reply pro ok lng kc may nka specify nmn n time limit at s dami nrin cguro ng pa order kya nagkakalituhan nrin. lastly, after requesting",positive,general,general,tagasenti,,negative
candidate_12760,"May panawagan na tigilan nina Mar, Binay, Poe ang paggamit sa taong gutom.",neutral,general,general,tagasenti,,neutral
candidate_23229,"Ayon kay Pelisco, isa sa dalawang bangkay na pinakahuling nakuha ay nakasuot ng uniporme na kulay asul.",negative,general,general,tagasenti,,neutral
candidate_17621,"Pero honestly, naaawa ako kay Binay. Kahit hindi ko alam yung story niya.",neutral,general,general,tagasenti,,negative
candidate_19705,"Si Binay kasi, may alleged corruption cases lang. Ihambing mo kay PNoy na tuta, pasista, at tagasulong ng mga anti-mamamayang mga patakaran.",positive,general,general,tagasenti,,negative
candidate_20232,Madulas ang sahig sa banyo kaya nag-iingat ako kahit nagmamadali.,neutral,general,general,tagasenti,,positive
candidate_1813,"Bahay ng lider ng barangay sa Bulacan sinalakay, 1 patay",negative,general,general,tagasenti,,negative
candidate_4331,"Bumili ako ng Yahtzee cards para sa math class ko. Kapag meron ka nito plus dice at pencil, ready to play ka na kahit saan!",positive,general,general,tagasenti,,positive
candidate_23293,"Ang saya ni Kokey, supportive sa lahat ng programa, pati Oplan Tuli!",positive,general,general,tagasenti,,positive
candidate_21665,Yung pag-update ba ng system ay gagawin tuwing linggo ng madaling araw?,neutral,general,general,tagasenti,,neutral
candidate_9362,"Simply put, sobrang amazing ng sound ng maliit na player na ito. Far superior talaga siya sa kahit anong portable device na nagamit ko na.",positive,general,general,tagasenti,,positive
candidate_25090,"In-install ko ang kit pero walang nangyari. Tumawag ako sa PNY tech line para makakuha ng live support, pero voice mail lang kaya unhappy ako.",negative,general,general,tagasenti,,negative
candidate_12451,Tangines ? hoy binay imy na di ka pa uli nagpaparamdam yun bang 'woooh' leche,negative,general,general,tagasenti,,negative
candidate_1311,maganda namn tsaka malaki and saan ko gagamitin yan ih wala namn akong computer at laptop aynako btw bigay ko nalang sa bf ko gusto nya namn ng one piece ito lang ba yun wala na isang item lang nakuha ko pero thank yo,neutral,general,general,tagasenti,,positive
candidate_2498,"May isyu tungkol sa suporta ni Binay kay Pacquiao at paghahambing ng LGBT sa hayop, at may panawagang huwag iboto ang mapanghusga.",neutral,general,general,tagasenti,,negative
candidate_13505,"May ulat na Duterte votes napunta kay Roxas sa VCM testing, at reaksyon.",neutral,general,general,tagasenti,,neutral
candidate_1897,Nagsimula lamang umanong mag-operate ang grupo ni Jang nitong Mayo at nakapagpadala ng tatlong Pinay entertainers sa Korea.,negative,general,general,tagasenti,,neutral
candidate_29537,Ang ingay ng mga naghahabulang pusa sa ibabaw ng bubong namin tuwing madaling araw.,negative,general,general,tagasenti,,negative
candidate_33999,May delivery ng mga appliances bukas ng hapon.,neutral,general,general,tagasenti,,neutral
candidate_8928,Solid ang movie na ito dahil sa action at humor! Maganda rin ang visual effects nito kaya sigurado akong magugustuhan mo rin ito.,positive,general,general,tagasenti,,positive
candidate_27350,super nice saktong saka sa baby ko. thank you so much seller!,positive,general,general,tagasenti,,positive
candidate_22160,"Mabuti ang relasyon nina Binay at Duterte, tapat sila.",positive,general,general,tagasenti,,positive
candidate_22479,ibang kulay pinadalang headband at socks ni baby,negative,general,general,tagasenti,,neutral
candidate_34842,Class was not engaging.,negative,performance,student,feedback_5000,,negative
candidate_17610,awesome servings the burgers are for sharing unless you re hungry na talaga the patties are legit grilled da bomb,positive,general,general,tagasenti,,positive
candidate_18477,walang sira naman nung dumating kahit hindi naka bubble wrap i tried ng ilang weeks muna bago maglagay ng ratings mabilis malowbat hindi siya tatagal for one day after 1hr of use lowbat na agad nung bagong dating lang din malakas yung hangin niya,negative,general,general,tagasenti,,neutral
candidate_8290,hindi siya nag kukulay pero mabango naman smells like candy,neutral,general,general,tagasenti,,negative
candidate_21745,"IMHO, undecideds woke up and found their new chosen candidate even better than Binay!",positive,general,general,tagasenti,,positive
candidate_21279,May balita na ieendorso ni DJP si Mar Roxas bilang pulitiko.,neutral,general,general,tagasenti,,neutral
candidate_28995,"Bongga ng bilis mong humusga, tiningnan mo ba muna ang sarili mo?",negative,general,general,tagasenti,,positive
candidate_25807,maganda po sya kaso wala lang saksakan so need namin pang bumili para magamit po sya. since nataon holy wk d pa magamit. pero 5 star pa din sa kin.,positive,general,general,tagasenti,,neutral
candidate_13196,Ligtas gamitin at malayong magbigay ng panganib sa mga bata.,positive,general,general,tagasenti,,positive
candidate_16876,hays dissapointed. nasa harapan pa naman nang tumbler pangit tignan!!!,negative,general,general,tagasenti,,negative
candidate_8369,"""BREAKING: Binay can't believe he's losing"" When we don't reach expectations nga naman :(",negative,general,general,tagasenti,,negative
candidate_20072,mabilis nadeliver 3 inorder ko walang charger yung isa malakas hangin mabilis nga lang malobat,neutral,general,general,tagasenti,,neutral
candidate_6563,Isang kilong asukal ang ginamit sa paggawa ng matamis na sarsa.,neutral,general,general,tagasenti,,neutral
candidate_27027,wag kayong oorder dto kng ayaw nyong ma stress walang paki seller nito makabenta maka kubra lng tlga sila ika unlad sana ng buhay nyo pang iscam sa tao,negative,general,general,tagasenti,,negative
candidate_34049,Dinownload ko ang PDF file mula sa email.,neutral,general,general,tagasenti,,negative
candidate_16328,Honor guards sa libing ni Cory bibigyan ng parangal sa Senado,positive,general,general,tagasenti,,neutral
candidate_28711,"Sige, ituloy mo lang ang pagwawalang-bahala sa trabaho mo, baka bukas wala ka na talagang babalikan dito.",negative,general,general,tagasenti,,negative
candidate_3612,hi good afternoon po ask ko lng po chinarge ko na po sya kase dpo umandar pero but battery down yong lumalabas po at d lumabas yong charge battery nya po actually kakarecieve ko lng po now to sa delivery man po,neutral,general,general,tagasenti,,neutral
candidate_26811,"Laking tuwa ko nang makita kitang masaya, lalo na't ako ang dahilan ng pag-iyak mo noon dahil pinagpalit mo ako.",negative,general,general,tagasenti,,positive
candidate_8864,bakit naman ganun red ang ni order ko pero violet ang dumating di manlang nag chat si seller na ipapadala nya at violet di ko ni expect na ganyan darating sana sa sunod ayusin nyo po pag papadala nang di nakakadismaya salamat po,negative,general,general,tagasenti,,negative
candidate_17026,May nagtatanong kung siya lang ba ang may tingin na walang kwenta si Binay.,neutral,general,general,tagasenti,,negative
candidate_726,"Okay naman ang item na ito at maganda ang itsura para sa movie role ko, pero hindi ito bagay sa mas malalaking baril.",positive,general,general,tagasenti,,neutral
candidate_13145,Mas maraming Pinoy duda sa katotohanan ng laman ng SONA - survey,negative,general,general,tagasenti,,neutral
candidate_10797,"Kapag maayos ang pagkakagawa, malabong mangailangan ka agad ng pamalit sa loob ng ilang buwan.",positive,general,general,tagasenti,,neutral
candidate_6612,wag kayong bumili neto kase wala pang 1w hndi na gumagana yung fan at umiinit amoy sunog tapos tinry kong kontakin si seller hndi naman nag rerespond,negative,general,general,tagasenti,,negative
candidate_4954,received items on time no damage naman ang problema ay hindi pare pareho ng sukat yung isa halos 2 inch ang liit sa iba lapad at haba not xxl yung 2 ganon din maikli naman masyado hindi pantay,neutral,general,general,tagasenti,,negative
candidate_33189,"Nag-effort akong mag-makeup, tapos required pala kaming mag-face mask buong araw.",negative,general,general,tagasenti,,negative
candidate_26637,"complete items at maayos yong items thank you shoppee, and thank you also seller.... well order again.... godbless...",positive,general,general,tagasenti,,positive
candidate_14359,Imagine what progress a Binay-Marcos administration can bring. Who's excited for 2016?,positive,general,general,tagasenti,,positive
candidate_15248,"hindi naman po ako man loloko. ano po makukiha ko sa panloloko. maam/sir pinagipunan po namin ang pera para sa pag bili tapos yan lang, rejected na agad. consinqman po kayo pwede po tayo mag communicate properly para ma resolve, hindi yung rejected na agad. hahay!",negative,general,general,tagasenti,,negative
candidate_34764,Malamang ay nakalutang sa ulap ngayon ang mga manlalaro dahil sa pag-uwi ng kampeonato para sa bansa.,positive,general,general,tagasenti,,negative
candidate_31065,Inaasahan niyang hindi na kailanman tatawaging hampaslupa ng mga mapangmata.,negative,general,general,tagasenti,,negative
candidate_15374,Sayang ang maganda sanang rock music dahil nasira lang ng mga despicable lyrics na nagpo-promote ng drugs at pambabastos sa mga pulis sa totoo lang.,negative,general,general,tagasenti,,negative
candidate_12647,"Hinuon, duha ka mga pamaagi ang ilang gibuhat karon arun nga dili na mo-grabe ang pagkalugi.",positive,general,general,tagasenti,,negative
candidate_31803,Mula nang matanggal siya sa trabaho ay naging butas ang bulsa ng nag-iisang anak na lalaki.,negative,general,general,tagasenti,,negative
candidate_12740,"""Sinabi ni Deputy Chief Inspector Renato Birung ng Alicia-PNP, gumamit ng.45-caliber na baril ang suspek na nakasuot ng itim na jacket at sumblero.""",negative,general,general,tagasenti,,neutral
candidate_29429,Kulang ang mga bumberong rumesponde kumpara sa laki ng apoy sa lugar.,negative,general,general,tagasenti,,negative
candidate_620,Gintalakay na ini ni Mayor Trenas sa pila ka mga konsehal sang ciudad kag wala man kuno sang problema sa ila.,neutral,general,general,tagasenti,,negative
candidate_6621,"Sakto sa akin yung boots, pero ang hirap ipasok ng paa.",negative,general,general,tagasenti,,negative
candidate_18598,mali po ng kulay yung isang item dapat po green sobrang pipi pa ng karton,neutral,general,general,tagasenti,,negative
candidate_32915,"Medyo malakas ang aircon sa opisina, pero okay na rin kaysa mainitan habang nagtatrabaho.",positive,general,general,tagasenti,,positive
candidate_14225,May voter protest matapos ipakita ang resibo na Roxas imbes Duterte.,neutral,general,general,tagasenti,,neutral
candidate_13803,wag wag na wag na kayong bibili dito madami pang ibang shop dyan hindi pa nag rereply wag kayong umorder dito kung ayaw nyo masira yung araw nyo walang pang refund daming hassle nagbayad naman ng walang ka hassle hassle,negative,general,general,tagasenti,,negative
candidate_27981,Sobrang nakaka-inspire ang movie na ito kaya gusto kong pumalakpak sa dulo; mas maganda pa dahil based ito sa true story kaya love ko talaga.,positive,general,general,tagasenti,,positive
candidate_15782,"Ang bait mo naman para itago sa akin na may sakit ka, nahawa tuloy ako sa kagustuhan mong huwag akong mag-alala.",negative,general,general,tagasenti,,negative
candidate_18892,"good quality kaso rubber pala yung sandals pero it's all goods naman maganda rin sya pang porma, kaso sa pagdeliver apaka tagal nga lang dumating, nag reorder pa ko para magorder ulit now lang dumating.",positive,general,general,tagasenti,,positive
candidate_7916,Love na love ng anak ko ang magandang pop-up book na ito noong bata pa siya kaya i-keep ko ito para sa magiging anak niya.,positive,general,general,tagasenti,,positive
candidate_17196,"Basta di niyo na kami maloloko, Binay pa rin kami",positive,general,general,tagasenti,,negative
candidate_2146,this is my 2nd purchase of wall paper quality is good but wrong color yung isang order ko i ordered color light grey but color white was delivered still overall goods naman hope lang na tama na madeliver for my 3rd order cause i badly needed color light grey,neutral,general,general,tagasenti,,negative
candidate_5054,ok naman cya kaso fake pala hnd naman sumsong to eh piro ok na atlast may magagamit pang back up phone,negative,general,general,tagasenti,,neutral
candidate_30241,Nakalayo kami sa usok ng mga pabrika papunta sa probinsya.,positive,general,general,tagasenti,,negative
candidate_15186,"""Si Cayetano ang umaaktong ""caretaker' ng Senado dahil nasa ibang bansa si Senate President Manny Villar.""",neutral,general,general,tagasenti,,neutral
candidate_2346,Hindi naging madali ang buhay ko noong mga panahong wala ka para suportahan ako sa hirap.,negative,general,general,tagasenti,,negative
candidate_11139,"Naiinis ako sa ad ni Binay na ""sino si nognog"" ugh?",negative,general,general,tagasenti,,negative
candidate_23128,super dali ma lowbat and super sensitive. na di-disconnect agad.,negative,general,general,tagasenti,,negative
candidate_298,as usual kumpleto po magpadala ang seller kaso madumi iyong isang pajama po maganda pa rin naman po good for its price thank you seller,positive,general,general,tagasenti,,positive
candidate_6684,Bawat araw bangungot: Nagipit na 40 OFWs sa Maldives nakauwi na,positive,general,general,tagasenti,,neutral
candidate_7236,not good mali binigay nyong order 2l order ko bingay nyo 32oz,negative,general,general,tagasenti,,negative
candidate_4656,Yung mga pinadala nilang baso kahapon ay wala ni isa mang nakarating nang buo.,negative,general,general,tagasenti,,negative
candidate_22147,May mungkahing slogan para kay Binay.,neutral,general,general,tagasenti,,negative
candidate_18689,"huge disappointment to mar roxas i swear, he keeps on dragging duterte down. mar, do you really think it would make your name aromatic? ?",negative,general,general,tagasenti,,negative
candidate_20201,"grassroots, no one is as effective as Binay. Diyan tayo natalo kay Mar. Kasi look at past performance.",positive,general,general,tagasenti,,negative
candidate_17812,"Nakakatuwa dahil naghahanap talaga ako ng introduction tungkol sa railroads ng New Hampshire, at sinagot ng volume na ito ang kailangan ko.",positive,general,general,tagasenti,,positive
candidate_33882,Tahimik ang paligid sa library.,neutral,general,general,tagasenti,,negative
candidate_12952,good maliit yung brush pero ok na mura lang nman eh thank u manong delivery khit naligaw ka,neutral,general,general,tagasenti,,positive
candidate_29247,Pumipila kami tuwing madaling araw para lang kumuha ng priority number.,negative,general,general,tagasenti,,neutral
candidate_26724,Inihalintulad naman ni Colmenares sa lason ang basbas ni Arroyo na magdudulot ng kapahamakan sa kandidatong iendorso umano ng pangulo.,negative,general,general,tagasenti,,negative
candidate_16994,Tungod niini nakadesisyon ang huwes nga mopahigayon og ocular inpsection sa mga sakyanan. - Balitang Bisdak,neutral,general,general,tagasenti,,neutral
candidate_9368,ang ganda nya thank you,positive,general,general,tagasenti,,positive
candidate_30573,"Wala namang pipilit sa iyo kung hindi mo kayang tapusin ngayon, basta huwag mo lang kalimutan na hindi pwedeng walang maipasa bukas ng umaga.",neutral,general,general,tagasenti,,neutral
candidate_14484,pangit pangit sayang lang pera parang ginamit na hindi man lang naawa ang seller binigyan pa ako nang ganito ang tagal pa ng shipping november 25 date of order december 6 na dumating,negative,general,general,tagasenti,,negative
candidate_17904,ayoko talaga mag explain ng at least eighty 80 character lalo na kapag di naman ganun ka commentable yung item ano sasabohin ko maganda yung pagkabasa ng wipes hay nakuh,neutral,general,general,tagasenti,,negative
candidate_34431,Ningas-kugon lamang ang ipinapakitang sigla ng mga empleyado tuwing may bagong pamunuan.,negative,general,general,tagasenti,,negative
candidate_13493,May tanong kung bakit parang hindi epektibo si Mar Roxas sa mga panayam.,neutral,general,general,tagasenti,,negative
candidate_29585,Walang mapag-iwanan ng mga gamit kaya binitbit ko ito sa buong pag-ikot namin sa mall.,negative,general,general,tagasenti,,neutral
candidate_20618,Walang problema sa item pero nakakadismaya ang service nila dahil inabot ng higit isang buwan ang shipment nito. Sobrang nakaka-frustrate ang tagal dumating ng order.,negative,general,general,tagasenti,,negative
candidate_24772,Nawala ang ulan makalipas ang tatlong oras.,neutral,general,general,tagasenti,,neutral
candidate_16475,"Toni: ""Ano ang katangian niyo?"" Binay: ""Masipag, matalino, at laki sa hirap.""",positive,general,general,tagasenti,,positive
candidate_29358,Kailangan may balanse kang libo sa card bago ito gumana.,negative,general,general,tagasenti,,neutral
candidate_32859,"Pwede na rin yung lasa ng tinapay nila, hindi kasing lambot ng inaasahan ko pero panalo sa palaman.",positive,general,general,tagasenti,,positive
candidate_27561,thank you po maganda po ang tela.. comfy po masyado.,positive,general,general,tagasenti,,positive
candidate_17659,"Ngunit dalawang araw na umano nilang hindi nakakausap ang tatlo, ayon sa ICRC.",negative,general,general,tagasenti,,neutral
candidate_12701,subrang maganda po ang laki nya siguro until 3 years old ni baby pd gamitin higaan at may isng unan sya n ksama medyo manipis lang pero ok nmn no damage at mganda packaging ni seller thank you kahit medyo mabigat s bulsa ang price,positive,general,general,tagasenti,,positive
candidate_13949,"Si Mar Roxas ay nasa 2nd place, at inaasahang aabante.",neutral,general,general,tagasenti,,neutral
candidate_15467,"Mar Roxas: Continuity of Daang Matuwid? May nagsasabing ito ay continuity ng inequality at inequity, at sawa na sa yellowtards.",neutral,general,general,tagasenti,,negative
candidate_114,the product arrived in good condition maganda po and mura wala naman stains or so whatever kaya goods na goods thank you,positive,general,general,tagasenti,,positive
candidate_18651,"Tatlong araw matapos barilin si Cuesta, binaril at napatay ng mga 'di kilalang salarin si RMN broadcaster Martin Roxas sa lalawigan ng Capiz.",negative,general,general,tagasenti,,negative
candidate_17956,boss okay na thank u thank u gid sa uulitin ah salamat ulit akba pra sa acoins lang mga lodi cakess haha gawa nyo bald x,positive,general,general,tagasenti,,positive
candidate_9333,Nagbigay naman ng kautusan si Capiz Gov. Victor Tanco Sr. sa pulisya na resolbahin ang kaso sa lalong madaling panahon.,neutral,general,general,tagasenti,,neutral
candidate_2295,Sinasabing 175 kongresista na ang nakapirma sa nakahandang resolusyon para sa Con-ass na iniakda ni Camarines Sur Rep. Luis Villafuerte.,neutral,general,general,tagasenti,,neutral
candidate_11818,Only Binay... Only Binay... Salamat naman oh. Iboboto ko siya dahil LSS ako sa kanta niya!,positive,general,general,tagasenti,,positive
candidate_16708,"Tuwing hapon ng Linggo, itinaas ang mga upuan sa ibabaw ng mga mesa sa canteen.",neutral,general,general,tagasenti,,neutral
candidate_10390,Dapat na rin umanong itigil ni Escudero ang pagkukunwari na nalulungkot ang senador na babalik sa mano-manong bilangan ang halalan.,negative,general,general,tagasenti,,negative
candidate_17825,"Ito yung classic film na hindi ko pagsasawaan panoorin, nakakatawa at minsan nakakalungkot pero masaya naman ang ending dahil ang galing ni Shirley Temple dito.",positive,general,general,tagasenti,,positive
candidate_12437,"Wow, ang galing mong mag-alibi, kulang na lang bigyan ka ng award for best scriptwriting.",negative,general,general,tagasenti,,positive
candidate_21207,"Mar Roxas, panay parinig sa mga kalaban... may reaksyong boo.",neutral,general,general,tagasenti,,negative
candidate_32637,Nakalagay ang mga susi sa isang bowl malapit sa pinto.,neutral,general,general,tagasenti,,neutral
candidate_20827,Sinabi ni Morona na kailangang gumawa ng hakbang ang pamahalaan upang hindi na madagdagan ang bilang ng mga nagigipit na Pinoy sa ME.,negative,general,general,tagasenti,,neutral
candidate_9765,"I stood for humanity, consistency and democracy. Not just some experimental solution.",positive,general,general,tagasenti,,neutral
candidate_30462,Wala na ngang maayos na komunikasyon ay hindi pa rin nila subukang ayusin ang gusot na walang katapusan.,negative,general,general,tagasenti,,negative
candidate_25381,well packed and delivered in good condition ganda i will order again thank you seller,positive,general,general,tagasenti,,positive
candidate_24786,kaka full lang nilagay sa pocket then check the time lowbat na agad,neutral,general,general,tagasenti,,neutral
candidate_8223,gumagana sya pero matagal sya since galing pa china ty so much for this hoping na tumagal sya sakin since it s so affordable 33,positive,general,general,tagasenti,,positive
candidate_9312,"May nagbigay ng orasan sa amin na may mukha ni Binay, ang cool!",positive,general,general,tagasenti,,positive
candidate_33601,Nakagawa kami ng bagong produkto na mabenta sa merkado.,positive,general,general,tagasenti,,positive
candidate_26675,poor hindi naman ito yung inorder ko. a terrible shop.,negative,general,general,tagasenti,,negative
candidate_24591,"wow, ang galing ni roxas pumapangalawa kay duterte. Sana si miriam na lang. -- ayan na, mukang totoo ngang pag kay du30, napupunta kay roxas.",positive,general,general,tagasenti,,positive
candidate_17842,Imagine what havoc a Binay - Marcos administration can wreak. Who's afraid of 2016?,negative,general,general,tagasenti,,negative
candidate_33016,"To be fair, hindi man sila nagkulang sa paalala, hindi pa rin sapat iyon para maiwasan ang aberya.",negative,general,general,tagasenti,,negative
candidate_2798,super sulet mura na maganda pa salamat seller at sa shoppee,positive,general,general,tagasenti,,positive
candidate_6435,got it complete items thanks ng marami po sa uulitin sobrang happy ako,positive,general,general,tagasenti,,positive
candidate_32813,"Sadyang nagkataon lang na nandun ako, pero nakatulong din pala yung presensya ko sa kanila.",positive,general,general,tagasenti,,positive
candidate_27146,"Pwede na ayos ng sala, sumikip lang yung daanan.",negative,general,general,tagasenti,,neutral
candidate_4661,"Tinawag ni Sonza na, ""very satanic, if not demonic"" ang nangyaring karumal-dumal na krimen sa Maguindanao.",negative,general,general,tagasenti,,negative
candidate_5939,"""Noong Biyernes ng gabi, binigyan ng pagkakataon ng nag-organisa ng rally ang mga lider ng iba't-ibang grupo na magsalita sa loob ng tatlong minuto.""",neutral,general,general,tagasenti,,neutral
candidate_30960,Ang sanga-sangang dila ng politiko ay nagdulot ng pagkalito sa mga botante.,negative,general,general,tagasenti,,negative
candidate_8027,Apan wa tuguti ang GMA News nga makasud sa resort.,negative,general,general,tagasenti,,negative
candidate_13560,Grace Poe has great plans to solve our problems if she wins. She has resolved her citizenship issue.,positive,general,general,tagasenti,,positive
candidate_9532,good mejo malaki tong nakuha ko kasi ung last time maliliit tlga kasya sa pinky finger ko hehe pero ok lng po complete nmn orders ko e thanks seller,positive,general,general,tagasenti,,positive
candidate_9957,super comfy at magaan kaso yun white black my konting sira pero goods naman super ganda nun all black worth it naman yun price,neutral,general,general,tagasenti,,positive
candidate_29243,Dalawang oras nang naglo-load ang pahina para sa enrollment.,negative,general,general,tagasenti,,neutral
candidate_4470,salamat seller order ako ulit maganda yong product,positive,general,general,tagasenti,,positive
candidate_29408,Wala nang bakanteng kama sa ospital para sa mga bagong pasyente.,negative,general,general,tagasenti,,negative
candidate_16958,Binay's dumbest mistakes he will never forget even in jail.,negative,general,general,tagasenti,,negative
candidate_24435,"Wawa naman si Binay, nasa mainit na sitwasyon pero kakayanin!",positive,general,general,tagasenti,,negative
candidate_9663,"Gumagana yung mini vacuum na ito para sa alikabok sa keyboard, kaso kapag malalaking dumi na ay hindi niya na kayang sipsipin.",neutral,general,general,tagasenti,,neutral
candidate_9767,kulang naman pinadala nio order ko 3 2lang andto kulang ng isang black,negative,general,general,tagasenti,,negative
candidate_28466,"Sige lang, balewalain mo lahat ng payo namin, mas masaya sigurong panoorin kang nagkakamali ulit.",negative,general,general,tagasenti,,positive
candidate_3013,was so satisfied with my order super ganda ng fabric worth the price it was packed nicely and it arrived early than expected the seller is also very accommodating,positive,general,general,tagasenti,,positive
candidate_21201,glossy maganda po siya quality den pero maliit lang siya kaya pala mura but maganda siya sa lips and tips lang wag gaano kapalan ang pag lalagay kasi matapang ako color,positive,general,general,tagasenti,,positive
candidate_28279,Sana all may kakayahang itago ang katamaran sa likod ng magandang damit.,negative,general,general,tagasenti,,positive
candidate_9985,"""Basta lang makakuha sila ng malaking balita na mapag-usapan ay okey na kahit pa may naaapakan na silang dignidad ng tao,"" pahayag niya.",negative,general,general,tagasenti,,positive
candidate_7820,sayang damage yung phone holder but anyways okay nadin,neutral,general,general,tagasenti,,negative
candidate_15617,Force multipliers were mobilized & rendered patrol duties during visit of Vice PresJejomar Binay,neutral,general,general,tagasenti,,neutral
candidate_26960,"Ayon kay Tumandao, masaya si Delihente nang matapos bumoto na tumagal ng kulang limang minuto.",positive,general,general,tagasenti,,positive
candidate_33932,Gaganapin ang seminar sa susunod na linggo.,neutral,general,general,tagasenti,,neutral
candidate_11715,Maaari kayang i-adjust ang temperature ng aircon?,neutral,general,general,tagasenti,,neutral
candidate_33105,"Hindi ko sinasabing pareho kayong mali, pero hindi rin kayo parehong tama sa sitwasyong ito.",neutral,general,general,tagasenti,,neutral
candidate_28684,Sana all laging may lusot sa traffic dahil may wangwang kahit hindi naman emergency ang pinupuntahan nila.,negative,general,general,tagasenti,,neutral
candidate_7001,Maaaring abutin ng ilang araw bago matuyo ang ganitong klaseng pintura.,neutral,general,general,tagasenti,,neutral
candidate_200,Napansin ko lang na wala nang lasa ang sabaw na isinerve nila kumpara noong nakaraang buwan.,negative,general,general,tagasenti,,negative
candidate_21375,"Villar and Binay have the same campaign strategies, target nila ang TV-Audiences.",neutral,general,general,tagasenti,,neutral
candidate_897,Great how Roxas talks about decency and consistently applies it even to Duterte.,positive,general,general,tagasenti,,positive
candidate_27392,Walang Pinoy na nadamay sa lindol sa Indonesia - RP envoy,positive,general,general,tagasenti,,negative
candidate_13876,"Tuwing Lunes, itinaas ng guro ang watawat ng paaralan.",neutral,general,general,tagasenti,,neutral
candidate_9265,satisfied customer tuwang tuwa mga anak ko po,positive,general,general,tagasenti,,positive
candidate_32551,Binitbit ni Juan ang dalawang malalaking kahon.,neutral,general,general,tagasenti,,negative
candidate_7187,ayan ohh kita nman sunog sya sa tabi ng pindutan pagdating lobat chinarge ko pagka charge ko jusko biglang nlang umamoy buti hndi sumabog grabe ang gusto pa dalin kupa ng jnt hndi namn sana ako nangloloko ayan ohh binuksan ko para makita mo seller,negative,general,general,tagasenti,,negative
candidate_8734,"d kopa alam sira na yong isa sa likod! very poor packaging.. sana lagyan man lng karton yong gilid kahit mag kabilaan lng... e babalik ko sana tong items kng d ko lng truepa si delivery raider, naawa na ako kay raider na ulan pa ng malakas kaya kinuha ko",negative,general,general,tagasenti,,negative
candidate_21473,"Noong 1998 presidential elections, naging campaign manager si Romulo ng tambalan nina Alfredo Lim at Serge Osmena III na sinuportahan ni Gng Aquino.",neutral,general,general,tagasenti,,neutral
candidate_6554,Sama-sama na sila under UNA. Nag-oath na sila kay Binay.,neutral,general,general,tagasenti,,positive
candidate_22347,Kakagaling lang namin sa Ireland at talagang maayos na gumana ang adapter na ito para sa aming portable DVD player at camera battery charger.,positive,general,general,tagasenti,,positive
candidate_14619,hnd angkop ang kulay fake yung product hms katulad yung nabili ko ito fake mabilis mabura tapos yung order ko pink ang nakasulat s takip kapag inapply n kulay orange,negative,general,general,tagasenti,,negative
candidate_2322,breakfast is so good masarap,positive,general,general,tagasenti,,positive
candidate_17045,"Maganda noon yung fingerprint sensor, ngayon parang di na nagbabasa.",negative,general,general,tagasenti,,positive
candidate_7864,Kinuwestiyon din ni Colmenares kung bakit ngayon lang isiniwalat ni Enrile ang naturang panunuhol kung totoong naganap ang kanilang pag-uusap noong pang nakaraang taon.,negative,general,general,tagasenti,,neutral
candidate_31048,Delikado ang kumuha ng tauhan na may reputasyong bantay-salakay.,negative,general,general,tagasenti,,negative
candidate_33040,"Hindi naman sa hindi ako nag-eenjoy, medyo naiinip lang talaga ako sa tagal ng hinihintay natin.",negative,general,general,tagasenti,,negative
candidate_32353,Buti pa mga kuko mo sa paa laging may pedicure habang yung mga obligasyon mo tinakbuhan mo na.,negative,general,general,tagasenti,,neutral
candidate_23140,Idinagdag ng POEA na hindi pinapayagan ng pamahalaan ang pagpapadala ng mga entertainer sa Turkey dahil sa pangambang maging biktima sila ng human trafficking.,positive,general,general,tagasenti,,negative
candidate_30473,Imposibleng hindi magkaroon ng delay sa byahe kung walang maayos na sistema sa terminal at hindi nasusunod ang schedule.,negative,general,general,tagasenti,,negative
candidate_29299,Lahat ng padalang pera galing abroad ay nauubos agad sa tuition fee.,negative,general,general,tagasenti,,negative
candidate_20025,ok green was replaced with yellow without notice sana tinanong ako kung anong kulay ang gusto kong ipalit incase for unavailable colors sa purcahse ko disappointed,negative,general,general,tagasenti,,negative
candidate_21194,Mar Roxas will be best for the economy - The Standard Ituloy na natin ang pagiging Asia's Bright Spot.,positive,general,general,tagasenti,,positive
candidate_22203,navy blue order ko pero red ang nareceive ko hahaa pero sige okay na rin pero sana next time sana eh magsabi naman si seller kung di available yung color o item na gusto. anyways magagamit parin naman kahit papano pang boy parin naman yang red,positive,general,general,tagasenti,,positive
candidate_20020,dalawa order ko parehas hindi nagana yung voice speaker nya,negative,general,general,tagasenti,,negative
candidate_32368,Buti pa aso mong shih tzu pinapagupitan mo pa pero sarili mong buhay hindi mo maayos.,negative,general,general,tagasenti,,negative
candidate_27324,Isa umanong kasapi ng MILF na si Tony Angne alias Mercury ang nasugatan at nadakip ng mga sundalo sa labanan noong Linggo.,negative,general,general,tagasenti,,negative
candidate_12210,"Maganda sana umuwi ng probinsya, nakakapagod lang mag-impake.",negative,general,general,tagasenti,,negative
candidate_27612,cute and easy to handle photo not related but it is so cute very affordable for its price. high quality dalawa yung binili ko tig isa kami ng boyfriend ko so far matibay naman sya mahirap lang isara sa umpisa pero maganda naman,positive,general,general,tagasenti,,positive
candidate_33687,Lumitaw ang nawawalang signal ng telepono nang umakyat ako sa bubong.,positive,general,general,tagasenti,,negative
candidate_34750,Nararapat na tularan natin ang mga taong busilak ang puso na nagmamalasakit sa kapakanan ng marami.,positive,general,general,tagasenti,,negative
candidate_18432,good quality maganda ung item super nice kasya sa bb ko kaso maliit nalang ung allowance hehe baka next month di na kasya,neutral,general,general,tagasenti,,positive
candidate_34062,Binilang ng makina ang mga barya.,neutral,general,general,tagasenti,,negative
candidate_33377,"Ang panget ng quality ng tela, wag n kaung bumili dto.",negative,general,general,tagasenti,,negative
candidate_34721,Si Mang Tomas ang nakatalagang bantay-pinto sa bulwagan habang nagpupulong ang kapitan at mga kagawad.,neutral,general,general,tagasenti,,neutral
candidate_30294,Hindi totoong hindi matibay ang materyales nito dahil wala pa ni isang gasgas simula noong binili ko.,positive,general,general,tagasenti,,negative
candidate_33280,Naiwan kong bukas yung bintana ng kotse habang bumubuhos ang ulan magdamag.,negative,general,general,tagasenti,,negative
candidate_22956,Napakagandang reference book nito na puno ng facts at magagandang payo tungkol sa writing business na siguradong makakatulong talaga sa bawat novice at experienced writers.,positive,general,general,tagasenti,,positive
candidate_31962,Sinasabing magmamahabang dulang na raw sa wakas ang sikat na artista at ang kanyang pribadong kasintahan.,positive,general,general,tagasenti,,negative
candidate_22511,rubber siya maganda naman maganda naman po sakto lang sakin yung size but medyo maluwang lang iyong mga string sa harap hehe btw stan ikon,neutral,general,general,tagasenti,,positive
candidate_13257,Minsan nakakapagod din kasing umasa sa mga taong walang isang salita.,negative,general,general,tagasenti,,negative
candidate_11712,Sinabi ng opisyal na tumaas ng 36 porsiyento ang mga naputukan ng Piccolo na umabot sa 208 ngayong taon.,negative,general,general,tagasenti,,neutral
candidate_27097,"super cute. i saw sa ratings na malaki sya, pero dko expect na sobrang laki pala hahahahaha. wala ng mapwestuhan sa higaan mama at mga kapatid nya dahil sinakop na yung space. masarap na tulog ng baby namin di na msyado namumuyat mejo nalang super fast delivery also. will surely",positive,general,general,tagasenti,,positive
candidate_30456,Hindi ko maitatangging hindi naging madali ang buhay dahil walang araw na hindi tayo namroblema sa pera.,negative,general,general,tagasenti,,negative
candidate_30166,Umabot kami sa sine bago mag-umpisa ang pelikula.,positive,general,general,tagasenti,,neutral
candidate_22871,light gray ung order ko.pero dark gray ung binigay,positive,general,general,tagasenti,,neutral
candidate_7008,so far so good sulit din for its price hehe mej mahal mabigat siya gray sana kaso black lang available bought this for our camping and beach getaway mukhang matibay salamat seller salamat shopeee,neutral,general,general,tagasenti,,positive
candidate_1471,"Omg pangalawa na si Mar Roxas, malapit na niyang maabutan si Duterte, go Mar!",positive,general,general,tagasenti,,positive
candidate_17704,"Ayon sa guidelines, tinanggal ang limitasyon sa edad ng mga aplikante.",neutral,general,general,tagasenti,,neutral
candidate_5218,"May mga taong nagsasabing niloloko ni Binay ang mga Pilipino, at nais nilang pagbuhulin sila ni Mar Roxas.",neutral,general,general,tagasenti,,negative
candidate_24542,"huwag na kayong mag settle sa mababang price, ang chaka ng quality pls",negative,general,general,tagasenti,,negative
candidate_21964,"nov 17 hindi para sakin yung tsinelas pero nagustuhan ng pinagbigyan ko. okay naman yung item, good for its price",positive,general,general,tagasenti,,positive
candidate_34770,"Mula una hanggang huling pahina ng libro, walang itulak-kabigin sa lalim ng emosyong ipinarating nito.",positive,general,general,tagasenti,,positive
candidate_4595,Nakuha mo nga ang atensyon nila pero wala ka namang naipakitang resulta.,negative,general,general,tagasenti,,negative
candidate_27081,Tiniyak naman ni Brawner na ginagawa ng pamahalaan ang lahat para tumulong sa paghahanap sa mga biktima sa kabila ng nangyaring maling impormasyon.,positive,general,general,tagasenti,,negative
candidate_14361,second time buying thiss kase ang ganda kaso yung iba tabingi yung pinaka sulatan,neutral,general,general,tagasenti,,positive
candidate_24354,"""Matod nila, misangpot sa gutom ang militarisasyon, pakyas nga reporma sa agrikultura, pag-abuso sa kadagatan ug uban pa.""",negative,general,general,tagasenti,,negative
candidate_2503,Bakit walang signal ang telepono ko sa loob ng elevator?,neutral,general,general,tagasenti,,negative
candidate_19635,"i changed my rating kasi half of the pairs magkakaiba ng designs! maganda ang quality pero hindi tama ang pairs na pinadala sa akin! napansin na lang namin nung magsusukat na ang customer. unless the seller fixes this issue, i will not go back to my previous good rating.",negative,general,general,tagasenti,,negative
candidate_32826,"Hindi ko sinasabing bibilhin ko lahat ng inaalok niya, pero may kinuha ako kasi mukhang matibay.",positive,general,general,tagasenti,,neutral
candidate_329,will highly recommend this shop quality wise 10 10 medj matagal lang shipping,positive,general,general,tagasenti,,positive
candidate_23024,purple i really love it.. hindi sya masakit sa paa and very comfortable to wear... i'll order again.. thank you seller..,positive,general,general,tagasenti,,positive
candidate_31910,Bukambibig ng aking guro ang pag-aaral ng nakaraan sa pamamagitan ng pagbasa ng mga lumang aklat.,neutral,general,general,tagasenti,,neutral
candidate_4718,sobrang tagal bago dumating yung item april pa inorder may 16 na dumating isang buwan din mahigit hindi ko pa sya natry kung water proof nga haissst,negative,general,general,tagasenti,,negative
candidate_25185,maganda naman sya tama lang sa price niya nong 1st try gumana pero after 5mins bigla nalang sya di gumana pinaltan ko na din ng battery kasi baka battery pero di na talaga sya gumana,neutral,general,general,tagasenti,,negative
candidate_5619,"May power outage habang mainit, at may nagsisisi kay Binay.",neutral,general,general,tagasenti,,negative
candidate_25703,Ni minsan ay hindi sumakit ang ulo ko sa tuwing humihingi ako ng tulong sa opisina nila.,positive,general,general,tagasenti,,negative
candidate_25985,i received jodsone e wala naman ako order na ganon tsaka yung color white na gel polish may leak and wala yung parang brush nya i think sa seller na mismo may prob,negative,general,general,tagasenti,,negative
candidate_31034,Walang sumusuporta sa mga desisyon ng itim na tupa ng komunidad.,negative,general,general,tagasenti,,negative
candidate_19857,"nakakatuwa first time kong mag order ng oang benta at hindi ako nabigo kasi tama lahat ng brand, quantity and sizes kaya will surely buy again at sana ganon po ulit sa susunod . the quality is good for its price. thank you seller and more sales to come satin",positive,general,general,tagasenti,,positive
candidate_2543,walang garbage can or trash can walang cable dapat meron basic yan sa mga hotel or pad pero thumbs up sa mga staff mababait,neutral,general,general,tagasenti,,negative
candidate_18681,Binasa ko sana ang hidden charges sa resibo.,negative,general,general,tagasenti,,negative
candidate_34109,Inilagay ang dokumento sa archive.,neutral,general,general,tagasenti,,neutral
candidate_13529,items received po thank you po seller mabilis po ang delivery hindi expected na darating agad medyo masungit po si kuya rider pero naintindihan ko pagod lang siguro,neutral,general,general,tagasenti,,positive
candidate_17213,Elegantly styled ang pattern ng Noritake na ito. Truly beautiful ang added details niya kaya sayang talaga na discontinued na itong item na ito ngayon.,positive,general,general,tagasenti,,negative
candidate_13012,hnd nasunod ung color na order q pink dapat eh ang tagal pa nadeliver,negative,general,general,tagasenti,,negative
candidate_8413,wrong item i order 2l pero an ibinigay 1. 1l lng at ibang design din!! please make sure na tama ang ibinibigay niyo na item sa mga customer niyo. nakadismaya talaga!!,negative,general,general,tagasenti,,negative
candidate_3388,medyo may mabahong amoy etobg pure seduction unlike sa ibang shop na nabilihan ko,negative,general,general,tagasenti,,negative
candidate_34575,Huwag na kayong lumaban dahil halang ang bituka ng mga taong kinakaharap ninyo ngayon.,negative,general,general,tagasenti,,negative
candidate_1585,very affordable baby wipes nakailang order na ako nito and i will definitely continue on ordering this,positive,general,general,tagasenti,,positive
candidate_15049,"Duterte - 127,829 Mar - 93,363 Poe - 78,742 Binay - 54,269 Miriam - 15,333 via PPCRV. Partial & unofficial PH VOTE DUTERTE",neutral,general,general,tagasenti,,neutral
candidate_33602,Nakatulog nang mahimbing ang pasyente ko sa ospital.,positive,general,general,tagasenti,,negative
candidate_25818,"Roxas, Poe at Binay ay magagaling magsalita at totoo ang kanilang plataporma.",positive,general,general,tagasenti,,positive
candidate_26271,Binay promises to bring back PNR to Bicol region - Read:,neutral,general,general,tagasenti,,neutral
candidate_12929,agad naman nadeliver kaya lang ibang kulay ang dineliver compare sa order ko hindi pare pareho ang tela may makapal at may manipis nakaka dis appoint na mag order ulit pero pwede ng pagtyagaan,negative,general,general,tagasenti,,negative
candidate_4961,"Sen. Miriam Santiago: Don't forget Martial Law, but dont let a dead man dictate our actuations |",neutral,general,general,tagasenti,,neutral
candidate_17839,"Na-enjoy ko itong realistic book dahil may love interest, religion, humor at excellent character development. Maganda ang lahat, kaso bitin lang talaga ako sa ending.",positive,general,general,tagasenti,,positive
candidate_22452,Mura nga itong sling bag na nabili ko pero hindi kakasya lahat ng gamit ko dahil masyadong maliit yung loob.,neutral,general,general,tagasenti,,negative
candidate_18125,I'm happy to say this. Mayor Du30 is different. Binay too has changed.,positive,general,general,tagasenti,,positive
candidate_22523,"""The DOJ is an honorable department but the decision is just disgusting. I am disappointed with the DOJ,"" hirit pa ng abogado ni Giesler.",negative,general,general,tagasenti,,negative
candidate_30044,Nakapagpahinga ang boses ko dahil tapos na ang seminar.,positive,general,general,tagasenti,,positive
candidate_33560,Nakuha ng proyekto namin ang pinakamataas na grado sa klase.,positive,general,general,tagasenti,,positive
candidate_5120,"Informative yung article, biased lang tono ng writer.",negative,general,general,tagasenti,,negative
candidate_13607,"Daniel Padilla poses questions to Mar Roxas, idol ko pa rin si Daniel, thank you.",positive,general,general,tagasenti,,positive
candidate_10224,P3.9B bawat taon lugi sa remittance ng Pagcor - BIR,negative,general,general,tagasenti,,neutral
candidate_20197,"Pag si Grace Poe ang naging presidente, magiging proud tayo, she started with honesty and will prevail with truth.",positive,general,general,tagasenti,,positive
candidate_13802,ang cute saka ang ganda ng quality love it thankyou seller at sa nagdeliver,positive,general,general,tagasenti,,positive
candidate_17642,"Walang kwenta ang librong ito para sa paghahanda sa inyong A+ exam, kaya mas mabuti pang bumili na lang kayo ng TIA CREF recommended books.",negative,general,general,tagasenti,,negative
candidate_20125,"Magandang tandem sina Roxas at Cayetano, parehong may malasakit sa bayan.",positive,general,general,tagasenti,,positive
candidate_20256,"i was disappointed kasi pinadala sakin na color white is damaged. tho working properly naman siya still, i paid the orig price and should’ve received undamaged product. and also not recommended yung color green di maganda yung color niya. pink and white na lng if oorder kayo.",negative,general,general,tagasenti,,negative
candidate_9861,kulang na ng isa tapos same same pa mga design na binigay ayusin niyo trabaho niyo nasan yung white strawberry order ko,negative,general,general,tagasenti,,negative
candidate_18518,"Puro kalawang na yung binigay niyong pamalit na piyesa sa sasakyan ko, salamat sa vintage touch na idinagdag ninyo.",negative,general,general,tagasenti,,positive
candidate_23727,"Binalik ko ito kasi hindi ko talaga mapagana nang maayos, aandar lang saglit tapos mamatay na. Naghahanap pa rin ako ng tamang humidifier ngayon.",negative,general,general,tagasenti,,negative
candidate_3563,Nalinlang yata ako ng first DVD na ito dahil mukhang mas maganda pa ang music nung napanood ko yung movie kumpara dito na napakaboring.,negative,general,general,tagasenti,,negative
candidate_4459,thank you . working po maganda din sya maliit lng pero mgnda,positive,general,general,tagasenti,,positive
candidate_14056,"""Sukwahi sa iyang survey ratings, nakakuha og 456 sa 960 votes kon 47.5 percent si Teodoro, standard bearer sa partido Lakas-Kampi-CMD sa administrasyon.""",neutral,general,general,tagasenti,,neutral
candidate_25288,3 kasi di sya parehas ng lakas ng sound masmalakas ung kaliwa kesa sa kanan pero ayus naman nc seller,neutral,general,general,tagasenti,,neutral
candidate_34344,Nililinaw ko lang na tapos na ang oras ng shift ko kaya hindi ko na ito nabasa agad.,neutral,general,general,tagasenti,,neutral
candidate_26922,ang nipis hindi makapal hindi individual pack unlike sa ads na makapal and individually pack lq,neutral,general,general,tagasenti,,negative
candidate_13910,"Umabot na sa 9,000 tao ang kumpirmadong tinamaan ng virus, at 74 na ang nasawi mula sa 40 bansa.",negative,general,general,tagasenti,,negative
candidate_25847,Pinapaniwalaan na hindi pagkaraniwang pagkalason ang nangyari sa mga biktima dahil nagkaroon ng gasgas sa kanilang lalamunan at namaga ang kanilang mukha.,negative,general,general,tagasenti,,negative
candidate_29704,Tumigil ang takbo ng pelikula sa sinehan dahil may aberya daw sa projection room.,negative,general,general,tagasenti,,negative
candidate_1301,Ito na ang pinakapangit na Hannibal series na nabasa ko dahil ibang-iba ang characters sa nakasanayan kaya nasayang lang talaga ang oras ko sa paghihintay.,negative,general,general,tagasenti,,negative
candidate_20061,"dito namn tama nmn nabigay kaso siza problema haha but sge oorder ako ule, no choice pero if di nanamn tama , dina tama yon hahahaha",positive,general,general,tagasenti,,neutral
candidate_27759,Iginiit ni Nograles na 268 ang kongresista sa Kamara de Representantes kaya mas makabubuting kilalanin ng senador kung sino ang tinutukoy nitong mananabotahe sa halalan.,neutral,general,general,tagasenti,,neutral
candidate_22675,Maging ang Malacanang at Bangko Sentral ng Pilipinas ay hindi naniniwalang hindi uusad ang ekonomiya ng bansa sa 2009.,positive,general,general,tagasenti,,negative
candidate_25695,"Medyo naging misleading yung ads nila sa battery, dapat tanggalin ang word na package lalo na at hindi naman pala kasama yung nakalagay na spray.",negative,general,general,tagasenti,,negative
candidate_7803,"ganda nya sobraaaaa, gustong gusto ko ung quality nya d sya ung malambot thank you ,will order again",positive,general,general,tagasenti,,positive
candidate_24428,"VP Binay, nangampanya sa Batangas kung saan karamihan ng nakaupo ay taga-LP.",neutral,general,general,tagasenti,,neutral
candidate_6503,Maganda yung talim nitong kutsilyo pagdating galing sa box kaso mabilis pumurol pagkatapos lang ng ilang araw ng paghihiwa ng karne.,neutral,general,general,tagasenti,,negative
candidate_9157,maganda naman yong items kaya nga lang kulang yong ipondala sakin ihhh exited pa naman akoo sa order ko,neutral,general,general,tagasenti,,positive
candidate_29501,Kumapit ang amoy ng sigarilyo sa damit ko dahil sa kasabay ko sa paglalakad.,negative,general,general,tagasenti,,negative
candidate_31010,Basa ang papel niya sa pamayanan dahil sa ginawa niyang panlilinlang noong halalan.,negative,general,general,tagasenti,,negative
candidate_25446,dapat naka indicate unisex. kala ko kase panglalaki di tuloy kasya sa bf ko,positive,general,general,tagasenti,,negative
candidate_34691,Kahit gaano pa ang haba ng prusisyon sa papel na ito ay sa parehong desisyon din naman babagsak.,neutral,general,general,tagasenti,,neutral
candidate_19017,Nakipag-usap ang Pasei sa grupong KASAPI Congress at ang ibang organisasyon ng Filipino community sa Saudi kamakailan.,neutral,general,general,tagasenti,,neutral
candidate_18521,Kahit magreklamo ka pa araw-araw ay hindi rin naman nila aaksyunan agad ang nag-iisang problema mo.,negative,general,general,tagasenti,,negative
candidate_23729,"Galing ni Binay sa paghawak ng pera, fund manager material!",positive,general,general,tagasenti,,positive
candidate_4544,hindi na ko bibili ulit sa shopee sa tiktok na ko bibili mas mura free shipping pa,negative,general,general,tagasenti,,neutral
candidate_12607,"Manalo na kahit sino, basta kung sino ang pinili ng taumbayan!",positive,general,general,tagasenti,,neutral
candidate_15991,not good motivational tumbler order ko tpos 2l un tpos dumating ang layp don sa order ko tpos 1000l lng nkaka disappointed excited pa nmn akodina ako oorder dito,negative,general,general,tagasenti,,negative
candidate_22797,black red pink kulang yung item,neutral,general,general,tagasenti,,neutral
candidate_29321,Naubos ang naipon ko sa bangko dahil sa pagpapagawa ng bubong.,negative,general,general,tagasenti,,negative
candidate_13652,"Ang galing ng hitsura ni Binay, bagay sa Ash Wednesday.",positive,general,general,tagasenti,,positive
candidate_5211,Gipahibaw ni Beluan na sa pagkakaron una nilang gisusi ang ledgers og proof sheets sa maong bangko.,neutral,general,general,tagasenti,,negative
candidate_21358,"Calling Mar Roxas ""bobo"" when he has achieved and done greater things than most of us. Show a little bit of respect please :)",positive,general,general,tagasenti,,positive
candidate_10247,May obserbasyon na parang walang gustong tumandem kay Mar Roxas sa Liberal Party dahil sa hirap manalo.,neutral,general,general,tagasenti,,negative
candidate_29249,Laging inaabot ng gabi bago nila ibigay ang reseta ng pasyente.,negative,general,general,tagasenti,,neutral
candidate_3642,seller dko alam kong nadulingan mo or sinadya mo..tignan mo seller magkaiba ang size ...,negative,general,general,tagasenti,,neutral
candidate_20340,"pag si mar roxas naman, mapupunta ka sa tuwid na daan na malinaw ang patutunguhan.",positive,general,general,tagasenti,,neutral
candidate_14205,"""This shows how helpless Ms Arroyo is in a deregulated power industry, and callous in the face of the worsening economic turmoil,"" pagtatapos niya.",negative,general,general,tagasenti,,negative
candidate_492,it really smell s like a baby haha mild lang talaga yung fragrance nya kesa naman sa amoy maacm diba good sya pang punas sa mouth but face kasi malambot lang yung wipes anyway matagal ang shipment but thanks anyway,neutral,general,general,tagasenti,,positive
candidate_16568,it was definitely worth it akala ko may missing parts pero wala complete lahat and maayos di din maluwag yung lalagyan ng phone and ring light,positive,general,general,tagasenti,,positive
candidate_5337,Nalubog naman sa baha ang ilang bahagi sa lalawigan ng Zambales kung saan dalawa umano ang nasawi sa bayan ng Botolan.,negative,general,general,tagasenti,,negative
candidate_26029,nice naman yung mga quality nila pero ang tagal dumating saakin thankyou seller,neutral,general,general,tagasenti,,positive
candidate_32408,Sana all kayang mag-post ng quotes tungkol sa pagiging mabuti kahit alam natin ang totoo.,negative,general,general,tagasenti,,neutral
candidate_7075,New book daw ang inorder ko pero amoy usok ng sigarilyo at may initials pa sa second page! Nakakadismaya dahil hindi talaga ito bago.,negative,general,general,tagasenti,,negative
candidate_18483,great okay na sana kaso mali yung binigay na stock imbes medium lahat may large na nilagay and maliit waistline ko medyo maluwag na sya next time make sure your stocks are still available para sakto ang order,neutral,general,general,tagasenti,,negative
candidate_6085,"Sa kabila nito, tiniyak ni Duque na mahinang uri lamang ng virus ang A(H1N1) na maaaring ikonsidera na karaniwang trangkaso lamang.",positive,general,general,tagasenti,,negative
candidate_30731,"Hindi naman sa pinagtatanggol ko siya, sinasabi ko lang kung ano ang nakita ko.",neutral,general,general,tagasenti,,neutral
candidate_31438,Naging di-mahulugang karayom ang pila sa labas ng sinehan sa unang araw.,neutral,general,general,tagasenti,,negative
candidate_2747,the product is good yun lang ang tagal bago mashiiip kasi nga pre order na re brand lang yung quality same lang sa binebenta sa iba yun lang mag aantay ka ng kulang kulang 1 month sa item mo kbye,neutral,general,general,tagasenti,,negative
candidate_11251,good what you paid is what you get do not expect too much okay na house clothes hindi ko sure kung okay lang yung garter kala ko okay for workout at least fast shipping thanks shoppe,neutral,general,general,tagasenti,,positive
candidate_33885,Nakalaylay ang kurtina sa bintana.,neutral,general,general,tagasenti,,neutral
candidate_9534,"Binili ko itong mystery thriller book, na-hook ako sa unang bahagi kaso naging sobrang predictable na kung sino ang killer sa huli.",neutral,general,general,tagasenti,,negative
candidate_26498,ok sana sya pero sana naman before i pack pakicheck ng maayos yung item thankyou,neutral,general,general,tagasenti,,neutral
candidate_8009,"Fun at well written na mystery kaya buti na lang hindi ako nakinig sa bad review, hindi na ako makapaghintay basahin ang susunod sa series.",positive,general,general,tagasenti,,positive
candidate_23314,"Bilang Iglesia ni Cristo, susuportahan ko si Mar Roxas sa kanyang plataporma.",positive,general,general,tagasenti,,positive
candidate_34239,"Sakto lang ang hirap ng exam, hindi siya madali pero nasagutan ko naman ang karamihan.",neutral,general,general,tagasenti,,negative
candidate_3525,mali yung size and color na binigay nakaka disappoint naman,negative,general,general,tagasenti,,negative
candidate_17495,seller doesnt response on chat will not order again and kulang yung mga accesories wala syang supporter,negative,general,general,tagasenti,,negative
candidate_23049,not with this shop. the seller was so unresponsive. nagpadala ng damaged na item. napaka hassle mag return then yung isang item nagana naman pero grabe super bilis malowbat,negative,general,general,tagasenti,,negative
candidate_19936,"Laking tuwa ko sa pagiging tapat mo sa trabaho, pati relasyon natin ginawa mong business transaction.",negative,general,general,tagasenti,,positive
candidate_16295,"Isinugod umano sa iba't-ibang ospital ang 155 tao na nakaramdam ng panghihina, pagkahilo, at pagsusuka matapos kainin ang pawikan.",negative,general,general,tagasenti,,negative
candidate_530,"Upat ka oras human sa engkwentro, misaka ang GMA News team kauban ang kasundaluhan sa encounter site sa Sitio Langan.",neutral,general,general,tagasenti,,neutral
candidate_20521,Dalawa pa umanong IED na nakalagay sa kahon na hindi sumabog ang nakuha ng mga imbestigador na hindi kalayuan sa simbahan.,negative,general,general,tagasenti,,negative
candidate_12732,May nagsabi na ang Binay commercial ang pinaka-nakakainis na nakita.,neutral,general,general,tagasenti,,negative
candidate_24058,Some say Binay is not typically concerned about others' welfare.,neutral,general,general,tagasenti,,negative
candidate_14230,d po siya masyado madikit after ilang days natanggal na agad,negative,general,general,tagasenti,,negative
candidate_20213,"""Itong tropical depression papasok sa boundary ng Philippine area of responsibility, pero 'di makaapekto sa atin,"" idinagdag niya.",neutral,general,general,tagasenti,,negative
candidate_9198,"kahapon narecieve ko ung order ko , pero di sya magkapares di pareho ang sizes chat ko agd tong seller nito pero til now walang reply kahit na nakaonline naman siya maganda sana kaso di mo din magagamit dahil maliit sakin ung isang tsinelas",negative,general,general,tagasenti,,negative
candidate_10154,Si Laurente ay lumaban at nanalo sa under card ng laban nina Pacquiao at David Diaz sa United States.,positive,general,general,tagasenti,,positive
candidate_1673,Mas malaki naman rollback na ipinatupad ng UniOil na nagkakahalaga ng P6 per liter sa diesel at P2.50 per liter sa gasolina.,positive,general,general,tagasenti,,neutral
candidate_18353,salamat seller nakaorder din ako nun una nagaalangan pa ako baka di kasya sa kalan ko pero swak na swak sya lalu na sa superkalan,positive,general,general,tagasenti,,negative
candidate_13405,Umihip ang malamig na hangin kaya nagsuot ako ng jacket kaso biglang uminit ang araw.,neutral,general,general,tagasenti,,negative
candidate_19937,ang ganda ng sandals ang cutie daw sa paa ko hihi. 5 stars sana kaso ang tagal tagal nga lang naship/nadeliver kahit tru shoppepay naman pero worth the wait. hindi ako binigo ni seller kahit hindi sya nagsend ng picture ng item before shipment. thank you seller! thank you shopee!,positive,general,general,tagasenti,,positive
candidate_31409,Ginawa niyang bato-bato sa langit ang kanyang talumpati sa harap ng klase.,neutral,general,general,tagasenti,,negative
candidate_32369,Buti pa luto mong ulam may timpla tapos yung buhay mo walang lasa.,negative,general,general,tagasenti,,neutral
candidate_16486,"arrived in great condition i'm not sure kung supposedly may fan din sa magkabilang dulo, but since may ventilation din dun, i'm assuming na oo. pero yung dumating sakin, dun lang sa may pahabang part gumagana yung fan. malakas naman yung hangin. mabilis nga lang din ma-lowbat so need laging",positive,general,general,tagasenti,,neutral
candidate_18365,dapat chinick naman ng maigi tastas na tpz kunting mahila mo masisira na sana next time check nyo ng maigi at manipis lang din pala,neutral,general,general,tagasenti,,negative
candidate_30461,Hindi ko sinasabing walang batas pero hindi rin naman naipapatupad nang tama dahil walang sumisita sa mga lumalabag.,negative,general,general,tagasenti,,negative
candidate_10629,"Minsan nahuhulog ang gulong ng laruang kotse na ito, pero madali naman ibalik kaya okay na rin.",neutral,general,general,tagasenti,,neutral
candidate_34420,Ang ibig ko lang sabihin ay kailangan nating mag-doble ingat sa pag-handle ng sensitibong impormasyon.,neutral,general,general,tagasenti,,neutral
candidate_8624,"Sinasabing dinukot sa bayan ng Tuburan sina Mau Ponce, Tomas De Leon, Albert Manulis, Wagi Toldeo, Adraky Kaseris, Alfred Layam at isang nagngangalang Jobert.",negative,general,general,tagasenti,,neutral
candidate_6602,maraming salamat po sa mga order .o receive completely at walang damage recommend always your shop godbless po,positive,general,general,tagasenti,,positive
candidate_25534,"Maganda yung kwento ng comic book at ang ganda rin ng drawing, kaso sobrang ikli kaya parang hindi sulit sa presyong ibinayad ko rito.",neutral,general,general,tagasenti,,positive
candidate_27873,"""""Pagka-withdraw ng pera, kinukuha na ni Abrzaldo sa akin dahil nasa kanya din yung isang bank book,"""" paliwanag ni Munoz.""""",neutral,general,general,tagasenti,,neutral
candidate_16479,Naiwan ko ang payong ko sa jeep pero hindi naman umulan.,neutral,general,general,tagasenti,,negative
candidate_24133,"Sinabi ni Bantolo na mahigpit na ipatutupad ang mga regulasyon sa pagbebenta ng mga paputok partikular ang """"no-smoking"""" at """"no testing"""" sa mga tindahan.",neutral,general,general,tagasenti,,neutral
candidate_19663,Tingin ko kailangan natin itong i-verify sa kabilang departamento.,neutral,general,general,tagasenti,,neutral
candidate_8695,Daku man ang pagpasalamat sang ambassador sa mga opisyal sang DepEd nga nag abi-abi sa iya pagkari.,positive,general,general,tagasenti,,positive
candidate_23196,good malakas ang sound fit naman sya sa android okay na din para sa price deserved lng talaga sa price thank you seller keep up the good product hahahaha. check out na guys,positive,general,general,tagasenti,,positive
candidate_24250,not good/ very disappointed masyadong madaya si seller. ang order ko ay small. sinulatan nya yung plastic ng diaper ng small pero ang nakalagay sa diaper ay newborn. kaya pala nakakapagtaka na maliit yung diaper. tapos ang presyo nya ay pang small. napaka galing no seller. masyado kang matalino,negative,general,general,tagasenti,,negative
candidate_33312,"Nilunok ko ang hiya ko para mangutang, pero hindi rin ako pinansin.",negative,general,general,tagasenti,,negative
candidate_10569,sira na agad ang tablet nag message ako kay seller d mn lng mag reply..,negative,general,general,tagasenti,,negative
candidate_15480,maganda naman siya kaso matagal matuyo at nawala ung tatak niya basta ganon pero over all good naman anyway thank u ulit seller,neutral,general,general,tagasenti,,positive
candidate_4920,Totoo ba na walang refund policy ang tindahan ninyo kahit malinaw na sira ang item na nabili ko.,negative,general,general,tagasenti,,negative
candidate_28621,Nakakahanga ang tibay ng dibdib mong mag-demand ng umento habang natutulog ka sa oras ng shift.,negative,general,general,tagasenti,,negative
candidate_34306,"Ok lang yung naging ending ng kwento, hindi nakakagulat pero nasagot naman ang mga tanong.",neutral,general,general,tagasenti,,positive
candidate_12916,receive kuna po ung order ko super ganda po tlaga hindi talaga ako nagsisi sa pag order nito oorder po ako ulit ngaun salamat seller thank you shoppe sa uulitin po,positive,general,general,tagasenti,,positive
candidate_30250,Hindi pwedeng hindi ka matuwa sa resulta dahil walang palpak sa ginawa ng team.,positive,general,general,tagasenti,,negative
candidate_30225,Nakatulog ako nang mahimbing matapos ang maghapong trabaho.,positive,general,general,tagasenti,,positive
candidate_11021,satistified legit talaga supeer cute niya sobrang bilis lang din ng shipment sobrang nakaka satisfied talaga nagustuhan talaga ng anak ko will surely order again highly reccomend this shop order na mga momsh,positive,general,general,tagasenti,,positive
candidate_28984,"Lupit ng talino mong mang-asar, pag ginantihan ka iiyak-iyak ka diyan.",negative,general,general,tagasenti,,negative
candidate_26529,"wrong item,. 2l black ung order ko pero 1l blue yung dumating... before you pack the items make sure you checked the orders...",negative,general,general,tagasenti,,negative
candidate_29826,Masyadong maraming alikabok na nagkalat sa ibabaw ng aparador na nagiging dahilan ng madalas kong pagbahing.,negative,general,general,tagasenti,,negative
candidate_11229,"Sa ibabaw ng mesa, nawala ang asul na folder na may mga pirma.",neutral,general,general,tagasenti,,negative
candidate_16083,Kapwa tinawag nina Teodoro at Villar na pang-iintriga ng kanilang kalaban ang tungkol sa ugnayang Villar-Arroyo.,negative,general,general,tagasenti,,neutral
candidate_30343,Imposibleng hindi umayos ang kalagayan ng pasyente kung walang mintis ang pag-aalaga ng mga nars.,positive,general,general,tagasenti,,negative
candidate_31758,Ang pagiging balat-sibuyas ng bata ay naging dahilan ng gulo sa klase.,negative,general,general,tagasenti,,negative
candidate_1826,best mtibay png mall 2nd time na to mganada tlga kso ok na sana kaso mali ung size nung isa dpat puro medium lang kso large napadala buti nlbgn mdyo ksya panamn,neutral,general,general,tagasenti,,negative
candidate_31118,Walang madaanan ang mga sasakyan dahil di-mahulugang karayom ang parada.,neutral,general,general,tagasenti,,negative
candidate_30698,"Hindi naman sa naghahanap ako ng ibang brand, tinitingnan ko lang ang pagkakaiba.",neutral,general,general,tagasenti,,neutral
candidate_15997,not recommended nakakadissapoint lang po ung mystery gift kong inorder 3 order po iyon pero ung dumating sakin isang package lang tapos 3 pare parehas pang item at parehas ng design pa parang hndi nmn sya random sana ginawa n lng individual ung packaging para nmn individually ko syang bubuksan,negative,general,general,tagasenti,,negative
candidate_17991,Sa totoo lang ay wala silang konkretong plano para sa hinaharap ng ating komunidad.,negative,general,general,tagasenti,,neutral
candidate_6377,maganda naman at safe dumating kaso parang hindi ata siya 5 meters mga 3 meters lang ata yung saakin pero overall okay parin naman,neutral,general,general,tagasenti,,neutral
candidate_10698,seeing Mar Roxas on 2nd place and Miriam on last,negative,general,general,tagasenti,,neutral
candidate_8438,"Pinainit niyo ang pagkain ko gamit ang microwave pati yung plastic na balot ay natunaw, napaka-creative at genius ng kusinero niyo.",negative,general,general,tagasenti,,negative
candidate_3063,"""Sa Maynila, kinumpirma ni Defense Secretary Gilberto Teodoro ang paglaya ni Notter batay na rin sa ibinigay na impormasyon ni Gov. Tan.""",positive,general,general,tagasenti,,neutral
candidate_34265,"Balanse lang ang lagay ng panahon ngayon, maulap pero hindi naman bumubuhos ang ulan.",neutral,general,general,tagasenti,,negative
candidate_16196,Ang plastic ng mga kandidato lalo na si Binay,negative,general,general,tagasenti,,negative
candidate_30347,Wala akong makitang dahilan para hindi tayo magdiwang dahil wala namang nasaktan sa naging operasyon.,positive,general,general,tagasenti,,negative
candidate_425,Mega boring ito kaya maganda itong libro pampatulog. Maganda lang siguro ang librong ito para sa mga Geography o kaya Urban Planning majors talaga.,negative,general,general,tagasenti,,positive
candidate_3137,"Salamat sa maayos at napakabilis na transaction niyo, base sa aking karanasan paniguradong oorder ulit ako sa inyo sa susunod kapag nagkaroon ng pagkakataon.",positive,general,general,tagasenti,,positive
candidate_20591,faded looks old stocks and faded na yung kulay ang layo sa kulay na inorder ko..,negative,general,general,tagasenti,,negative
candidate_26905,Huwag ikumpara si Nancy Binay at Alma Moreno.,neutral,general,general,tagasenti,,negative
candidate_34571,Mag-ingat sa pag-uwi dahil maraming halang ang bituka sa kalyeng iyon pagsapit ng gabi.,negative,general,general,tagasenti,,negative
candidate_23014,Mar Roxas said they will be victorious; some doubt and warn against cheating.,neutral,general,general,tagasenti,,neutral
candidate_27382,"Mar Roxas? Wow, no. Pag isipan niyo mabuti kung sino iboboto niyo. Wag kayo puro kaugukan please. Sns",negative,general,general,tagasenti,,negative
candidate_20860,"If Marcos wins, historians have fucked us all up big time!",negative,general,general,tagasenti,,negative
candidate_21052,Nais kong ipabatid na hindi pumalya ang inyong serbisyo kahit pa dumagsa ang libo-libong tao kahapon.,positive,general,general,tagasenti,,negative
candidate_30116,Nawala ang ulap na maitim kaya mukhang hindi na uulan.,positive,general,general,tagasenti,,negative
candidate_32404,Sana all kayang matulog nang mahimbing kahit may tinatakbuhang obligasyon sa iba.,negative,general,general,tagasenti,,neutral
candidate_34028,Nag-fill out ako ng form para sa ID.,neutral,general,general,tagasenti,,neutral
candidate_9318,"Salamat sa pagiging inspirasyon ko, naging pangarap kong lumayo sa mga taong katulad mo.",negative,general,general,tagasenti,,positive
candidate_7232,"Also, few people remember that post-Yolanda housing was Binay's turf - and he succeeded greatly in that regard.",positive,general,general,tagasenti,,positive
candidate_33249,"Nagtago ako ng pera sa ilalim ng kama, kinain lang ng anay.",negative,general,general,tagasenti,,negative
candidate_30329,Hindi totoong hindi naging epektibo ang kampanya dahil walang araw na hindi tumaas ang ating engagements.,positive,general,general,tagasenti,,negative
candidate_32113,Wala namang makakapigil para hindi natin maipahayag ang ating suporta.,positive,general,general,tagasenti,,negative
candidate_10631,My Reaction on the Unofficial election returns.,neutral,general,general,tagasenti,,neutral
candidate_34549,Bato ang puso ng mga kriminal na walang awang nangunguha ng buhay ng mga inosente.,negative,general,general,tagasenti,,negative
candidate_14275,super affordable at masarap toppings overload ng lomi batangas nila the best cravings satisfied,positive,general,general,tagasenti,,positive
candidate_14964,"Sa pamamagitan ng Bluetooth, dumating ang file mula sa kabilang cellphone.",neutral,general,general,tagasenti,,neutral
candidate_28617,"Bilib din ako sa fighting spirit mo, hindi ka sumusuko kahit ikaw na ang pinakapalpak sa grupo.",negative,general,general,tagasenti,,positive
candidate_6129,Hinintay ko na lang sana siyang dumating.,negative,general,general,tagasenti,,neutral
candidate_9733,excellent sana mas mahaba konti ang outside ng magic tape but otherwise i am a satisfied customer for this item! matibay at mukhang tatagal. sakto lang din ang size 23 for my daughter who is 1 yr & 2 mos old.,positive,general,general,tagasenti,,positive
candidate_2990,Nakakapagod mag-commute araw-araw pero mas tipid kaysa magdala ng kotse.,neutral,general,general,tagasenti,,negative
candidate_12468,okay naman sana yung product kaso ibang kulay ang dumating and nadismaya ako kasi gray yung expected na color na dumating kasi yun ang pinili kong color blue ang dumating,neutral,general,general,tagasenti,,positive
candidate_27703,"Ipatutupad ng Comelec ang ratio na ""one is to one"" ng balota at botante.",neutral,general,general,tagasenti,,neutral
candidate_21522,"Hinayaan niyo akong magbayad ng buo para sa event na na-cancel naman pala, napaka-generous niyo talagang tumanggap ng donasyon nang walang kapalit.",negative,general,general,tagasenti,,negative
candidate_32701,May suot siyang relong bakal sa kanang kamay.,neutral,general,general,tagasenti,,neutral
candidate_14203,Paano naging iba ang resulta ng computation na ito?,neutral,general,general,tagasenti,,neutral
candidate_8045,"black ang inorder ang dumating maroon,white tsaka dalawang gray ..dissapointed di na bibili sa shop na to",negative,general,general,tagasenti,,negative
candidate_30058,Bumaba ang baha sa garahe natin kaninang umaga.,positive,general,general,tagasenti,,negative
candidate_11306,"Maayos magbayad yung kliyente, demanding lang sa revisions.",negative,general,general,tagasenti,,negative
candidate_18670,"San na ang maka Mar, Poe, MDS at Binay. Oh di ba, paki check ng finger nyo, lahat Du30 kaayo!",positive,general,general,tagasenti,,negative
candidate_14860,May nagsasabing ayaw nilang manalo si Mar Roxas.,neutral,general,general,tagasenti,,negative
candidate_852,"Okay naman yung porma nitong sunglasses at bagay sa mukha ko, kaso medyo malabo yung mismong lens kaya nakakahilo minsan.",neutral,general,general,tagasenti,,negative
candidate_22656,Sinabi kong wag hawakan yan pero wala ka talagang pakialam sa mga paalala ko.,negative,general,general,tagasenti,,negative
candidate_1735,"can we exclude Binay? Also, I think it's only possible after 1 year due to restrictions for losing cands",neutral,general,general,tagasenti,,negative
candidate_11463,"Binay na lang, para magkaroon ng tunay na pagbabago at katarungan. Sana.",positive,general,general,tagasenti,,neutral
candidate_15693,Sa dami ng binayad ko ay wala man lang libreng asikaso mula sa kanilang staff.,negative,general,general,tagasenti,,negative
candidate_5268,Ang listahan ng mga nominado ay dumating sa opisina kahapon.,neutral,general,general,tagasenti,,neutral
candidate_19841,Bukod kay Adonis ay 52 iba pang bilanggo ang napagkalooban ng parole dahil sa magandang pag-uugali sa loob ng kulungan.,positive,general,general,tagasenti,,positive
candidate_33448,Nahanap ko ang resibo ng binili kong laptop.,positive,general,general,tagasenti,,neutral
candidate_30688,"Hindi ko naman sinasabing hindi worth it, nagtitipid lang talaga ako ngayon.",neutral,general,general,tagasenti,,neutral
candidate_26987,hi sorry to rate this low but really not a good buy po ang bilis mapunit ng product kunting dampi mo lng sa wall magkaka scratch agad not okay kasi i have toddler so if your planning to buy this product don t buy po,negative,general,general,tagasenti,,negative
candidate_9180,poor bakit po ganito ang mouse nio may sariling buhay. gumagalaw mag isa. hirap gamitin tuloy.,negative,general,general,tagasenti,,negative
candidate_3734,wag na wag kayong oorder sa shop na to panget ng diaper walang tape yung kabila sayang pera ko,negative,general,general,tagasenti,,negative
candidate_6406,satisfied maganda po pati pag balot safe na safe po sya. thank you seller!,positive,general,general,tagasenti,,positive
candidate_33626,Naisama ako sa listahan ng mga makakatanggap ng libreng medical checkup.,positive,general,general,tagasenti,,positive
candidate_28802,Ibang klase ang sipag mong magpasa ng trabaho sa mga kasama mo.,negative,general,general,tagasenti,,negative
candidate_31228,Pinuri ng tagapamahala ang kusang-palo na ipinamalas ng kanyang koponan.,positive,general,general,tagasenti,,negative
candidate_183,Kanina pa ako naghihintay pero wala man lang dumating na kapalit mo.,negative,general,general,tagasenti,,neutral
candidate_16652,"Sayang Poe Yung mga plano, mga pangarap as buhay, kung lahat to mawawala dahil nagkaroon ng revolution. Kaya na tayo.",negative,general,general,tagasenti,,negative
candidate_9646,super effective against to my eyes subrang ganda nya akkkkk,positive,general,general,tagasenti,,positive
candidate_23978,"Gustong-gusto ko ang lahat ng episodes na ito, at napakagandang idea ng Amazon na pagsama-samahin sila rito nang walang commercials kaya maraming salamat sa kanila!",positive,general,general,tagasenti,,positive
candidate_24444,"she denied it already... After 2 days... Float float muna to cover anti-Binay, anti- GMA, anti-Duterte news... Panders",neutral,general,general,tagasenti,,negative
candidate_29587,Basang-basa ng ulan ang mga sapatos at medyas ko pagpasok ko sa klase.,negative,general,general,tagasenti,,negative
candidate_31447,"Sa sobrang tulog-mantika, naiwan tuloy siya ng bus pauwi sa probinsya.",neutral,general,general,tagasenti,,negative
candidate_28012,sizes are for women so basically you need to add 1 or 2 addtl to the size for guys quality wise is worth naman packaging is ok the seller is not responsive,neutral,general,general,tagasenti,,neutral
candidate_18343,"Vice Pres. Binay now here at PNPA graduation, to give Vice Presidential Kampilan to C1C Norman Pentang. |",neutral,general,general,tagasenti,,neutral
candidate_26313,bokya to sakin nakakainis ayaw pa mag reply nang seller may defect pa ang headset d pa sabay malobat ayaw pa umandar pariho,negative,general,general,tagasenti,,negative
candidate_2339,Nadiskbre ang krimen nang hanapin ng ina ni Sheryl ang anak at silipin ang loob ng bahay ni Kimberly.,negative,general,general,tagasenti,,negative
candidate_25511,May tanong kung bakit hindi hinahayaan ni Roxas na malayang pumili ang tao.,neutral,general,general,tagasenti,,negative
candidate_28600,"Buti pa ang payong nasasalag ang ulan kapag kailangan, ikaw hindi mo kayang ipagtanggol ang sarili mo sa mga kasalanan mo.",negative,general,general,tagasenti,,negative
candidate_22664,"Binili ko itong external hard drive para sa backup, malaki ang storage pero medyo mabagal ang transfer rate ng files.",neutral,general,general,tagasenti,,negative
candidate_29861,Nakuha ko na ang diploma ko mula sa registrar.,positive,general,general,tagasenti,,positive
candidate_31265,Napakagaan katuwang sa paglalakbay ang mga taong magaan ang dugo at hindi naghahanap ng away.,positive,general,general,tagasenti,,negative
candidate_29616,Nakaiwan ako ng importanteng bagahe sa upuan ng taxi matapos itong umalis.,negative,general,general,tagasenti,,negative
candidate_34442,"Para sa mga mahihirap, tila suntok sa buwan ang makabili ng sariling lupa sa panahon ngayon.",negative,general,general,tagasenti,,neutral
candidate_28401,"Ibang klase ang tiwala mo sa sarili, kahit walang laman ang utak puro ka pa rin salita.",negative,general,general,tagasenti,,neutral
candidate_11631,"nakakainis mali naman yung binigay nyo, sana kung anu yung order sa inyo bigay nyo ng tama, 2l green purple ang order ko, ang dumating 1l nakakadala kayo nagbabayad naman ng tama",negative,general,general,tagasenti,,negative
candidate_30207,Tumahimik ang kapitbahay namin na nag-videoke buong gabi.,positive,general,general,tagasenti,,negative
candidate_10543,Hiwalay dito ang resolusyon na inihain ni Camarines Sur Rep. Luis Villafuerte na nagpapatawag ng Con-ass na pirmado naman ng 167 kongresista.,neutral,general,general,tagasenti,,neutral
candidate_7667,ang ganda super nice worth na worth it ang price i recommend this seller,positive,general,general,tagasenti,,positive
candidate_32836,"Honestly, medyo nahihirapan pa rin ako sa software, pero mas mabilis ko na siyang nagagamit ngayon.",positive,general,general,tagasenti,,positive
candidate_22995,Ang sama mo sa height ko. Galit na galit nga ako kay Binay dahil sa ads nya. Nognog Pandak Laki sa hirap.,negative,general,general,tagasenti,,negative
candidate_28525,"Kuha ka pa ng tissue, ubusin mo na buong roll para lang sa isang mantsa na ginawa mo sa mesa.",negative,general,general,tagasenti,,neutral
candidate_29374,Wala man lang hazard pay ang mga empleyadong pumapasok sa gitna ng bagyo.,negative,general,general,tagasenti,,negative
candidate_23159,Roxas hits back at Duterte calling him 'incompetent': Former Interior Secretary Mar Roxas has c... (via GMA News),neutral,general,general,tagasenti,,negative
candidate_7674,"""Ayon kay Michael Lu ng Wild Bird Club of the Philippines, ang ""black faced""",neutral,general,general,tagasenti,,neutral
candidate_33394,Nakakahiya ung ginawa nya sa harap ng maraming tao.,negative,general,general,tagasenti,,negative
candidate_4176,"Totally cool ang unique style ng Aqua, awesome ang music at lyrics kaya must-buy ang CD na ito kung ayaw mong mag-sisi habang buhay mo!",positive,general,general,tagasenti,,positive
candidate_28315,Sana all marunong mag-sorry kahit hindi bukal sa loob.,negative,general,general,tagasenti,,negative
candidate_10755,mga hayop akala nu ba magtatagumpay kayo jan na niloloko ninyo ung buyers nag order ako tv taz olo ng cp charger ang pinadaka ninyo nag tagumpay kayo kc ung anak ko nag claim sa jnt at hinde ako hende ako ang naloko ninyo kundi mismo sarili niyo,negative,general,general,tagasenti,,negative
candidate_14833,maling color na recieve ko 2l ang order ko pero ang dumating lang is 1l and my order is black transparent bakit ganon seller na disappoint ako,negative,general,general,tagasenti,,negative
candidate_1402,"Dear: Der are chisms dat ur running meat is sen. bongbong. i hope dis is jazz a JOKE, otherwise",negative,general,general,tagasenti,,negative
candidate_28327,Sana all may tapang mag-post ng motivational quotes kahit taliwas sa ugali niya.,negative,general,general,tagasenti,,neutral
candidate_15000,Gaano kalayo ang lalakarin mula sa gate hanggang sa opisina?,neutral,general,general,tagasenti,,neutral
candidate_23046,"Dahil mabilis mabura ang guhit nitong basketball sa labas, pang-indoor na lang, pero okay ang talbog niya.",neutral,general,general,tagasenti,,negative
candidate_13634,May reaksyon na nagresign si VP Binay ngunit hindi nabawasan ang trabaho.,neutral,general,general,tagasenti,,neutral
candidate_25022,maayos po yung blue but yung black po is damage yung sa may tip po nung umbrella ay basag tapos mahirap iopen tapos shaky siya baka madali na rin pong masira yung black,neutral,general,general,tagasenti,,negative
candidate_25737,Desisyon ng CA sa kaso ni Lozada iaapela sa SC,neutral,general,general,tagasenti,,neutral
candidate_25857,not sure bakit printed binigay nyo? tapos ang liit pa ng size.. zzzzz,negative,general,general,tagasenti,,negative
candidate_33593,Nakapagbasa na ang anak ko nang diretso.,positive,general,general,tagasenti,,neutral
candidate_30066,Bumaba ang tubig sa kanal kaya hindi na bumabaha sa eskinita.,positive,general,general,tagasenti,,neutral
candidate_18905,"Okay naman yung grip nitong steering wheel cover ko, kaya lang amoy goma talaga sa loob ng sasakyan nung unang linggo.",neutral,general,general,tagasenti,,neutral
candidate_27925,what you see is not what you get. yung tissue sabog pa. 1 pack order ko pero parang binutas hindi man lang inayos yung mga tissue.,negative,general,general,tagasenti,,negative
candidate_470,Going to Pampanga today and getting ready for the 3rd and last COMELEC Presidential debate! ??,positive,general,general,tagasenti,,neutral
candidate_9958,Nakakuha ang mga imbestigador ng basyo ng bala ng 45-caliber at 9-mm pistols.,neutral,general,general,tagasenti,,neutral
candidate_246,"Gipahibaw ni Atty. Ben Militar, legal counsel sa Abaca, nga ipasaka nila ang ilang reklamo sa labing daling panahon.",neutral,general,general,tagasenti,,negative
candidate_23556,"""""That was a cash advance which is for liquidation. Pag balik nila that amount will be liquidated,"" ayon kay Interior and Local Secretary Ronaldo Puno.""",neutral,general,general,tagasenti,,neutral
candidate_17872,"Pwede na yung essay, kulang lang sa conclusion.",negative,general,general,tagasenti,,neutral
candidate_11220,"Hanggang ngayon ay wala pa umanong Pinoy sa Kuwait na nasibak sa trabaho dahil sa global financial crisis, ayon kay Jimenez.",positive,general,general,tagasenti,,negative
candidate_26171,"Nice dahil reasonable ang price at quality ng Egyptian cotton sheets na ito, bagay na bagay siyang gamitin at napaka-comfortable para sa aming guest bedroom.",positive,general,general,tagasenti,,positive
candidate_10968,very cute i received the item wala nga lang box diretso lang sa shopee pouch gumagana naman yung left and right earphones hindi ko lang alam f nag charge ba o hindi kasi hindi umiilaw yung lalagyan sana hindi sira to,neutral,general,general,tagasenti,,positive
candidate_24793,hindi sya kasing amoy ng orig na cloud anlayo ng amoy huhu vanilla na vanilla ang laban neto and also ansakit sa ilong saktong ka spray amoy alcohol,neutral,general,general,tagasenti,,negative
candidate_22407,hindi photochromic haysss hindi naga black kahit naarawan kaya pala mura kase hindi naman legit,negative,general,general,tagasenti,,negative
candidate_28787,"Grabe ang sipag mo ngayon, nakapag-type ka ng isang buong sentence sa buong maghapon.",negative,general,general,tagasenti,,negative
candidate_21448,"PPCRV Presidential candidate results: (PARTIAL) as of 10:56 p.m. 1 - DUTERTE- 12,606,829 2 - ROXAS-7,290,234 3 -...",neutral,general,general,tagasenti,,neutral
candidate_12636,"I could, for the life of me, take Mar Roxas seriously.",positive,general,general,tagasenti,,positive
candidate_9572,Kailangan ding isauli ng pagamutan ang ibinayad ng nurse kasama ang anim na porsyentong tubo sa bawat taon.,positive,general,general,tagasenti,,neutral
candidate_4584,Sobrang ingay sa labas kaya hindi kami nakatulog ng maayos kagabi sa mismong kwarto natin.,negative,general,general,tagasenti,,negative
candidate_22266,Lumapit si Binay sa audience katulad ng isang naglalako.,neutral,general,general,tagasenti,,negative
candidate_6701,Atienza 'sinabon' dahil inuna si Pacquiao kaysa pondo ng DENR,negative,general,general,tagasenti,,negative
candidate_16934,wrong size i order medium size large ang binigay,negative,general,general,tagasenti,,negative
candidate_28572,"Buti pa ang bumbilya may liwanag na naibibigay, ikaw puro kadiliman at problema lang ang dala mo sa grupo natin.",negative,general,general,tagasenti,,negative
candidate_23067,"May mga alegasyon ng dayaan laban kay Roxas, ayon sa mga kritiko.",neutral,general,general,tagasenti,,neutral
candidate_17390,Inamin ni Nograles na kinausap niya si Rep. Arroyo para alamin kung totoo na inalok nito kay De Venecia ang posisyon ng speaker.,neutral,general,general,tagasenti,,neutral
candidate_10016,Ang AW 96 ay may nakapataw na parusang pagkakaalis sa serbisyo at pagkakakulong.,negative,general,general,tagasenti,,negative
candidate_18468,Naganap umano ang pagsabog sa harapan ng kapitolyo ilang minuto pagdaan ng convoy ng mga sasakyan ng gobernador.,negative,general,general,tagasenti,,neutral
candidate_22903,took like a week to deliver and it s damaged i dont have a pic since ireregalo ko lng naman but yeah,negative,general,general,tagasenti,,negative
candidate_13939,"ok naman yung sandals, yung dior lang di kasya sakin kahit ng add one size na ko super liit pa din, mabilis naman nadeliver at mukhang matibay",positive,general,general,tagasenti,,positive
candidate_7376,"Ang unang ginoo ay kasama ng grupo ni Pangulong Gloria Macapagal Arroyo para dumalo sa 16th Asia- Pacific Economic Cooperation (APEC) summit sa Lima, Peru.",neutral,general,general,tagasenti,,neutral
candidate_711,"deformed nang dumating alam mo yung nilagay lang yung salamin sa parcel walanh bubble wrap gurl! so anong expect mo dun. edi na deformed tpos yung pinaka glass kupi na, plastic lng plaa yung material ng lens. negative 1zillion ang rating ko dito",negative,general,general,tagasenti,,negative
candidate_14546,"Una rito, natuklasan ang pagtaaas ng kaso ng sakit sa Brgy Capaclan sa bayan ng Romblon na pinaniniwalaang bunga ng kontaminadong tubig.",negative,general,general,tagasenti,,negative
candidate_13594,Hindi ito sakto sa 2001 Subaru Impreza 4-door sedan ko dahil hindi nag-align ang mounting brackets. Bumili na lang tuloy ako ng Borla bilang pamalit.,negative,general,general,tagasenti,,negative
candidate_7456,not good ang bilis maglowbat ndi man lang tumatagal ng 3 4 hours disappointed ako,negative,general,general,tagasenti,,negative
candidate_9796,Binigyan ko sana siya ng espasyo.,negative,general,general,tagasenti,,negative
candidate_24512,no good hnd gumagana wlang usok lumalabas umiilaw lng cya sayang lng 95 pesos ko palpak item nyo. !! pero salamat na rin ky kuya rider be safe palagi kuya. !! sau seller mgbenta ka ng maayos kc nag babayad kami ng maayos hnd namin pinupulot ung hlgang 95 pesos,negative,general,general,tagasenti,,negative
candidate_32902,"Pwede na rin itong binili kong bagong mouse, hindi man gaming brand ay mabilis at responsive naman.",positive,general,general,tagasenti,,positive
candidate_9122,"Remembering Binay's ""di ko alam yan pero okay yan"" during the UPLB forum. Duterte never said that but you know that's how he might think.",negative,general,general,tagasenti,,neutral
candidate_11457,Madalang na maging ganito kagaan ang isip ko kaya nakakatuwang ngayon ay wala na itong bigat na iniisip.,positive,general,general,tagasenti,,negative
candidate_30555,"Hindi ibig sabihin na hindi siya nagrereklamo ay wala siyang nararamdamang pagod, sadyang hindi lang siya palakibo sa mga ganyang bagay.",neutral,general,general,tagasenti,,negative
candidate_13953,okay siya unexpected iyong laki okay ang qualty but my choice in the color hi di nasunod kya medyo dissapointed sana next time icheck mabuti itong choice of color,negative,general,general,tagasenti,,negative
candidate_4047,Langya talaga. Hindi ko matanggap na mas mataas votes ni Roxas at Binay kay MDS.,negative,general,general,tagasenti,,negative
candidate_11966,"Pambihira ang iyong galing sa pagiging ninang, nagpapakita ka lang tuwing binyag para sa picture tapos nawala na sa buong buhay ng bata.",negative,general,general,tagasenti,,negative
candidate_23592,all good with mister kabab our favorite tambayan after a long week of work,positive,general,general,tagasenti,,positive
candidate_5562,So ayan na pumangalawa na si Roxas sa ranking. Malay naman natin! Sana sa natitirang oras manalo si Du30 pa rin!,positive,general,general,tagasenti,,positive
candidate_30186,May bakante pang sasakyan para pauwiin ang mga empleyado.,positive,general,general,tagasenti,,neutral
candidate_27615,inpods pp nakuha ko kaso not working po,negative,general,general,tagasenti,,negative
candidate_21527,great performance! onikuma is already a brand that i really trust! i bought this for my boyfriend and he loved it so much! and super ganda ng tunog niya! as expected from onikuma!,positive,general,general,tagasenti,,positive
candidate_16247,pagka open ko ng handle crack sya ang panget dumating syang may crack tas ka bukas ko ng handle sira sya so diko manlang nakagamit kahit isang beses,negative,general,general,tagasenti,,negative
candidate_31565,Umaasa silang makakaahon sa buhay-alamang balang araw.,negative,general,general,tagasenti,,positive
candidate_15208,"So, Don't judge Mar Roxas if u didn't know the story of his life.",neutral,general,general,tagasenti,,neutral
candidate_22468,Inutos ni Pangulong Gloria Arroyo na sagipin ang 79-anyos na si Sinnott dahil sa maselang nitong kalagayan dahil kaoopera pa lamang nito sa puso.,positive,general,general,tagasenti,,negative
candidate_17913,"Either Miriam or Duterte ang pinipili, at may nagsasabing wag lang si Mar Roxas.",neutral,general,general,tagasenti,,neutral
candidate_19034,maganda po kaso ang sizes po hindi po tugma size 38 ako pero ang dumating pang size 36 siguro depende sa design sayang maganda pa na mn di lng kasya sa paa ko,neutral,general,general,tagasenti,,negative
candidate_24347,"Sinasabing nagkaroon ng over-pricing sa SCTEx na dumaan sa Hacienda Luisita, ang 600-hektaryang plantasiyon na pag-aari ng pamilya Aquino-Cojuangco sa Tarlac.",negative,general,general,tagasenti,,negative
candidate_24400,walang katibay tibay pacenxa napo mahirap talagang magexpect dealing mabali nagamit lang isang bess tas sunod bali na,negative,general,general,tagasenti,,negative
candidate_25659,i bought it for my friend kaya di ako napag pic pero na try ko sya at super smooth sya gamitin i recommend it sa mga digital artist talaga,positive,general,general,tagasenti,,positive
candidate_26430,Ngano daw mas maayos si Binay kaysa Roxas? Galing!,positive,general,general,tagasenti,,positive
candidate_14332,Umupo na lang sana ako sa unahan.,negative,general,general,tagasenti,,negative
candidate_23084,color is nice i got the item i planned to return it kasi damage yung bag kaya lang malapit na exchange gift dumating yung item dec 3 kung isasauli ko pa di aabot sa party check the pic i have video of unboxing it too big file lang to share,negative,general,general,tagasenti,,neutral
candidate_24905,Eh pag si Binay? May mga alegasyon ng pagnanakaw sa Makati City.,neutral,general,general,tagasenti,,neutral
candidate_30992,Kakaunting salita lang ay apektado agad ang balat-sibuyas kong kaklase.,negative,general,general,tagasenti,,negative
candidate_20503,Mahilig ako sa shows noong '70s at '80s! Sobrang saya ko na dumating na ito at kulang na lang ako ng season 6 para makumpleto.,positive,general,general,tagasenti,,positive
candidate_1623,"Okay yung effort niya, malayo lang sa naging usapan.",negative,general,general,tagasenti,,neutral
candidate_28318,Sana all pwedeng hindi magbayad ng bill dahil may sasalo naman.,negative,general,general,tagasenti,,negative
candidate_6790,Umasa kaming hindi maiingayan ang aming sanggol at hindi nga kami binigo ng tahimik na bentilador nito.,positive,general,general,tagasenti,,negative
candidate_1379,magaan lang pala its working naman po hope magtagal po thank u,neutral,general,general,tagasenti,,positive
candidate_19917,"it works. but when it came to me, the packaging was tearing and one of the foot of the tripod was dislocated. i had to hammer it to its original place. very madamot sa bubble wrap but it can get as tall as me.",positive,general,general,tagasenti,,negative
candidate_12987,Kabahin kini sa ilang reklamo nga pakyas ang VECO management pagtuman sa probisyon sa collective bargaining agreement (CBA).,negative,general,general,tagasenti,,negative
candidate_9199,Simula na ng huling debate para sa pagkapangulo. Ipanalo ang gobyernong may puso.,positive,general,general,tagasenti,,positive
candidate_106,good legit po salamat seller at sa shopee,positive,general,general,tagasenti,,positive
candidate_9033,"Nakakatuwa si Binay, ganda ng patalastas niya sa TV! Mananalo ka!",positive,general,general,tagasenti,,positive
candidate_13022,"Sinabi naman ni Leonora Naval, presidente ng Alliance of Taxi Operators sa Metro Manila (ATOMM) na handa nilang sundin ang magiging kautusan ng LTFRB.",neutral,general,general,tagasenti,,neutral
candidate_8701,"In a night of punch lines, VP Binay had one of his own to throw but didn't… Quezon news",neutral,general,general,tagasenti,,negative
candidate_319,"Nag-enjoy naman yung anak ko sa pagbuo nitong puzzle, kaya lang may isang piraso na missing pagkabukas pa lang namin ng box.",neutral,general,general,tagasenti,,positive
candidate_23101,May puna na bias ang pagkakampanya ni Brian Poe para kay Grace Poe.,neutral,general,general,tagasenti,,neutral
candidate_6557,ang ganda ng quality yet affortable pa fast shipping din seller send pictures bago iship i will buy again para mas madaming treats ang mga fur babies saka vitamins nila thank you more sales sa shop nato,positive,general,general,tagasenti,,positive
candidate_4479,angat pa rin sa ratings ikaw desperadong desperado na. nakakatawa ka,negative,general,general,tagasenti,,negative
candidate_29682,Na-cancel ang appointment ko sa ospital pagdating ko doon dahil biglang umalis ang doktor.,negative,general,general,tagasenti,,negative
candidate_10897,maganda ung item lahat maayos at tama ung size and ung color worth it sa mura na hala ga may maganda na slipper ka na thank you,positive,general,general,tagasenti,,positive
candidate_23472,7 black po inorder ko gold yung dumating excited sana nakaka disappoint,negative,general,general,tagasenti,,negative
candidate_2631,"Hindi pa tiyak kung ano ang ikinamatay ng 64-anyos na si Quijano ngunit hinihinala ni Moreno, kabigan ng nasawi, na posibleng inatake ito sa puso.",negative,general,general,tagasenti,,negative
candidate_640,"okay naman sya , gumagana lahat , akala ko lang colored sya hindi pala .. pero thank you pa rin",positive,general,general,tagasenti,,positive
candidate_21814,good late review maganda naman siya nakakalinis talaga kaso di malaman kung mafufullcharge red lang light niya medyo maingay din pero all goods naman,neutral,general,general,tagasenti,,positive
candidate_28255,Sana all may personal alalay na gagawa ng mga naiwang trabaho.,negative,general,general,tagasenti,,neutral
candidate_23331,"""Malamang makukumbinsi natin ang ating kasamahang senador na aprubahan ang pagpapalawig ng CARP bago magbakasyon ang sesyon ng Kongreso ngayong Pasko,"" pahayag ng mambabatas.",positive,general,general,tagasenti,,neutral
candidate_20930,"i don’t mind the bad packaging, bukas at butas yung box ng heels, pero next time, sana tama yung kulay na ibibigay nyo. i asked for white, you gave ne purple sandals. poor and shitty experience you have. boooo! wag kayo bumili here",negative,general,general,tagasenti,,negative
candidate_28535,"Sige, iwan mo lang yung sasakyan mo sa parking space ko, ako na lang maghahanap ng pwesto sa kabilang kalye.",negative,general,general,tagasenti,,negative
candidate_26503,maayos naman ang packaging at mabilis din ang deliver kaso lang yung sizing parang same lang ang large at xl kalerks yung large parang small lang yung laki pero anyways thank you pa din sa seller,neutral,general,general,tagasenti,,positive
candidate_23704,ung problem is andali malowbat 10mins lng capacity nya sana ayusin din nila tnx,neutral,general,general,tagasenti,,negative
candidate_32776,"To be fair, hindi man siya marunong magluto, tumulong naman siya sa paghugas ng pinggan.",positive,general,general,tagasenti,,neutral
candidate_11644,Nakaka-intriga ang pag-aaral sa sitwasyon ng Greece noong 1960s para maintindihan ang gulo ngayon. Tamang-tama ang pagtanggal ng mga bagay-bagay sa dulo ng palabas.,positive,general,general,tagasenti,,negative
candidate_15898,"Binay, Grace Poe, Miriam, and Duterte sino iboboto ko ? si erap na lang o kaya si marcos sakit sa ulo Give me a sign",negative,general,general,tagasenti,,negative
candidate_9045,oil base siya pero hindi sticky super bait ng seller as in pangalawa ko tong order nabasag yung una kong nabili kase tanga tanga ako tas need ko ng perfume kase mag tatravel kami and agad na ship ni seller yung order koooo basta bilhin mo nalang mars worth it,positive,general,general,tagasenti,,negative
candidate_3012,Nagbabala naman si Santiago na ipadadakip sa susunod ang iba pang opisyal ng Malacanang na hindi dadalo sa pagdinig.,negative,general,general,tagasenti,,negative
candidate_7190,Badtrip din tong ad ni binay eh. Nognog pandak laki sa hirap nako nako nako,negative,general,general,tagasenti,,negative
candidate_21349,uhmm i ordered a black fisheye lens and received a blue one kung magshiship naman po kayo please double check maganda yung lens pero they shipped it in the wrong color color blind yaaarnnn,neutral,general,general,tagasenti,,negative
candidate_24711,10 i like this scent super duper bango niya long lasting talaga kahit mapagpawisan kana ambango padin kahit kinabukasan nasa damit padin.,positive,general,general,tagasenti,,positive
candidate_20704,"""""Alisin ang 12% VAT sa produktong petrolyo, pagkain, at kuryente. Narito kami sa Mendiola,"""" pahayag ni De Guzman sa panayam ng dzRH radio.""""",negative,general,general,tagasenti,,neutral
candidate_34398,"Just to set the record straight, pareho lang tayong nakatanggap ng parehong memo kaninang umaga.",neutral,general,general,tagasenti,,neutral
candidate_18306,super bango neto legit ang sarap ng amoy,positive,general,general,tagasenti,,positive
candidate_19182,after 1week sira na,negative,general,general,tagasenti,,negative
candidate_18274,"Magluwas sa ila sweldo halin sa LGU, magabaton na man sila sang indi magnubo sa P2,000 nga incentive. - Ratsada",positive,general,general,tagasenti,,negative
candidate_13713,Patuloy din umanong kikilos ang ICRC hanggang hindi napapalaya ang kanilang kasamahan.,neutral,general,general,tagasenti,,negative
candidate_19785,Laging huli ang delivery kaya di namin nagamit ang damit sa mismong araw ng okasyon.,negative,general,general,tagasenti,,negative
candidate_20299,May nagbiro na dalhin si Binay sa Pluto imbes na si Cara Kendall.,neutral,general,general,tagasenti,,neutral
candidate_12948,hagard ang ferson pero dahil sa eyeliner at mascara naging fresh tingnan,positive,general,general,tagasenti,,positive
candidate_188,"Talagang naging addicted na kaming manood nito tuwing may libreng oras, kaya sobrang excited na ako para sa next season nito sa Prime!",positive,general,general,tagasenti,,positive
candidate_9005,Sec Pangandaman &#39;di kasama sa &#39;gulpihan&#39; sa golf course -- report,neutral,general,general,tagasenti,,negative
candidate_22882,very good xa malambot sa paa at mukhang matibay mag order ako ng isa pa,positive,general,general,tagasenti,,positive
candidate_3010,Binay chooses Mandaluyong to be with the urban poor | via INQUIRER,neutral,general,general,tagasenti,,neutral
candidate_32453,Ang payapa ng buhay natin kapag wala ka sana dalasan mo ang pag-absent dito.,negative,general,general,tagasenti,,negative
candidate_4080,not bad goods naman ang item pwede na sa presyo nya sana laang ay tumagal,neutral,general,general,tagasenti,,positive
candidate_26441,"Sa gitna ng debate, namatay ang mikropono sa podium.",neutral,general,general,tagasenti,,negative
candidate_11858,Bakit ganon? yung boto ni Mar Roxas napaka taas? Nataasan pa si Boss Nognog!,negative,general,general,tagasenti,,negative
candidate_9845,not good mali binigay nyong order 2l order ko bingay nyo 32oz .,negative,general,general,tagasenti,,negative
candidate_7759,"Na-admit ako at ikinakabit ang 2nd IV, may kaugnayan daw kina Pnoy at Binay.",neutral,general,general,tagasenti,,neutral
candidate_16387,it may not be that satisfactory but atleast it s clean their kitchen is close so we have to order food out and their breakfast is okay too malamig un kape haha but the team is good so yeah,neutral,general,general,tagasenti,,positive
candidate_29015,"Pambihira ang pagiging maunawain mo, pinalagpas mo ang panloloko niya sa'yo.",negative,general,general,tagasenti,,negative
candidate_5453,Bago pa uminit ang aking ulo ay nagbigay na sila ng solusyon kaya walang nangyaring pag-aaway.,positive,general,general,tagasenti,,neutral
candidate_16082,"Sobrang nakakatawa ang movie na ito lalo na pag pinanood kasama ng mga kaibigan, at ang food-poisoning scenes talaga ang pinaka-the best!",positive,general,general,tagasenti,,positive
candidate_11856,Gani giisip matod pa siyang miembro sa pamilya ug dili katabang.,positive,general,general,tagasenti,,negative
candidate_1661,"Binigyan niyo ako ng expired na pagkain sa delivery, sobrang thoughtful niyo naman sa kalusugan ng mga customer niyo.",negative,general,general,tagasenti,,negative
candidate_22238,Iginiit din ng Obispo na hindi maituturing deskriminasyon ang pagbasura sa Ang Ladlad kundi pangangalaga lamang sa kapakanan ng mga kabataan.,neutral,general,general,tagasenti,,neutral
candidate_32048,I don't think na hindi nila tatanggapin ang proposal natin dahil malinaw ito.,positive,general,general,tagasenti,,negative
candidate_17999,"love it sulit, okay na, maganda yung kulay pero obvious yung foam sa beige at white...pero overall akoy na yung item para sa price nya. hueag lang mag.expect ng high quality",positive,general,general,tagasenti,,positive
candidate_33257,"Bumili ako ng aso para may bantay sa bahay, inubos niyang ngatin yung mga sapatos ko.",negative,general,general,tagasenti,,negative
candidate_17901,"Masyadong pricey at hindi worth it ang Lego na ito, pero binili pa rin ng 11-year old na anak ko na walang concept ng pera.",negative,general,general,tagasenti,,negative
candidate_34449,Nagtataingang-kawali ang pamunuan sa mga hinaing ng mga manggagawang patuloy na nahihirapan.,negative,general,general,tagasenti,,negative
candidate_13850,Medyo okay naman ang reggae sampler na ito pero mas maganda pa ring pakinggan ang mga individual artists tulad nina Bob Marley at Jimmy Cliff.,negative,general,general,tagasenti,,positive
candidate_15739,How many times I am going to convince you guys that Roxas is a greater evil than Binay. Tira nang tira kay Binay tikom naman 'pag kay Roxas.,negative,general,general,tagasenti,,negative
candidate_5108,very good maganda sya kaso maliit mukhang matibay nman kaso ung sizing nya ay maliit bumibili den nman akmi ng sapatos na ganun size sakto lang sa kapatid ko pero ung size neto maliit talaga,neutral,general,general,tagasenti,,positive
candidate_22049,"I think we should be grateful that Mar or Binay won, they will bring good change!",positive,general,general,tagasenti,,positive
candidate_23376,May nagsabi na di na mahal si Binay.,neutral,general,general,tagasenti,,negative
candidate_29712,Bigla na lang hindi nakilala ng fingerprint scanner ang kamay ko kaya naka-lock ako sa labas.,negative,general,general,tagasenti,,negative
candidate_26448,if i'll rate it 1/10 fr diko inexpect ganito yong quality nya pls seller we're paying u ng tama tas ganyan gagawin nyo grabe ha sobrang nakaka disappoint promise.,negative,general,general,tagasenti,,negative
candidate_25916,May nagsabi na ang pagiging flamboyant ni Binay ay nakakakilabot.,neutral,general,general,tagasenti,,negative
candidate_16573,"Ayaw kumpirmahin ni Legarda ang pakikipag-usap kay Villar, samantalang pinabulaanan ni Escudero na nagkakausap ng pambato ng NP.",neutral,general,general,tagasenti,,negative
candidate_28740,"Sige, upo ka lang diyan at mag-cellphone habang naglilinis ako, baka mapagod ang mga daliri mo kaka-scroll.",negative,general,general,tagasenti,,negative
candidate_33604,Natapos ang pagpapagawa ng kalsada mula sa aming baryo papuntang bayan.,positive,general,general,tagasenti,,neutral
candidate_34215,"Hindi naman sa namimili ako ng brand ng damit, mas komportable lang ako sa cotton.",neutral,general,general,tagasenti,,neutral
candidate_32217,Hindi imposibleng hindi tayo umabot sa deadline dahil sa bagal ng internet natin ngayon.,negative,general,general,tagasenti,,negative
candidate_18908,Walang mali kung iimbestigahan ng Senado si Bolante - Joker,neutral,general,general,tagasenti,,neutral
candidate_18531,deserve nito ng 5 star ganda may pa free sticker pa huhuhu,positive,general,general,tagasenti,,positive
candidate_25853,hindi responsive ang seller nakailang chat na ako pero ni isang reply wala more than two weeks bago dumating ito pinakapangit na experience ko sa shopee,negative,general,general,tagasenti,,negative
candidate_1516,"Wala namang naiulat na nasaktan sa nasabing sunog. - Jun-jun Sy, GMANews.TV",positive,general,general,tagasenti,,negative
candidate_22779,"the quality of my orders is good. may konting amoy yung face masks, and manipis sila compared dun sa nabili ko the last time. im giving the seller 2 stars, due to incomplete yung pinadala nya as you can see on the photo. nag chat ako kay seller at hindi",negative,general,general,tagasenti,,positive
candidate_26514,super ganda ng products salamat po seller,positive,general,general,tagasenti,,positive
candidate_9322,Namatay ang makina habang umaahon ang jeep.,neutral,general,general,tagasenti,,negative
candidate_11288,Inihayag umano ni Defensor sa ulat na hindi na siya umaasa na magiging patas ang gagawing pagdinig sa kanyang kaso.,negative,general,general,tagasenti,,neutral
candidate_21948,"Mayor Duterte is a friend to Mar Roxas; if Digong wins, Mar will be part of his administration.",positive,general,general,tagasenti,,positive
candidate_32949,"Pwede na rin sana yung binili ko, kaso mabilis lang malobat kaya parang hindi rin magagamit nang matagal.",negative,general,general,tagasenti,,negative
candidate_14975,10 received ko na maganda din take price affordable isa nga lang binili ko kasi pag 2 na or madami ang laki din ng sf nakakaloka pero sige keri lang salamat padin hehe nagandagan ako sa makeup kit,positive,general,general,tagasenti,,positive
candidate_34246,"Sakto lang yung liwanag sa labas, hindi nakakasilaw pero sapat para makita ang daan.",neutral,general,general,tagasenti,,positive
candidate_17082,Sinabi ni Nograles na posibleng maling impormasyon ang naibigay kay Madrigal o maaaring sadyang hindi nito naintindihan ang mga uri ng fees sa investment banking.,neutral,general,general,tagasenti,,negative
candidate_25332,kaka recieve ko lang ng item ngayon pagbukas ko mali ung isang kulay bakit naging green ung pink hayyy sana po icheck muna ng maigi bago i ship ung item pano masatisfied customer nyan kung ganyan tapos kapag mababa rating mag memessage ang seller hayyy nako,negative,general,general,tagasenti,,negative
candidate_30645,Sadyang mahirap lang sumakay pauwi kaya iniiwasan kong gabihin.,neutral,general,general,tagasenti,,negative
candidate_22876,"well packaged, okay naman sya super fit pero overall okay naman. sana next time may pa freebies kayo para mas maganda hehe.",positive,general,general,tagasenti,,positive
candidate_20405,1st time pa lang i charge umosok na yung isa. ang isa nman lubog ang pindutan. 1 lang napakinabangan.,negative,general,general,tagasenti,,neutral
candidate_19864,"Sobrang antok na ako. Pero ayokong matulog, baka kasi paggising ko bukas lamang na si Mar Roxas. ?",negative,general,general,tagasenti,,negative
candidate_26214,first time ko mag order sa shop nato nabasa ko ang mga feedback ok nmn kaya na paorder ako kaso super disappointed ako dahil nang dumating ang item same na kaliwa nakakainis tlaga pano ko to gamitin hayzz sana nmn pakicheck ng maayos if tama na ang item,negative,general,general,tagasenti,,negative
candidate_32288,"Hindi imposibleng hindi natin makita ang hinahanap natin, basta ba magtiyaga lang sa paghahanap.",neutral,general,general,tagasenti,,neutral
candidate_8768,"Nagpadala kayo ng confirmation text makalipas ang isang linggo ng event, napaka-timely at useful talaga ng notification system ninyo.",negative,general,general,tagasenti,,positive
candidate_23845,"chinise ata yung nakasulat sa remote, tapos di naman gumagana, di rin mapalitan ang battery kasi ayaw mag open nung likod..anu ba yan!! di pa nagreply si seller ng maayus..panu pa oorder ng another unit kung ganto unang transaction sa inyo?",negative,general,general,tagasenti,,negative
candidate_393,"Ibinagsak ng rider ang mga itlog na binili ko sa gate nang hindi man lang bumubusina, napaka-ninja talaga ng mga empleyado ninyo sa palihim na pagdedeliver.",negative,general,general,tagasenti,,negative
candidate_14800,"Dahil madalas bumaba ang garter nitong medyas, ginagawa ko na lang pambahay kahit maganda ang design.",neutral,general,general,tagasenti,,neutral
candidate_4568,7 10 2 order ko parehong di nagana mic amf,negative,general,general,tagasenti,,negative
candidate_11596,"""Sus bakit si Mar Roxas pa, ang galing niya!"" - mameh",positive,general,general,tagasenti,,positive
candidate_33876,Nasa bulsa niya ang mga barya.,neutral,general,general,tagasenti,,neutral
candidate_5425,P100K pabuya inilaan para malutas ang pagpatay sa ABC secretary,negative,general,general,tagasenti,,negative
candidate_32685,Taga-probinsya ang mga magulang ng aking kaibigan.,neutral,general,general,tagasenti,,negative
candidate_29171,"Ang mapagbigay ng ngiti mo, may halong kaplastikan sa bawat pagngiti.",negative,general,general,tagasenti,,positive
candidate_29592,May ginagawang kalsada kaya umikot kami papunta sa mas malayong ruta.,negative,general,general,tagasenti,,neutral
candidate_10430,super cute i saw sa ratings na malaki sya pero dko expect na sobrang laki pala hahahahaha wala ng mapwestuhan sa higaan mama at mga kapatid nya dahil sinakop na yung space masarap na tulog ng baby namin di na msyado namumuyat mejo nalang super fast delivery also will surely,positive,general,general,tagasenti,,positive
candidate_24495,"white color ang order ko, pero brown ang dumating. pero okay lang maganda naman ang quality swak sa budget hehe thankyou seller.",positive,general,general,tagasenti,,positive
candidate_10057,8 5 10 thank you po maganda siya kaso para siyang plastic kaya 4 stars lang muna and godbless po sa seller and kay kuya rider 8 5 10 rate,neutral,general,general,tagasenti,,positive
candidate_18674,nkaka disapoint.sobrang nipis parcel recieved.i ordered this kc ok nmn ratings ng mga buyer .sna pag nag rate tayo ung totoo nmn para mkatulong s iba p costumer ndi para mkakuha lng ng points. mganda sna kulay.tama nmn ang dumating.kso i was really disappointed.sobrang nipis ng materials,negative,general,general,tagasenti,,negative
candidate_34067,Nilagdaan ko ang attendance sheet.,neutral,general,general,tagasenti,,negative
candidate_3995,madaling masira hindi pwede sa malakas ang hangin but anyway thank u po seller fine with it price,neutral,general,general,tagasenti,,positive
candidate_8594,Nagkaroon ng break sa transmission at pumangalawa si Mar Roxas.,neutral,general,general,tagasenti,,negative
candidate_3171,luma na ang building pati mga rooms luma na at madumi na din pati sa cr sira sira na mga tiles maingay din ang location kasi beside the main road pero luma na talaga mga gamit at ung buong building at hindi sya friendly para sa mga motorcycle riders kasi,negative,general,general,tagasenti,,negative
candidate_32086,Hindi pwedeng hindi ako matuwa sa binalita mong nakapasa ka sa interview.,positive,general,general,tagasenti,,negative
candidate_6381,Ipinagmalaki naman ni Zafra na patuloy na lumalaki ang kanilang asosasyon at marami silang bagong miyembro.,positive,general,general,tagasenti,,positive
candidate_1270,Susunod naman sa rollback ang Eastern Petroleum pagsapit ng 6 am sa Huwebes.,positive,general,general,tagasenti,,neutral
candidate_29011,"Lupit ng pagiging maunawain mo, kinununsinti mo pa ang maling gawain nila.",negative,general,general,tagasenti,,negative
candidate_1955,Halatang luma na ang ginamit nilang pintura kaya di pumasa sa standard namin ang hitsura ng pader.,negative,general,general,tagasenti,,negative
candidate_33658,May nag-book ng huling available na kwarto sa aming resort ngayong gabi.,positive,general,general,tagasenti,,neutral
candidate_7068,Nakasama ba ang pangalan niya sa ipinadalang listahan ng mga empleyado?,neutral,general,general,tagasenti,,neutral
candidate_9619,Hapit 10 ka tuig ang milabay nasinati na usab nila ang maong kalamidad. Balitang Bisdak,negative,general,general,tagasenti,,negative
candidate_15469,"sis, remember Binay-Chiz? If GP is dq, he wouldnt have probs supporting Jojo anymore.",neutral,general,general,tagasenti,,negative
candidate_14375,2nd order tamah lahat na binigay na color good items tenkyu tenkyu dn kay kua rider ingat,positive,general,general,tagasenti,,positive
candidate_12403,not good seller hindi maganda pagka package nagka yupi yupi ang iten nakaka disappoint,negative,general,general,tagasenti,,negative
candidate_20577,"Angel Alan Celino null leads as Mayor in Roxas City : unofficial, partial results via",neutral,general,general,tagasenti,,neutral
candidate_1048,"Napag-alaman na si Evelyn, 24, nagtrabaho bilang sales clerk sa Abu Dhabi. Nagpakamatay umano ito sa pamamagitan ng pagtalon sa isang gusali.",negative,general,general,tagasenti,,negative
candidate_26567,Lumitaw sa imbestigasyon na naghagis muna ng granada ang mga suspek pero hindi sumabog bago pinaputukan ng baril ang mga biktima.,negative,general,general,tagasenti,,negative
candidate_17204,Juice me. Ang ganda ng commercial ad ni Binay at Roxas. ?,positive,general,general,tagasenti,,positive
candidate_23884,"Kadiri naman Gloc 9. Of all the presidentiables you could endorse, napunta ka kay Binay. Sayang ka.",negative,general,general,tagasenti,,negative
candidate_28631,"Salamat sa pangaral mo, babaguhin ko na ang buhay ko para hindi ako maging katulad mo balang araw.",negative,general,general,tagasenti,,positive
candidate_33150,"Niready ko na yung presentation ko, biglang nag-crash yung laptop ko.",negative,general,general,tagasenti,,negative
candidate_32424,Edi ikaw na ang busy umabot na sa puntong nakalimutan mo na maging matinong tao.,negative,general,general,tagasenti,,negative
candidate_24924,"Ang mga pating ay tinatayang may haba na 5'5"" at tumitimbang ng 80 hanggang 90 kilo, ayon pa sa ulat.",neutral,general,general,tagasenti,,neutral
candidate_29650,Naputol ang tawag sa kalagitnaan ng mahalagang online interview dahil nawalan ng signal.,negative,general,general,tagasenti,,negative
candidate_28630,"Grabe ang tapang mong manghusga, nakalimutan mo atang may salamin kayo sa bahay ninyo.",negative,general,general,tagasenti,,negative
candidate_33378,"Nakakabadtrip ung traffic ngaun, late n nmn ako.",negative,general,general,tagasenti,,negative
candidate_29396,Naubos agad ang mga ticket sa concert isang oras pa lang mula nang magbukas.,negative,general,general,tagasenti,,negative
candidate_19069,"Malaki ang ginastos ni Binay pero malaki rin ang talo niya sa Mayo, at siya ay tahimik sa ending ng kwento.",neutral,general,general,tagasenti,,negative
candidate_9740,Ay tangina kaya pala lumalapit si Binay sa harap ng stage para naka tutok sa kanya yung ilaw amputa.,negative,general,general,tagasenti,,negative
candidate_3023,"Mar Roxas, patuloy mong pinapatunayan na magaling ka. Tumatak ang talino mo, idol.",positive,general,general,tagasenti,,positive
candidate_33971,May maintenance sa server mamayang gabi.,neutral,general,general,tagasenti,,neutral
candidate_7193,disapoint akala ko colored my camera di pala black and white tapos walang camera tapos ung box nka lagay ang mga details like may camera tapos colore di tugma sa item walang kwenta dapat kung ano ang pinost nyo yan din ang ang pinadala prang repair na binago lang,negative,general,general,tagasenti,,negative
candidate_21917,Ngunit hindi umano dapat maapektuhan ng Balikatan ang kabuhayan ng mamamayan sa Bicol region partikular ang mangingisda na nabubuhay lamang sa karagatan.,neutral,general,general,tagasenti,,negative
candidate_3408,ang ganda ng bag good quality,positive,general,general,tagasenti,,positive
candidate_26013,sana sinabi nya sa description na mag aadd nang isang size para alam nang costumers nya na hindi sya standard size jusko hindi ko na tuloy magamit,negative,general,general,tagasenti,,negative
candidate_33433,Nabayaran na nang buo ang utang namin sa bangko.,positive,general,general,tagasenti,,positive
candidate_23186,"Anong kaibahan ni Alma Moreno kay Binay? Si Binay nognog. Si Alma, moreno.",negative,general,general,tagasenti,,neutral
candidate_31161,Pinili niyang mag-tengang-kawali upang maiwasan ang anumang gulo sa pamilya.,neutral,general,general,tagasenti,,neutral
candidate_31484,Kusang-palo niyang tinulungan ang matanda na makatawid sa mataong kalsada.,positive,general,general,tagasenti,,positive
candidate_25402,"Akalain mo yun, kaya mo palang magkunwaring mabait sa harap ng maraming tao pero demonyo ka pag tayo na lang dalawa.",negative,general,general,tagasenti,,negative
candidate_11084,100 ganda ng quality sobrang ganda nagustuhan ko sya sakrong sakto sya sa paa ko buti di ako nagdalawang isip na size ng paa ko pero grabe ang gandaaaa oorder ako ulit yung nay design naman thankyou seller and kay kuya goodjob 5star,positive,general,general,tagasenti,,positive
candidate_24411,"Kasama niya sa biyahe sina Secretaries Cerge Remonde (press), Alberto Romulo (foreign affairs) at Peter Favila (trade).",neutral,general,general,tagasenti,,neutral
candidate_24451,mabilis magship. kaso hindi maayos ang packaging. nabasa tuloy ang nabili kong mask buti may natira pa. sana kapag may kasamang wet wipes ay ipalastic nila ang mask.,positive,general,general,tagasenti,,negative
candidate_5708,"Ayon sa ulat, masusing binabantayan ng Oil Spill Response Team ng Philippine Coast Guard ang paggalaw ng bunker oil na unti-unti ng lumulutang sa tubig.",negative,general,general,tagasenti,,neutral
candidate_24130,wrong size and i think sinasadya ni seller na magbigay ng wrong size kasi binura nya yung size sa sandals though kita pa rin naman then yung plastic nilagyan lang ng size base sa order ng customer,negative,general,general,tagasenti,,negative
candidate_21097,"May nagsasabi na ""anak ni Mar"" si DJP at maaaring ""Nese Iye Ne Eng Lehet"" ang campaign jingle ni Mar Roxas.",neutral,general,general,tagasenti,,neutral
candidate_4516,Isang dokumento ang nawala sa loob ng sorting facility.,neutral,general,general,tagasenti,,negative
candidate_7463,"Matod sa ubang magtutudlo, tataw kaayong na-trauma ang mga estuyante.",negative,general,general,tagasenti,,negative
candidate_13515,May nagsumbong na iba ang lumabas sa resibo kaysa binoto.,neutral,general,general,tagasenti,,neutral
candidate_9709,items are good pero hnd masyado satisfied mga kids ko dahil hindi pala adjustable naka fixed pala,neutral,general,general,tagasenti,,negative
candidate_11513,maganda sya as in nakakatawa lang kasi halatang kinaskas or inukit yung size na nakalagay eh 37 eh 36 ang order ko,neutral,general,general,tagasenti,,positive
candidate_30857,Sadyang hindi lang ako sanay matulog ng may bukas na ilaw kaya pinatay ko.,neutral,general,general,tagasenti,,negative
candidate_24945,Mas lalo lang pinapakita ni Mar Roxas na threatened siya kay Duterte. Jusme. ?,negative,general,general,tagasenti,,negative
candidate_6415,as we expect di lang masyadong malakas siguro sa battery idk thank you po affordable sya at nagustuhan ng partner ko tnx,neutral,general,general,tagasenti,,positive
candidate_348,maganda super nagustuhan ng anak ko happy happy siya will buy again thank you very much shoppee masaya na nagdrawing ang bebe ko,positive,general,general,tagasenti,,positive
candidate_13089,Abangan next week: MMK Ep tungkol kay Mar Roxas at asawang si Korina Sanchez.,positive,general,general,tagasenti,,neutral
candidate_12190,Nagpasundo na lang sana ako sa tatay ko.,negative,general,general,tagasenti,,negative
candidate_21664,Sobrang satisfied ako sa item na nabili ko rito. Siguradong bibili ulit ako ng product na ito sa seller na ito. Maraming salamat!,positive,general,general,tagasenti,,positive
candidate_3384,Nag-react ako sa kwento niya kaya nalaman niyang nakikinig ako kahit wala akong masabi.,neutral,general,general,tagasenti,,neutral
candidate_20864,bought these items second time at this shop quality is okay hindi siya ganun ka superb pero okay na din thumbs up for complete and right color of my orders,neutral,general,general,tagasenti,,positive
candidate_19007,"Controversial Hotcopy today! ? After temporarily stepping down, Makati Mayor Junjun Binay shows…",neutral,general,general,tagasenti,,neutral
candidate_8917,Madalang makahanap ng ganitong klaseng restawran na hindi ka paghihintayin ng isang oras para sa pagkain.,positive,general,general,tagasenti,,negative
candidate_19672,"size 42 siya pero mukhang size 38 sa bf ko siya actually but nagkasya sa mama ko jusko sayangggg lang pero okay lang ang cheap lang naman niya and nagamit naman kaya di na rin masama k, kayo bahala kayo kung ilang size yung ipapatong niyo basta yurn lang **photos",positive,general,general,tagasenti,,negative
candidate_7372,": Happy birthday, VP Binay! Pagod ka na kakakampanya so sana magkaroon ka ng time to rest; not just today but forever!",negative,general,general,tagasenti,,positive
candidate_6130,"I want to watch Binay nae nae, it's fun!",positive,general,general,tagasenti,,positive
candidate_9793,juskooooo nung isang bwan ko pa to inorder. ngayon lang dumating. palibhasa binayaran ko na thru gcash nung pagka order ko pa lang. omg,negative,general,general,tagasenti,,negative
candidate_10141,"Maging ang reklamo laban kay dating Senate President Manny Villar na nakabinbin sa Ethics Committee tungkol sa C-5 Road Project ay magpapatuloy, ayon kay Enrile.",negative,general,general,tagasenti,,neutral
candidate_20606,maliit po size nya parang pang 35 36 size nya ung order ko 38 39 malaki dpt pero ung 36 37 na size ok po cya salamat,neutral,general,general,tagasenti,,neutral
candidate_7753,first of all im a foodpanda rider hindi sila nagpapapasok ng rider sa loob umulan man o umaraw sa labas kami mag aantay rider kung meron lang negative 100 star ilalagay ko dito apaka walang hiya hindi din ba kami customer,negative,general,general,tagasenti,,negative
candidate_34261,"Katamtaman lang ang asim ng mangga, hindi nakakangiwi pero malasa pa rin.",neutral,general,general,tagasenti,,negative
candidate_31932,Pinuri ang malaking kumpanya dahil nanatiling bukas ang isip nila sa pagtanggap ng mga empleyadong may kapansanan.,positive,general,general,tagasenti,,neutral
candidate_3941,not what i’ve expected. madumi yung item pag dapint parang gamit na,negative,general,general,tagasenti,,negative
candidate_1310,Idinagdag nito na tinawagan siya ni Bolante upang ilista ang ilang NGOs na bibigyan ng proyektong farm inputs and farm implement program ng DA.,neutral,general,general,tagasenti,,neutral
candidate_26638,maganda po. sana magtagal. pang araw lang po talaga sya. dipo pwede sa ulan na malakas. panangga lang sa uv light. thank you. pero maganda po ang quality.,positive,general,general,tagasenti,,positive
candidate_16840,"Pwede na tulong nila, hindi ganun ka-significant.",negative,general,general,tagasenti,,negative
candidate_2951,"May bagong commercial si Binay, pinag-uusapan ang pinagkukunan ng pondo.",neutral,general,general,tagasenti,,neutral
candidate_10969,"okay for me yung paglalagay ng bubble wrap nila. but the way they package their products needs improvement this is my second time na bumili and both of them has leaked, pagka bukas mo mejo di ganon ka bango maaamoy mo kasi nag mix na yung nag leak na",positive,general,general,tagasenti,,negative
candidate_29818,Natapon ang aking iniinom nang may mabilis na tumakbong bata na bumangga sa akin sa pampublikong pasilyo.,negative,general,general,tagasenti,,negative
candidate_4850,mjo loading pwede na,positive,general,general,tagasenti,,neutral
candidate_6154,"Puro kayo sandro marcos, pero suportahan din natin ang anak ni binay, magaling din siya!",positive,general,general,tagasenti,,positive
candidate_13160,Paano ko mai-coconnect ang bluetooth speaker sa laptop ko?,neutral,general,general,tagasenti,,neutral
candidate_5215,Kinumpirma ni Fernandez na may inihain siyang petisyon sa SC kaya hindi pa umano siya dapat alisin bilang kinatawan ng Laguna.,neutral,general,general,tagasenti,,negative
candidate_2018,"Ngunit ayon sa Department of Health, hindi dapat mabahala agad ang publiko dahil wala pang tiyak na pag-aaral tungkol sa nasabing pangamba ng grupo.",neutral,general,general,tagasenti,,negative
candidate_17967,Maganda ang The Mighty dahil mararanasan nina Max at Kevin ang fun of a lifetime bilang best friends hanggang kunin ni kamatayan si Kevin.,positive,general,general,tagasenti,,positive
candidate_2343,worst sogo twin bed pero iisang kumot my chrge na 10 pesos ang kumot dinaig pa kayo ng small time hotel walang panligo na sabon at shampoo not so clean and so bad kainis,negative,general,general,tagasenti,,negative
candidate_32111,"Hindi naman sa hindi kami nasiyahan, labis pa nga kaming natuwa sa inihanda mo.",positive,general,general,tagasenti,,positive
candidate_4646,sakto lang yung quality reasonable price you get what you pay for bili ka na lang ng mas mahal kung hanap mo mahandang quality honest review,neutral,general,general,tagasenti,,neutral
candidate_936,"'Wonder panty liner' na pang lalaki rin, uso na sa Pinas?",neutral,general,general,tagasenti,,neutral
candidate_24871,Binili ko ito bilang Christmas gift para sa anak ko. Maganda talaga ang mga 007 movies pati na rin ang acting ni Daniel Craig dito.,positive,general,general,tagasenti,,positive
candidate_21599,"Ang resulta, nabangag ang yuta, nabuslot ang ligid ug pati motor nga tapad sa patrol car naplatan usab og ligid.",negative,general,general,tagasenti,,negative
candidate_3269,"Para sa akin, hindi porket classic ang isang book ay ibig sabihin maganda na ito kaya dapat nakadepende ang best sellers sa gusto ng tao.",negative,general,general,tagasenti,,neutral
candidate_22055,"Sinagot niyo ang reklamo ko makalipas ang isang taon, napakabilis talaga ng response rate ng admin team ninyo.",negative,general,general,tagasenti,,negative
candidate_4889,Nag-comment ako sa post niya kaya nag-reply siya kaso parang galit.,neutral,general,general,tagasenti,,negative
candidate_11802,"Poe's citizenship, Binay's wealth, Roxas' actions, Duterte's words, Santiago's health.",neutral,general,general,tagasenti,,neutral
candidate_24802,"Sa harap ng ospital, namatay ang makina ng ambulansya.",neutral,general,general,tagasenti,,negative
candidate_12326,"""Piraso ng bakal sa riles nawala, tren ng PNR nadiskaril""",negative,general,general,tagasenti,,negative
candidate_33747,Sumakay ako sa likod ng jeepney.,neutral,general,general,tagasenti,,neutral
candidate_14111,"Si DU30 expected na number kasi andaming fans pero, Roxas Poe Binay over Miriam?",neutral,general,general,tagasenti,,neutral
candidate_21256,I'm a non voter and I note Binay's confidence and the many things he has funded.,neutral,general,general,tagasenti,,positive
candidate_18563,"May problema ang dalawang sensors nitong bagong model kapag hinahanap ang sasakyan, kaya mas maganda pa rin talaga gamitin yung problem-free na original model nila.",negative,general,general,tagasenti,,neutral
candidate_17928,"Kasama ang kanyang abogadong si Patricio Tanpingco Jr., sinabi ni Padilla na wala siyang nilalabag sa probisyon ng National Building Code.",neutral,general,general,tagasenti,,neutral
candidate_2728,"Noy (Sen Benigno 'Noynoy' Aquino III), ikaw at ako ang nasa posisyon para ipagpatuloy ang lahat ng kanilang nasimulan,"" - Kris Aquino",positive,general,general,tagasenti,,neutral
candidate_10959,omg sobrang bango nyaaaa super worth it dahil dito ako bumili bili na kayo,positive,general,general,tagasenti,,positive
candidate_10310,"Kabilang sa mga security features na ito ay ang security threads, scattered red & blue visible fibers, at ang fluorescent printing.",neutral,general,general,tagasenti,,neutral
candidate_3326,wrong item ibang iba mula sa picture hindi worth it sayang ang pera,negative,general,general,tagasenti,,negative
candidate_21666,sorry but Grace Poe's reason for renouncing her Filipino citizenship is very valid.,positive,general,general,tagasenti,,positive
candidate_19419,"May balita ng pagkikita nina Binay at Escudero sa Davao, nagdududa ang iba.",neutral,general,general,tagasenti,,neutral
candidate_24023,complete item and nice. ang bilis din dumating. so far kasya nman sa akin kahit medyo chubby ako.at worth it namn sa price niya. thanks,positive,general,general,tagasenti,,positive
candidate_18808,it's good for it's price. pwede na ma pang araw araw na gamit for work out. definitely will but again soon,positive,general,general,tagasenti,,positive
candidate_7968,black ok lang naman siya sa price kaso maliit size niya dapat pag 34b ka orderin mo 36b para di agad siya nababanat pero oorder pa ako ulit thankyou seller tama yung kulay!,positive,general,general,tagasenti,,positive
candidate_17230,Bata pa ako noong napanood ko sa sinehan ang Jason Goes to Hell at sobrang excited na rin akong mapanood ang Jason X pagkalabas nito!,positive,general,general,tagasenti,,positive
candidate_26404,"A post assigns roles: Duterte as President, Marcos VP, Santiago Secretary, and others as cleaners.",neutral,general,general,tagasenti,,neutral
candidate_5292,"""""Intact ang aming partido (NPC) sa aking pagkakaalam na hindi na siya (Teodoro) miyembro ng partido at lumipat na sa Lakas,"""" ayon kay Escudero.""""",neutral,general,general,tagasenti,,neutral
candidate_18918,"Mainit na nga, buti bukas pa ang power! Salamat Binay sa serbisyo.",positive,general,general,tagasenti,,positive
candidate_27870,"okay na sana tanggap ko na sa tatlong inorder ko, tatlong parehas na items din nakuha. kaso palpak lahat yung mga items. missing ng charger yung isang item, di pa nagana yung isa kahit chinarge ko na sa iba. mabilis pa lahat malowbat. waste of money.",negative,general,general,tagasenti,,negative
candidate_859,"Sa tuwing pumupunta kami sa tindahang ito, walang mintis ang maaliwalas na mukha ng kahera.",positive,general,general,tagasenti,,negative
candidate_16377,Mga pumuluyo malapit sang Aganan River sakop na sang brangay Bancal sa banwa sang Alimodian hadlok sa padayon nga pagpang-ab-ab sa tubig baha.,negative,general,general,tagasenti,,neutral
candidate_27158,"""We advise him to behave accordingly as an upright citizen and submit himself to due process of law,"" ayon kay Press Secretary Cerge Remonde.",neutral,general,general,tagasenti,,neutral
candidate_22936,Inalis ng pulisya ang anggulo ng pagnanakaw bilang motibo sa pagpatay dahil hindi naman kinuha ang wallet at cellular phone ng biktima.,neutral,general,general,tagasenti,,negative
candidate_9914,Hindi man lang ito deserve ng isang star! Hindi ko maintindihan kung bakit pinapakinggan ng mga tao ang bandang ito. Walang talent kaya huwag bilhin.,negative,general,general,tagasenti,,negative
candidate_28856,"Ang mapagbigay mo talaga, binigay mo sa akin lahat ng trabahong ayaw mo.",negative,general,general,tagasenti,,positive
candidate_16376,sorry but Grace Poe's reason for renouncing her Filipino citizenship is pure bullshit,negative,general,general,tagasenti,,negative
candidate_9059,"Paborito ko itong story tungkol sa pasko dahil mararamdaman mo talaga ang goodwill dito, kaya palagi itong magkakaroon ng special place sa mga bookshelf ko.",positive,general,general,tagasenti,,positive
candidate_31371,Balat-sibuyas siya kaya palaging nauuwi sa iyakan ang aming usapan.,negative,general,general,tagasenti,,neutral
candidate_31221,Tinulungan nila kami nang bukas-palad kahit wala kaming kakayahang magbayad.,positive,general,general,tagasenti,,positive
candidate_14727,"May mga komento tungkol sa ad ni Binay: sinasabi na makapal ang mukha, self-pity, at pa-victim effect.",neutral,general,general,tagasenti,,negative
candidate_14358,thanks seller ang ganda ng product i like it,positive,general,general,tagasenti,,positive
candidate_21275,mahina ung buga ng hangin sa likod .i dont think effective to,positive,general,general,tagasenti,,negative
candidate_18991,sira yung rechargeab̊le fan at isang headset,negative,general,general,tagasenti,,negative
candidate_19711,"Binigyan niyo ako ng tinapay na kasing tigas ng bato, napakagaling ng bakery niyo para makatipid ako sa pagbili ng pang-exercise ng panga.",negative,general,general,tagasenti,,negative
candidate_23234,Duterte at Poe lang ang pabor sa Death Penalty. Saan kaya pabor si Mar Roxas at Binay? :),neutral,general,general,tagasenti,,neutral
candidate_31140,Nalaman din namin na balitang kutsero lamang pala ang pagbabago ng mga iskedyul.,neutral,general,general,tagasenti,,neutral
candidate_25776,Habol Mar Roxas . Habol Leni Robredo . Good night. God bless. ?,positive,general,general,tagasenti,,positive
candidate_33706,Pumayag ang doktor na makalabas ang pasyente pagkatapos ng tatlong araw.,positive,general,general,tagasenti,,neutral
candidate_30919,"Hindi naman sa hindi ako intersado sa inaalok mo, naghahanap pa lang talaga ako ng ibang mapagpipilian.",neutral,general,general,tagasenti,,neutral
candidate_2276,first time ko mag order dito suliiittt naman nag send si seller ng pictures bago ishipthankkkkkkll youuuuuuuuuuuuu selllllleeeeeeeerrrrrrrrrrrrrrrrrrrrrrrr,positive,general,general,tagasenti,,positive
candidate_33255,"Pumunta ako ng maaga sa terminal para makapili ng upuan, last passenger pala na lang ang kailangan kaya umandar na agad pero sa gitna ang pwesto.",negative,general,general,tagasenti,,neutral
candidate_20387,Some Duterte followers are not aware of GMA's anti-Duterte ad and only watch ABS-CBN.,neutral,general,general,tagasenti,,negative
candidate_10937,"Binili ko itong fish food flakes, kinakain naman ng mga isda kaso mabilis lumabo ang tubig kapag medyo naparami ang lagay.",neutral,general,general,tagasenti,,negative
candidate_5836,"7/10 it is functioning, di ko pa nattry kung nagchacharge. but sa quality ng sound is basag sya. pero pwede na rin pagtyagaan. lol.",positive,general,general,tagasenti,,positive
candidate_17232,Fantastic talaga itong show na ito kaya panoorin mula sa Season 1 para mas ma-appreciate niyo ang ganda at pag-arte ng mga cast rito sa series.,positive,general,general,tagasenti,,positive
candidate_3710,sobrang hirap humagilap ng waiter para humingi ng order lahat ng staff nakatalikod sa customer mabagal na service take your money somewhere else,negative,general,general,tagasenti,,negative
candidate_4027,"Ipinadala niyo sa akin ang warranty card na lagpas na sa petsa ng expiration, napaka-useful talaga ng mga dokumento niyo.",negative,general,general,tagasenti,,negative
candidate_4922,"Kanina pangalawa si Grace Poe, ngayon si Mar Roxas na, ang galing ng laban!",positive,general,general,tagasenti,,positive
candidate_4353,Gikataho nga gikansela ang pagduaw sa Pangulo tungod sa dili maayong panahon.,neutral,general,general,tagasenti,,negative
candidate_30592,Hindi pwedeng hindi mapansin ng kumpanya ang sipag mo dahil wala kang araw na hindi nag-oovertime para matapos ang trabaho.,positive,general,general,tagasenti,,negative
candidate_29016,Kakaiba ang pasensya mong maghintay ng grasya nang hindi nagbabanat ng buto.,negative,general,general,tagasenti,,positive
candidate_739,"Bagaman mayroon na umanong hinala ang PDEA sa posibleng nagsusuplay ng bawal na gamot, kailangan pa rin nila ang karagdagang impormasyon upang maberipika ito.",neutral,general,general,tagasenti,,negative
candidate_33251,"Inayos ko yung gripo kasi tumutulo, naging fountain kinabukasan.",negative,general,general,tagasenti,,positive
candidate_1462,"Tumaas agad ang monthly bill ko kahit walang bago sa plano ko, ang husay niyo talaga sa magic ng mathematics.",negative,general,general,tagasenti,,positive
candidate_1674,Kasamang nagtungo ng mga OFW sa DOLE ang mga myembro ng militanteng grupo ng Kilusang Mayo Uno (KMU) at Migrante International (Migrante).,neutral,general,general,tagasenti,,negative
candidate_1206,Aalamin ko ulit lyrics ng kanta sa commercial ni Binay?,neutral,general,general,tagasenti,,neutral
candidate_28414,"Ang yaman mo sa mga dahilan, pwede ka na gumawa ng libro ng mga palusot.",negative,general,general,tagasenti,,neutral
candidate_31350,Kilala si Maria sa pagkakaroon ng sanga-sangang dila sa aming opisina.,negative,general,general,tagasenti,,positive
candidate_24282,"Una si Sharon Acusta, anay OFW sa Brunei, pero subong upod na sa pamilya diri sa iloilo.",positive,general,general,tagasenti,,neutral
candidate_1890,"Binay: ""Marami akong nagawa."" Me: ""Pero mas marami kang nanakaw.""",negative,general,general,tagasenti,,neutral
candidate_27794,"""I don't think that will happen. She won't go down from President to congresswoman,"" paniwala ni Domogan.",neutral,general,general,tagasenti,,negative
candidate_20321,"Who knows what the next shtick a Miriam Santiago can come up with? Nevertheless, I never really buy her gimmicks",negative,general,general,tagasenti,,neutral
candidate_5971,ok nmn for it s price kaso ung size n large parang medium lng,neutral,general,general,tagasenti,,negative
candidate_13987,"""Kailangang may magandang explanation dahil as a general rule may right to info ang public sa lahat ng public documents,"" ayon kay Angara.",neutral,general,general,tagasenti,,neutral
candidate_6748,"What delights netizens: Poe's praying pics, Binay's honesty, Duterte's leadership, Mar's comics. Fun.",positive,general,general,tagasenti,,positive
candidate_21373,Binay values the insights of teachers in running the country.,positive,general,general,tagasenti,,positive
candidate_31953,Tuluyang naging pantay ang mga paa ng salarin matapos ang napakatagal at madugong sagupaan sa kapulisan.,negative,general,general,tagasenti,,positive
candidate_17197,"checked the Presidential race results from my hometown and VP Binay topped! Nakakatuwa, galing ng suporta.",positive,general,general,tagasenti,,positive
candidate_13192,"Mar Roxas wisely went on national TV to openly invite Grace Poe, showing transparency.",positive,general,general,tagasenti,,positive
candidate_23566,"""Umattend ako sa dialogue kanina at napagkasunduan na hindi na rin gagawin iyong pagbomba ng tubig na may blue na tina,"" ayon kay Rosete.",positive,general,general,tagasenti,,neutral
candidate_22113,maraming salamat po sa mga order o receive completely at walang damage recommend always your shop godbless po,positive,general,general,tagasenti,,positive
candidate_93,yes na yes sa wipes 2 times na ko nag order neto ok naman mura lng pero kapakipakinabang lalo pag lumalabas ka with your little one samahan mo pa ng alcohol syempre kaya ok sakin tong wipes.,positive,general,general,tagasenti,,positive
candidate_11425,May nagsabi na si Binay ay gago dahil hindi sumagot sa tanong.,neutral,general,general,tagasenti,,negative
candidate_27792,Inihayag naman ni Pimentel na dapat palayain ng Senado si Bolante kapag pumabor sa kanya ang desisyon ng korte.,neutral,general,general,tagasenti,,neutral
candidate_8138,maingay yung fan. use a headset to avoid the noise. not well packed. open yung both ends ng bubble wrap. di man lang tinape. box medyo dent. buti buo pa yung gadget.,positive,general,general,tagasenti,,negative
candidate_16227,wala syang lagayan ng battery and mabilis malowbat may prob din sa charging port,negative,general,general,tagasenti,,negative
candidate_5688,"Actually hindi lang naman si Roxas yung desperado eh, pati narin yung malalaking companies na babagsak pag naupo si Duterte as president.",negative,general,general,tagasenti,,negative
candidate_6505,"good eve po i got my parcel today...thank you seller for complete and no damage po lahat.....ok nman po sya medyo hindi lang masyado makapal yung tela unlike s enorder ko sa iba n shop...thank you shopee ,and s rider",positive,general,general,tagasenti,,positive
candidate_8256,"CEBU CITY, Philippines - Grupo sa mga tinun-an nisulong sa buhatan sa Commission on Higher Education kun (CHED 7) niadtong Merkules.",neutral,general,general,tagasenti,,neutral
candidate_12022,Kaagad naman na pinalabas ng mga guro ang mga estudyante nang makita ang usok na nagmumula sa ikalawang palapag ng gusali.,negative,general,general,tagasenti,,negative
candidate_11022,the item was good shipped immediately makapal ang tela and good for 3xl nga talaga siya kaso yung packaging is directly sa j t na plastic agad wala man lang siya packaging na mas maayos tho maganda naman,neutral,general,general,tagasenti,,neutral
candidate_3331,"Kapag nakita mo ang kalidad, imposibleng isipin mong nagtipid sila sa mga materyales na ginamit dito.",positive,general,general,tagasenti,,negative
candidate_16071,Masyadong maraming ads kaya kulang sa content ang magazine na ito para sa matalinong babae. Nakakasawa na kasing basahin ang paulit-ulit na lang buwan-buwan.,negative,general,general,tagasenti,,negative
candidate_10086,"Nagamit ko na yung non-stick baking pan, hindi nga dumidikit yung cake pero nag-warp agad siya sa loob ng oven.",neutral,general,general,tagasenti,,neutral
candidate_31136,Suntok sa buwan mang maituturing ngunit pinili niya pa ring lumaban.,neutral,general,general,tagasenti,,neutral
candidate_20356,205. Anong opinyon mo kay Binay? Malaki ang tiwala ko sa kanya.,positive,general,general,tagasenti,,positive
candidate_7928,"Nanghimasok umano ang tatlo sa imbestigasyon ni Police Inspector Jose Nacianceno kaugnay sa reklamong estafa laban kina Ferdie at Ruby Rosario sa Sta Maria, Bulacan.",negative,general,general,tagasenti,,negative
candidate_28674,Sana all pwedeng mang-insulto ng tao sa paligid nang hindi napaparusahan ng karma o ng batas man lang.,negative,general,general,tagasenti,,negative
candidate_19473,"10/10 kala namin nung una ok sya but nung chinarge na not working this item, hindi nag ca-charge at never umilaw while i charge sana mapalitan kasi ang tagal kong inantay tapos cra naman pala yong darating",negative,general,general,tagasenti,,negative
candidate_10890,"Maganda ang drama sa ad ni Binay, nakakaantig.",positive,general,general,tagasenti,,positive
candidate_27,"nakakastress gamitin yung product, lagi siya nagsstop magisa tas hintayin mong gumana uli. already tried at 2 laptops, same experience.",negative,general,general,tagasenti,,negative
candidate_13109,Hindi ko man ito nabasa dahil naging busy ako sa ibang bagay pero mukhang okay naman siya kaya bibigyan ko pa rin ng 5 stars.,positive,general,general,tagasenti,,positive
candidate_9462,good oks na sa price. pwede na,positive,general,general,tagasenti,,positive
candidate_13495,"Bukod kay Berroya, sinabi ni Gonzalez na dalawa pang sibilyan mula sa Indang, Cavite ang handang tumestigo.",neutral,general,general,tagasenti,,neutral
candidate_30387,Hindi pwedeng hindi lumaki ang ipon mo kung walang araw na hindi ka nagtatabi ng porsyento mula sa sweldo mo.,positive,general,general,tagasenti,,negative
candidate_6247,Itinanggi ng liderato ng MILF na may kinalaman sila sa naganap na mga pagsabog.,neutral,general,general,tagasenti,,negative
candidate_6472,"Mar will be his own man, better than PNoy: Mismong sa bibig niya lumabas ang tunay na pagbabago.",positive,general,general,tagasenti,,positive
candidate_29530,May mga kagat ng lamok sa magkabilang braso ko matapos ang magdamag na pagtulog.,negative,general,general,tagasenti,,negative
candidate_11932,Kasalukuyang nakapiit si Antonio sa Manila Police District's homicide section.,negative,general,general,tagasenti,,negative
candidate_27654,"Sa panayam sa radyo, sinabi ni Pacquiao na karangalan niya ang paghirang sa kanya ng Pangulo.",positive,general,general,tagasenti,,positive
candidate_5266,Sobra-sobra ang pasensya ng kaibigan kong ito na hindi man lang marunong magtanim ng galit.,positive,general,general,tagasenti,,negative
candidate_10670,Pwede bang pabilisin ninyo ang galaw dahil hindi na nakakatuwa ang init dito sa loob.,negative,general,general,tagasenti,,negative
candidate_23649,Ang malaking pagbawas sa presyo ng mga produktong petrolyo ay dulot umano ng patuloy na pagbagsak ng halaga ng krudo sa pandaigdigang merkado.,positive,general,general,tagasenti,,negative
candidate_3270,medyo matagal shipping pero super worth it pag iintay gumagana pareho and super smooth niya gamitin super helpful nito sa online class ko thank you seller,positive,general,general,tagasenti,,positive
candidate_3516,Absolutely pathetic at totally worthless ang Reebok balls na ito! Bumili ako ng anim pero natatanggal agad ang skin sa third o fourth over pa lang.,negative,general,general,tagasenti,,negative
candidate_18039,"Nangin mainit ang sitwasyon matapos nga nagtaliwan ang alkalde sang Calinog, kag base sa rule of succession, bise alkalde ang mabulos.",negative,general,general,tagasenti,,negative
candidate_20701,VP Binay to woo vote-rich Cavite | via GMA News,neutral,general,general,tagasenti,,neutral
candidate_6569,dumating n ung order q at buti gumagana kc dumating cra ung cartoon nya,positive,general,general,tagasenti,,positive
candidate_31011,Hindi na siya pinagkakatiwalaan dahil basa ang papel niya sa kanyang mga kapanalig.,negative,general,general,tagasenti,,negative
candidate_30452,Hindi totoong hindi nakakapanlumo ang balita dahil walang pamilyang hindi naapektuhan sa trahedya.,negative,general,general,tagasenti,,negative
candidate_19984,"In the polls, Duterte leads, followed by Roxas, Poe, and Binay ahead of Santiago.",neutral,general,general,tagasenti,,neutral
candidate_17397,May ulat na nagbibigay ng 500 pesos si Mar Roxas sa mga botante sa barangay.,neutral,general,general,tagasenti,,neutral
candidate_31659,Puno ng balat-kayo ang mga panauhin na dumalo sa malaking handaan sa mansyon.,neutral,general,general,tagasenti,,negative
candidate_2253,good day . ambilis dumating ng order ko... within 3 days dumating na... thank you seller may free small wipe and rider.godbless,positive,general,general,tagasenti,,positive
candidate_33544,Nakuha ko ang atensyon ng waiter bago umalis ang mga kasama ko.,positive,general,general,tagasenti,,positive
candidate_15662,"Sa panayam ni GMA News anchor Arnold Clavio, sinabi ni Mancao na magkahalong tuwa at lungkot ang nararamdaman niya sa pagbabalik niya sa bansa.",neutral,general,general,tagasenti,,negative
candidate_17726,tagal ko hinintay i was so excited pero di ung isa hindi gumagana please pakichange po or refund na lang,negative,general,general,tagasenti,,negative
candidate_26048,Gustong-gusto ko talaga ang mga movies na ito. Nakakainis lang kapag nag-aupdate ng site dahil minsan nawawala yung mga nauna ko nang nilagay na ratings.,positive,general,general,tagasenti,,negative
candidate_7053,Sinabi ni Arcosa na 43 ang sakay ng lumubog na bangka kung saan 29 ang nakaligtas.,negative,general,general,tagasenti,,neutral
candidate_31561,Naging lantang gulay siya matapos magbuhat ng mabibigat na kahon buong araw.,negative,general,general,tagasenti,,negative
candidate_32124,I don't think na hindi magiging epektibo ang bakuna laban sa bagong virus.,positive,general,general,tagasenti,,negative
candidate_24277,Napanood ko na ito dati kaya medyo boring na pero maganda pa rin.,neutral,general,general,tagasenti,,positive
candidate_14790,maganda yung pantyy second order ko na to nung una maganda yung packaging pero ngayon nakakadissapoint lang na nakalagay lang siya sa plastic na blue yung parang pampalengke pero all in all ang importante naman ay uung panty which is ok namn,neutral,general,general,tagasenti,,positive
candidate_34763,Nakalutang sa ulap ang aking pakiramdam dahil sa wakas ay nakamit ko ang inaasam kong promosyon.,positive,general,general,tagasenti,,positive
candidate_32792,"Sadyang nagmamadali lang ako kanina, pero na-appreciate ko yung alok nilang tulong.",positive,general,general,tagasenti,,positive
candidate_19716,ine expect ko sana na may kasama din siyang mouse yung katulad sa ibang reviews na may kasamang mouse sa kanila ayus naman pag kaka deliver at maganda naman item i expect to much lang na may kasama siya na mouse so 3star lang muna ma ibibigay ko sana sa,neutral,general,general,tagasenti,,positive
candidate_12416,Seriously ipapaboycott niyo ang ABS dahil lang sa maka Mar Roxas sila?,negative,general,general,tagasenti,,negative
candidate_32944,"Sadyang nagmamadali lang ako, kaya nairita ako nang bahagya sa bagal ng serbisyo nila.",negative,general,general,tagasenti,,negative
candidate_8720,sobrang dissapount naman nung maroon at black na paranv sando sya akala ko mahaba yun naman pla maiksi parang bra talaga hayssss,negative,general,general,tagasenti,,negative
candidate_8083,always fast delivery at secure yung packaging 3× na kong umorder dito e malakas naman net niya kaso minsan mahina thank you seller...,positive,general,general,tagasenti,,positive
candidate_9696,"Habang nasa kampo, nakaririnig umano si Roxas ng putok ng baril na pinapaniwalaang galing sa firing range at ingay ng eroplano.",neutral,general,general,tagasenti,,positive
candidate_22806,Madumi ang sasakyan ko kaya pinalinisan ko kahit uulan din mamaya.,neutral,general,general,tagasenti,,neutral
candidate_19171,Mabilis at maayos dumating ang bagong copy ko ng A Bug's Life! Nawala kasi ng mga apo ko yung luma kaya masaya akong may bago.,positive,general,general,tagasenti,,positive
candidate_19688,parang alcohol it does not smell like ari s cloud parang alcohol siya na may shampoo ari s cloud has that creamy vanilla with a hint of coconut na scent its far different from what i bought i get na its an inspiration pero napakalayo ng amoy from the inspiration,negative,general,general,tagasenti,,neutral
candidate_31340,Nawala ang interes niya dahil sa kanyang ningas-kugon na disposisyon sa buhay.,negative,general,general,tagasenti,,negative
candidate_13080,"Kung walang corruption walang poverty, at si Binay ay lumalaban sa katiwalian.",positive,general,general,tagasenti,,neutral
candidate_25384,"May argumento na kapag walang tax, walang pambayad sa utang.",neutral,general,general,tagasenti,,neutral
candidate_2212,nakakadismaya lang po na hindi ko natanggap ang item na to..wla po xa sa list of orders ko.,negative,general,general,tagasenti,,negative
candidate_26199,not working txt ko ung sim card na nakakabit sa gps ng 000 para sa register tas di magrereply palpak sayang lang ung pera,negative,general,general,tagasenti,,negative
candidate_18700,Nagpaabot din ng pakikiramay kay Failon ang dalawang samahan ng mga mamamahayag at nakiusap sa kanilang mga kasamahan sa trabaho na maging patas sa pag-uulat.,neutral,general,general,tagasenti,,positive
candidate_22504,Malapot ang sarsa ng spaghetti kaya masarap pero nakakaumay pag madami.,neutral,general,general,tagasenti,,negative
candidate_24765,Suplay ng tubig para sa irigasyon at Metro Manila babawasan pa,negative,general,general,tagasenti,,neutral
candidate_23146,Sa bahin pa lamang sing cabatuan kag maasin 1800 ang nalista nga nagkala-unot nga mga kahoy.,negative,general,general,tagasenti,,negative
candidate_5448,my items were not complete but package really well and ang ganda din ng product will order again soon sana kumpleto na next time,neutral,general,general,tagasenti,,positive
candidate_3750,Hindi ko the best nalaman na the best at the best new edition pala dapat kong bilhin kung ako the best hindi nila pinaalam the best.,negative,general,general,tagasenti,,negative
candidate_16817,gotchaaaa! how many times nako umoorder dito hehehehe super bait ni seller lagi syang nag reresponse and yong shipment mabilis thankyou thankyouu po pati kay kuya rider order po ako ulet!!,positive,general,general,tagasenti,,positive
candidate_5445,Gising pa ako hanggang ngayon kasi may tinatapos pero inaantok na ang utak ko.,neutral,general,general,tagasenti,,negative
candidate_22819,"Magandang balita, umaangat si Mar Roxas dahil sa suporta ng taumbayan.",positive,general,general,tagasenti,,positive
candidate_27479,Salamat Amazon sa magandang kwento ng isda na ito dahil bukod sa magagaling ang actors ay isa rin talaga itong touching film na nakaka-inspire.,positive,general,general,tagasenti,,positive
candidate_13056,cheap wrong size wrong design sayang pera ko how could you send me a wrong item,negative,general,general,tagasenti,,negative
candidate_11268,"Nahulog agad ang magnets nito kaya kailangan pang dikitan ng hot glue. Nakakagasgas din ito ng ref, kaya mag-ingat dahil hindi maganda ang quality niya.",negative,general,general,tagasenti,,negative
candidate_3190,The Standard: Update: Binay denies Nielsen Phils. report that he is the biggest TV ad spender among presidential candidates.,neutral,general,general,tagasenti,,negative
candidate_25831,"Ipinadala niyo sa akin ang kalendaryo ng nakaraang taon, napaka-thoughtful niyo namang paalalahanan ako ng mga nakaraan ko.",negative,general,general,tagasenti,,negative
candidate_33130,Medyo hindi nag-register sa akin ang sinabi niya kanina kaya wala rin akong naging komento.,neutral,general,general,tagasenti,,negative
candidate_17994,"""Nagtitiwala kami kay Villar na sa pamamagitan ng kanyang pamamahala, magkakaroon ng mas mahusay na kalagayan ang Bicol region na palaging nakakaligtaan,"" idinagdag ng gobernador.",positive,general,general,tagasenti,,positive
candidate_24127,Isinugod si Onos sa isang pagamutan kung saan ito idineklarang dead on arrival.,negative,general,general,tagasenti,,negative
candidate_26852,Tinawag naman ni Sen. Richard Gordon na arogante ang paglalahad ni Villar sa gastusin ng isang kakandidatong pangulo.,negative,general,general,tagasenti,,negative
candidate_8988,"thanks though, but didn't expect the size. it seems small than i expected. parang pang bata. anyway, shoutout din dun sa courier na hindi marunong magsukli ng tama.",negative,general,general,tagasenti,,negative
candidate_30110,Nawala ang makapal na usok mula sa nasusunog na basurahan.,positive,general,general,tagasenti,,negative
candidate_23732,May reaksyon sa mga kandidatong senador sa ilalim ni Binay.,neutral,general,general,tagasenti,,neutral
candidate_33632,Hindi na naningil ng pamasahe ang tsuper nang malaman niyang estudyante pa ang anak ko.,positive,general,general,tagasenti,,neutral
candidate_23549,so i2 n nga vry disapntd tlga aq kc inorder q i2 ng dec. 28 2020. tapos kara2ting lng ngaung jan 30 2020. ide wow. grbe npktmad ng courier jan sa tacloban porket umabot lng ng 304 order ko dna maihatid at nagchat pa aq ky seller na ipacncel nlng,negative,general,general,tagasenti,,negative
candidate_31142,Naging usap-usapan sa bayan ang balitang kutsero tungkol sa nawawalang kayamanan.,neutral,general,general,tagasenti,,neutral
candidate_7508,"Sa practical shooting, sinusubok ang kakahayan ng isang manlalaro na tamaan ang isang target gamit ang isang full power handgun, rifle or shotgun.",neutral,general,general,tagasenti,,neutral
candidate_11010,"yung isa maayos pero yung right side hinde. nagfafade na yung tatak nung right tapos nilagyan pa ng permanent marker kase may sira siguro, malakilaki den saken",positive,general,general,tagasenti,,negative
candidate_21988,"Bakit kailangan ipagpatuloy, patatagin, palakasin at palawakin ang Daang Matuwid? Alamin kay Mar Roxas, 9:30 PM, GMA7",positive,general,general,tagasenti,,neutral
candidate_23054,good i love the fragrance at maayos din naman kaso namali pala ako ng napili yung isa pala dapat yung nag papalit ng color salamat seller,positive,general,general,tagasenti,,positive
candidate_24787,"sealed yung package at gumana naman agad sya. sana magtagal naman, thanks seller",positive,general,general,tagasenti,,positive
candidate_10447,"Korina, ipaghiwa mo nalang ng pie gamit ballpen si Mar at Binay.",negative,general,general,tagasenti,,negative
candidate_28463,"Sige, ipagpatuloy mo ang pagpapanggap na busy, alam naman ng lahat na nanonood ka lang ng YouTube.",negative,general,general,tagasenti,,neutral
candidate_2205,good angganda nyaaa 2nd time ordering from this shop and legit sya at maganda ang quality ng products bilis pa naship thank you po,positive,general,general,tagasenti,,positive
candidate_30906,"Medyo hindi lang ako handa sa mga naging katanungan, kaya hindi ako nakasagot nang direkta.",neutral,general,general,tagasenti,,negative
candidate_21596,'Maluhong' hapunan ni Arroyo sa US naungkat dahil sa tax on text,negative,general,general,tagasenti,,negative
candidate_15568,"Ang galing niya sa concert noong isang taon, isa iyon sa pinakamagandang napanood ko, at nakakabilib din ang video na ito!",positive,general,general,tagasenti,,positive
candidate_12115,"Napapasaya ako kapag sunud-sunod ang ads nila Mar Roxas at Jejomar Binay, daming impormasyon.",positive,general,general,tagasenti,,positive
candidate_756,MANILA - Aalisin na sa merkado sa Metro Manila simula sa Lunes ang murang bigas mula sa National Food Authority (NFA) na pinopondohan ng pamahalaan.,negative,general,general,tagasenti,,neutral
candidate_28731,"Ganyan ka naman talaga, magaling lang magplano pero kapag execution na biglang nawawala na parang bula.",negative,general,general,tagasenti,,negative
candidate_3495,Roxas nag-imbita kay Poe para magkaisa laban kay Duterte. May reaksyon ng pagkadismaya.,neutral,general,general,tagasenti,,negative
candidate_154,Laging riot ang mga storya ni Pat McManus tungkol sa kanyang pagiging sampung taong gulang sa wilds ng Idaho kaya napaka-great read talaga nitong libro.,positive,general,general,tagasenti,,positive
candidate_9410,"Madaling matastas yung buhok nitong manika kapag sinusuklayan ng bata, pero maganda naman yung damit niya at cute tingnan.",neutral,general,general,tagasenti,,positive
candidate_1458,bad business habit kulang ng dalawa lol 100pcs napo inorder ko wala na nga freebie dumekwat pa kayo jusq di kayo aasenso sa ginagawa niyo,negative,general,general,tagasenti,,negative
candidate_1344,"Can we say ""Cookfest"" will start later around 12mid? See how Mar Roxas reaching from 3rd place to 2nd? Leni's votes coming from? novotel ?",negative,general,general,tagasenti,,neutral
candidate_16531,"Matibay naman yung material ng belt na ito, kaso kulang sa butas kaya kailangan ko pang butasan nang manu-mano.",neutral,general,general,tagasenti,,neutral
candidate_26395,fair inedit ko yung comment ko kasi hindi pala stretchable yung bra ang sikip parang di ka makakahinga okay na sana eh,neutral,general,general,tagasenti,,negative
candidate_17816,"Feel ko glutha na kailangan ni Binay hindi na pagiging Presidente. Putek paulit-ulit! Puro ""nog nog"" naririnig ko",negative,general,general,tagasenti,,negative
candidate_15691,Why Rep. Binay can never forgive Sen. Trillanes didn't even bother to read why. diversionary,negative,general,general,tagasenti,,negative
candidate_5330,mabilis dumating yung product and super secure packing. thank you seller..(⁠~⁠￣⁠³⁠￣⁠)⁠~,positive,general,general,tagasenti,,positive
candidate_15630,"Mar Roxas' campaign: Walang Drama, Trabaho Lang. Totoo ito, at marami siyang nagawa.",positive,general,general,tagasenti,,positive
candidate_18664,may sira yung green na slippers pero nung chinat ko si seller for refund di daw pwede full refund discount na lng daw tapos yung sa refund request ko gusto nya 10 pesos lng irefund?!ano kaya yun eh worth 69 pesos yung slippers!!may mga dumi pa na maliit yung green,negative,general,general,tagasenti,,negative
candidate_19532,"Misa ang ginhalad sang kapitolyo para sa mga nagkalamatay tungod suno kay Gov. Niel Tupas, pangamuyo ang dapat nga ihatag sa pamilya sang mga nagtaliwan.",positive,general,general,tagasenti,,neutral
candidate_4466,"Napakaganda ng fit nito! Bumili ako ng black, red, at white at bilang mapiling tao ay sobrang satisfied talaga ako sa Speedo swimsuit na ito.",positive,general,general,tagasenti,,positive
candidate_29590,Sarado lahat ng bilihan ng pagkain sa lugar na napuntahan namin.,negative,general,general,tagasenti,,positive
candidate_16727,"Ayon sa survey, nasa pangalawa si Roxas at nasa huli si Santiago.",neutral,general,general,tagasenti,,neutral
candidate_1202,Inihayag din ni Zambales Rep. Ma. Milagros Magsaysay na walang kredibilidad si De Venecia para kuwestiyunin ang pagkakahirang kay Teodoro.,negative,general,general,tagasenti,,negative
candidate_6255,May pag-uusap tungkol sa pagkikita kay Binay at pagpapapicture.,neutral,general,general,tagasenti,,neutral
candidate_30944,Isang malaking hadlang ang pagiging ningas-kugon sa pag-unlad ng isang negosyo.,negative,general,general,tagasenti,,negative
candidate_2890,thank you seller dumating ng maayos at kumpleto ang order ko walang damaged nagamit ko na agad salamat po,positive,general,general,tagasenti,,positive
candidate_10151,"nakaka tanggal nman nang balahibo nang pusa at ibang dumi bsta d lang mabigat, maliit kasi xa. 2 star kasi walang indicator kapag nka charge xa, hay nku!!",negative,general,general,tagasenti,,negative
candidate_17590,ang panget hindi nmn magic lipstic,negative,general,general,tagasenti,,negative
candidate_9527,"ILOILO CITY, Philippines - Umpisa subong Lunes nga adlaw tubtub sa Domingo pets-12 sang Abril, naka-full alert ang katapos sang kapulisan sa probinsya sang Iloilo.",neutral,general,general,tagasenti,,neutral
candidate_10967,thankyou po sa uulitin,positive,general,general,tagasenti,,positive
candidate_1148,Who is worse? Binay and UNA or the whole Bayan Muna party list? Boto mga Pilipino!!,neutral,general,general,tagasenti,,negative
candidate_22075,wag n po kayo mag order dito nag order ko ako cellphone stand 5 psc kasi order saakin yun ng bayer s ko pero 4 lpsc lng dumating,negative,general,general,tagasenti,,neutral
candidate_23017,Gibo midaog sa mock polls atol presidential forum sa Sgubo,positive,general,general,tagasenti,,neutral
candidate_31497,Pinatunayan niyang matigas ang loob niya nang magtayo siya ng negosyo mula sa wala.,positive,general,general,tagasenti,,neutral
candidate_12750,Ang naturang paliwanag ni Bolante ay hindi naman pinaniwalaan ng ilang senador na umano'y paraan lamang upang protektahan ang pangulo.,negative,general,general,tagasenti,,neutral
candidate_13978,ok naman sya mahina lng yung fan nya pero yung light lng nmn need ko tas ang cute nyapa hindi lng ganun ka ayos yung packing pero ok na video not related,neutral,general,general,tagasenti,,neutral
candidate_16096,mabilis na ship at deliver bought this for my sister panget daw packaging pero buti di damaged yung item working naman and okay na for its price sana tumagal thank you,neutral,general,general,tagasenti,,positive
candidate_3036,Kahit masakit sa ulo ang math ay na-eenjoy ko rin kapag nakukuha ko ang sagot.,neutral,general,general,tagasenti,,positive
candidate_13038,"May patalastas si Binay na ginagamit ang salitang ""Nognog"" na pinupuna.",neutral,general,general,tagasenti,,negative
candidate_5689,"Kahit pagod sa byahe, hindi namin alintana dahil walang sumakit ang ulo sa aming grupo.",positive,general,general,tagasenti,,negative
candidate_31789,Tila balat-kayo ang mga imbitasyon niya sa pagtitipon.,neutral,general,general,tagasenti,,negative
candidate_19475,"sulit yung pera maganda yung square pants, mahaba lang sya . pwedeng ipang lakad.. mas mura tlga sa shopee will order again promise",positive,general,general,tagasenti,,positive
candidate_28423,"Ang sipag mong maghanap ng butas sa gawa ng iba, sana ginamit mo yan para ayusin buhay mo.",negative,general,general,tagasenti,,negative
candidate_23461,Maganda ang librong ito para sa mga mahilig sa geography at history. Fun talagang basahin ang kwento nila tungkol sa communism kaya mairerekomenda ko ito.,positive,general,general,tagasenti,,positive
candidate_27933,Bakit si Roxas ayaw pumunta? Di lang kasi boo abutin niya! Go VP Binay!,positive,general,general,tagasenti,,negative
candidate_9207,exactly as it looks like on the photo haven t tried it yet but it s super cute perfect para sa mga kagaya kong laging naka smol bag oks din sya pag binuksan di ganon kaliit,positive,general,general,tagasenti,,positive
candidate_26693,pili na lng kayo ibang seller. at maging mapanuri sa product.. minessage ko si seller na paki double check mabuti yun item na wag wrong spelling ang ipadala sa akin. yes daw kaso eto ang dumating. saan ka ba naman nakakita ng legend na “smoker emoval” nakakatawa. mamemepeke lang di,negative,general,general,tagasenti,,negative
candidate_25713,"the i9s-tws is not working, they did not also respond to my chat, what a sad experience. the mouse is working and i love the gaming mouse pad ba to.",positive,general,general,tagasenti,,negative
candidate_30759,Medyo nahihirapan lang akong iproseso ang mga nangyayari kaya wala pa akong masabi.,neutral,general,general,tagasenti,,negative
candidate_2384,Hindi kaya dapat ay may isang magparaya kela Miriam at Duterte? Mahahati ang boto ng mga tao.,neutral,general,general,tagasenti,,negative
candidate_1210,"""Pasalamat tayo kay dating Pangulong Aquino. We agree with her insofar as that is concerned,"" pahayag ni Remonde sa panayam ng dzRB radio.",positive,general,general,tagasenti,,positive
candidate_4513,"Sa araw-araw na pag-commute, laking tulong na hindi na ako pinapawisan dahil sa tela nito.",positive,general,general,tagasenti,,positive
candidate_23262,Dalawang kahon ng kape ang ginamit para sa limang araw na kumperensya.,neutral,general,general,tagasenti,,neutral
candidate_20393,"super tagal dumating, at hindi maayos ang packaging.. kaya yong first layer nasira ang laman.. nakakadisappoint.. hoping nextime, maayos na ang packaging, lalo na malayo pa ang pinanggalingan.",negative,general,general,tagasenti,,negative
candidate_4641,"""DAVOA CITY, Philippines - Wala nadayon ang pagbisita ni Pangulong Gloria Macapagal Arroyo sa Makilala, North Cotabato tungod sa dili maayong panahon.""",neutral,general,general,tagasenti,,neutral
candidate_34862,love u mam,positive,general,student,client,client_test_1,positive
candidate_34885,lab u mam <3,positive,general,student,client,client_test_2,positive
candidate_34865,pagmamahal na pinaramdan niya sa lahat ng mga naging student ay walang katumbas dahil ang pagmamahal nayun ay tunay tulad nang pagmamahal sa atin ng ating mga magulang,positive,general,student,client,client_test_3,positive
candidate_34918,Hi maam ligaya bait mo po thank you po sa grade hehe fav teacher hehe,positive,general,student,client,client_test_5,positive
candidate_34875,good example every lesson,positive,performance,student,client,client_test_6,positive
candidate_34911,napakabait at napakagaling na teacher si ma'am joy,positive,performance,student,client,client_test_7,positive
candidate_34870,maganda magturo si ma'am joy,positive,performance,student,client,client_test_8,positive
candidate_34919,Pero maam ligaya wag nio po sana kami pahirapan sa defense,neutral,general,student,client,client_test_9,negative
candidate_34932,Super bait at palaging nakasmile pag nakaksalubong A humble and very capable teacher,positive,performance,peer,client,client_test_10,positive
candidate_34877,magaling magturo tsaka mabait,positive,performance,student,client,client_test_11,positive
candidate_34851,I LOVE U MA'AM JOY,positive,general,student,client,client_test_12,positive
candidate_34884,magaling magturo thank you mam,positive,performance,student,client,client_test_13,positive
candidate_34866,"kindness love u maam joy, sana mabasa mo 'to hehehe",positive,general,student,client,client_test_14,positive
