Feedback_ID,Student_ID,Faculty_ID,Subject_ID,Teaching,Communication,Practical,Notes,Interaction,Overall,Comment,Sentiment,Date
1788,ST0764,F003,SUB019,3,4,3,4,3,4,Average teaching experience.,Neutral,2025-02-28
4640,ST0786,F020,SUB027,3,4,3,3,4,4,Average teaching experience.,Neutral,2025-08-27
326,ST0812,F030,SUB011,3,4,4,3,3,4,Average teaching experience.,Neutral,2025-04-24
4037,ST0910,F019,SUB004,4,4,4,4,4,4,Average teaching experience.,Neutral,2025-10-07
4630,ST0308,F014,SUB022,4,4,3,3,3,3,Average teaching experience.,Neutral,2025-12-30
1756,ST0077,F026,SUB028,4,4,4,4,3,4,Average teaching experience.,Neutral,2025-07-22
1757,ST0871,F031,SUB026,4,3,4,3,3,4,Average teaching experience.,Neutral,2025-01-07
1764,ST0939,F007,SUB014,3,4,3,4,4,4,Average teaching experience.,Neutral,2025-01-28
1773,ST0566,F007,SUB016,4,3,3,4,4,4,Average teaching experience.,Neutral,2025-04-21
312,ST0901,F016,SUB013,3,3,4,4,4,3,Average teaching experience.,Neutral,2025-03-02
1823,ST0473,F019,SUB009,3,4,4,3,4,3,Average teaching experience.,Neutral,2025-01-26
1848,ST0794,F007,SUB027,4,3,3,4,3,3,Average teaching experience.,Neutral,2025-07-21
291,ST0405,F008,SUB011,4,4,4,3,3,4,Average teaching experience.,Neutral,2025-06-07
1876,ST0851,F036,SUB013,3,3,3,3,4,4,Average teaching experience.,Neutral,2025-07-17
1886,ST0600,F015,SUB017,3,4,3,3,4,4,Average teaching experience.,Neutral,2025-05-24
1892,ST0034,F016,SUB028,3,4,3,3,3,3,Average teaching experience.,Neutral,2025-06-09
3415,ST0723,F017,SUB028,4,4,3,3,3,4,Average teaching experience.,Neutral,2025-03-29
1930,ST0209,F039,SUB009,3,4,3,3,3,3,Average teaching experience.,Neutral,2025-06-14
1719,ST0474,F015,SUB015,3,3,3,3,3,3,Average teaching experience.,Neutral,2025-12-25
4931,ST0047,F040,SUB015,3,4,3,4,3,3,Average teaching experience.,Neutral,2025-12-22
331,ST0573,F020,SUB023,4,4,3,4,4,4,Average teaching experience.,Neutral,2025-11-28
334,ST0581,F005,SUB002,4,4,3,3,3,3,Average teaching experience.,Neutral,2025-11-24
372,ST0561,F009,SUB003,4,4,4,3,3,4,Average teaching experience.,Neutral,2025-02-08
370,ST0822,F023,SUB024,3,4,3,4,3,3,Average teaching experience.,Neutral,2025-11-02
1554,ST0268,F024,SUB024,3,4,3,3,4,3,Average teaching experience.,Neutral,2025-04-22
3549,ST0777,F037,SUB028,3,4,3,4,3,3,Average teaching experience.,Neutral,2025-03-07
1572,ST0234,F017,SUB030,3,3,3,3,4,4,Average teaching experience.,Neutral,2025-12-31
3537,ST0752,F028,SUB005,4,4,4,4,4,4,Average teaching experience.,Neutral,2025-10-24
3533,ST0788,F031,SUB007,3,4,4,3,3,3,Average teaching experience.,Neutral,2025-01-10
4664,ST0312,F037,SUB014,4,4,4,3,3,3,Average teaching experience.,Neutral,2025-10-16
3525,ST0447,F015,SUB005,4,3,3,4,4,4,Average teaching experience.,Neutral,2025-03-16
345,ST0023,F036,SUB007,4,4,3,4,3,3,Average teaching experience.,Neutral,2025-03-10
1628,ST0392,F021,SUB017,4,3,4,4,3,3,Average teaching experience.,Neutral,2025-08-30
1630,ST0674,F026,SUB002,4,3,3,4,3,3,Average teaching experience.,Neutral,2025-05-08
1645,ST0030,F009,SUB014,3,3,3,4,4,3,Average teaching experience.,Neutral,2025-11-14
1651,ST0581,F012,SUB002,3,3,3,4,3,3,Average teaching experience.,Neutral,2025-11-01
1665,ST0089,F037,SUB016,3,4,3,3,3,3,Average teaching experience.,Neutral,2025-01-17
3513,ST0628,F034,SUB011,3,3,3,4,3,4,Average teaching experience.,Neutral,2025-09-26
1680,ST0981,F009,SUB014,3,3,4,4,4,4,Average teaching experience.,Neutral,2025-02-01
3494,ST0345,F019,SUB006,4,4,4,4,3,4,Average teaching experience.,Neutral,2025-07-18
1516,ST0629,F040,SUB005,4,4,3,4,3,4,Average teaching experience.,Neutral,2025-04-05
272,ST0527,F005,SUB025,3,4,4,3,4,3,Average teaching experience.,Neutral,2025-05-30
3398,ST0181,F035,SUB014,4,3,4,3,4,3,Average teaching experience.,Neutral,2025-07-15
2152,ST0256,F024,SUB019,3,4,3,3,4,4,Average teaching experience.,Neutral,2025-02-26
3320,ST0065,F017,SUB025,3,3,3,4,4,4,Average teaching experience.,Neutral,2025-06-16
2166,ST0744,F026,SUB029,3,3,4,4,4,4,Average teaching experience.,Neutral,2025-03-28
2180,ST0849,F037,SUB017,4,4,4,3,3,3,Average teaching experience.,Neutral,2025-12-20
4325,ST0851,F009,SUB002,4,4,3,3,3,4,Average teaching experience.,Neutral,2025-10-13
4329,ST0076,F029,SUB013,4,4,3,4,4,3,Average teaching experience.,Neutral,2025-04-15
2210,ST0712,F003,SUB012,4,3,4,4,3,4,Average teaching experience.,Neutral,2025-06-21
199,ST0800,F031,SUB022,4,3,4,3,3,3,Average teaching experience.,Neutral,2025-07-19
2219,ST0429,F040,SUB022,3,3,3,4,4,3,Average teaching experience.,Neutral,2025-12-28
194,ST0400,F034,SUB030,3,3,3,4,4,4,Average teaching experience.,Neutral,2025-09-15
2242,ST0511,F001,SUB002,4,3,4,4,4,3,Average teaching experience.,Neutral,2025-11-16
2259,ST0576,F009,SUB011,4,4,3,3,3,3,Average teaching experience.,Neutral,2025-07-26
2273,ST0138,F015,SUB005,3,4,3,4,3,3,Average teaching experience.,Neutral,2025-03-08
4537,ST0904,F008,SUB007,3,4,4,3,4,3,Average teaching experience.,Neutral,2025-01-22
4946,ST0455,F028,SUB004,3,3,4,4,4,4,Average teaching experience.,Neutral,2025-07-13
2295,ST0123,F015,SUB011,3,3,4,3,4,3,Average teaching experience.,Neutral,2025-12-29
174,ST0927,F019,SUB018,3,4,4,4,4,3,Average teaching experience.,Neutral,2025-09-07
3328,ST0743,F022,SUB002,3,4,4,3,3,3,Average teaching experience.,Neutral,2025-02-10
1938,ST0716,F039,SUB014,3,4,4,4,3,3,Average teaching experience.,Neutral,2025-10-30
2143,ST0586,F014,SUB022,3,4,3,3,3,3,Average teaching experience.,Neutral,2025-11-16
3329,ST0758,F007,SUB023,4,3,3,3,4,4,Average teaching experience.,Neutral,2025-09-02
1952,ST0290,F024,SUB005,4,4,4,3,3,3,Average teaching experience.,Neutral,2025-09-17
1975,ST0589,F016,SUB013,3,3,4,4,3,3,Average teaching experience.,Neutral,2025-11-07
1990,ST0418,F030,SUB016,4,4,3,3,3,3,Average teaching experience.,Neutral,2025-04-15
4056,ST0025,F001,SUB007,4,4,3,3,3,3,Average teaching experience.,Neutral,2025-06-09
4585,ST0707,F019,SUB022,4,4,3,4,3,3,Average teaching experience.,Neutral,2025-02-04
2010,ST0207,F019,SUB020,4,3,3,3,4,3,Average teaching experience.,Neutral,2025-07-07
4583,ST0404,F006,SUB012,4,4,4,4,3,3,Average teaching experience.,Neutral,2025-05-30
3374,ST0171,F013,SUB030,4,3,4,3,3,3,Average teaching experience.,Neutral,2025-08-03
246,ST0605,F014,SUB004,3,4,3,4,4,4,Average teaching experience.,Neutral,2025-02-17
2032,ST0477,F001,SUB011,3,4,4,3,3,4,Average teaching experience.,Neutral,2025-04-03
239,ST0498,F025,SUB001,3,4,4,3,3,4,Average teaching experience.,Neutral,2025-03-28
4573,ST0104,F027,SUB002,3,3,4,4,3,3,Average teaching experience.,Neutral,2025-08-09
2105,ST0020,F006,SUB030,3,3,3,3,3,4,Average teaching experience.,Neutral,2025-07-18
232,ST0980,F034,SUB006,4,3,3,4,3,3,Average teaching experience.,Neutral,2025-12-04
3336,ST0078,F013,SUB008,3,3,3,3,4,3,Average teaching experience.,Neutral,2025-11-01
2126,ST0806,F007,SUB025,3,3,3,3,3,4,Average teaching experience.,Neutral,2025-01-22
2134,ST0180,F003,SUB012,3,4,3,4,3,3,Average teaching experience.,Neutral,2025-01-13
2140,ST0696,F025,SUB021,4,4,4,3,3,4,Average teaching experience.,Neutral,2025-07-20
375,ST0828,F009,SUB007,3,4,4,3,3,3,Average teaching experience.,Neutral,2025-11-08
1486,ST0097,F020,SUB027,3,4,4,4,4,4,Average teaching experience.,Neutral,2025-05-27
1484,ST0428,F038,SUB009,4,4,3,4,4,4,Average teaching experience.,Neutral,2025-02-24
4795,ST0937,F021,SUB025,3,3,3,4,3,3,Average teaching experience.,Neutral,2025-01-30
878,ST0757,F001,SUB023,4,3,3,3,3,3,Average teaching experience.,Neutral,2025-10-27
3813,ST0023,F030,SUB030,4,4,3,4,4,3,Average teaching experience.,Neutral,2025-02-23
885,ST0706,F020,SUB026,4,4,3,4,4,4,Average teaching experience.,Neutral,2025-05-25
4790,ST0792,F017,SUB029,3,4,3,3,3,4,Average teaching experience.,Neutral,2025-04-18
902,ST0822,F035,SUB026,4,4,4,3,4,4,Average teaching experience.,Neutral,2025-10-07
4786,ST0664,F014,SUB010,4,4,3,4,4,4,Average teaching experience.,Neutral,2025-07-27
919,ST0815,F035,SUB003,3,4,4,4,4,3,Average teaching experience.,Neutral,2025-08-26
928,ST0597,F009,SUB002,3,4,3,4,4,4,Average teaching experience.,Neutral,2025-07-25
523,ST0884,F038,SUB021,4,4,4,4,4,4,Average teaching experience.,Neutral,2025-09-25
3782,ST0333,F005,SUB005,4,3,3,4,3,3,Average teaching experience.,Neutral,2025-11-25
986,ST0058,F028,SUB018,4,4,3,3,3,3,Average teaching experience.,Neutral,2025-12-17
1002,ST0179,F033,SUB017,3,3,4,4,4,4,Average teaching experience.,Neutral,2025-05-21
1011,ST0191,F021,SUB013,3,4,4,3,3,3,Average teaching experience.,Neutral,2025-08-20
1026,ST0293,F013,SUB021,4,3,3,3,4,3,Average teaching experience.,Neutral,2025-05-03
4762,ST0888,F010,SUB020,3,3,4,4,3,4,Average teaching experience.,Neutral,2025-05-23
1033,ST0792,F008,SUB013,4,3,4,4,4,3,Average teaching experience.,Neutral,2025-04-24
870,ST0302,F020,SUB026,4,4,3,4,4,4,Average teaching experience.,Neutral,2025-02-21
3738,ST0167,F003,SUB002,4,4,3,4,3,4,Average teaching experience.,Neutral,2025-05-04
862,ST0458,F002,SUB028,4,4,4,4,4,4,Average teaching experience.,Neutral,2025-10-11
845,ST0450,F039,SUB022,4,4,3,3,4,4,Average teaching experience.,Neutral,2025-09-05
647,ST0283,F016,SUB019,4,4,4,3,3,3,Average teaching experience.,Neutral,2025-02-18
3930,ST0807,F011,SUB027,3,4,4,3,4,4,Average teaching experience.,Neutral,2025-08-08
3911,ST0305,F026,SUB013,3,4,3,4,3,3,Average teaching experience.,Neutral,2025-02-02
674,ST0898,F012,SUB015,4,4,3,3,4,3,Average teaching experience.,Neutral,2025-02-22
703,ST0638,F030,SUB025,3,3,4,4,4,3,Average teaching experience.,Neutral,2025-02-14
3895,ST0445,F006,SUB009,3,4,3,4,4,4,Average teaching experience.,Neutral,2025-08-16
723,ST0150,F004,SUB022,4,3,4,4,3,4,Average teaching experience.,Neutral,2025-03-07
4829,ST0334,F003,SUB006,4,4,4,4,3,3,Average teaching experience.,Neutral,2025-11-07
3889,ST0550,F040,SUB012,4,3,3,4,3,3,Average teaching experience.,Neutral,2025-10-31
732,ST0404,F018,SUB021,4,3,4,3,3,3,Average teaching experience.,Neutral,2025-07-19
752,ST0522,F035,SUB019,3,3,3,3,4,3,Average teaching experience.,Neutral,2025-10-28
779,ST0086,F023,SUB030,3,3,4,4,3,4,Average teaching experience.,Neutral,2025-09-05
3859,ST0635,F019,SUB028,3,3,3,3,4,4,Average teaching experience.,Neutral,2025-01-26
797,ST0629,F012,SUB027,3,4,3,3,4,4,Average teaching experience.,Neutral,2025-08-07
3837,ST0357,F005,SUB008,3,3,4,4,3,4,Average teaching experience.,Neutral,2025-11-19
828,ST0308,F015,SUB026,4,4,4,4,4,3,Average teaching experience.,Neutral,2025-09-26
3835,ST0264,F012,SUB013,3,4,3,3,3,3,Average teaching experience.,Neutral,2025-04-03
548,ST0005,F016,SUB028,3,3,3,3,3,4,Average teaching experience.,Neutral,2025-05-19
499,ST0324,F010,SUB005,3,3,3,3,4,3,Average teaching experience.,Neutral,2025-08-10
1081,ST0431,F013,SUB015,4,4,4,4,4,4,Average teaching experience.,Neutral,2025-07-25
1084,ST0733,F024,SUB021,3,4,4,4,3,4,Average teaching experience.,Neutral,2025-03-23
3627,ST0174,F007,SUB019,4,3,4,4,4,3,Average teaching experience.,Neutral,2025-02-27
1349,ST0466,F024,SUB022,3,4,3,3,4,3,Average teaching experience.,Neutral,2025-09-05
1385,ST0171,F014,SUB013,4,4,4,4,4,4,Average teaching experience.,Neutral,2025-08-05
4271,ST0477,F008,SUB013,3,3,3,4,3,3,Average teaching experience.,Neutral,2025-03-08
1396,ST0512,F005,SUB016,4,3,3,3,4,4,Average teaching experience.,Neutral,2025-10-04
1402,ST0416,F011,SUB017,3,3,4,4,4,4,Average teaching experience.,Neutral,2025-05-24
1406,ST0702,F026,SUB002,4,4,3,3,3,3,Average teaching experience.,Neutral,2025-08-08
3601,ST0894,F010,SUB025,3,4,3,4,3,4,Average teaching experience.,Neutral,2025-05-02
3594,ST0833,F036,SUB027,4,3,3,4,4,4,Average teaching experience.,Neutral,2025-06-30
4183,ST0149,F023,SUB008,3,4,3,3,3,3,Average teaching experience.,Neutral,2025-10-11
1432,ST0768,F003,SUB007,3,4,3,4,4,4,Average teaching experience.,Neutral,2025-01-31
4274,ST0794,F026,SUB015,3,3,3,3,4,3,Average teaching experience.,Neutral,2025-05-29
1449,ST0971,F028,SUB014,3,4,4,3,3,4,Average teaching experience.,Neutral,2025-02-26
1452,ST0671,F018,SUB028,3,4,3,4,3,4,Average teaching experience.,Neutral,2025-11-13
3588,ST0113,F013,SUB007,3,4,3,3,3,4,Average teaching experience.,Neutral,2025-05-20
1459,ST0114,F008,SUB021,3,3,4,3,4,3,Average teaching experience.,Neutral,2025-10-03
1463,ST0659,F003,SUB016,4,3,3,3,3,3,Average teaching experience.,Neutral,2025-01-02
1336,ST0216,F029,SUB006,3,3,4,4,3,4,Average teaching experience.,Neutral,2025-11-14
3634,ST0271,F011,SUB010,3,4,4,4,4,4,Average teaching experience.,Neutral,2025-09-17
1322,ST0247,F025,SUB026,3,3,3,4,3,4,Average teaching experience.,Neutral,2025-10-29
1307,ST0345,F025,SUB008,4,3,3,4,3,4,Average teaching experience.,Neutral,2025-12-29
1091,ST0362,F019,SUB021,4,4,4,4,3,3,Average teaching experience.,Neutral,2025-12-20
1093,ST0477,F008,SUB015,4,4,4,3,4,3,Average teaching experience.,Neutral,2025-12-29
486,ST0111,F003,SUB017,4,4,3,4,3,3,Average teaching experience.,Neutral,2025-11-30
1110,ST0672,F033,SUB005,4,4,4,3,4,4,Average teaching experience.,Neutral,2025-10-20
1118,ST0673,F008,SUB008,4,4,3,4,3,3,Average teaching experience.,Neutral,2025-09-19
1119,ST0219,F026,SUB005,4,3,4,3,3,4,Average teaching experience.,Neutral,2025-09-09
3715,ST0197,F009,SUB021,3,3,4,3,3,3,Average teaching experience.,Neutral,2025-11-10
1174,ST0192,F035,SUB011,3,4,4,3,3,4,Average teaching experience.,Neutral,2025-07-08
2302,ST0269,F037,SUB010,3,3,3,4,4,4,Average teaching experience.,Neutral,2025-12-13
1175,ST0066,F001,SUB028,3,4,4,3,4,3,Average teaching experience.,Neutral,2025-01-17
1183,ST0660,F012,SUB027,3,4,3,3,4,3,Average teaching experience.,Neutral,2025-03-11
1186,ST0955,F002,SUB015,4,3,4,3,4,3,Average teaching experience.,Neutral,2025-03-14
1203,ST0150,F010,SUB028,4,3,3,4,3,3,Average teaching experience.,Neutral,2025-06-21
1228,ST0523,F030,SUB006,4,3,4,3,3,3,Average teaching experience.,Neutral,2025-05-31
4246,ST0257,F034,SUB015,4,4,3,3,4,3,Average teaching experience.,Neutral,2025-04-19
3671,ST0780,F009,SUB021,4,4,4,4,3,3,Average teaching experience.,Neutral,2025-07-08
4713,ST0481,F010,SUB003,3,4,3,3,4,3,Average teaching experience.,Neutral,2025-01-16
1299,ST0889,F030,SUB002,3,4,4,3,4,3,Average teaching experience.,Neutral,2025-01-28
1178,ST0897,F010,SUB008,3,3,3,3,4,3,Average teaching experience.,Neutral,2025-09-29
2315,ST0667,F039,SUB010,3,4,4,3,3,4,Average teaching experience.,Neutral,2025-12-07
4852,ST0977,F001,SUB022,3,3,3,4,3,4,Average teaching experience.,Neutral,2025-09-17
4452,ST0897,F026,SUB016,3,3,3,4,3,3,Average teaching experience.,Neutral,2025-03-11
4356,ST0765,F033,SUB003,4,3,4,4,3,3,Average teaching experience.,Neutral,2025-03-18
28,ST0754,F009,SUB018,4,3,3,4,3,4,Average teaching experience.,Neutral,2025-11-09
4429,ST0796,F029,SUB022,3,3,3,4,3,4,Average teaching experience.,Neutral,2025-05-17
2418,ST0592,F009,SUB028,4,3,3,4,4,4,Average teaching experience.,Neutral,2025-08-04
2625,ST0229,F012,SUB015,4,4,3,4,3,3,Average teaching experience.,Neutral,2025-03-20
4136,ST0141,F039,SUB012,4,3,3,3,3,3,Average teaching experience.,Neutral,2025-12-31
2759,ST0779,F018,SUB024,3,4,3,4,3,3,Average teaching experience.,Neutral,2025-07-23
3104,ST0639,F017,SUB006,3,4,4,3,4,4,Average teaching experience.,Neutral,2025-03-13
99,ST0763,F004,SUB021,3,3,4,3,4,4,Average teaching experience.,Neutral,2025-10-24
3128,ST0964,F021,SUB006,3,4,4,3,3,4,Average teaching experience.,Neutral,2025-08-29
146,ST0685,F007,SUB006,4,4,3,3,3,3,Average teaching experience.,Neutral,2025-08-14
147,ST0335,F013,SUB018,3,4,3,4,4,4,Average teaching experience.,Neutral,2025-04-13
2751,ST0486,F028,SUB022,3,4,3,4,4,3,Average teaching experience.,Neutral,2025-12-31
2952,ST0830,F007,SUB008,3,4,3,3,3,3,Average teaching experience.,Neutral,2025-04-22
4106,ST0827,F012,SUB028,4,4,4,4,3,4,Average teaching experience.,Neutral,2025-05-19
2956,ST0112,F022,SUB026,3,4,3,4,4,3,Average teaching experience.,Neutral,2025-09-16
4081,ST0589,F038,SUB030,3,3,3,3,3,4,Average teaching experience.,Neutral,2025-01-13
3220,ST0499,F028,SUB002,3,4,3,4,3,4,Average teaching experience.,Neutral,2025-12-15
2606,ST0777,F020,SUB009,3,4,4,4,4,3,Average teaching experience.,Neutral,2025-06-05
2422,ST0969,F036,SUB028,3,4,3,3,4,4,Average teaching experience.,Neutral,2025-05-24
3152,ST0677,F034,SUB012,3,3,3,4,3,3,Average teaching experience.,Neutral,2025-06-01
3084,ST0042,F027,SUB012,3,4,3,3,3,3,Average teaching experience.,Neutral,2025-10-07
2798,ST0923,F039,SUB011,4,4,4,4,4,3,Average teaching experience.,Neutral,2025-01-02
3083,ST0928,F020,SUB017,3,3,3,3,4,4,Average teaching experience.,Neutral,2025-03-26
2506,ST0310,F013,SUB022,4,3,4,4,4,4,Average teaching experience.,Neutral,2025-06-29
4137,ST0661,F003,SUB028,4,4,4,3,4,3,Average teaching experience.,Neutral,2025-05-09
3077,ST0251,F033,SUB016,4,3,4,3,4,3,Average teaching experience.,Neutral,2025-06-14
123,ST0092,F037,SUB002,4,3,3,4,3,4,Average teaching experience.,Neutral,2025-07-15
39,ST0546,F018,SUB016,3,4,4,4,4,3,Average teaching experience.,Neutral,2025-11-21
2377,ST0441,F039,SUB011,3,4,4,3,3,3,Average teaching experience.,Neutral,2025-01-01
2477,ST0847,F017,SUB012,4,4,3,3,4,4,Average teaching experience.,Neutral,2025-10-31
38,ST0796,F019,SUB028,3,4,3,3,3,3,Average teaching experience.,Neutral,2025-10-04
4139,ST0233,F013,SUB003,3,3,4,4,4,3,Average teaching experience.,Neutral,2025-02-02
129,ST0428,F013,SUB026,3,3,3,3,3,4,Average teaching experience.,Neutral,2025-03-30
55,ST0091,F016,SUB017,4,3,3,3,4,3,Average teaching experience.,Neutral,2025-07-06
2568,ST0389,F015,SUB021,4,3,4,3,4,4,Average teaching experience.,Neutral,2025-10-25
2850,ST0551,F003,SUB021,3,4,4,4,3,4,Average teaching experience.,Neutral,2025-12-24
2781,ST0597,F015,SUB005,3,4,3,3,4,4,Average teaching experience.,Neutral,2025-06-08
2426,ST0019,F039,SUB019,4,4,4,4,4,3,Average teaching experience.,Neutral,2025-04-12
2475,ST0479,F012,SUB007,4,3,3,4,4,4,Average teaching experience.,Neutral,2025-06-12
4435,ST0410,F029,SUB010,3,3,3,4,3,4,Average teaching experience.,Neutral,2025-08-30
21,ST0780,F039,SUB004,4,3,3,3,3,4,Average teaching experience.,Neutral,2025-12-29
48,ST0831,F011,SUB020,3,4,3,3,4,4,Average teaching experience.,Neutral,2025-10-21
2680,ST0801,F015,SUB015,4,3,3,3,4,3,Average teaching experience.,Neutral,2025-02-12
4529,ST0730,F035,SUB011,3,4,4,4,3,3,Average teaching experience.,Neutral,2025-10-23
2716,ST0589,F011,SUB004,4,4,4,3,3,3,Average teaching experience.,Neutral,2025-06-24
2339,ST0952,F006,SUB024,4,4,3,4,3,3,Average teaching experience.,Neutral,2025-05-27
2723,ST0946,F001,SUB025,4,4,3,4,4,4,Average teaching experience.,Neutral,2025-07-15
2346,ST0637,F021,SUB019,3,4,4,3,4,4,Average teaching experience.,Neutral,2025-07-14
74,ST0550,F018,SUB023,4,4,4,3,4,4,Average teaching experience.,Neutral,2025-09-20
3010,ST0816,F008,SUB009,4,4,4,4,3,3,Average teaching experience.,Neutral,2025-12-05
2692,ST0301,F006,SUB028,4,3,3,4,3,3,Average teaching experience.,Neutral,2025-11-08
2337,ST0677,F036,SUB023,4,3,3,4,3,3,Average teaching experience.,Neutral,2025-01-14
3006,ST0303,F013,SUB008,4,3,3,4,4,3,Average teaching experience.,Neutral,2025-03-08
2,ST0368,F029,SUB025,3,3,3,4,3,4,Average teaching experience.,Neutral,2025-06-13
3250,ST0561,F012,SUB005,3,3,3,3,4,3,Average teaching experience.,Neutral,2025-10-23
2971,ST0950,F004,SUB004,4,3,4,3,3,4,Average teaching experience.,Neutral,2025-02-16
2972,ST0146,F003,SUB004,3,3,3,4,3,3,Average teaching experience.,Neutral,2025-10-15
2335,ST0342,F015,SUB016,4,4,4,3,4,3,Average teaching experience.,Neutral,2025-11-28
2318,ST0013,F005,SUB006,3,3,3,4,4,3,Average teaching experience.,Neutral,2025-03-10
2734,ST0790,F038,SUB014,4,3,4,3,4,3,Average teaching experience.,Neutral,2025-07-06
2374,ST0239,F006,SUB025,4,4,3,3,4,3,Average teaching experience.,Neutral,2025-05-08
4460,ST0210,F013,SUB013,4,3,3,3,3,4,Average teaching experience.,Neutral,2025-12-04
4384,ST0827,F027,SUB027,3,4,3,4,3,4,Average teaching experience.,Neutral,2025-08-09
2990,ST0716,F024,SUB012,4,4,3,3,4,4,Average teaching experience.,Neutral,2025-01-04
2732,ST0142,F008,SUB021,3,4,4,3,4,3,Average teaching experience.,Neutral,2025-01-08
1122,ST0963,F020,SUB026,4,3,3,3,3,4,Can improve interaction.,Neutral,2025-07-20
4727,ST0657,F038,SUB003,4,3,4,4,4,4,Can improve interaction.,Neutral,2025-08-05
1127,ST0122,F026,SUB007,4,4,4,4,3,3,Can improve interaction.,Neutral,2025-10-26
1451,ST0539,F001,SUB016,4,3,3,3,4,3,Can improve interaction.,Neutral,2025-12-13
459,ST0366,F039,SUB021,3,4,3,4,3,3,Can improve interaction.,Neutral,2025-11-11
4134,ST0657,F008,SUB027,3,4,3,3,3,3,Can improve interaction.,Neutral,2025-05-31
2317,ST0160,F020,SUB011,3,3,3,4,3,3,Can improve interaction.,Neutral,2025-02-05
4008,ST0633,F040,SUB024,4,3,3,3,3,4,Can improve interaction.,Neutral,2025-06-27
3699,ST0349,F017,SUB003,3,4,4,4,3,3,Can improve interaction.,Neutral,2025-09-24
469,ST0309,F022,SUB024,4,4,4,3,3,4,Can improve interaction.,Neutral,2025-05-08
1138,ST0043,F007,SUB013,3,3,4,3,4,4,Can improve interaction.,Neutral,2025-07-01
1467,ST0312,F030,SUB011,4,3,3,3,3,4,Can improve interaction.,Neutral,2025-11-12
4111,ST0856,F036,SUB022,4,3,3,4,4,4,Can improve interaction.,Neutral,2025-04-28
3705,ST0087,F030,SUB021,3,3,4,3,4,4,Can improve interaction.,Neutral,2025-07-12
4275,ST0848,F024,SUB004,3,4,4,4,4,3,Can improve interaction.,Neutral,2025-07-06
3586,ST0917,F011,SUB008,3,4,4,3,3,4,Can improve interaction.,Neutral,2025-07-02
3978,ST0055,F035,SUB027,4,4,4,3,3,4,Can improve interaction.,Neutral,2025-02-25
1131,ST0983,F006,SUB010,4,4,3,3,3,3,Can improve interaction.,Neutral,2025-06-03
2796,ST0447,F022,SUB030,3,3,4,3,4,3,Can improve interaction.,Neutral,2025-01-20
4729,ST0878,F040,SUB029,4,4,4,3,3,3,Can improve interaction.,Neutral,2025-01-26
1155,ST0803,F003,SUB013,4,4,4,3,3,3,Can improve interaction.,Neutral,2025-08-04
4723,ST0240,F010,SUB011,3,4,3,4,3,3,Can improve interaction.,Neutral,2025-07-27
468,ST0057,F011,SUB001,4,4,4,4,3,3,Can improve interaction.,Neutral,2025-03-05
462,ST0593,F020,SUB009,3,4,4,4,3,4,Can improve interaction.,Neutral,2025-11-03
1398,ST0834,F024,SUB019,3,3,4,3,4,4,Can improve interaction.,Neutral,2025-01-07
1207,ST0140,F007,SUB025,3,4,4,3,3,3,Can improve interaction.,Neutral,2025-04-14
4693,ST0545,F017,SUB012,3,3,3,3,4,4,Can improve interaction.,Neutral,2025-02-22
1404,ST0383,F024,SUB018,4,4,3,4,3,3,Can improve interaction.,Neutral,2025-09-02
2749,ST0642,F009,SUB008,3,4,3,4,3,4,Can improve interaction.,Neutral,2025-12-20
3999,ST0454,F016,SUB022,3,3,4,4,3,4,Can improve interaction.,Neutral,2025-08-05
4001,ST0779,F006,SUB027,4,4,3,3,3,3,Can improve interaction.,Neutral,2025-02-03
1382,ST0858,F003,SUB003,4,4,3,4,4,4,Can improve interaction.,Neutral,2025-06-14
1371,ST0483,F031,SUB030,3,4,3,4,4,3,Can improve interaction.,Neutral,2025-11-05
1366,ST0644,F014,SUB022,3,3,3,3,3,3,Can improve interaction.,Neutral,2025-06-26
422,ST0123,F028,SUB023,4,3,3,4,3,4,Can improve interaction.,Neutral,2025-12-22
4002,ST0208,F020,SUB006,3,4,4,4,4,4,Can improve interaction.,Neutral,2025-08-03
4123,ST0653,F030,SUB019,4,3,4,3,4,4,Can improve interaction.,Neutral,2025-08-25
3598,ST0501,F034,SUB014,3,4,4,3,4,3,Can improve interaction.,Neutral,2025-06-05
1333,ST0872,F019,SUB010,3,4,3,3,4,3,Can improve interaction.,Neutral,2025-02-05
4263,ST0574,F008,SUB030,4,4,3,4,3,3,Can improve interaction.,Neutral,2025-02-19
2784,ST0196,F013,SUB021,4,3,4,4,4,3,Can improve interaction.,Neutral,2025-02-07
3102,ST0684,F027,SUB027,3,3,3,3,3,4,Can improve interaction.,Neutral,2025-10-25
4003,ST0493,F014,SUB028,4,3,3,4,3,3,Can improve interaction.,Neutral,2025-02-17
402,ST0519,F017,SUB014,4,4,4,4,3,3,Can improve interaction.,Neutral,2025-05-31
1321,ST0918,F019,SUB024,3,3,4,4,4,4,Can improve interaction.,Neutral,2025-10-28
4704,ST0354,F019,SUB006,3,3,3,4,3,3,Can improve interaction.,Neutral,2025-12-22
1315,ST0291,F033,SUB015,3,4,4,4,4,3,Can improve interaction.,Neutral,2025-04-08
1311,ST0510,F019,SUB030,4,3,3,3,3,4,Can improve interaction.,Neutral,2025-05-08
3649,ST0327,F039,SUB007,3,4,3,3,3,4,Can improve interaction.,Neutral,2025-11-05
1273,ST0305,F029,SUB007,4,4,3,3,3,4,Can improve interaction.,Neutral,2025-01-22
4446,ST0047,F040,SUB001,3,3,3,3,4,4,Can improve interaction.,Neutral,2025-12-08
1263,ST0239,F006,SUB010,4,4,3,4,4,3,Can improve interaction.,Neutral,2025-11-11
3608,ST0345,F040,SUB002,4,3,3,3,4,4,Can improve interaction.,Neutral,2025-10-05
2772,ST0060,F007,SUB024,3,4,4,4,3,3,Can improve interaction.,Neutral,2025-10-07
4716,ST0456,F023,SUB004,4,4,4,3,4,3,Can improve interaction.,Neutral,2025-03-30
3683,ST0713,F038,SUB001,3,4,4,3,3,3,Can improve interaction.,Neutral,2025-07-06
1423,ST0946,F014,SUB005,3,3,4,3,3,3,Can improve interaction.,Neutral,2025-01-12
1262,ST0007,F013,SUB019,3,3,3,4,4,4,Can improve interaction.,Neutral,2025-06-29
4759,ST0978,F004,SUB029,4,3,4,3,4,3,Can improve interaction.,Neutral,2025-01-10
482,ST0591,F030,SUB009,4,3,4,3,4,4,Can improve interaction.,Neutral,2025-02-26
778,ST0989,F017,SUB027,4,4,4,4,4,3,Can improve interaction.,Neutral,2025-02-18
2960,ST0737,F001,SUB022,3,3,3,3,3,4,Can improve interaction.,Neutral,2025-08-31
3943,ST0801,F002,SUB021,3,4,4,4,4,4,Can improve interaction.,Neutral,2025-12-18
4814,ST0534,F030,SUB024,3,3,4,3,4,3,Can improve interaction.,Neutral,2025-03-16
4213,ST0649,F010,SUB002,3,4,4,3,4,3,Can improve interaction.,Neutral,2025-05-16
813,ST0716,F022,SUB009,4,3,3,4,3,4,Can improve interaction.,Neutral,2025-01-27
814,ST0694,F013,SUB015,4,3,4,3,4,3,Can improve interaction.,Neutral,2025-10-31
821,ST0649,F040,SUB003,4,3,4,4,4,3,Can improve interaction.,Neutral,2025-12-23
4388,ST0098,F029,SUB004,3,4,4,4,3,3,Can improve interaction.,Neutral,2025-12-18
560,ST0759,F033,SUB016,3,3,4,3,3,4,Can improve interaction.,Neutral,2025-04-22
4374,ST0941,F015,SUB026,4,3,3,4,4,3,Can improve interaction.,Neutral,2025-02-14
558,ST0793,F019,SUB009,4,3,4,4,4,4,Can improve interaction.,Neutral,2025-01-01
839,ST0624,F040,SUB021,4,4,4,3,4,3,Can improve interaction.,Neutral,2025-08-15
555,ST0148,F012,SUB012,3,4,3,3,3,3,Can improve interaction.,Neutral,2025-05-23
3031,ST0504,F014,SUB018,4,4,4,4,4,4,Can improve interaction.,Neutral,2025-11-08
849,ST0405,F028,SUB009,3,4,4,4,4,4,Can improve interaction.,Neutral,2025-09-14
855,ST0846,F025,SUB030,4,3,4,3,4,3,Can improve interaction.,Neutral,2025-05-29
776,ST0141,F002,SUB001,4,3,4,4,3,4,Can improve interaction.,Neutral,2025-05-09
578,ST0709,F023,SUB015,3,4,4,3,4,3,Can improve interaction.,Neutral,2025-11-24
4208,ST0320,F037,SUB027,4,4,4,4,3,3,Can improve interaction.,Neutral,2025-07-04
581,ST0945,F019,SUB005,4,4,4,3,3,3,Can improve interaction.,Neutral,2025-08-21
636,ST0505,F025,SUB018,4,4,4,4,4,4,Can improve interaction.,Neutral,2025-01-29
644,ST0957,F006,SUB003,4,4,3,3,4,3,Can improve interaction.,Neutral,2025-07-06
609,ST0971,F029,SUB021,3,3,4,4,3,4,Can improve interaction.,Neutral,2025-11-16
3931,ST0207,F032,SUB006,3,4,4,3,3,4,Can improve interaction.,Neutral,2025-05-12
658,ST0002,F023,SUB009,4,4,3,3,4,4,Can improve interaction.,Neutral,2025-12-25
603,ST0686,F034,SUB025,4,3,4,3,3,4,Can improve interaction.,Neutral,2025-02-11
3933,ST0429,F002,SUB030,4,4,4,4,3,3,Can improve interaction.,Neutral,2025-06-13
599,ST0672,F017,SUB013,4,4,4,3,3,3,Can improve interaction.,Neutral,2025-09-29
20,ST0074,F015,SUB007,3,4,4,4,3,3,Can improve interaction.,Neutral,2025-07-30
3934,ST0389,F016,SUB012,3,4,4,4,3,3,Can improve interaction.,Neutral,2025-06-15
4199,ST0594,F030,SUB020,4,4,3,4,3,4,Can improve interaction.,Neutral,2025-10-17
684,ST0843,F013,SUB022,4,4,4,4,3,3,Can improve interaction.,Neutral,2025-09-10
716,ST0885,F022,SUB004,4,3,3,3,4,3,Can improve interaction.,Neutral,2025-07-30
588,ST0037,F020,SUB019,3,4,4,4,3,4,Can improve interaction.,Neutral,2025-04-24
2974,ST0624,F012,SUB012,3,4,4,3,4,4,Can improve interaction.,Neutral,2025-05-30
3017,ST0243,F011,SUB023,3,4,3,4,4,3,Can improve interaction.,Neutral,2025-07-21
3888,ST0813,F021,SUB013,3,3,3,4,3,3,Can improve interaction.,Neutral,2025-11-28
735,ST0863,F031,SUB020,3,3,4,4,4,4,Can improve interaction.,Neutral,2025-01-31
3909,ST0040,F012,SUB018,3,3,4,3,4,3,Can improve interaction.,Neutral,2025-11-05
4744,ST0875,F024,SUB002,3,4,3,3,3,3,Can improve interaction.,Neutral,2025-06-29
2906,ST0004,F040,SUB011,4,4,4,4,3,4,Can improve interaction.,Neutral,2025-04-07
540,ST0380,F002,SUB015,3,3,4,3,4,4,Can improve interaction.,Neutral,2025-05-21
3754,ST0800,F032,SUB017,4,4,3,4,4,3,Can improve interaction.,Neutral,2025-06-01
3075,ST0448,F003,SUB029,4,4,4,3,4,3,Can improve interaction.,Neutral,2025-09-26
1014,ST0788,F033,SUB025,3,3,4,4,3,3,Can improve interaction.,Neutral,2025-12-14
4763,ST0442,F031,SUB004,3,3,3,3,4,3,Can improve interaction.,Neutral,2025-11-17
4760,ST0275,F034,SUB004,4,3,4,3,4,3,Can improve interaction.,Neutral,2025-03-19
1472,ST0617,F013,SUB011,3,4,4,3,4,4,Can improve interaction.,Neutral,2025-06-11
3076,ST0162,F037,SUB008,3,3,3,4,3,4,Can improve interaction.,Neutral,2025-05-07
2829,ST0412,F038,SUB017,3,3,4,3,4,4,Can improve interaction.,Neutral,2025-01-11
1063,ST0002,F024,SUB014,3,4,3,3,3,4,Can improve interaction.,Neutral,2025-01-08
493,ST0307,F023,SUB020,3,4,3,3,3,4,Can improve interaction.,Neutral,2025-01-03
4748,ST0901,F026,SUB020,3,3,3,3,3,4,Can improve interaction.,Neutral,2025-02-04
4882,ST0232,F021,SUB030,3,4,3,4,4,4,Can improve interaction.,Neutral,2025-01-31
2811,ST0480,F029,SUB007,4,4,4,4,3,4,Can improve interaction.,Neutral,2025-11-26
4746,ST0727,F023,SUB010,3,4,4,4,3,4,Can improve interaction.,Neutral,2025-03-17
1098,ST0427,F034,SUB022,3,4,3,3,4,3,Can improve interaction.,Neutral,2025-03-28
485,ST0535,F004,SUB029,4,4,3,4,3,4,Can improve interaction.,Neutral,2025-01-24
1105,ST0923,F038,SUB015,3,4,3,3,4,3,Can improve interaction.,Neutral,2025-01-31
3755,ST0321,F035,SUB009,3,4,4,4,3,3,Can improve interaction.,Neutral,2025-12-05
3756,ST0891,F008,SUB010,4,3,3,3,3,3,Can improve interaction.,Neutral,2025-05-24
3073,ST0369,F019,SUB014,3,4,3,4,3,4,Can improve interaction.,Neutral,2025-09-21
993,ST0641,F004,SUB016,4,3,4,4,3,3,Can improve interaction.,Neutral,2025-11-26
2879,ST0346,F023,SUB017,3,3,3,3,4,3,Can improve interaction.,Neutral,2025-03-20
2878,ST0865,F004,SUB025,4,4,4,4,4,3,Can improve interaction.,Neutral,2025-03-13
536,ST0069,F007,SUB003,4,4,3,4,4,3,Can improve interaction.,Neutral,2025-03-14
2873,ST0678,F022,SUB011,3,3,4,3,3,3,Can improve interaction.,Neutral,2025-07-20
912,ST0369,F011,SUB025,3,3,4,3,4,3,Can improve interaction.,Neutral,2025-09-07
918,ST0465,F024,SUB001,3,3,3,4,3,3,Can improve interaction.,Neutral,2025-07-09
3066,ST0032,F038,SUB003,3,3,4,3,4,4,Can improve interaction.,Neutral,2025-09-04
3790,ST0569,F030,SUB004,3,4,4,3,4,3,Can improve interaction.,Neutral,2025-01-28
2900,ST0626,F024,SUB002,3,3,3,4,4,3,Can improve interaction.,Neutral,2025-02-20
937,ST0016,F034,SUB017,4,3,3,4,3,3,Can improve interaction.,Neutral,2025-08-18
3962,ST0098,F026,SUB024,3,3,4,3,3,3,Can improve interaction.,Neutral,2025-12-02
941,ST0645,F015,SUB016,4,4,4,3,4,3,Can improve interaction.,Neutral,2025-03-18
2856,ST0502,F021,SUB011,3,3,3,4,4,4,Can improve interaction.,Neutral,2025-05-21
3778,ST0105,F022,SUB027,4,3,4,4,3,4,Can improve interaction.,Neutral,2025-11-23
964,ST0212,F026,SUB022,3,3,3,3,3,4,Can improve interaction.,Neutral,2025-04-24
4769,ST0342,F030,SUB013,3,3,3,4,4,4,Can improve interaction.,Neutral,2025-01-03
976,ST0847,F033,SUB021,3,3,4,3,4,4,Can improve interaction.,Neutral,2025-11-04
3764,ST0231,F006,SUB013,4,4,3,3,4,4,Can improve interaction.,Neutral,2025-11-27
938,ST0566,F033,SUB022,4,3,3,4,3,3,Can improve interaction.,Neutral,2025-07-27
4276,ST0688,F032,SUB007,3,3,4,3,3,3,Can improve interaction.,Neutral,2025-05-16
3262,ST0287,F033,SUB007,4,3,3,3,3,3,Can improve interaction.,Neutral,2025-07-16
2689,ST0657,F031,SUB017,3,4,3,4,3,3,Can improve interaction.,Neutral,2025-07-30
1954,ST0449,F022,SUB016,3,4,3,3,3,3,Can improve interaction.,Neutral,2025-06-10
1961,ST0175,F012,SUB014,3,3,3,3,4,3,Can improve interaction.,Neutral,2025-06-07
1971,ST0426,F037,SUB020,3,3,4,3,3,4,Can improve interaction.,Neutral,2025-07-19
3203,ST0810,F018,SUB029,4,4,3,4,4,3,Can improve interaction.,Neutral,2025-07-16
1978,ST0089,F027,SUB003,3,3,3,4,3,4,Can improve interaction.,Neutral,2025-11-07
4053,ST0923,F040,SUB013,3,3,4,3,4,4,Can improve interaction.,Neutral,2025-01-21
4509,ST0381,F029,SUB015,4,3,4,4,3,3,Can improve interaction.,Neutral,2025-02-19
1933,ST0499,F003,SUB026,4,4,3,4,3,4,Can improve interaction.,Neutral,2025-09-07
2454,ST0729,F040,SUB026,3,4,4,4,4,4,Can improve interaction.,Neutral,2025-01-24
2434,ST0115,F010,SUB029,4,3,4,3,4,4,Can improve interaction.,Neutral,2025-11-03
2427,ST0972,F030,SUB022,3,4,3,4,3,3,Can improve interaction.,Neutral,2025-03-15
2017,ST0277,F007,SUB002,4,3,3,4,4,4,Can improve interaction.,Neutral,2025-08-27
4582,ST0874,F028,SUB014,4,3,4,4,4,4,Can improve interaction.,Neutral,2025-03-27
240,ST0167,F012,SUB014,4,4,4,4,3,4,Can improve interaction.,Neutral,2025-01-04
3221,ST0525,F022,SUB010,4,4,3,4,4,4,Can improve interaction.,Neutral,2025-09-18
2092,ST0427,F006,SUB019,4,4,3,3,4,3,Can improve interaction.,Neutral,2025-11-18
4343,ST0289,F024,SUB026,3,4,3,3,4,4,Can improve interaction.,Neutral,2025-04-27
1931,ST0993,F022,SUB021,4,4,3,4,4,3,Can improve interaction.,Neutral,2025-07-09
4488,ST0082,F006,SUB005,3,4,3,4,4,4,Can improve interaction.,Neutral,2025-03-20
4599,ST0411,F005,SUB004,4,3,3,4,3,3,Can improve interaction.,Neutral,2025-11-30
305,ST0208,F027,SUB009,3,3,3,3,4,3,Can improve interaction.,Neutral,2025-02-13
1793,ST0550,F007,SUB029,4,4,3,3,3,4,Can improve interaction.,Neutral,2025-02-02
1796,ST0820,F021,SUB008,4,4,4,3,3,3,Can improve interaction.,Neutral,2025-12-10
117,ST0350,F033,SUB015,4,4,4,4,4,4,Can improve interaction.,Neutral,2025-11-15
3460,ST0867,F003,SUB019,3,3,4,3,3,3,Can improve interaction.,Neutral,2025-06-16
1835,ST0697,F039,SUB029,4,3,3,3,3,3,Can improve interaction.,Neutral,2025-01-13
4614,ST0704,F035,SUB011,4,4,4,3,4,3,Can improve interaction.,Neutral,2025-01-11
1843,ST0292,F026,SUB022,4,3,3,4,3,3,Can improve interaction.,Neutral,2025-04-06
3456,ST0634,F018,SUB005,4,3,3,3,4,3,Can improve interaction.,Neutral,2025-12-25
2531,ST0411,F038,SUB006,4,4,4,4,4,4,Can improve interaction.,Neutral,2025-05-01
2517,ST0156,F033,SUB019,4,3,4,3,3,3,Can improve interaction.,Neutral,2025-11-14
3454,ST0109,F029,SUB004,3,3,3,3,4,3,Can improve interaction.,Neutral,2025-03-26
4925,ST0244,F010,SUB017,4,3,3,4,4,3,Can improve interaction.,Neutral,2025-12-24
3449,ST0451,F029,SUB011,3,3,4,4,4,4,Can improve interaction.,Neutral,2025-04-14
2504,ST0392,F008,SUB029,3,4,4,3,4,4,Can improve interaction.,Neutral,2025-12-07
1897,ST0944,F028,SUB011,4,4,4,3,3,4,Can improve interaction.,Neutral,2025-12-26
2690,ST0993,F009,SUB006,4,3,4,4,3,3,Can improve interaction.,Neutral,2025-04-10
2096,ST0256,F027,SUB027,4,4,4,4,3,3,Can improve interaction.,Neutral,2025-04-26
4850,ST0770,F010,SUB024,3,4,4,4,3,4,Can improve interaction.,Neutral,2025-04-16
2417,ST0800,F003,SUB007,4,4,4,4,4,4,Can improve interaction.,Neutral,2025-05-09
2415,ST0030,F013,SUB023,4,3,4,4,3,3,Can improve interaction.,Neutral,2025-02-07
4547,ST0355,F034,SUB010,3,4,4,4,3,4,Can improve interaction.,Neutral,2025-07-04
3252,ST0969,F002,SUB008,4,4,4,4,3,4,Can improve interaction.,Neutral,2025-02-09
196,ST0833,F018,SUB015,3,4,4,3,3,3,Can improve interaction.,Neutral,2025-05-06
2223,ST0927,F019,SUB009,3,3,3,4,4,4,Can improve interaction.,Neutral,2025-01-30
2226,ST0884,F003,SUB004,3,3,3,4,4,3,Can improve interaction.,Neutral,2025-12-08
2257,ST0833,F036,SUB010,4,3,3,4,4,3,Can improve interaction.,Neutral,2025-03-09
2261,ST0840,F033,SUB011,4,3,4,3,4,4,Can improve interaction.,Neutral,2025-04-29
3243,ST0538,F010,SUB006,3,3,3,4,3,3,Can improve interaction.,Neutral,2025-01-11
2263,ST0879,F039,SUB008,4,3,4,3,3,3,Can improve interaction.,Neutral,2025-04-15
2276,ST0447,F011,SUB002,3,3,4,3,3,4,Can improve interaction.,Neutral,2025-11-13
2284,ST0632,F011,SUB016,3,4,3,3,4,3,Can improve interaction.,Neutral,2025-02-23
2287,ST0983,F036,SUB023,3,4,4,4,4,4,Can improve interaction.,Neutral,2025-05-19
4534,ST0410,F039,SUB021,3,3,4,4,4,4,Can improve interaction.,Neutral,2025-04-01
2290,ST0334,F034,SUB030,4,4,4,4,3,4,Can improve interaction.,Neutral,2025-04-13
2336,ST0028,F032,SUB028,3,3,3,3,3,4,Can improve interaction.,Neutral,2025-10-06
2326,ST0697,F002,SUB003,4,3,4,4,4,4,Can improve interaction.,Neutral,2025-01-25
4953,ST0437,F029,SUB004,3,3,3,3,3,3,Can improve interaction.,Neutral,2025-10-14
2194,ST0642,F008,SUB003,3,3,4,3,3,4,Can improve interaction.,Neutral,2025-11-23
2189,ST0895,F034,SUB004,4,4,4,3,4,3,Can improve interaction.,Neutral,2025-01-06
2185,ST0735,F015,SUB005,3,4,4,4,4,3,Can improve interaction.,Neutral,2025-11-01
4060,ST0677,F032,SUB010,4,4,4,3,3,3,Can improve interaction.,Neutral,2025-09-22
2117,ST0290,F014,SUB003,4,3,4,4,3,4,Can improve interaction.,Neutral,2025-07-03
2410,ST0081,F025,SUB008,3,4,4,3,3,3,Can improve interaction.,Neutral,2025-06-05
2125,ST0088,F023,SUB003,3,4,3,4,4,4,Can improve interaction.,Neutral,2025-05-01
2400,ST0712,F014,SUB017,4,4,3,4,3,3,Can improve interaction.,Neutral,2025-11-11
3333,ST0343,F036,SUB013,4,3,4,4,4,3,Can improve interaction.,Neutral,2025-02-28
3332,ST0952,F028,SUB022,4,3,3,3,4,3,Can improve interaction.,Neutral,2025-11-03
4321,ST0186,F040,SUB009,4,4,4,4,4,3,Can improve interaction.,Neutral,2025-01-20
2392,ST0848,F008,SUB013,4,3,3,4,4,4,Can improve interaction.,Neutral,2025-04-13
3230,ST0617,F014,SUB028,3,3,3,4,4,3,Can improve interaction.,Neutral,2025-11-27
3326,ST0748,F003,SUB003,4,3,4,4,3,3,Can improve interaction.,Neutral,2025-06-13
2148,ST0060,F027,SUB021,3,3,4,3,4,3,Can improve interaction.,Neutral,2025-06-26
3317,ST0325,F027,SUB018,4,4,3,4,3,3,Can improve interaction.,Neutral,2025-10-23
3316,ST0824,F029,SUB017,3,3,3,3,3,4,Can improve interaction.,Neutral,2025-02-05
2175,ST0537,F023,SUB026,4,4,3,3,4,3,Can improve interaction.,Neutral,2025-09-10
2178,ST0226,F020,SUB018,4,4,4,4,3,3,Can improve interaction.,Neutral,2025-08-16
2375,ST0350,F012,SUB009,3,3,4,3,4,4,Can improve interaction.,Neutral,2025-05-12
2116,ST0701,F034,SUB003,3,4,4,3,3,4,Can improve interaction.,Neutral,2025-10-23
1786,ST0082,F010,SUB026,3,3,4,3,4,4,Can improve interaction.,Neutral,2025-09-25
4154,ST0667,F021,SUB013,4,4,3,3,4,3,Can improve interaction.,Neutral,2025-09-21
4030,ST0272,F009,SUB011,3,3,4,4,3,4,Can improve interaction.,Neutral,2025-10-15
1737,ST0003,F026,SUB016,3,4,4,4,4,4,Can improve interaction.,Neutral,2025-02-13
1537,ST0743,F005,SUB010,3,3,3,3,4,4,Can improve interaction.,Neutral,2025-03-03
1730,ST0047,F013,SUB001,3,4,4,4,3,3,Can improve interaction.,Neutral,2025-11-08
3488,ST0171,F038,SUB030,3,4,3,4,3,4,Can improve interaction.,Neutral,2025-02-22
1540,ST0193,F023,SUB027,4,3,3,3,3,3,Can improve interaction.,Neutral,2025-11-09
1544,ST0303,F027,SUB022,4,3,4,3,3,3,Can improve interaction.,Neutral,2025-08-03
4671,ST0010,F028,SUB013,3,4,3,3,3,3,Can improve interaction.,Neutral,2025-05-10
1715,ST0942,F032,SUB019,4,3,4,4,4,3,Can improve interaction.,Neutral,2025-04-16
3492,ST0262,F038,SUB028,3,3,4,3,3,3,Can improve interaction.,Neutral,2025-07-25
1553,ST0663,F027,SUB028,4,4,4,3,4,4,Can improve interaction.,Neutral,2025-11-24
1533,ST0481,F013,SUB004,3,4,4,3,4,4,Can improve interaction.,Neutral,2025-09-13
2619,ST0800,F011,SUB021,3,3,3,3,3,4,Can improve interaction.,Neutral,2025-09-17
4360,ST0974,F025,SUB029,3,3,4,4,3,3,Can improve interaction.,Neutral,2025-06-05
1569,ST0645,F004,SUB027,3,4,4,4,3,3,Can improve interaction.,Neutral,2025-05-06
4181,ST0785,F017,SUB009,3,4,4,3,3,3,Can improve interaction.,Neutral,2025-01-06
2659,ST0190,F037,SUB026,4,3,4,3,4,4,Can improve interaction.,Neutral,2025-11-28
1590,ST0400,F027,SUB019,4,3,4,3,3,3,Can improve interaction.,Neutral,2025-09-15
1646,ST0011,F017,SUB011,3,3,4,3,3,3,Can improve interaction.,Neutral,2025-09-18
1592,ST0037,F012,SUB005,4,4,4,3,3,3,Can improve interaction.,Neutral,2025-09-25
2650,ST0245,F019,SUB011,3,3,4,3,3,3,Can improve interaction.,Neutral,2025-11-24
1608,ST0952,F021,SUB015,3,4,4,4,3,3,Can improve interaction.,Neutral,2025-07-05
1609,ST0032,F021,SUB011,3,4,3,3,4,4,Can improve interaction.,Neutral,2025-10-02
1675,ST0054,F033,SUB010,4,4,3,3,4,4,Can improve interaction.,Neutral,2025-05-15
4976,ST0467,F033,SUB020,3,3,3,4,3,3,Can improve interaction.,Neutral,2025-03-08
1726,ST0125,F013,SUB006,4,4,4,4,4,3,Can improve interaction.,Neutral,2025-02-21
2681,ST0117,F006,SUB011,4,3,3,3,3,3,Can improve interaction.,Neutral,2025-12-03
1782,ST0266,F032,SUB029,4,3,4,3,4,3,Can improve interaction.,Neutral,2025-08-08
1781,ST0684,F031,SUB022,3,4,3,4,4,4,Can improve interaction.,Neutral,2025-11-14
4964,ST0385,F038,SUB007,3,3,4,4,4,4,Can improve interaction.,Neutral,2025-02-16
1498,ST0037,F004,SUB030,3,3,4,4,4,4,Can improve interaction.,Neutral,2025-01-27
3003,ST0947,F002,SUB022,4,4,4,3,3,3,Can improve interaction.,Neutral,2025-07-23
2541,ST0471,F027,SUB001,4,3,3,4,4,4,Can improve interaction.,Neutral,2025-12-20
1504,ST0484,F005,SUB003,3,4,3,4,4,4,Can improve interaction.,Neutral,2025-08-29
314,ST0411,F001,SUB014,4,3,4,4,4,3,Can improve interaction.,Neutral,2025-03-04
2553,ST0022,F008,SUB020,4,4,4,3,3,3,Can improve interaction.,Neutral,2025-09-30
4095,ST0541,F002,SUB022,4,3,4,3,3,3,Can improve interaction.,Neutral,2025-02-24
1514,ST0769,F007,SUB002,3,4,3,4,3,3,Can improve interaction.,Neutral,2025-04-16
3173,ST0607,F001,SUB025,4,3,4,3,4,3,Can improve interaction.,Neutral,2025-01-10
4466,ST0060,F033,SUB002,4,4,3,4,3,3,Can improve interaction.,Neutral,2025-04-09
2581,ST0540,F027,SUB008,3,4,4,4,3,3,Can improve interaction.,Neutral,2025-09-18
850,ST0981,F011,SUB020,1,2,2,2,2,2,Class was not engaging.,Negative,2025-10-16
4524,ST0285,F036,SUB027,1,2,1,2,1,2,Class was not engaging.,Negative,2025-09-05
3907,ST0126,F015,SUB028,1,1,1,2,2,1,Class was not engaging.,Negative,2025-01-16
819,ST0133,F016,SUB026,2,1,1,2,2,1,Class was not engaging.,Negative,2025-03-20
1579,ST0652,F017,SUB023,2,1,2,1,2,1,Class was not engaging.,Negative,2025-05-27
4665,ST0524,F023,SUB017,1,2,2,1,1,1,Class was not engaging.,Negative,2025-12-23
3288,ST0642,F023,SUB022,2,1,2,2,1,2,Class was not engaging.,Negative,2025-03-27
2735,ST0099,F013,SUB021,1,1,2,2,1,1,Class was not engaging.,Negative,2025-08-09
1492,ST0219,F021,SUB025,1,2,1,2,1,2,Class was not engaging.,Negative,2025-01-20
2255,ST0347,F018,SUB011,2,2,1,1,1,1,Class was not engaging.,Negative,2025-09-12
3324,ST0505,F003,SUB011,2,2,1,2,1,1,Class was not engaging.,Negative,2025-05-01
2396,ST0314,F010,SUB004,1,2,1,2,1,2,Class was not engaging.,Negative,2025-06-22
3832,ST0451,F029,SUB012,1,1,1,2,1,1,Class was not engaging.,Negative,2025-05-18
3007,ST0700,F005,SUB003,2,1,2,1,1,1,Class was not engaging.,Negative,2025-06-10
3534,ST0032,F034,SUB009,1,2,1,1,2,1,Class was not engaging.,Negative,2025-04-09
4800,ST0101,F013,SUB024,2,1,1,2,2,2,Class was not engaging.,Negative,2025-09-29
2311,ST0135,F024,SUB018,1,1,1,2,2,1,Class was not engaging.,Negative,2025-11-28
635,ST0962,F020,SUB011,1,1,1,1,1,2,Class was not engaging.,Negative,2025-11-27
2271,ST0079,F026,SUB019,1,2,2,2,2,1,Class was not engaging.,Negative,2025-12-31
4377,ST0666,F024,SUB020,1,2,2,2,1,2,Class was not engaging.,Negative,2025-02-03
1441,ST0549,F005,SUB026,1,1,2,1,2,2,Class was not engaging.,Negative,2025-07-29
654,ST0391,F019,SUB026,2,1,2,1,1,2,Class was not engaging.,Negative,2025-12-17
4686,ST0566,F007,SUB018,1,2,1,1,2,2,Class was not engaging.,Negative,2025-12-20
3820,ST0915,F013,SUB029,1,1,2,2,2,1,Class was not engaging.,Negative,2025-01-17
4846,ST0847,F031,SUB008,2,2,1,2,2,2,Class was not engaging.,Negative,2025-01-14
2693,ST0904,F005,SUB020,1,2,1,2,1,2,Class was not engaging.,Negative,2025-02-12
2365,ST0579,F013,SUB005,1,1,2,2,2,2,Class was not engaging.,Negative,2025-07-20
2728,ST0672,F030,SUB026,2,1,1,2,1,2,Class was not engaging.,Negative,2025-11-28
4205,ST0412,F024,SUB012,1,2,1,2,2,1,Class was not engaging.,Negative,2025-03-31
4553,ST0813,F004,SUB013,2,2,1,1,2,2,Class was not engaging.,Negative,2025-09-29
1456,ST0282,F026,SUB005,1,2,2,1,1,2,Class was not engaging.,Negative,2025-03-09
2347,ST0256,F008,SUB004,1,1,2,2,1,2,Class was not engaging.,Negative,2025-07-23
3868,ST0478,F040,SUB016,2,1,1,2,2,1,Class was not engaging.,Negative,2025-01-16
1552,ST0747,F010,SUB022,2,2,2,1,1,1,Class was not engaging.,Negative,2025-06-16
777,ST0318,F035,SUB013,1,1,2,2,1,1,Class was not engaging.,Negative,2025-12-29
677,ST0642,F019,SUB004,1,2,1,2,1,1,Class was not engaging.,Negative,2025-03-18
2685,ST0728,F014,SUB016,2,1,2,2,1,1,Class was not engaging.,Negative,2025-09-23
1535,ST0546,F019,SUB004,2,1,1,2,2,2,Class was not engaging.,Negative,2025-06-07
2670,ST0120,F002,SUB017,1,1,2,1,1,2,Class was not engaging.,Negative,2025-12-14
3294,ST0242,F023,SUB029,1,2,2,1,1,2,Class was not engaging.,Negative,2025-04-12
4555,ST0275,F028,SUB018,2,1,2,2,2,1,Class was not engaging.,Negative,2025-07-15
1443,ST0753,F008,SUB002,1,1,2,1,1,2,Class was not engaging.,Negative,2025-10-09
2957,ST0129,F031,SUB010,2,2,2,2,2,2,Class was not engaging.,Negative,2025-11-21
1784,ST0202,F033,SUB011,1,2,1,2,2,1,Class was not engaging.,Negative,2025-12-08
3815,ST0994,F033,SUB009,2,2,2,1,2,2,Class was not engaging.,Negative,2025-07-11
1727,ST0593,F009,SUB004,2,2,1,2,1,1,Class was not engaging.,Negative,2025-05-07
1045,ST0360,F016,SUB019,1,2,2,2,2,2,Class was not engaging.,Negative,2025-03-16
4595,ST0638,F017,SUB014,1,2,2,2,2,1,Class was not engaging.,Negative,2025-07-26
1053,ST0313,F037,SUB011,2,1,2,1,2,2,Class was not engaging.,Negative,2025-05-20
1910,ST0349,F035,SUB013,2,1,2,2,1,2,Class was not engaging.,Negative,2025-02-13
1734,ST0085,F040,SUB001,2,2,1,1,2,2,Class was not engaging.,Negative,2025-07-08
4754,ST0828,F014,SUB029,1,1,2,1,1,2,Class was not engaging.,Negative,2025-12-02
3417,ST0378,F031,SUB024,2,1,1,1,1,2,Class was not engaging.,Negative,2025-01-31
3418,ST0493,F029,SUB004,2,2,2,1,2,1,Class was not engaging.,Negative,2025-10-28
1901,ST0013,F040,SUB030,2,1,2,1,1,1,Class was not engaging.,Negative,2025-05-28
2775,ST0039,F005,SUB025,1,1,1,2,2,2,Class was not engaging.,Negative,2025-12-06
2513,ST0703,F020,SUB025,1,2,1,2,1,2,Class was not engaging.,Negative,2025-06-17
4606,ST0136,F001,SUB017,2,2,2,2,1,2,Class was not engaging.,Negative,2025-07-13
2779,ST0584,F008,SUB001,2,2,1,1,1,1,Class was not engaging.,Negative,2025-07-10
1748,ST0313,F035,SUB022,1,2,1,1,1,2,Class was not engaging.,Negative,2025-10-26
3452,ST0553,F011,SUB019,2,2,2,1,1,2,Class was not engaging.,Negative,2025-01-01
4719,ST0200,F006,SUB019,2,1,2,2,2,2,Class was not engaging.,Negative,2025-06-02
1214,ST0212,F004,SUB010,1,2,1,2,1,1,Class was not engaging.,Negative,2025-08-18
1109,ST0494,F036,SUB026,1,1,2,1,1,1,Class was not engaging.,Negative,2025-12-27
3687,ST0409,F030,SUB006,2,1,1,2,2,2,Class was not engaging.,Negative,2025-03-29
4422,ST0225,F038,SUB013,1,1,2,1,2,1,Class was not engaging.,Negative,2025-03-09
1833,ST0440,F024,SUB018,2,2,1,2,2,2,Class was not engaging.,Negative,2025-05-10
3461,ST0959,F019,SUB011,1,1,1,1,1,1,Class was not engaging.,Negative,2025-03-02
1826,ST0846,F028,SUB001,1,2,1,1,2,1,Class was not engaging.,Negative,2025-09-17
3709,ST0452,F020,SUB008,1,1,1,2,2,1,Class was not engaging.,Negative,2025-02-19
3470,ST0048,F002,SUB006,1,2,1,2,1,2,Class was not engaging.,Negative,2025-07-27
2792,ST0215,F028,SUB005,1,1,1,1,2,2,Class was not engaging.,Negative,2025-04-29
1154,ST0001,F019,SUB002,1,1,1,2,1,1,Class was not engaging.,Negative,2025-11-15
4627,ST0463,F023,SUB002,2,2,1,2,1,2,Class was not engaging.,Negative,2025-12-02
2470,ST0239,F018,SUB004,1,1,2,1,2,1,Class was not engaging.,Negative,2025-01-02
3201,ST0475,F040,SUB004,1,1,1,2,1,1,Class was not engaging.,Negative,2025-12-30
1298,ST0289,F037,SUB026,1,2,2,2,1,2,Class was not engaging.,Negative,2025-07-22
3094,ST0655,F003,SUB023,1,2,2,1,1,1,Class was not engaging.,Negative,2025-05-12
4467,ST0017,F019,SUB006,2,2,2,1,1,2,Class was not engaging.,Negative,2025-11-17
2640,ST0002,F037,SUB029,2,2,1,1,1,2,Class was not engaging.,Negative,2025-04-03
3055,ST0647,F009,SUB003,1,1,1,1,1,2,Class was not engaging.,Negative,2025-12-10
3061,ST0340,F034,SUB009,1,1,2,2,2,1,Class was not engaging.,Negative,2025-01-03
4792,ST0081,F010,SUB025,2,1,2,2,1,1,Class was not engaging.,Negative,2025-05-07
1355,ST0612,F004,SUB011,2,2,2,2,2,2,Class was not engaging.,Negative,2025-01-04
2795,ST0270,F022,SUB012,1,2,1,1,2,1,Class was not engaging.,Negative,2025-12-23
4315,ST0248,F004,SUB001,1,1,1,1,1,1,Class was not engaging.,Negative,2025-11-18
1348,ST0569,F033,SUB004,1,1,2,1,2,2,Class was not engaging.,Negative,2025-10-22
2074,ST0028,F021,SUB009,2,2,2,1,1,2,Class was not engaging.,Negative,2025-05-09
3798,ST0240,F030,SUB024,2,2,2,2,2,1,Class was not engaging.,Negative,2025-07-26
2060,ST0783,F016,SUB027,1,2,2,1,1,1,Class was not engaging.,Negative,2025-03-11
2033,ST0860,F024,SUB017,2,2,1,2,2,1,Class was not engaging.,Negative,2025-09-03
3062,ST0437,F021,SUB020,1,2,2,2,2,1,Class was not engaging.,Negative,2025-05-18
4661,ST0933,F006,SUB014,2,2,2,1,1,1,Class was not engaging.,Negative,2025-04-10
2031,ST0891,F035,SUB002,1,2,1,1,1,1,Class was not engaging.,Negative,2025-12-30
3789,ST0138,F012,SUB013,1,1,2,2,1,1,Class was not engaging.,Negative,2025-11-01
3134,ST0652,F003,SUB028,1,2,1,1,2,1,Class was not engaging.,Negative,2025-01-21
3373,ST0425,F036,SUB015,1,1,1,2,2,1,Class was not engaging.,Negative,2025-02-01
4470,ST0513,F028,SUB013,2,1,2,2,1,1,Class was not engaging.,Negative,2025-10-28
3139,ST0199,F026,SUB002,1,1,2,1,1,2,Class was not engaging.,Negative,2025-12-31
2862,ST0253,F026,SUB015,2,2,2,2,1,1,Class was not engaging.,Negative,2025-08-24
4262,ST0632,F012,SUB001,2,2,2,1,2,2,Class was not engaging.,Negative,2025-05-08
2612,ST0510,F020,SUB005,1,2,1,1,1,1,Class was not engaging.,Negative,2025-12-17
3380,ST0359,F027,SUB010,2,1,1,2,2,1,Class was not engaging.,Negative,2025-10-18
1982,ST0378,F011,SUB027,2,2,2,1,1,2,Class was not engaging.,Negative,2025-11-16
3384,ST0846,F019,SUB007,1,1,1,2,2,2,Class was not engaging.,Negative,2025-07-18
3385,ST0830,F033,SUB014,2,2,2,2,1,1,Class was not engaging.,Negative,2025-02-16
4474,ST0253,F004,SUB020,2,1,2,1,1,2,Class was not engaging.,Negative,2025-12-10
3097,ST0480,F017,SUB001,1,2,1,1,1,2,Class was not engaging.,Negative,2025-01-04
2030,ST0031,F011,SUB010,2,1,2,2,2,2,Class was not engaging.,Negative,2025-08-25
4755,ST0918,F028,SUB012,2,1,2,2,2,1,Class was not engaging.,Negative,2025-09-11
3002,ST0176,F014,SUB007,1,2,2,1,2,1,Class was not engaging.,Negative,2025-05-07
3966,ST0786,F039,SUB029,2,1,1,2,1,1,Class was not engaging.,Negative,2025-09-17
589,ST0826,F038,SUB011,2,1,1,2,1,2,Class was not engaging.,Negative,2025-06-04
407,ST0917,F033,SUB005,2,1,2,2,2,2,Class was not engaging.,Negative,2025-01-03
33,ST0632,F035,SUB027,1,1,1,2,2,2,Class was not engaging.,Negative,2025-08-12
600,ST0255,F033,SUB028,1,2,1,1,1,1,Class was not engaging.,Negative,2025-05-19
193,ST0066,F013,SUB004,2,2,1,2,1,1,Class was not engaging.,Negative,2025-01-27
3929,ST0597,F012,SUB029,1,2,2,2,1,2,Class was not engaging.,Negative,2025-03-13
325,ST0813,F002,SUB021,1,1,2,1,2,2,Class was not engaging.,Negative,2025-08-18
4871,ST0369,F021,SUB018,2,2,1,2,2,1,Class was not engaging.,Negative,2025-10-05
388,ST0650,F003,SUB009,2,2,1,2,1,2,Class was not engaging.,Negative,2025-11-24
3972,ST0034,F017,SUB023,2,1,1,1,2,2,Class was not engaging.,Negative,2025-09-17
387,ST0155,F021,SUB004,1,1,1,2,1,2,Class was not engaging.,Negative,2025-06-22
4963,ST0589,F005,SUB005,1,1,2,2,2,1,Class was not engaging.,Negative,2025-08-26
175,ST0306,F033,SUB022,2,1,1,1,1,2,Class was not engaging.,Negative,2025-08-04
4032,ST0304,F014,SUB022,2,1,1,2,1,2,Class was not engaging.,Negative,2025-11-03
217,ST0116,F006,SUB017,1,2,1,1,1,2,Class was not engaging.,Negative,2025-08-18
119,ST0623,F012,SUB026,1,1,1,1,1,2,Class was not engaging.,Negative,2025-02-28
3968,ST0436,F038,SUB012,2,2,2,1,2,2,Class was not engaging.,Negative,2025-08-23
4090,ST0528,F006,SUB022,2,1,2,2,1,2,Class was not engaging.,Negative,2025-03-21
3947,ST0446,F028,SUB027,1,1,2,2,2,2,Class was not engaging.,Negative,2025-05-30
4977,ST0859,F028,SUB005,1,2,1,1,1,1,Class was not engaging.,Negative,2025-07-23
612,ST0792,F006,SUB006,2,2,1,1,1,1,Class was not engaging.,Negative,2025-10-19
241,ST0849,F036,SUB007,1,2,2,1,2,2,Class was not engaging.,Negative,2025-07-12
4998,ST0489,F010,SUB001,1,1,2,2,1,1,Class was not engaging.,Negative,2025-12-03
209,ST0324,F002,SUB001,2,1,2,1,1,2,Class was not engaging.,Negative,2025-02-27
4120,ST0245,F034,SUB008,1,2,2,2,2,2,Class was not engaging.,Negative,2025-11-18
4966,ST0711,F027,SUB003,1,2,2,1,2,2,Class was not engaging.,Negative,2025-07-30
4937,ST0162,F013,SUB004,2,1,2,1,2,2,Class was not engaging.,Negative,2025-11-26
4984,ST0033,F006,SUB012,2,1,2,1,1,2,Class was not engaging.,Negative,2025-06-24
364,ST0965,F040,SUB025,1,2,2,2,2,1,Class was not engaging.,Negative,2025-10-23
569,ST0790,F013,SUB017,2,1,1,2,2,1,Class was not engaging.,Negative,2025-12-09
3975,ST0757,F026,SUB023,1,2,1,2,1,2,Class was not engaging.,Negative,2025-07-13
4986,ST0693,F010,SUB029,2,1,2,2,2,2,Class was not engaging.,Negative,2025-08-12
62,ST0866,F002,SUB011,1,1,1,1,1,2,Class was not engaging.,Negative,2025-10-05
505,ST0808,F028,SUB029,1,2,1,2,1,1,Class was not engaging.,Negative,2025-02-12
2324,ST0808,F018,SUB026,3,3,3,4,3,4,Class was okay.,Neutral,2025-11-09
3131,ST0840,F001,SUB016,4,4,3,3,3,4,Class was okay.,Neutral,2025-08-07
4176,ST0897,F037,SUB030,4,3,4,4,3,3,Class was okay.,Neutral,2025-09-14
4971,ST0290,F001,SUB020,3,4,3,4,3,3,Class was okay.,Neutral,2025-06-27
4794,ST0016,F008,SUB011,3,3,3,3,4,4,Class was okay.,Neutral,2025-01-10
2639,ST0374,F025,SUB007,3,4,4,4,4,4,Class was okay.,Neutral,2025-09-29
1386,ST0064,F019,SUB027,4,4,4,4,4,4,Class was okay.,Neutral,2025-03-14
4757,ST0979,F029,SUB010,4,4,4,4,4,4,Class was okay.,Neutral,2025-02-01
3816,ST0787,F039,SUB019,3,4,3,3,4,3,Class was okay.,Neutral,2025-06-12
169,ST0210,F035,SUB022,4,4,3,3,4,3,Class was okay.,Neutral,2025-11-21
861,ST0072,F034,SUB005,3,4,4,3,4,4,Class was okay.,Neutral,2025-07-25
2634,ST0489,F040,SUB012,3,4,4,3,3,4,Class was okay.,Neutral,2025-05-30
3450,ST0483,F029,SUB006,3,4,3,4,3,3,Class was okay.,Neutral,2025-02-26
4570,ST0068,F013,SUB025,4,4,4,3,3,4,Class was okay.,Neutral,2025-07-29
167,ST0346,F033,SUB017,4,3,4,4,3,4,Class was okay.,Neutral,2025-12-02
866,ST0548,F012,SUB013,4,4,4,3,4,3,Class was okay.,Neutral,2025-11-21
4300,ST0674,F002,SUB021,3,4,4,3,3,3,Class was okay.,Neutral,2025-12-07
2621,ST0011,F019,SUB018,4,3,3,3,3,3,Class was okay.,Neutral,2025-02-23
4471,ST0851,F027,SUB011,4,3,4,3,4,4,Class was okay.,Neutral,2025-12-08
286,ST0902,F021,SUB026,4,4,3,3,4,3,Class was okay.,Neutral,2025-04-30
3821,ST0153,F008,SUB019,4,4,3,4,3,3,Class was okay.,Neutral,2025-11-01
165,ST0672,F021,SUB009,3,4,4,4,4,3,Class was okay.,Neutral,2025-06-12
616,ST0056,F028,SUB025,4,3,4,3,3,3,Class was okay.,Neutral,2025-07-10
3827,ST0475,F007,SUB021,3,3,3,4,4,4,Class was okay.,Neutral,2025-09-11
1217,ST0953,F014,SUB022,4,4,4,4,3,4,Class was okay.,Neutral,2025-09-02
311,ST0031,F036,SUB030,3,3,3,4,4,3,Class was okay.,Neutral,2025-10-29
3851,ST0544,F019,SUB004,4,3,3,4,3,3,Class was okay.,Neutral,2025-05-20
4168,ST0871,F035,SUB023,4,4,3,3,4,3,Class was okay.,Neutral,2025-10-08
2698,ST0589,F007,SUB018,3,4,4,4,3,4,Class was okay.,Neutral,2025-01-10
4172,ST0494,F028,SUB018,3,4,4,3,4,3,Class was okay.,Neutral,2025-07-09
85,ST0980,F007,SUB019,3,3,4,4,3,4,Class was okay.,Neutral,2025-11-28
4255,ST0287,F037,SUB001,3,3,3,3,3,3,Class was okay.,Neutral,2025-05-08
3684,ST0337,F021,SUB026,4,4,4,4,3,3,Class was okay.,Neutral,2025-05-23
1564,ST0688,F003,SUB011,4,3,3,4,3,4,Class was okay.,Neutral,2025-12-28
452,ST0326,F029,SUB022,4,4,3,3,4,3,Class was okay.,Neutral,2025-11-17
4438,ST0500,F007,SUB018,3,3,4,3,4,3,Class was okay.,Neutral,2025-01-19
790,ST0054,F016,SUB014,3,3,4,3,3,4,Class was okay.,Neutral,2025-03-31
4437,ST0599,F039,SUB020,3,3,4,4,3,3,Class was okay.,Neutral,2025-08-09
3116,ST0927,F005,SUB014,3,4,4,4,4,4,Class was okay.,Neutral,2025-04-08
1230,ST0875,F018,SUB007,3,3,4,3,4,4,Class was okay.,Neutral,2025-11-10
4749,ST0717,F020,SUB016,4,3,3,4,3,3,Class was okay.,Neutral,2025-12-18
1791,ST0715,F001,SUB010,4,3,3,3,4,3,Class was okay.,Neutral,2025-01-27
3125,ST0700,F013,SUB029,4,3,4,4,3,3,Class was okay.,Neutral,2025-04-02
235,ST0102,F031,SUB026,3,4,3,3,4,3,Class was okay.,Neutral,2025-10-24
1068,ST0614,F035,SUB012,3,4,4,3,3,3,Class was okay.,Neutral,2025-09-14
1226,ST0019,F024,SUB004,4,3,3,4,3,4,Class was okay.,Neutral,2025-02-15
3731,ST0959,F012,SUB029,4,4,3,3,4,3,Class was okay.,Neutral,2025-05-21
1401,ST0193,F025,SUB026,3,3,4,4,4,4,Class was okay.,Neutral,2025-07-29
4039,ST0894,F013,SUB011,3,4,3,4,3,3,Class was okay.,Neutral,2025-03-08
4620,ST0071,F001,SUB019,3,3,4,4,3,4,Class was okay.,Neutral,2025-04-25
2292,ST0779,F022,SUB007,3,4,3,3,4,3,Class was okay.,Neutral,2025-08-25
563,ST0215,F035,SUB015,3,3,3,3,4,3,Class was okay.,Neutral,2025-05-29
1803,ST0052,F019,SUB028,3,4,4,3,4,4,Class was okay.,Neutral,2025-07-29
4622,ST0704,F031,SUB027,4,3,3,4,4,3,Class was okay.,Neutral,2025-05-07
1220,ST0627,F024,SUB011,3,3,4,3,3,3,Class was okay.,Neutral,2025-06-04
2288,ST0158,F014,SUB010,3,4,4,3,3,4,Class was okay.,Neutral,2025-06-26
92,ST0226,F027,SUB022,4,3,4,4,4,4,Class was okay.,Neutral,2025-08-11
2603,ST0897,F020,SUB018,4,4,3,4,3,4,Class was okay.,Neutral,2025-12-02
3153,ST0418,F017,SUB027,3,3,4,3,4,4,Class was okay.,Neutral,2025-08-01
2082,ST0680,F022,SUB017,4,4,3,3,3,4,Class was okay.,Neutral,2025-03-03
2472,ST0524,F015,SUB024,3,3,4,4,3,4,Class was okay.,Neutral,2025-06-22
2405,ST0480,F006,SUB011,3,4,4,3,4,3,Class was okay.,Neutral,2025-09-09
3228,ST0794,F035,SUB020,3,4,4,3,3,4,Class was okay.,Neutral,2025-09-13
4962,ST0571,F012,SUB007,3,4,3,4,3,3,Class was okay.,Neutral,2025-05-31
2399,ST0345,F007,SUB015,3,3,4,4,4,3,Class was okay.,Neutral,2025-05-06
2390,ST0085,F016,SUB025,4,3,4,3,4,4,Class was okay.,Neutral,2025-11-02
149,ST0187,F002,SUB029,3,4,3,3,4,3,Class was okay.,Neutral,2025-01-07
2388,ST0970,F008,SUB011,4,3,4,3,3,4,Class was okay.,Neutral,2025-03-30
1007,ST0790,F018,SUB030,3,4,4,4,4,3,Class was okay.,Neutral,2025-08-31
4258,ST0477,F002,SUB029,4,3,4,4,4,4,Class was okay.,Neutral,2025-05-01
944,ST0241,F019,SUB005,3,3,3,4,3,3,Class was okay.,Neutral,2025-03-07
3395,ST0715,F037,SUB019,3,3,3,4,4,4,Class was okay.,Neutral,2025-08-24
2387,ST0729,F012,SUB025,3,4,4,4,3,4,Class was okay.,Neutral,2025-04-03
3191,ST0260,F020,SUB022,3,4,3,4,4,3,Class was okay.,Neutral,2025-09-10
4048,ST0182,F040,SUB024,4,3,3,3,3,4,Class was okay.,Neutral,2025-02-01
3226,ST0742,F009,SUB001,3,3,3,4,3,3,Class was okay.,Neutral,2025-09-01
527,ST0803,F040,SUB003,3,3,4,4,4,4,Class was okay.,Neutral,2025-03-11
4874,ST0088,F013,SUB012,3,4,3,3,3,3,Class was okay.,Neutral,2025-02-20
1995,ST0727,F033,SUB006,4,4,3,4,3,3,Class was okay.,Neutral,2025-06-25
3218,ST0402,F003,SUB007,3,4,4,3,4,4,Class was okay.,Neutral,2025-04-29
4517,ST0012,F025,SUB008,3,4,4,3,3,4,Class was okay.,Neutral,2025-05-17
3766,ST0757,F038,SUB030,4,4,4,4,4,4,Class was okay.,Neutral,2025-10-09
2020,ST0529,F027,SUB028,4,4,3,3,3,3,Class was okay.,Neutral,2025-07-01
4085,ST0880,F006,SUB030,3,4,3,3,3,4,Class was okay.,Neutral,2025-05-06
2436,ST0534,F024,SUB003,3,3,4,3,3,3,Class was okay.,Neutral,2025-08-23
518,ST0413,F011,SUB024,4,3,3,3,3,4,Class was okay.,Neutral,2025-07-20
1279,ST0704,F028,SUB003,4,3,3,3,4,4,Class was okay.,Neutral,2025-08-01
3769,ST0611,F002,SUB007,4,4,4,3,4,4,Class was okay.,Neutral,2025-09-01
1278,ST0819,F001,SUB009,3,3,3,4,3,3,Class was okay.,Neutral,2025-04-24
253,ST0243,F009,SUB025,4,4,4,3,3,4,Class was okay.,Neutral,2025-03-11
3988,ST0134,F035,SUB005,4,4,3,3,3,4,Class was okay.,Neutral,2025-05-30
1295,ST0340,F023,SUB026,3,4,3,4,4,4,Class was okay.,Neutral,2025-02-06
3207,ST0081,F030,SUB003,3,3,3,4,3,3,Class was okay.,Neutral,2025-08-02
1276,ST0129,F006,SUB006,4,3,3,3,4,4,Class was okay.,Neutral,2025-10-14
4505,ST0504,F015,SUB001,3,4,3,3,3,4,Class was okay.,Neutral,2025-01-02
3399,ST0269,F013,SUB027,4,3,4,4,4,4,Class was okay.,Neutral,2025-03-20
1268,ST0916,F006,SUB002,3,3,3,4,4,3,Class was okay.,Neutral,2025-09-29
2509,ST0577,F010,SUB028,3,4,3,4,4,4,Class was okay.,Neutral,2025-10-11
3748,ST0692,F035,SUB019,3,3,4,4,3,3,Class was okay.,Neutral,2025-05-11
3164,ST0989,F037,SUB028,3,4,3,4,4,3,Class was okay.,Neutral,2025-11-27
4714,ST0063,F020,SUB024,3,4,4,4,3,4,Class was okay.,Neutral,2025-03-08
279,ST0858,F012,SUB008,4,3,3,4,4,3,Class was okay.,Neutral,2025-02-19
4224,ST0098,F011,SUB023,4,4,3,4,3,4,Class was okay.,Neutral,2025-04-26
156,ST0198,F012,SUB003,4,3,4,4,4,4,Class was okay.,Neutral,2025-01-27
2564,ST0846,F015,SUB028,3,3,4,3,4,3,Class was okay.,Neutral,2025-08-28
3746,ST0869,F036,SUB016,3,3,3,3,3,3,Class was okay.,Neutral,2025-01-13
1889,ST0572,F017,SUB013,4,3,4,4,4,4,Class was okay.,Neutral,2025-02-06
3247,ST0970,F022,SUB014,4,4,4,4,4,3,Class was okay.,Neutral,2025-09-28
3998,ST0230,F021,SUB020,4,3,3,4,4,4,Class was okay.,Neutral,2025-10-01
4892,ST0677,F032,SUB003,4,3,4,3,4,3,Class was okay.,Neutral,2025-02-27
4576,ST0337,F025,SUB001,3,4,4,3,3,4,Class was okay.,Neutral,2025-08-20
3743,ST0628,F029,SUB004,3,4,4,3,4,3,Class was okay.,Neutral,2025-08-03
159,ST0145,F007,SUB006,4,3,3,4,3,3,Class was okay.,Neutral,2025-07-07
3364,ST0320,F011,SUB029,3,4,4,3,3,3,Class was okay.,Neutral,2025-12-13
3624,ST0209,F031,SUB024,4,3,4,4,4,3,Class was okay.,Neutral,2025-12-28
2043,ST0873,F022,SUB030,3,3,3,4,4,3,Class was okay.,Neutral,2025-06-17
1021,ST0889,F001,SUB009,3,3,3,4,4,3,Class was okay.,Neutral,2025-06-08
1941,ST0169,F028,SUB002,3,3,4,3,3,4,Class was okay.,Neutral,2025-03-23
3233,ST0215,F035,SUB001,3,4,4,3,4,3,Class was okay.,Neutral,2025-05-27
4782,ST0034,F032,SUB030,4,4,4,4,4,3,Class was okay.,Neutral,2025-05-21
1327,ST0871,F004,SUB007,4,4,3,3,3,4,Class was okay.,Neutral,2025-02-19
3633,ST0360,F017,SUB017,3,3,3,4,3,3,Class was okay.,Neutral,2025-01-30
4783,ST0668,F003,SUB004,4,4,4,3,3,4,Class was okay.,Neutral,2025-03-01
1015,ST0772,F025,SUB015,4,3,4,3,3,4,Class was okay.,Neutral,2025-11-17
1240,ST0981,F015,SUB008,3,3,4,4,4,3,Class was okay.,Neutral,2025-10-07
3179,ST0395,F040,SUB026,3,3,4,3,3,4,Class was okay.,Neutral,2025-03-19
920,ST0559,F019,SUB028,3,3,3,3,4,3,Class was okay.,Neutral,2025-10-18
4711,ST0996,F009,SUB020,4,4,3,4,3,3,Class was okay.,Neutral,2025-10-12
1334,ST0599,F031,SUB007,4,3,3,3,3,4,Class was okay.,Neutral,2025-09-29
917,ST0505,F019,SUB009,3,3,3,4,4,4,Class was okay.,Neutral,2025-09-09
3176,ST0830,F036,SUB005,4,4,3,4,4,4,Class was okay.,Neutral,2025-02-10
4927,ST0498,F037,SUB004,3,3,4,4,3,4,Class was okay.,Neutral,2025-01-30
4079,ST0543,F016,SUB026,4,4,3,4,3,4,Class was okay.,Neutral,2025-04-15
3666,ST0872,F022,SUB001,3,4,4,4,4,4,Class was okay.,Neutral,2025-03-23
4538,ST0355,F006,SUB006,4,3,3,3,3,4,Class was okay.,Neutral,2025-12-09
800,ST0532,F033,SUB015,3,4,3,4,4,4,Class was okay.,Neutral,2025-09-11
2847,ST0986,F010,SUB019,3,3,4,4,3,4,Class was okay.,Neutral,2025-11-26
708,ST0315,F006,SUB025,4,3,3,4,3,3,Class was okay.,Neutral,2025-05-06
3299,ST0105,F016,SUB020,4,3,3,4,4,4,Class was okay.,Neutral,2025-11-11
3025,ST0143,F024,SUB005,4,4,4,4,3,3,Class was okay.,Neutral,2025-01-17
2928,ST0014,F002,SUB012,4,4,3,4,4,4,Class was okay.,Neutral,2025-01-09
195,ST0991,F020,SUB001,3,3,3,4,4,4,Class was okay.,Neutral,2025-03-24
380,ST0122,F026,SUB017,3,3,3,3,4,4,Class was okay.,Neutral,2025-04-11
4241,ST0358,F022,SUB007,4,4,3,3,3,3,Class was okay.,Neutral,2025-12-18
3068,ST0568,F006,SUB030,4,4,3,3,3,4,Class was okay.,Neutral,2025-10-16
1534,ST0858,F010,SUB014,4,4,4,3,3,3,Class was okay.,Neutral,2025-02-25
1684,ST0006,F006,SUB008,4,4,4,3,3,4,Class was okay.,Neutral,2025-09-12
4408,ST0114,F019,SUB006,4,4,3,3,4,3,Class was okay.,Neutral,2025-05-29
4203,ST0762,F028,SUB007,3,3,4,3,4,4,Class was okay.,Neutral,2025-03-07
680,ST0326,F029,SUB003,4,3,4,3,4,3,Class was okay.,Neutral,2025-02-11
2897,ST0711,F007,SUB025,4,4,3,3,4,3,Class was okay.,Neutral,2025-02-16
1483,ST0058,F036,SUB024,3,4,3,3,4,4,Class was okay.,Neutral,2025-01-23
2224,ST0498,F031,SUB017,3,3,3,3,3,3,Class was okay.,Neutral,2025-12-26
34,ST0323,F032,SUB010,3,3,4,3,3,4,Class was okay.,Neutral,2025-05-22
586,ST0773,F030,SUB019,3,4,4,3,3,4,Class was okay.,Neutral,2025-09-13
2921,ST0735,F027,SUB017,4,3,3,4,4,3,Class was okay.,Neutral,2025-12-08
4287,ST0529,F021,SUB010,4,3,4,4,3,3,Class was okay.,Neutral,2025-09-11
4238,ST0101,F003,SUB014,3,3,3,3,3,4,Class was okay.,Neutral,2025-01-19
1605,ST0635,F028,SUB020,3,3,3,4,4,4,Class was okay.,Neutral,2025-07-08
2132,ST0020,F017,SUB008,3,3,3,3,3,4,Class was okay.,Neutral,2025-03-01
2958,ST0770,F040,SUB012,4,3,4,4,4,4,Class was okay.,Neutral,2025-12-04
470,ST0212,F037,SUB007,4,3,3,4,3,4,Class was okay.,Neutral,2025-01-19
3721,ST0703,F040,SUB027,3,4,3,3,4,4,Class was okay.,Neutral,2025-12-11
1641,ST0141,F031,SUB017,3,3,3,4,4,3,Class was okay.,Neutral,2025-05-31
2896,ST0680,F023,SUB014,3,3,3,3,4,4,Class was okay.,Neutral,2025-12-06
3500,ST0430,F040,SUB011,3,3,4,3,3,4,Class was okay.,Neutral,2025-05-25
649,ST0853,F031,SUB015,3,3,4,4,4,4,Class was okay.,Neutral,2025-10-14
197,ST0658,F030,SUB011,3,4,4,4,4,3,Class was okay.,Neutral,2025-12-06
1134,ST0972,F039,SUB017,3,3,3,3,3,4,Class was okay.,Neutral,2025-03-24
1624,ST0898,F026,SUB022,3,3,3,3,3,4,Class was okay.,Neutral,2025-11-14
2201,ST0928,F002,SUB024,3,3,3,3,4,4,Class was okay.,Neutral,2025-09-24
689,ST0312,F015,SUB017,3,4,3,4,4,4,Class was okay.,Neutral,2025-10-05
1649,ST0963,F016,SUB029,3,3,3,3,4,3,Class was okay.,Neutral,2025-11-11
3571,ST0570,F036,SUB014,3,4,3,4,4,4,Class was okay.,Neutral,2025-10-19
2203,ST0594,F030,SUB020,3,4,3,4,3,4,Class was okay.,Neutral,2025-09-29
2207,ST0400,F009,SUB025,3,3,4,3,4,4,Class was okay.,Neutral,2025-04-09
1626,ST0421,F023,SUB012,3,4,3,4,3,3,Class was okay.,Neutral,2025-01-26
4908,ST0369,F030,SUB002,3,3,4,4,4,3,Class was okay.,Neutral,2025-01-16
2938,ST0311,F012,SUB024,4,3,3,4,4,4,Class was okay.,Neutral,2025-10-25
1525,ST0148,F023,SUB003,3,3,4,4,3,3,Class was okay.,Neutral,2025-11-24
2213,ST0253,F027,SUB014,4,4,3,3,3,3,Class was okay.,Neutral,2025-02-06
657,ST0114,F022,SUB026,3,3,4,4,4,3,Class was okay.,Neutral,2025-07-25
3906,ST0261,F024,SUB017,4,4,3,3,4,4,Class was okay.,Neutral,2025-06-18
2892,ST0842,F005,SUB004,3,3,4,3,3,3,Class was okay.,Neutral,2025-05-02
2142,ST0463,F040,SUB020,4,4,4,4,3,3,Class was okay.,Neutral,2025-09-29
3301,ST0075,F007,SUB010,3,3,3,3,4,3,Class was okay.,Neutral,2025-07-14
4660,ST0035,F007,SUB007,3,4,4,4,3,3,Class was okay.,Neutral,2025-03-09
1663,ST0257,F010,SUB019,4,4,3,3,4,3,Class was okay.,Neutral,2025-07-26
682,ST0735,F038,SUB002,4,3,4,3,4,3,Class was okay.,Neutral,2025-01-10
1146,ST0301,F036,SUB026,4,4,4,3,3,3,Class was okay.,Neutral,2025-03-09
1531,ST0693,F010,SUB001,3,4,3,3,3,3,Class was okay.,Neutral,2025-12-27
3700,ST0143,F013,SUB006,4,4,3,3,4,3,Class was okay.,Neutral,2025-07-07
1673,ST0975,F025,SUB011,3,4,3,4,3,4,Class was okay.,Neutral,2025-07-16
705,ST0937,F025,SUB027,3,3,3,3,3,3,Class was okay.,Neutral,2025-03-30
349,ST0930,F023,SUB021,3,3,4,3,4,4,Class was okay.,Neutral,2025-06-04
3901,ST0750,F039,SUB004,4,3,3,3,4,4,Class was okay.,Neutral,2025-01-12
4237,ST0586,F014,SUB030,4,4,4,3,3,4,Class was okay.,Neutral,2025-11-27
1473,ST0064,F039,SUB003,3,4,3,4,3,4,Class was okay.,Neutral,2025-07-14
1694,ST0888,F032,SUB008,3,4,4,3,3,4,Class was okay.,Neutral,2025-08-01
672,ST0918,F037,SUB022,4,3,3,3,3,3,Class was okay.,Neutral,2025-11-04
1731,ST0175,F023,SUB013,3,3,4,4,4,3,Class was okay.,Neutral,2025-02-09
3866,ST0505,F027,SUB005,3,4,3,4,3,4,Class was okay.,Neutral,2025-03-20
670,ST0269,F013,SUB028,3,4,3,3,3,4,Class was okay.,Neutral,2025-03-27
455,ST0779,F016,SUB014,4,4,4,3,4,3,Class was okay.,Neutral,2025-10-26
3980,ST0546,F002,SUB019,4,3,3,3,4,3,Class was okay.,Neutral,2025-04-08
4022,ST0374,F017,SUB006,4,3,3,3,3,4,Class was okay.,Neutral,2025-10-22
4324,ST0942,F025,SUB005,4,4,4,3,4,3,Class was okay.,Neutral,2025-09-21
4818,ST0607,F014,SUB026,4,4,4,3,4,4,Class was okay.,Neutral,2025-04-03
4914,ST0542,F037,SUB011,4,3,4,4,3,3,Class was okay.,Neutral,2025-09-22
4378,ST0813,F016,SUB022,4,4,3,4,3,3,Class was okay.,Neutral,2025-07-09
4633,ST0942,F002,SUB012,4,3,3,4,3,4,Class was okay.,Neutral,2025-10-24
772,ST0451,F019,SUB013,3,3,3,4,3,4,Class was okay.,Neutral,2025-07-13
2245,ST0468,F011,SUB005,3,3,4,4,4,3,Class was okay.,Neutral,2025-05-08
2250,ST0701,F024,SUB028,3,3,3,4,4,4,Class was okay.,Neutral,2025-09-25
1742,ST0127,F038,SUB008,3,3,4,4,3,3,Class was okay.,Neutral,2025-11-17
622,ST0221,F007,SUB022,3,4,3,4,3,4,Class was okay.,Neutral,2025-11-15
4859,ST0725,F018,SUB029,4,4,4,3,3,4,Class was okay.,Neutral,2025-10-28
3325,ST0611,F013,SUB008,4,4,3,3,3,3,Class was okay.,Neutral,2025-01-26
1555,ST0210,F022,SUB014,3,3,3,3,3,4,Class was okay.,Neutral,2025-11-24
1744,ST0445,F020,SUB011,4,3,3,3,4,4,Class was okay.,Neutral,2025-06-05
186,ST0602,F028,SUB018,4,3,3,3,3,3,Class was okay.,Neutral,2025-09-25
1439,ST0175,F019,SUB003,3,4,4,3,3,3,Class was okay.,Neutral,2025-10-18
668,ST0046,F020,SUB003,3,3,4,4,3,4,Class was okay.,Neutral,2025-06-04
2742,ST0069,F018,SUB010,4,3,4,3,4,3,Class was okay.,Neutral,2025-06-26
4983,ST0474,F011,SUB024,3,3,4,4,4,4,Class was okay.,Neutral,2025-07-18
1160,ST0129,F016,SUB006,3,3,3,3,4,4,Class was okay.,Neutral,2025-10-13
4130,ST0382,F035,SUB029,4,3,3,4,3,4,Class was okay.,Neutral,2025-02-08
3296,ST0059,F036,SUB023,3,3,3,3,4,3,Class was okay.,Neutral,2025-02-17
2782,ST0516,F016,SUB022,3,4,3,3,4,4,Class was okay.,Neutral,2025-01-14
3923,ST0916,F024,SUB013,3,4,4,4,4,3,Class was okay.,Neutral,2025-11-24
1697,ST0474,F036,SUB030,3,4,3,3,3,3,Class was okay.,Neutral,2025-09-06
204,ST0131,F034,SUB007,4,3,4,3,4,3,Class was okay.,Neutral,2025-12-19
738,ST0849,F005,SUB029,4,3,4,3,3,4,Class was okay.,Neutral,2025-07-13
1640,ST0334,F028,SUB029,4,3,4,3,4,3,Class was okay.,Neutral,2025-12-04
2836,ST0058,F014,SUB002,3,3,4,3,4,4,Class was okay.,Neutral,2025-09-13
4158,ST0539,F004,SUB001,3,3,4,4,4,3,Class was okay.,Neutral,2025-10-24
1601,ST0425,F020,SUB012,4,3,3,4,4,4,Class was okay.,Neutral,2025-12-14
1542,ST0553,F026,SUB015,3,4,3,3,4,4,Class was okay.,Neutral,2025-07-10
4680,ST0657,F002,SUB020,4,3,3,4,3,4,Class was okay.,Neutral,2025-05-21
1699,ST0952,F005,SUB003,3,3,3,3,4,4,Class was okay.,Neutral,2025-09-22
4414,ST0684,F040,SUB007,4,3,3,3,3,3,Class was okay.,Neutral,2025-10-23
3496,ST0564,F035,SUB022,3,4,4,4,3,4,Class was okay.,Neutral,2025-11-14
4017,ST0667,F028,SUB026,3,3,4,4,3,3,Class was okay.,Neutral,2025-05-29
4035,ST0648,F028,SUB003,3,3,3,3,4,3,Class was okay.,Neutral,2025-12-22
4889,ST0360,F024,SUB001,3,3,4,4,4,4,Class was okay.,Neutral,2025-08-03
4209,ST0382,F019,SUB021,4,4,3,3,3,3,Class was okay.,Neutral,2025-06-13
3046,ST0174,F029,SUB018,4,3,3,3,4,3,Class was okay.,Neutral,2025-04-04
2978,ST0915,F037,SUB006,4,4,3,4,4,3,Class was okay.,Neutral,2025-10-04
3541,ST0611,F033,SUB020,4,4,3,3,3,4,Class was okay.,Neutral,2025-03-06
2183,ST0163,F012,SUB027,4,4,4,3,4,4,Class was okay.,Neutral,2025-07-14
2239,ST0659,F027,SUB028,4,4,4,3,3,4,Class was okay.,Neutral,2025-10-06
1574,ST0717,F032,SUB005,4,4,3,4,4,3,Class was okay.,Neutral,2025-01-17
1713,ST0485,F033,SUB022,4,3,3,3,3,4,Class was okay.,Neutral,2025-03-29
628,ST0198,F026,SUB015,3,4,4,3,4,4,Class was okay.,Neutral,2025-06-24
3335,ST0100,F003,SUB020,4,3,4,4,4,4,Class was okay.,Neutral,2025-11-20
2794,ST0142,F022,SUB023,4,3,3,4,3,3,Class was okay.,Neutral,2025-06-15
3489,ST0906,F004,SUB018,3,4,4,4,3,3,Class was okay.,Neutral,2025-11-28
4674,ST0409,F022,SUB002,4,3,3,3,4,3,Class was okay.,Neutral,2025-02-27
4064,ST0357,F010,SUB027,5,4,5,5,4,5,Concepts explained clearly.,Positive,2025-06-27
2154,ST0175,F028,SUB029,5,4,5,4,4,5,Concepts explained clearly.,Positive,2025-01-19
4243,ST0261,F016,SUB019,4,4,5,5,5,4,Concepts explained clearly.,Positive,2025-01-21
1269,ST0729,F002,SUB018,5,5,4,5,5,4,Concepts explained clearly.,Positive,2025-02-06
1166,ST0107,F001,SUB007,4,4,5,4,4,4,Concepts explained clearly.,Positive,2025-12-02
2028,ST0168,F033,SUB022,4,4,5,4,5,5,Concepts explained clearly.,Positive,2025-06-06
4252,ST0266,F036,SUB014,5,4,5,5,5,5,Concepts explained clearly.,Positive,2025-11-21
247,ST0032,F001,SUB011,4,5,4,5,5,4,Concepts explained clearly.,Positive,2025-08-31
1167,ST0744,F033,SUB029,5,5,4,5,4,4,Concepts explained clearly.,Positive,2025-11-29
1277,ST0293,F014,SUB022,4,4,5,5,4,5,Concepts explained clearly.,Positive,2025-08-14
1168,ST0022,F012,SUB006,4,5,5,4,4,4,Concepts explained clearly.,Positive,2025-09-21
2034,ST0694,F015,SUB007,5,5,4,4,4,5,Concepts explained clearly.,Positive,2025-12-29
1169,ST0253,F013,SUB014,4,5,4,5,5,5,Concepts explained clearly.,Positive,2025-11-25
2037,ST0632,F002,SUB009,5,5,5,5,4,4,Concepts explained clearly.,Positive,2025-10-18
1170,ST0654,F019,SUB005,4,5,4,4,5,4,Concepts explained clearly.,Positive,2025-05-01
4710,ST0061,F021,SUB024,4,5,4,5,5,5,Concepts explained clearly.,Positive,2025-11-10
2039,ST0558,F022,SUB016,5,4,5,4,5,4,Concepts explained clearly.,Positive,2025-05-18
2164,ST0204,F020,SUB004,4,5,5,5,5,4,Concepts explained clearly.,Positive,2025-11-10
3323,ST0673,F028,SUB015,4,5,4,5,5,5,Concepts explained clearly.,Positive,2025-11-08
463,ST0472,F007,SUB023,4,5,5,4,4,4,Concepts explained clearly.,Positive,2025-11-15
4581,ST0713,F020,SUB028,4,4,4,4,5,4,Concepts explained clearly.,Positive,2025-05-16
2061,ST0188,F005,SUB004,5,5,5,4,5,5,Concepts explained clearly.,Positive,2025-12-13
1180,ST0586,F003,SUB006,5,4,5,5,4,4,Concepts explained clearly.,Positive,2025-03-01
3346,ST0344,F009,SUB008,5,5,4,4,5,4,Concepts explained clearly.,Positive,2025-03-28
2095,ST0704,F036,SUB019,5,5,4,4,5,4,Concepts explained clearly.,Positive,2025-02-26
4717,ST0590,F019,SUB005,4,5,5,4,5,4,Concepts explained clearly.,Positive,2025-05-17
3986,ST0040,F013,SUB006,4,4,5,5,4,5,Concepts explained clearly.,Positive,2025-11-01
4726,ST0175,F039,SUB017,5,5,4,5,5,4,Concepts explained clearly.,Positive,2025-03-25
3345,ST0627,F019,SUB017,4,4,4,4,5,4,Concepts explained clearly.,Positive,2025-05-06
226,ST0155,F020,SUB006,5,5,4,4,4,5,Concepts explained clearly.,Positive,2025-10-27
2129,ST0467,F023,SUB030,5,4,4,5,5,5,Concepts explained clearly.,Positive,2025-11-17
1224,ST0363,F031,SUB013,4,4,5,5,4,4,Concepts explained clearly.,Positive,2025-08-07
2128,ST0198,F025,SUB008,5,5,4,4,4,4,Concepts explained clearly.,Positive,2025-02-01
1223,ST0794,F035,SUB001,4,4,4,4,5,5,Concepts explained clearly.,Positive,2025-10-11
1233,ST0101,F032,SUB008,4,4,5,5,5,4,Concepts explained clearly.,Positive,2025-09-27
2101,ST0256,F028,SUB029,4,4,4,4,4,4,Concepts explained clearly.,Positive,2025-11-25
2120,ST0250,F031,SUB028,5,4,5,4,5,4,Concepts explained clearly.,Positive,2025-03-05
3690,ST0736,F029,SUB017,5,5,4,5,5,5,Concepts explained clearly.,Positive,2025-07-20
2104,ST0943,F028,SUB017,5,4,4,4,5,5,Concepts explained clearly.,Positive,2025-07-22
1216,ST0396,F022,SUB011,5,5,4,4,5,5,Concepts explained clearly.,Positive,2025-10-09
3342,ST0784,F023,SUB004,4,4,4,5,4,5,Concepts explained clearly.,Positive,2025-04-09
3341,ST0837,F017,SUB017,4,4,4,5,4,4,Concepts explained clearly.,Positive,2025-10-03
230,ST0923,F029,SUB004,4,5,5,5,4,5,Concepts explained clearly.,Positive,2025-07-20
3340,ST0291,F003,SUB007,4,4,5,4,4,5,Concepts explained clearly.,Positive,2025-06-04
2112,ST0781,F023,SUB022,5,5,4,4,4,4,Concepts explained clearly.,Positive,2025-08-01
1208,ST0939,F001,SUB018,5,4,4,4,5,5,Concepts explained clearly.,Positive,2025-03-09
2114,ST0904,F014,SUB030,5,4,5,4,4,5,Concepts explained clearly.,Positive,2025-02-22
3681,ST0528,F021,SUB012,4,4,5,4,5,5,Concepts explained clearly.,Positive,2025-05-19
2153,ST0137,F005,SUB027,4,4,5,4,4,5,Concepts explained clearly.,Positive,2025-05-09
1193,ST0540,F026,SUB005,4,4,4,4,4,5,Concepts explained clearly.,Positive,2025-12-10
225,ST0160,F002,SUB016,5,5,4,5,4,5,Concepts explained clearly.,Positive,2025-11-15
2041,ST0418,F016,SUB029,4,4,5,5,4,4,Concepts explained clearly.,Positive,2025-03-08
442,ST0127,F014,SUB003,5,5,5,5,4,5,Concepts explained clearly.,Positive,2025-10-22
219,ST0874,F038,SUB027,5,4,5,4,5,5,Concepts explained clearly.,Positive,2025-12-31
1261,ST0965,F018,SUB007,5,4,5,5,4,5,Concepts explained clearly.,Positive,2025-05-15
220,ST0404,F020,SUB015,5,5,5,5,4,5,Concepts explained clearly.,Positive,2025-09-23
3361,ST0854,F011,SUB005,5,4,4,4,5,4,Concepts explained clearly.,Positive,2025-10-09
2052,ST0303,F004,SUB030,5,4,5,4,5,4,Concepts explained clearly.,Positive,2025-08-22
2054,ST0648,F036,SUB018,5,5,5,5,5,5,Concepts explained clearly.,Positive,2025-06-20
3696,ST0955,F015,SUB001,5,4,5,4,5,5,Concepts explained clearly.,Positive,2025-04-28
2139,ST0349,F021,SUB006,5,4,5,4,4,5,Concepts explained clearly.,Positive,2025-08-20
4578,ST0221,F010,SUB015,5,5,4,4,5,4,Concepts explained clearly.,Positive,2025-11-01
236,ST0694,F007,SUB011,5,5,4,5,4,4,Concepts explained clearly.,Positive,2025-11-29
4063,ST0352,F017,SUB030,4,4,4,5,4,4,Concepts explained clearly.,Positive,2025-03-21
2062,ST0785,F024,SUB008,4,4,5,4,4,4,Concepts explained clearly.,Positive,2025-11-30
2069,ST0679,F009,SUB017,4,4,5,5,4,5,Concepts explained clearly.,Positive,2025-02-18
2078,ST0702,F015,SUB025,4,4,4,5,4,5,Concepts explained clearly.,Positive,2025-04-30
1243,ST0460,F018,SUB013,4,4,5,5,4,5,Concepts explained clearly.,Positive,2025-08-04
3676,ST0559,F023,SUB001,5,5,5,4,4,5,Concepts explained clearly.,Positive,2025-07-17
4728,ST0896,F014,SUB014,5,5,4,5,5,4,Concepts explained clearly.,Positive,2025-10-02
446,ST0564,F033,SUB012,4,5,5,5,5,4,Concepts explained clearly.,Positive,2025-06-10
3352,ST0153,F018,SUB009,4,4,4,5,4,5,Concepts explained clearly.,Positive,2025-10-18
2087,ST0830,F024,SUB011,4,5,5,4,4,4,Concepts explained clearly.,Positive,2025-05-28
2089,ST0739,F015,SUB006,5,4,4,5,4,4,Concepts explained clearly.,Positive,2025-09-22
1190,ST0814,F025,SUB026,4,5,4,5,5,4,Concepts explained clearly.,Positive,2025-03-01
1205,ST0746,F030,SUB002,4,4,4,5,5,4,Concepts explained clearly.,Positive,2025-11-14
1283,ST0184,F018,SUB023,4,4,4,4,5,5,Concepts explained clearly.,Positive,2025-11-23
1887,ST0854,F007,SUB024,5,5,5,4,5,5,Concepts explained clearly.,Positive,2025-11-27
3369,ST0792,F037,SUB007,5,4,5,4,5,4,Concepts explained clearly.,Positive,2025-05-17
1741,ST0237,F024,SUB020,4,4,5,5,5,5,Concepts explained clearly.,Positive,2025-07-20
4632,ST0593,F019,SUB021,5,4,4,5,5,4,Concepts explained clearly.,Positive,2025-05-21
1735,ST0935,F018,SUB030,5,4,5,4,5,4,Concepts explained clearly.,Positive,2025-07-22
394,ST0077,F016,SUB024,5,5,4,4,4,5,Concepts explained clearly.,Positive,2025-11-07
4007,ST0324,F011,SUB014,4,4,5,4,4,4,Concepts explained clearly.,Positive,2025-05-31
1722,ST0589,F020,SUB017,4,4,4,4,4,5,Concepts explained clearly.,Positive,2025-06-01
1717,ST0921,F018,SUB018,4,5,4,4,5,4,Concepts explained clearly.,Positive,2025-02-07
1708,ST0431,F040,SUB001,4,5,4,4,4,5,Concepts explained clearly.,Positive,2025-12-23
4273,ST0067,F028,SUB015,5,4,5,5,4,4,Concepts explained clearly.,Positive,2025-11-15
4912,ST0006,F024,SUB025,4,5,4,5,4,5,Concepts explained clearly.,Positive,2025-02-01
385,ST0200,F023,SUB006,5,5,4,4,5,4,Concepts explained clearly.,Positive,2025-10-28
1702,ST0138,F029,SUB016,4,4,5,5,5,5,Concepts explained clearly.,Positive,2025-02-23
383,ST0080,F027,SUB030,5,5,4,4,4,5,Concepts explained clearly.,Positive,2025-01-09
4012,ST0887,F011,SUB005,5,5,4,5,5,5,Concepts explained clearly.,Positive,2025-02-14
1476,ST0605,F027,SUB003,4,5,4,4,5,4,Concepts explained clearly.,Positive,2025-11-12
3502,ST0407,F011,SUB001,5,5,4,4,4,4,Concepts explained clearly.,Positive,2025-03-08
1478,ST0062,F037,SUB001,5,4,4,4,4,5,Concepts explained clearly.,Positive,2025-10-20
1479,ST0379,F039,SUB013,5,4,4,4,5,5,Concepts explained clearly.,Positive,2025-05-09
4911,ST0197,F040,SUB004,5,4,4,4,5,5,Concepts explained clearly.,Positive,2025-10-18
1687,ST0487,F028,SUB030,4,5,5,5,5,5,Concepts explained clearly.,Positive,2025-12-11
3593,ST0275,F034,SUB003,5,5,5,5,5,4,Concepts explained clearly.,Positive,2025-07-03
4688,ST0258,F020,SUB005,5,4,5,4,4,5,Concepts explained clearly.,Positive,2025-01-13
3468,ST0983,F003,SUB029,5,5,4,5,5,5,Concepts explained clearly.,Positive,2025-12-17
3605,ST0401,F001,SUB011,5,5,4,4,4,4,Concepts explained clearly.,Positive,2025-04-25
4625,ST0916,F005,SUB028,5,5,4,4,5,4,Concepts explained clearly.,Positive,2025-02-11
1415,ST0269,F029,SUB017,4,5,4,5,5,5,Concepts explained clearly.,Positive,2025-08-11
4918,ST0315,F015,SUB006,4,5,5,4,5,4,Concepts explained clearly.,Positive,2025-12-19
1417,ST0189,F003,SUB001,4,5,5,5,4,4,Concepts explained clearly.,Positive,2025-01-19
1783,ST0012,F027,SUB026,5,4,4,4,4,4,Concepts explained clearly.,Positive,2025-10-15
310,ST0104,F001,SUB001,4,5,4,4,5,5,Concepts explained clearly.,Positive,2025-12-09
4629,ST0298,F015,SUB023,5,5,4,5,4,4,Concepts explained clearly.,Positive,2025-04-24
1776,ST0687,F007,SUB028,5,4,4,5,4,4,Concepts explained clearly.,Positive,2025-08-13
1774,ST0615,F037,SUB012,5,5,4,4,5,4,Concepts explained clearly.,Positive,2025-01-08
1425,ST0966,F014,SUB004,4,4,5,5,5,5,Concepts explained clearly.,Positive,2025-09-06
3595,ST0958,F024,SUB015,4,4,4,5,4,4,Concepts explained clearly.,Positive,2025-01-29
1769,ST0452,F004,SUB028,4,5,5,4,5,5,Concepts explained clearly.,Positive,2025-06-11
3481,ST0023,F008,SUB010,5,5,4,5,5,4,Concepts explained clearly.,Positive,2025-03-08
1759,ST0773,F011,SUB013,4,4,4,4,4,4,Concepts explained clearly.,Positive,2025-09-10
316,ST0253,F014,SUB025,4,5,4,5,4,4,Concepts explained clearly.,Positive,2025-05-28
4006,ST0754,F024,SUB008,5,5,5,4,5,4,Concepts explained clearly.,Positive,2025-03-07
4899,ST0411,F029,SUB001,4,4,5,5,5,5,Concepts explained clearly.,Positive,2025-11-29
1817,ST0259,F013,SUB001,5,5,5,4,4,4,Concepts explained clearly.,Positive,2025-04-16
1686,ST0441,F017,SUB019,4,4,5,4,4,4,Concepts explained clearly.,Positive,2025-07-15
3512,ST0202,F023,SUB030,5,5,4,5,4,5,Concepts explained clearly.,Positive,2025-06-01
3523,ST0377,F036,SUB021,5,5,4,4,5,5,Concepts explained clearly.,Positive,2025-06-09
1527,ST0439,F014,SUB009,5,4,5,5,5,5,Concepts explained clearly.,Positive,2025-02-03
346,ST0824,F013,SUB001,5,5,4,4,4,4,Concepts explained clearly.,Positive,2025-03-30
1614,ST0318,F021,SUB030,5,4,5,4,5,4,Concepts explained clearly.,Positive,2025-02-18
1532,ST0372,F021,SUB024,4,4,5,5,4,4,Concepts explained clearly.,Positive,2025-06-01
4904,ST0261,F004,SUB020,4,5,5,4,4,4,Concepts explained clearly.,Positive,2025-04-04
1536,ST0373,F027,SUB009,4,4,4,4,4,4,Concepts explained clearly.,Positive,2025-05-29
3564,ST0347,F027,SUB002,4,5,4,5,4,4,Concepts explained clearly.,Positive,2025-04-20
1627,ST0572,F029,SUB014,4,4,5,4,4,5,Concepts explained clearly.,Positive,2025-05-20
1539,ST0215,F004,SUB023,5,4,5,4,5,4,Concepts explained clearly.,Positive,2025-10-16
1597,ST0296,F024,SUB015,4,5,5,5,4,5,Concepts explained clearly.,Positive,2025-12-25
353,ST0723,F011,SUB026,4,4,4,5,5,4,Concepts explained clearly.,Positive,2025-10-21
1589,ST0965,F009,SUB007,5,4,5,4,5,5,Concepts explained clearly.,Positive,2025-11-07
357,ST0261,F040,SUB018,4,4,4,4,4,4,Concepts explained clearly.,Positive,2025-08-23
362,ST0249,F006,SUB021,5,4,4,4,4,4,Concepts explained clearly.,Positive,2025-12-30
3548,ST0030,F010,SUB006,5,5,5,4,4,4,Concepts explained clearly.,Positive,2025-04-10
3555,ST0715,F001,SUB013,5,5,4,5,5,4,Concepts explained clearly.,Positive,2025-01-12
1566,ST0336,F006,SUB004,5,5,4,5,4,4,Concepts explained clearly.,Positive,2025-01-14
3529,ST0861,F016,SUB018,4,5,5,4,4,5,Concepts explained clearly.,Positive,2025-11-29
1683,ST0235,F027,SUB009,4,5,5,4,4,5,Concepts explained clearly.,Positive,2025-12-03
343,ST0621,F007,SUB013,4,4,5,5,5,4,Concepts explained clearly.,Positive,2025-09-20
1633,ST0837,F034,SUB017,5,5,4,4,5,5,Concepts explained clearly.,Positive,2025-07-26
4650,ST0686,F022,SUB002,5,5,4,4,5,4,Concepts explained clearly.,Positive,2025-03-25
1491,ST0450,F032,SUB017,5,4,5,5,5,5,Concepts explained clearly.,Positive,2025-05-03
4182,ST0371,F010,SUB021,5,4,4,5,5,4,Concepts explained clearly.,Positive,2025-12-01
4031,ST0059,F021,SUB023,5,5,5,4,5,5,Concepts explained clearly.,Positive,2025-12-04
1496,ST0966,F005,SUB015,5,4,5,4,5,4,Concepts explained clearly.,Positive,2025-08-05
1497,ST0259,F005,SUB030,4,4,5,5,4,5,Concepts explained clearly.,Positive,2025-06-21
1661,ST0095,F015,SUB008,4,5,5,5,5,5,Concepts explained clearly.,Positive,2025-08-25
1657,ST0323,F007,SUB026,4,4,4,4,4,5,Concepts explained clearly.,Positive,2025-02-05
1631,ST0673,F022,SUB004,5,4,4,4,5,4,Concepts explained clearly.,Positive,2025-10-19
1655,ST0640,F030,SUB001,5,5,4,5,4,5,Concepts explained clearly.,Positive,2025-04-05
1650,ST0762,F033,SUB001,4,5,4,4,5,5,Concepts explained clearly.,Positive,2025-03-03
1505,ST0270,F016,SUB014,4,4,4,5,4,5,Concepts explained clearly.,Positive,2025-12-30
340,ST0271,F036,SUB020,5,5,5,5,5,5,Concepts explained clearly.,Positive,2025-11-29
4029,ST0561,F005,SUB014,5,4,4,5,5,4,Concepts explained clearly.,Positive,2025-12-12
1510,ST0447,F017,SUB007,4,5,5,4,5,4,Concepts explained clearly.,Positive,2025-08-01
1512,ST0619,F040,SUB001,4,4,4,4,4,5,Concepts explained clearly.,Positive,2025-03-02
4673,ST0339,F005,SUB006,5,4,4,5,4,5,Concepts explained clearly.,Positive,2025-11-25
1517,ST0912,F030,SUB019,4,4,5,4,4,4,Concepts explained clearly.,Positive,2025-02-23
1503,ST0619,F010,SUB026,5,5,5,4,4,5,Concepts explained clearly.,Positive,2025-06-12
1818,ST0756,F011,SUB003,5,5,5,5,4,5,Concepts explained clearly.,Positive,2025-09-04
410,ST0681,F037,SUB010,5,4,5,5,4,4,Concepts explained clearly.,Positive,2025-02-09
412,ST0059,F013,SUB012,4,5,4,4,4,5,Concepts explained clearly.,Positive,2025-02-03
1947,ST0755,F019,SUB013,5,4,5,4,5,4,Concepts explained clearly.,Positive,2025-12-22
4306,ST0312,F016,SUB026,4,4,4,4,4,4,Concepts explained clearly.,Positive,2025-03-03
1935,ST0758,F013,SUB003,4,4,4,5,4,5,Concepts explained clearly.,Positive,2025-05-19
1325,ST0995,F028,SUB005,5,5,5,5,5,4,Concepts explained clearly.,Positive,2025-11-21
430,ST0458,F003,SUB012,5,5,5,4,4,5,Concepts explained clearly.,Positive,2025-01-07
4592,ST0644,F016,SUB019,4,4,4,4,4,4,Concepts explained clearly.,Positive,2025-03-02
4047,ST0645,F023,SUB011,4,5,4,4,4,5,Concepts explained clearly.,Positive,2025-01-05
3630,ST0194,F018,SUB012,5,4,5,4,5,5,Concepts explained clearly.,Positive,2025-07-01
266,ST0337,F027,SUB009,5,4,5,5,5,5,Concepts explained clearly.,Positive,2025-09-02
4598,ST0348,F034,SUB010,4,5,5,4,5,4,Concepts explained clearly.,Positive,2025-12-04
1920,ST0444,F019,SUB007,5,5,5,4,5,5,Concepts explained clearly.,Positive,2025-01-19
1915,ST0702,F009,SUB007,4,5,4,5,4,5,Concepts explained clearly.,Positive,2025-04-27
3413,ST0884,F011,SUB029,4,5,4,4,4,4,Concepts explained clearly.,Positive,2025-07-16
277,ST0734,F027,SUB027,5,5,4,4,4,4,Concepts explained clearly.,Positive,2025-05-02
1343,ST0637,F038,SUB006,4,4,4,4,4,4,Concepts explained clearly.,Positive,2025-10-30
278,ST0236,F005,SUB010,4,5,5,5,4,4,Concepts explained clearly.,Positive,2025-11-12
1345,ST0696,F001,SUB013,5,4,5,4,5,5,Concepts explained clearly.,Positive,2025-05-29
3420,ST0752,F024,SUB007,4,4,4,5,5,5,Concepts explained clearly.,Positive,2025-03-04
4266,ST0142,F007,SUB001,5,4,5,4,4,5,Concepts explained clearly.,Positive,2025-03-20
1898,ST0088,F026,SUB020,4,4,4,5,5,5,Concepts explained clearly.,Positive,2025-09-04
1956,ST0672,F032,SUB008,4,5,5,5,4,4,Concepts explained clearly.,Positive,2025-12-13
1312,ST0568,F029,SUB002,5,5,4,4,4,5,Concepts explained clearly.,Positive,2025-04-02
4058,ST0325,F027,SUB025,4,5,5,5,5,5,Concepts explained clearly.,Positive,2025-06-17
4256,ST0957,F032,SUB018,5,4,4,5,5,4,Concepts explained clearly.,Positive,2025-10-01
4310,ST0254,F026,SUB003,4,4,4,4,5,4,Concepts explained clearly.,Positive,2025-01-15
3376,ST0276,F020,SUB021,4,4,4,5,5,4,Concepts explained clearly.,Positive,2025-10-04
2011,ST0692,F001,SUB005,5,4,4,4,4,4,Concepts explained clearly.,Positive,2025-05-08
3647,ST0581,F030,SUB001,5,5,5,4,5,4,Concepts explained clearly.,Positive,2025-02-18
4309,ST0085,F027,SUB025,4,5,4,4,5,5,Concepts explained clearly.,Positive,2025-08-01
3378,ST0880,F020,SUB013,4,4,4,5,5,5,Concepts explained clearly.,Positive,2025-02-18
1963,ST0713,F001,SUB014,4,5,4,4,4,4,Concepts explained clearly.,Positive,2025-03-30
4052,ST0553,F032,SUB023,4,4,4,4,5,4,Concepts explained clearly.,Positive,2025-10-21
4257,ST0484,F030,SUB023,4,4,5,4,4,5,Concepts explained clearly.,Positive,2025-07-19
1983,ST0495,F014,SUB001,5,5,5,4,5,4,Concepts explained clearly.,Positive,2025-09-17
3383,ST0098,F001,SUB006,5,4,4,4,4,5,Concepts explained clearly.,Positive,2025-01-09
4189,ST0349,F015,SUB009,5,4,4,5,5,5,Concepts explained clearly.,Positive,2025-03-19
1979,ST0663,F008,SUB020,4,4,5,5,5,5,Concepts explained clearly.,Positive,2025-07-09
4051,ST0430,F019,SUB011,4,4,4,5,5,4,Concepts explained clearly.,Positive,2025-04-07
3387,ST0097,F036,SUB023,4,5,5,4,5,5,Concepts explained clearly.,Positive,2025-12-01
1972,ST0130,F018,SUB016,5,5,4,5,5,4,Concepts explained clearly.,Positive,2025-09-22
3382,ST0167,F028,SUB024,4,5,5,4,4,5,Concepts explained clearly.,Positive,2025-02-13
424,ST0044,F001,SUB010,5,5,4,5,4,5,Concepts explained clearly.,Positive,2025-01-22
4044,ST0158,F035,SUB023,5,5,4,4,4,4,Concepts explained clearly.,Positive,2025-09-22
3424,ST0179,F039,SUB004,4,4,5,4,4,4,Concepts explained clearly.,Positive,2025-09-11
1378,ST0406,F012,SUB018,4,5,5,4,4,4,Concepts explained clearly.,Positive,2025-08-12
287,ST0617,F007,SUB029,4,5,4,5,5,5,Concepts explained clearly.,Positive,2025-10-29
1381,ST0647,F015,SUB030,4,5,4,5,5,4,Concepts explained clearly.,Positive,2025-05-29
1383,ST0791,F039,SUB015,4,4,4,4,5,5,Concepts explained clearly.,Positive,2025-06-18
3451,ST0069,F036,SUB003,4,5,5,5,4,5,Concepts explained clearly.,Positive,2025-07-25
418,ST0482,F003,SUB013,5,4,5,5,4,5,Concepts explained clearly.,Positive,2025-05-29
290,ST0425,F021,SUB023,5,5,5,5,5,5,Concepts explained clearly.,Positive,2025-01-20
3455,ST0916,F003,SUB014,5,4,4,4,4,4,Concepts explained clearly.,Positive,2025-04-06
1865,ST0897,F010,SUB003,4,5,4,5,5,4,Concepts explained clearly.,Positive,2025-05-02
1845,ST0332,F013,SUB027,4,5,5,4,4,5,Concepts explained clearly.,Positive,2025-03-23
1392,ST0805,F007,SUB013,4,4,5,5,5,4,Concepts explained clearly.,Positive,2025-07-19
3610,ST0245,F006,SUB018,4,5,5,4,4,5,Concepts explained clearly.,Positive,2025-10-13
296,ST0210,F025,SUB011,5,4,5,4,4,4,Concepts explained clearly.,Positive,2025-07-05
4921,ST0941,F018,SUB025,4,4,5,5,4,4,Concepts explained clearly.,Positive,2025-11-09
298,ST0972,F007,SUB025,4,5,4,5,5,4,Concepts explained clearly.,Positive,2025-08-25
4000,ST0874,F037,SUB021,5,5,5,5,4,5,Concepts explained clearly.,Positive,2025-10-17
1828,ST0941,F007,SUB004,5,5,5,4,4,5,Concepts explained clearly.,Positive,2025-02-22
4919,ST0156,F010,SUB010,4,4,4,5,4,5,Concepts explained clearly.,Positive,2025-12-29
4292,ST0355,F022,SUB002,4,5,5,5,4,4,Concepts explained clearly.,Positive,2025-03-09
1867,ST0462,F040,SUB025,4,4,4,5,4,5,Concepts explained clearly.,Positive,2025-10-12
1869,ST0879,F014,SUB006,5,4,5,4,5,5,Concepts explained clearly.,Positive,2025-04-11
1374,ST0088,F004,SUB003,5,4,5,4,5,5,Concepts explained clearly.,Positive,2025-08-28
3426,ST0763,F015,SUB012,4,4,5,5,5,5,Concepts explained clearly.,Positive,2025-03-24
1888,ST0547,F032,SUB009,4,4,5,4,5,5,Concepts explained clearly.,Positive,2025-03-14
1165,ST0801,F018,SUB014,5,5,4,5,5,5,Concepts explained clearly.,Positive,2025-03-20
3427,ST0146,F038,SUB006,5,4,4,5,5,5,Concepts explained clearly.,Positive,2025-05-24
4699,ST0569,F009,SUB003,5,4,5,5,4,5,Concepts explained clearly.,Positive,2025-06-21
3619,ST0103,F020,SUB028,4,5,4,5,5,5,Concepts explained clearly.,Positive,2025-01-03
1360,ST0477,F025,SUB018,4,5,4,4,5,4,Concepts explained clearly.,Positive,2025-08-24
3431,ST0687,F014,SUB020,4,5,5,5,4,4,Concepts explained clearly.,Positive,2025-11-29
1881,ST0849,F012,SUB020,4,5,4,5,5,4,Concepts explained clearly.,Positive,2025-02-20
1879,ST0105,F021,SUB010,5,4,5,4,5,5,Concepts explained clearly.,Positive,2025-11-17
3433,ST0865,F037,SUB011,4,4,4,5,5,5,Concepts explained clearly.,Positive,2025-01-26
1877,ST0767,F035,SUB025,5,4,4,4,5,5,Concepts explained clearly.,Positive,2025-04-04
421,ST0737,F010,SUB019,4,5,4,5,5,5,Concepts explained clearly.,Positive,2025-03-01
1875,ST0681,F007,SUB021,4,5,4,5,4,4,Concepts explained clearly.,Positive,2025-06-05
3435,ST0045,F026,SUB019,5,4,5,4,4,5,Concepts explained clearly.,Positive,2025-09-25
1369,ST0341,F031,SUB011,5,5,4,4,5,5,Concepts explained clearly.,Positive,2025-01-16
1370,ST0094,F032,SUB016,5,4,4,4,5,4,Concepts explained clearly.,Positive,2025-03-16
4895,ST0441,F016,SUB029,4,5,4,4,5,5,Concepts explained clearly.,Positive,2025-07-26
3436,ST0141,F011,SUB019,5,5,4,5,5,4,Concepts explained clearly.,Positive,2025-09-01
2024,ST0586,F004,SUB007,4,4,4,4,4,4,Concepts explained clearly.,Positive,2025-09-29
212,ST0215,F021,SUB028,5,5,5,4,5,5,Concepts explained clearly.,Positive,2025-12-17
1088,ST0041,F030,SUB021,4,4,4,5,5,4,Concepts explained clearly.,Positive,2025-03-18
2170,ST0211,F026,SUB013,5,5,4,4,4,5,Concepts explained clearly.,Positive,2025-04-23
3849,ST0234,F039,SUB010,4,5,5,5,4,5,Concepts explained clearly.,Positive,2025-06-24
3848,ST0703,F002,SUB019,4,4,5,5,5,5,Concepts explained clearly.,Positive,2025-06-01
3847,ST0099,F037,SUB003,4,5,4,4,5,4,Concepts explained clearly.,Positive,2025-02-19
3119,ST0340,F032,SUB019,4,5,4,4,4,4,Concepts explained clearly.,Positive,2025-02-19
2683,ST0825,F032,SUB027,4,5,5,4,4,5,Concepts explained clearly.,Positive,2025-05-10
2675,ST0225,F034,SUB028,5,4,5,5,4,5,Concepts explained clearly.,Positive,2025-11-29
2669,ST0895,F033,SUB016,4,5,4,4,4,4,Concepts explained clearly.,Positive,2025-06-19
2665,ST0846,F030,SUB001,4,5,5,5,5,5,Concepts explained clearly.,Positive,2025-07-12
3118,ST0129,F010,SUB008,5,5,4,4,5,5,Concepts explained clearly.,Positive,2025-03-09
4807,ST0259,F001,SUB015,4,4,4,5,5,4,Concepts explained clearly.,Positive,2025-06-28
820,ST0607,F018,SUB030,5,4,5,5,4,4,Concepts explained clearly.,Positive,2025-03-01
90,ST0192,F021,SUB020,5,5,4,5,4,5,Concepts explained clearly.,Positive,2025-04-25
3840,ST0611,F008,SUB012,5,4,5,4,5,4,Concepts explained clearly.,Positive,2025-08-01
562,ST0096,F023,SUB017,4,4,5,4,4,5,Concepts explained clearly.,Positive,2025-09-29
4804,ST0090,F013,SUB009,4,4,4,5,5,5,Concepts explained clearly.,Positive,2025-04-22
4803,ST0480,F004,SUB004,5,5,4,5,5,5,Concepts explained clearly.,Positive,2025-03-24
561,ST0902,F030,SUB030,4,4,4,5,5,5,Concepts explained clearly.,Positive,2025-08-23
4461,ST0233,F014,SUB019,5,4,4,5,4,4,Concepts explained clearly.,Positive,2025-07-07
4861,ST0487,F040,SUB011,4,4,5,4,4,5,Concepts explained clearly.,Positive,2025-02-22
3850,ST0049,F021,SUB030,4,4,5,5,5,5,Concepts explained clearly.,Positive,2025-11-30
2691,ST0991,F007,SUB014,4,4,5,4,4,5,Concepts explained clearly.,Positive,2025-03-05
2699,ST0880,F006,SUB001,4,4,5,5,4,4,Concepts explained clearly.,Positive,2025-07-03
3865,ST0634,F029,SUB021,5,5,5,5,5,4,Concepts explained clearly.,Positive,2025-09-30
4211,ST0344,F035,SUB019,4,5,5,4,4,4,Concepts explained clearly.,Positive,2025-02-09
2761,ST0550,F022,SUB010,4,5,4,4,4,5,Concepts explained clearly.,Positive,2025-03-07
3862,ST0655,F013,SUB029,5,4,5,5,4,4,Concepts explained clearly.,Positive,2025-02-21
64,ST0650,F023,SUB026,4,4,4,4,5,4,Concepts explained clearly.,Positive,2025-05-17
775,ST0255,F018,SUB027,4,4,4,5,5,5,Concepts explained clearly.,Positive,2025-08-15
2756,ST0132,F017,SUB030,4,4,4,4,4,5,Concepts explained clearly.,Positive,2025-10-20
69,ST0352,F003,SUB026,4,4,5,4,4,5,Concepts explained clearly.,Positive,2025-09-18
2745,ST0531,F030,SUB021,4,5,4,5,5,5,Concepts explained clearly.,Positive,2025-12-12
2744,ST0350,F004,SUB013,4,4,5,5,4,5,Concepts explained clearly.,Positive,2025-02-28
72,ST0026,F018,SUB009,4,4,4,5,5,4,Concepts explained clearly.,Positive,2025-05-09
2733,ST0194,F006,SUB006,4,5,5,5,5,4,Concepts explained clearly.,Positive,2025-02-10
2731,ST0577,F011,SUB028,5,4,5,5,5,4,Concepts explained clearly.,Positive,2025-11-06
3110,ST0295,F014,SUB003,5,5,5,4,5,4,Concepts explained clearly.,Positive,2025-11-12
4214,ST0020,F026,SUB001,5,4,4,5,5,5,Concepts explained clearly.,Positive,2025-11-10
795,ST0632,F031,SUB023,4,5,5,5,5,5,Concepts explained clearly.,Positive,2025-05-06
4439,ST0479,F030,SUB009,4,4,5,4,4,5,Concepts explained clearly.,Positive,2025-07-27
4442,ST0034,F013,SUB005,5,5,5,5,5,5,Concepts explained clearly.,Positive,2025-09-12
2714,ST0868,F012,SUB021,4,5,4,4,4,5,Concepts explained clearly.,Positive,2025-12-28
559,ST0515,F012,SUB015,5,4,4,5,4,5,Concepts explained clearly.,Positive,2025-11-19
2776,ST0951,F013,SUB010,4,4,5,5,4,4,Concepts explained clearly.,Positive,2025-02-21
4462,ST0697,F023,SUB006,5,4,4,5,5,4,Concepts explained clearly.,Positive,2025-07-29
2656,ST0014,F017,SUB002,5,5,4,5,5,4,Concepts explained clearly.,Positive,2025-04-13
877,ST0489,F040,SUB011,5,4,5,5,4,4,Concepts explained clearly.,Positive,2025-02-17
2600,ST0382,F006,SUB022,4,5,5,5,5,5,Concepts explained clearly.,Positive,2025-12-19
4475,ST0660,F032,SUB003,4,4,5,5,4,5,Concepts explained clearly.,Positive,2025-12-14
3149,ST0096,F027,SUB005,5,4,5,4,5,5,Concepts explained clearly.,Positive,2025-01-22
2592,ST0885,F018,SUB019,4,5,4,5,4,5,Concepts explained clearly.,Positive,2025-04-03
1163,ST0843,F028,SUB001,5,4,5,4,5,4,Concepts explained clearly.,Positive,2025-04-26
884,ST0985,F025,SUB017,4,4,5,5,4,4,Concepts explained clearly.,Positive,2025-08-14
3951,ST0909,F038,SUB024,5,4,5,5,4,4,Concepts explained clearly.,Positive,2025-01-21
2601,ST0274,F031,SUB023,5,4,5,4,4,4,Concepts explained clearly.,Positive,2025-03-09
3809,ST0462,F039,SUB021,4,5,4,5,4,5,Concepts explained clearly.,Positive,2025-05-20
2587,ST0148,F007,SUB006,4,5,4,5,4,5,Concepts explained clearly.,Positive,2025-08-16
2578,ST0639,F019,SUB026,5,5,5,5,5,4,Concepts explained clearly.,Positive,2025-01-06
3806,ST0308,F026,SUB018,4,4,5,5,4,4,Concepts explained clearly.,Positive,2025-01-30
895,ST0979,F032,SUB025,5,4,4,5,5,5,Concepts explained clearly.,Positive,2025-09-12
3156,ST0388,F032,SUB015,5,4,5,4,5,5,Concepts explained clearly.,Positive,2025-10-21
2565,ST0181,F039,SUB011,5,5,5,4,4,4,Concepts explained clearly.,Positive,2025-09-15
4353,ST0595,F005,SUB022,4,4,4,4,4,4,Concepts explained clearly.,Positive,2025-04-29
4481,ST0701,F032,SUB006,4,5,5,4,4,4,Concepts explained clearly.,Positive,2025-07-13
2588,ST0320,F005,SUB029,4,4,5,5,4,4,Concepts explained clearly.,Positive,2025-05-01
108,ST0269,F026,SUB007,5,4,5,5,4,4,Concepts explained clearly.,Positive,2025-04-20
873,ST0465,F013,SUB019,5,5,5,4,4,5,Concepts explained clearly.,Positive,2025-07-26
4473,ST0262,F029,SUB022,4,4,4,5,4,5,Concepts explained clearly.,Positive,2025-06-29
835,ST0742,F024,SUB020,4,5,5,4,4,5,Concepts explained clearly.,Positive,2025-06-17
96,ST0879,F040,SUB028,5,5,4,5,4,5,Concepts explained clearly.,Positive,2025-03-19
4104,ST0358,F003,SUB023,4,4,4,5,4,5,Concepts explained clearly.,Positive,2025-11-16
840,ST0352,F017,SUB001,4,5,5,5,5,5,Concepts explained clearly.,Positive,2025-11-16
2643,ST0140,F003,SUB008,5,4,4,4,4,5,Concepts explained clearly.,Positive,2025-10-02
844,ST0971,F039,SUB019,4,4,5,5,5,4,Concepts explained clearly.,Positive,2025-01-02
3823,ST0329,F037,SUB006,5,5,4,5,4,5,Concepts explained clearly.,Positive,2025-04-15
2638,ST0806,F028,SUB007,5,5,4,5,4,4,Concepts explained clearly.,Positive,2025-11-03
2637,ST0710,F006,SUB002,4,4,4,4,5,4,Concepts explained clearly.,Positive,2025-03-29
103,ST0541,F014,SUB009,5,4,5,4,5,4,Concepts explained clearly.,Positive,2025-01-19
2623,ST0130,F031,SUB013,5,5,4,5,5,5,Concepts explained clearly.,Positive,2025-02-07
2613,ST0985,F027,SUB023,5,5,4,5,4,5,Concepts explained clearly.,Positive,2025-08-12
4865,ST0964,F023,SUB002,5,5,4,5,5,5,Concepts explained clearly.,Positive,2025-05-29
3145,ST0714,F001,SUB026,5,4,4,4,5,4,Concepts explained clearly.,Positive,2025-09-05
4354,ST0899,F021,SUB013,4,5,4,5,5,4,Concepts explained clearly.,Positive,2025-04-11
865,ST0439,F030,SUB026,5,5,4,4,5,5,Concepts explained clearly.,Positive,2025-03-22
868,ST0690,F016,SUB007,4,4,4,4,5,5,Concepts explained clearly.,Positive,2025-07-11
2605,ST0829,F017,SUB011,4,4,4,4,5,5,Concepts explained clearly.,Positive,2025-03-02
545,ST0594,F030,SUB024,5,4,4,5,4,4,Concepts explained clearly.,Positive,2025-09-08
832,ST0143,F040,SUB010,4,5,4,5,4,4,Concepts explained clearly.,Positive,2025-04-27
2555,ST0587,F021,SUB014,5,4,5,4,4,4,Concepts explained clearly.,Positive,2025-12-24
763,ST0963,F024,SUB017,5,4,4,4,4,4,Concepts explained clearly.,Positive,2025-05-06
4364,ST0521,F038,SUB007,5,4,4,4,4,5,Concepts explained clearly.,Positive,2025-02-22
3932,ST0390,F015,SUB025,4,5,5,4,4,5,Concepts explained clearly.,Positive,2025-03-10
2934,ST0482,F034,SUB015,4,5,4,5,5,4,Concepts explained clearly.,Positive,2025-10-08
3914,ST0293,F012,SUB022,4,4,4,4,4,4,Concepts explained clearly.,Positive,2025-08-02
3037,ST0358,F022,SUB029,5,4,5,5,4,5,Concepts explained clearly.,Positive,2025-09-25
3040,ST0937,F031,SUB030,5,4,5,5,5,4,Concepts explained clearly.,Positive,2025-08-31
3044,ST0295,F036,SUB001,4,5,4,5,4,5,Concepts explained clearly.,Positive,2025-08-13
3048,ST0231,F026,SUB030,5,5,4,4,5,5,Concepts explained clearly.,Positive,2025-02-09
2901,ST0923,F014,SUB001,4,5,5,4,5,5,Concepts explained clearly.,Positive,2025-08-16
2940,ST0197,F036,SUB014,4,4,4,4,5,5,Concepts explained clearly.,Positive,2025-11-17
23,ST0511,F040,SUB012,5,4,4,5,4,5,Concepts explained clearly.,Positive,2025-03-14
3935,ST0978,F011,SUB030,4,4,5,4,4,4,Concepts explained clearly.,Positive,2025-12-17
685,ST0332,F040,SUB020,4,5,4,5,4,5,Concepts explained clearly.,Positive,2025-08-31
686,ST0043,F017,SUB008,5,4,4,5,4,5,Concepts explained clearly.,Positive,2025-07-06
2888,ST0554,F002,SUB009,4,5,5,5,5,4,Concepts explained clearly.,Positive,2025-07-10
3936,ST0887,F027,SUB005,4,5,4,5,5,4,Concepts explained clearly.,Positive,2025-05-14
4840,ST0199,F010,SUB025,4,4,4,5,5,5,Concepts explained clearly.,Positive,2025-08-14
691,ST0616,F001,SUB020,5,4,4,5,5,5,Concepts explained clearly.,Positive,2025-07-05
2887,ST0477,F001,SUB006,4,5,4,5,5,4,Concepts explained clearly.,Positive,2025-02-12
3051,ST0069,F036,SUB019,5,5,5,4,5,4,Concepts explained clearly.,Positive,2025-06-02
3027,ST0201,F037,SUB001,4,4,5,5,4,4,Concepts explained clearly.,Positive,2025-03-05
607,ST0306,F007,SUB022,4,4,5,4,5,4,Concepts explained clearly.,Positive,2025-05-02
653,ST0595,F009,SUB011,5,4,4,4,5,4,Concepts explained clearly.,Positive,2025-12-31
2996,ST0020,F020,SUB009,5,5,4,4,5,4,Concepts explained clearly.,Positive,2025-01-01
618,ST0158,F021,SUB025,5,5,5,5,5,4,Concepts explained clearly.,Positive,2025-05-23
2986,ST0852,F029,SUB026,4,4,4,5,4,4,Concepts explained clearly.,Positive,2025-01-12
624,ST0211,F011,SUB028,4,5,4,4,4,4,Concepts explained clearly.,Positive,2025-08-20
627,ST0599,F028,SUB022,5,4,5,5,5,4,Concepts explained clearly.,Positive,2025-10-29
2981,ST0790,F013,SUB011,5,5,4,5,5,5,Concepts explained clearly.,Positive,2025-08-26
631,ST0887,F005,SUB002,4,5,4,5,4,4,Concepts explained clearly.,Positive,2025-01-01
4195,ST0110,F025,SUB004,5,4,4,4,5,5,Concepts explained clearly.,Positive,2025-10-17
3013,ST0643,F020,SUB013,5,4,5,4,4,4,Concepts explained clearly.,Positive,2025-01-12
3014,ST0854,F018,SUB015,5,4,5,5,4,4,Concepts explained clearly.,Positive,2025-09-07
9,ST0195,F012,SUB029,4,4,5,4,5,5,Concepts explained clearly.,Positive,2025-09-07
638,ST0508,F034,SUB013,5,4,4,4,5,4,Concepts explained clearly.,Positive,2025-05-20
3023,ST0529,F016,SUB013,5,5,4,5,5,5,Concepts explained clearly.,Positive,2025-07-15
2962,ST0890,F019,SUB011,5,5,4,5,5,5,Concepts explained clearly.,Positive,2025-07-25
13,ST0504,F002,SUB022,5,4,4,4,5,4,Concepts explained clearly.,Positive,2025-10-15
14,ST0414,F011,SUB005,4,4,4,4,5,4,Concepts explained clearly.,Positive,2025-06-25
645,ST0539,F017,SUB017,4,4,5,5,5,4,Concepts explained clearly.,Positive,2025-11-01
2951,ST0446,F032,SUB005,4,4,4,4,5,4,Concepts explained clearly.,Positive,2025-12-01
650,ST0360,F009,SUB030,5,5,4,4,5,5,Concepts explained clearly.,Positive,2025-01-13
4839,ST0691,F018,SUB013,4,4,5,5,5,4,Concepts explained clearly.,Positive,2025-08-17
2777,ST0633,F018,SUB007,5,5,5,4,5,5,Concepts explained clearly.,Positive,2025-05-14
3057,ST0031,F026,SUB011,5,4,4,5,5,5,Concepts explained clearly.,Positive,2025-07-04
3058,ST0940,F030,SUB027,4,4,5,5,4,5,Concepts explained clearly.,Positive,2025-03-28
2841,ST0706,F022,SUB022,4,4,5,4,5,4,Concepts explained clearly.,Positive,2025-08-14
35,ST0760,F032,SUB030,5,5,4,5,4,5,Concepts explained clearly.,Positive,2025-11-20
4827,ST0377,F014,SUB030,4,4,5,4,5,4,Concepts explained clearly.,Positive,2025-07-21
736,ST0151,F027,SUB015,4,5,4,4,4,4,Concepts explained clearly.,Positive,2025-05-22
2838,ST0198,F040,SUB023,5,4,4,4,5,4,Concepts explained clearly.,Positive,2025-08-03
3882,ST0682,F029,SUB004,5,5,5,4,5,5,Concepts explained clearly.,Positive,2025-04-06
3881,ST0640,F003,SUB023,4,4,4,5,4,4,Concepts explained clearly.,Positive,2025-09-14
3078,ST0120,F017,SUB012,5,4,5,4,5,5,Concepts explained clearly.,Positive,2025-01-16
2842,ST0829,F023,SUB022,5,4,5,5,5,5,Concepts explained clearly.,Positive,2025-11-20
2820,ST0568,F016,SUB023,5,5,5,5,5,5,Concepts explained clearly.,Positive,2025-02-15
2816,ST0564,F022,SUB026,4,4,4,5,4,5,Concepts explained clearly.,Positive,2025-04-27
44,ST0395,F026,SUB024,4,5,5,4,5,4,Concepts explained clearly.,Positive,2025-08-24
2805,ST0529,F025,SUB026,5,5,4,5,4,4,Concepts explained clearly.,Positive,2025-11-19
3873,ST0174,F010,SUB010,4,4,4,5,5,5,Concepts explained clearly.,Positive,2025-01-06
3090,ST0825,F039,SUB010,5,5,5,4,4,4,Concepts explained clearly.,Positive,2025-05-12
4426,ST0495,F019,SUB015,5,4,4,5,4,5,Concepts explained clearly.,Positive,2025-12-15
2789,ST0557,F035,SUB019,4,5,5,4,5,4,Concepts explained clearly.,Positive,2025-08-15
4365,ST0843,F026,SUB030,4,5,4,4,5,5,Concepts explained clearly.,Positive,2025-12-03
4415,ST0926,F040,SUB010,4,4,4,5,5,4,Concepts explained clearly.,Positive,2025-08-06
2843,ST0272,F027,SUB017,4,5,4,5,4,4,Concepts explained clearly.,Positive,2025-06-10
2844,ST0863,F028,SUB008,4,4,4,5,4,4,Concepts explained clearly.,Positive,2025-09-05
2845,ST0454,F017,SUB014,4,4,4,4,4,4,Concepts explained clearly.,Positive,2025-11-28
698,ST0818,F037,SUB024,5,5,5,4,4,5,Concepts explained clearly.,Positive,2025-01-29
2876,ST0322,F040,SUB027,4,5,5,4,4,4,Concepts explained clearly.,Positive,2025-05-22
4143,ST0084,F026,SUB014,5,5,4,4,4,5,Concepts explained clearly.,Positive,2025-03-13
30,ST0339,F017,SUB017,5,5,4,4,5,5,Concepts explained clearly.,Positive,2025-08-20
4837,ST0188,F035,SUB008,4,4,4,5,4,5,Concepts explained clearly.,Positive,2025-02-13
3063,ST0464,F007,SUB009,5,4,5,4,4,5,Concepts explained clearly.,Positive,2025-07-20
4405,ST0560,F036,SUB005,5,5,5,5,5,5,Concepts explained clearly.,Positive,2025-09-16
2867,ST0217,F009,SUB024,5,5,5,4,5,4,Concepts explained clearly.,Positive,2025-02-09
4201,ST0578,F021,SUB014,4,4,5,4,5,5,Concepts explained clearly.,Positive,2025-12-14
4406,ST0535,F010,SUB023,4,5,5,4,5,4,Concepts explained clearly.,Positive,2025-05-16
4834,ST0607,F014,SUB019,5,4,4,4,4,4,Concepts explained clearly.,Positive,2025-01-30
31,ST0336,F020,SUB019,4,5,4,5,4,4,Concepts explained clearly.,Positive,2025-09-17
32,ST0367,F014,SUB003,4,5,5,4,5,4,Concepts explained clearly.,Positive,2025-06-28
3898,ST0928,F031,SUB006,4,4,4,5,4,5,Concepts explained clearly.,Positive,2025-12-29
590,ST0373,F009,SUB025,5,4,5,5,4,5,Concepts explained clearly.,Positive,2025-07-28
4411,ST0048,F040,SUB012,5,4,5,4,5,4,Concepts explained clearly.,Positive,2025-03-30
2854,ST0183,F029,SUB011,5,4,4,4,5,5,Concepts explained clearly.,Positive,2025-02-11
725,ST0120,F017,SUB010,5,5,4,5,4,5,Concepts explained clearly.,Positive,2025-02-27
3938,ST0755,F027,SUB022,4,4,5,5,5,4,Concepts explained clearly.,Positive,2025-04-02
4838,ST0180,F033,SUB013,4,4,5,5,4,5,Concepts explained clearly.,Positive,2025-05-30
2554,ST0052,F026,SUB010,4,4,4,5,5,4,Concepts explained clearly.,Positive,2025-03-13
4223,ST0073,F022,SUB004,5,4,4,4,5,5,Concepts explained clearly.,Positive,2025-02-26
1562,ST0513,F028,SUB007,4,5,4,4,5,5,Concepts explained clearly.,Positive,2025-11-24
2367,ST0309,F029,SUB021,5,4,5,5,5,4,Concepts explained clearly.,Positive,2025-05-23
4880,ST0073,F023,SUB002,5,5,4,4,5,4,Concepts explained clearly.,Positive,2025-06-21
2230,ST0924,F009,SUB006,4,4,5,5,4,5,Concepts explained clearly.,Positive,2025-01-30
3248,ST0174,F019,SUB017,4,4,4,5,4,4,Concepts explained clearly.,Positive,2025-04-16
1035,ST0458,F014,SUB021,5,4,5,5,4,5,Concepts explained clearly.,Positive,2025-07-23
113,ST0640,F023,SUB028,5,5,4,4,5,5,Concepts explained clearly.,Positive,2025-09-17
2352,ST0633,F035,SUB009,5,4,5,5,5,5,Concepts explained clearly.,Positive,2025-05-20
1037,ST0369,F011,SUB024,4,5,5,4,5,5,Concepts explained clearly.,Positive,2025-12-16
1038,ST0939,F033,SUB017,5,5,4,5,5,5,Concepts explained clearly.,Positive,2025-10-28
3720,ST0798,F012,SUB028,4,5,5,5,5,5,Concepts explained clearly.,Positive,2025-09-27
158,ST0441,F026,SUB013,5,5,4,5,4,4,Concepts explained clearly.,Positive,2025-12-27
4542,ST0756,F020,SUB011,5,5,4,4,5,4,Concepts explained clearly.,Positive,2025-04-04
1113,ST0293,F024,SUB004,5,4,4,5,4,5,Concepts explained clearly.,Positive,2025-04-12
4231,ST0252,F024,SUB024,4,4,4,4,4,4,Concepts explained clearly.,Positive,2025-11-17
1041,ST0405,F024,SUB023,5,4,4,5,4,5,Concepts explained clearly.,Positive,2025-05-18
478,ST0248,F002,SUB006,5,5,5,4,5,4,Concepts explained clearly.,Positive,2025-03-29
2234,ST0555,F005,SUB015,4,4,5,4,4,5,Concepts explained clearly.,Positive,2025-10-06
3751,ST0876,F012,SUB019,5,5,4,5,5,5,Concepts explained clearly.,Positive,2025-01-31
2372,ST0341,F017,SUB028,5,5,5,5,5,4,Concepts explained clearly.,Positive,2025-08-13
4548,ST0206,F021,SUB017,4,4,4,5,5,4,Concepts explained clearly.,Positive,2025-10-11
488,ST0516,F039,SUB029,4,5,5,4,4,4,Concepts explained clearly.,Positive,2025-03-13
2391,ST0711,F038,SUB021,4,4,5,4,5,4,Concepts explained clearly.,Positive,2025-01-27
1004,ST0246,F005,SUB026,5,4,4,5,5,5,Concepts explained clearly.,Positive,2025-11-19
512,ST0408,F019,SUB029,4,5,4,4,4,5,Concepts explained clearly.,Positive,2025-04-19
3231,ST0054,F012,SUB020,5,5,4,4,5,5,Concepts explained clearly.,Positive,2025-07-04
3236,ST0588,F026,SUB023,4,4,5,4,5,4,Concepts explained clearly.,Positive,2025-06-11
2380,ST0336,F038,SUB008,4,4,4,5,5,5,Concepts explained clearly.,Positive,2025-03-13
150,ST0153,F012,SUB020,5,4,5,5,5,5,Concepts explained clearly.,Positive,2025-02-02
1128,ST0989,F021,SUB003,4,5,5,5,5,5,Concepts explained clearly.,Positive,2025-10-08
2214,ST0103,F031,SUB018,5,5,4,5,5,4,Concepts explained clearly.,Positive,2025-01-19
3716,ST0371,F004,SUB020,4,4,5,4,5,5,Concepts explained clearly.,Positive,2025-12-07
3717,ST0709,F016,SUB008,5,5,5,4,4,4,Concepts explained clearly.,Positive,2025-10-21
2222,ST0362,F023,SUB017,4,4,5,5,5,4,Concepts explained clearly.,Positive,2025-09-12
1019,ST0425,F021,SUB003,5,4,4,4,5,4,Concepts explained clearly.,Positive,2025-10-19
2369,ST0670,F005,SUB022,4,5,5,4,4,5,Concepts explained clearly.,Positive,2025-03-16
4955,ST0040,F026,SUB024,4,4,4,4,4,5,Concepts explained clearly.,Positive,2025-09-13
503,ST0682,F007,SUB012,5,5,4,5,4,5,Concepts explained clearly.,Positive,2025-11-10
4540,ST0402,F034,SUB010,5,4,5,5,4,5,Concepts explained clearly.,Positive,2025-01-16
4171,ST0967,F036,SUB021,4,5,4,4,5,4,Concepts explained clearly.,Positive,2025-12-05
1078,ST0246,F007,SUB028,4,4,4,5,5,4,Concepts explained clearly.,Positive,2025-07-17
495,ST0115,F010,SUB013,5,5,4,5,4,4,Concepts explained clearly.,Positive,2025-03-19
4070,ST0178,F038,SUB006,4,4,4,4,5,4,Concepts explained clearly.,Positive,2025-05-08
179,ST0419,F035,SUB011,5,5,5,5,4,5,Concepts explained clearly.,Positive,2025-08-22
3723,ST0307,F017,SUB016,4,5,4,5,4,5,Concepts explained clearly.,Positive,2025-12-12
2279,ST0379,F038,SUB026,5,5,5,4,5,4,Concepts explained clearly.,Positive,2025-10-08
3281,ST0512,F003,SUB006,5,5,5,4,5,5,Concepts explained clearly.,Positive,2025-10-06
183,ST0121,F014,SUB009,4,4,4,5,5,4,Concepts explained clearly.,Positive,2025-08-05
2272,ST0709,F029,SUB007,5,5,5,5,5,5,Concepts explained clearly.,Positive,2025-04-14
1090,ST0662,F038,SUB009,5,4,4,4,4,4,Concepts explained clearly.,Positive,2025-11-05
4884,ST0952,F018,SUB009,4,4,4,4,5,5,Concepts explained clearly.,Positive,2025-12-10
1096,ST0732,F020,SUB022,5,5,4,5,5,4,Concepts explained clearly.,Positive,2025-10-18
490,ST0644,F018,SUB009,5,5,4,4,5,4,Concepts explained clearly.,Positive,2025-10-04
3284,ST0839,F034,SUB024,4,5,5,4,5,5,Concepts explained clearly.,Positive,2025-07-23
3291,ST0504,F012,SUB017,4,5,4,4,5,5,Concepts explained clearly.,Positive,2025-06-04
4332,ST0159,F039,SUB010,5,4,5,4,5,5,Concepts explained clearly.,Positive,2025-01-05
1074,ST0796,F040,SUB021,4,5,4,4,5,5,Concepts explained clearly.,Positive,2025-10-05
2294,ST0394,F028,SUB020,4,4,4,4,5,5,Concepts explained clearly.,Positive,2025-06-20
2341,ST0737,F021,SUB028,5,4,5,5,4,4,Concepts explained clearly.,Positive,2025-11-07
2340,ST0983,F021,SUB009,4,5,5,4,5,4,Concepts explained clearly.,Positive,2025-08-16
1108,ST0485,F027,SUB019,4,5,5,5,5,5,Concepts explained clearly.,Positive,2025-03-08
4758,ST0459,F038,SUB018,4,4,4,4,4,5,Concepts explained clearly.,Positive,2025-02-11
1107,ST0285,F006,SUB003,5,5,5,4,5,4,Concepts explained clearly.,Positive,2025-04-10
484,ST0106,F036,SUB024,4,4,5,5,4,4,Concepts explained clearly.,Positive,2025-04-17
1058,ST0295,F038,SUB022,4,5,4,5,5,5,Concepts explained clearly.,Positive,2025-02-02
995,ST0697,F032,SUB005,5,4,4,4,5,4,Concepts explained clearly.,Positive,2025-10-09
1104,ST0592,F038,SUB023,5,4,5,5,4,4,Concepts explained clearly.,Positive,2025-01-13
4532,ST0209,F011,SUB019,4,4,5,4,5,4,Concepts explained clearly.,Positive,2025-11-21
3272,ST0628,F031,SUB022,4,4,5,5,5,5,Concepts explained clearly.,Positive,2025-01-23
2300,ST0094,F004,SUB018,4,4,4,4,4,4,Concepts explained clearly.,Positive,2025-06-29
3274,ST0154,F038,SUB003,5,4,5,4,5,4,Concepts explained clearly.,Positive,2025-07-23
2298,ST0597,F009,SUB007,4,5,5,4,4,4,Concepts explained clearly.,Positive,2025-10-28
1069,ST0282,F026,SUB013,5,4,5,4,5,5,Concepts explained clearly.,Positive,2025-08-27
1070,ST0415,F002,SUB007,5,4,4,5,5,4,Concepts explained clearly.,Positive,2025-06-28
4075,ST0066,F004,SUB017,4,5,5,5,4,4,Concepts explained clearly.,Positive,2025-05-18
143,ST0808,F022,SUB006,4,4,5,5,5,4,Concepts explained clearly.,Positive,2025-07-24
4522,ST0373,F040,SUB008,5,4,5,5,5,5,Concepts explained clearly.,Positive,2025-10-02
992,ST0278,F001,SUB006,5,4,4,4,5,5,Concepts explained clearly.,Positive,2025-01-27
2511,ST0384,F004,SUB019,5,5,5,5,4,5,Concepts explained clearly.,Positive,2025-10-17
934,ST0298,F008,SUB020,5,5,5,4,4,4,Concepts explained clearly.,Positive,2025-10-21
936,ST0277,F030,SUB017,5,5,5,5,5,5,Concepts explained clearly.,Positive,2025-01-26
4491,ST0601,F029,SUB028,5,5,5,5,5,4,Concepts explained clearly.,Positive,2025-09-22
940,ST0626,F035,SUB011,5,4,4,5,4,4,Concepts explained clearly.,Positive,2025-05-25
3788,ST0500,F038,SUB006,4,4,4,4,5,4,Concepts explained clearly.,Positive,2025-12-14
2514,ST0727,F006,SUB013,5,5,5,4,5,4,Concepts explained clearly.,Positive,2025-06-25
3786,ST0924,F016,SUB017,5,4,5,4,5,4,Concepts explained clearly.,Positive,2025-05-11
2492,ST0824,F039,SUB005,5,5,4,5,5,4,Concepts explained clearly.,Positive,2025-10-28
947,ST0596,F029,SUB012,4,4,4,5,5,5,Concepts explained clearly.,Positive,2025-05-06
1147,ST0643,F031,SUB026,4,5,4,5,5,4,Concepts explained clearly.,Positive,2025-01-17
3197,ST0453,F036,SUB025,4,5,5,4,5,5,Concepts explained clearly.,Positive,2025-04-14
2479,ST0459,F031,SUB003,4,5,5,5,4,4,Concepts explained clearly.,Positive,2025-05-17
515,ST0742,F012,SUB028,4,4,5,5,4,4,Concepts explained clearly.,Positive,2025-05-27
3193,ST0296,F039,SUB020,4,5,5,4,5,4,Concepts explained clearly.,Positive,2025-07-21
4487,ST0844,F017,SUB013,5,5,4,4,5,4,Concepts explained clearly.,Positive,2025-12-27
3957,ST0417,F036,SUB002,5,4,5,4,5,4,Concepts explained clearly.,Positive,2025-08-25
926,ST0484,F011,SUB022,4,5,4,4,5,5,Concepts explained clearly.,Positive,2025-03-12
211,ST0394,F017,SUB007,5,5,4,5,5,5,Concepts explained clearly.,Positive,2025-03-01
2548,ST0630,F033,SUB009,4,4,4,4,5,5,Concepts explained clearly.,Positive,2025-01-06
2546,ST0267,F003,SUB020,5,4,5,5,5,4,Concepts explained clearly.,Positive,2025-05-15
3175,ST0366,F025,SUB025,4,4,4,5,4,4,Concepts explained clearly.,Positive,2025-08-09
210,ST0959,F016,SUB001,5,5,4,5,4,5,Concepts explained clearly.,Positive,2025-12-16
2539,ST0965,F020,SUB009,4,4,4,5,5,5,Concepts explained clearly.,Positive,2025-07-13
205,ST0830,F031,SUB023,5,5,4,5,4,5,Concepts explained clearly.,Positive,2025-06-26
2535,ST0838,F036,SUB008,5,5,4,4,4,5,Concepts explained clearly.,Positive,2025-08-26
532,ST0091,F010,SUB008,5,4,4,5,5,5,Concepts explained clearly.,Positive,2025-11-19
4239,ST0356,F025,SUB002,5,4,5,5,5,4,Concepts explained clearly.,Positive,2025-04-15
3306,ST0416,F023,SUB007,4,4,4,5,4,5,Concepts explained clearly.,Positive,2025-10-27
4483,ST0551,F004,SUB020,5,5,5,5,4,4,Concepts explained clearly.,Positive,2025-02-17
3177,ST0369,F015,SUB026,5,5,5,5,4,5,Concepts explained clearly.,Positive,2025-03-04
2525,ST0973,F023,SUB010,4,4,4,5,4,5,Concepts explained clearly.,Positive,2025-02-18
2523,ST0196,F035,SUB028,5,4,5,5,4,5,Concepts explained clearly.,Positive,2025-10-14
3783,ST0748,F027,SUB005,4,4,4,5,4,4,Concepts explained clearly.,Positive,2025-07-04
954,ST0951,F005,SUB026,5,4,5,5,5,4,Concepts explained clearly.,Positive,2025-12-20
2478,ST0937,F039,SUB008,5,4,4,4,5,5,Concepts explained clearly.,Positive,2025-08-22
4514,ST0345,F020,SUB025,4,5,5,4,4,4,Concepts explained clearly.,Positive,2025-02-09
3781,ST0877,F026,SUB020,5,4,5,5,4,5,Concepts explained clearly.,Positive,2025-07-04
4515,ST0463,F017,SUB023,5,5,4,4,5,4,Concepts explained clearly.,Positive,2025-10-03
973,ST0563,F024,SUB002,5,5,4,4,5,5,Concepts explained clearly.,Positive,2025-01-03
4875,ST0708,F012,SUB021,5,5,4,5,5,5,Concepts explained clearly.,Positive,2025-09-03
3304,ST0912,F033,SUB003,5,4,4,5,4,4,Concepts explained clearly.,Positive,2025-02-21
2441,ST0455,F037,SUB013,4,4,4,4,4,4,Concepts explained clearly.,Positive,2025-09-25
3767,ST0925,F035,SUB011,5,5,5,4,5,5,Concepts explained clearly.,Positive,2025-04-04
2433,ST0299,F032,SUB013,5,5,5,5,4,5,Concepts explained clearly.,Positive,2025-12-09
980,ST0728,F029,SUB009,5,5,4,4,5,5,Concepts explained clearly.,Positive,2025-05-18
2425,ST0538,F038,SUB029,5,4,5,5,4,5,Concepts explained clearly.,Positive,2025-09-19
985,ST0289,F023,SUB012,5,5,4,4,5,4,Concepts explained clearly.,Positive,2025-10-07
4342,ST0181,F015,SUB016,5,5,4,4,4,4,Concepts explained clearly.,Positive,2025-12-01
1137,ST0400,F036,SUB029,5,5,5,4,5,5,Concepts explained clearly.,Positive,2025-09-28
2198,ST0262,F034,SUB014,5,5,4,4,4,5,Concepts explained clearly.,Positive,2025-01-30
3223,ST0893,F032,SUB026,4,5,4,4,4,5,Concepts explained clearly.,Positive,2025-09-28
3208,ST0378,F027,SUB018,4,4,4,5,5,5,Concepts explained clearly.,Positive,2025-05-22
3771,ST0876,F034,SUB025,5,5,5,4,5,4,Concepts explained clearly.,Positive,2025-12-31
2265,ST0402,F022,SUB009,4,5,5,5,4,4,Concepts explained clearly.,Positive,2025-05-27
2193,ST0558,F020,SUB026,4,4,5,4,5,5,Concepts explained clearly.,Positive,2025-08-01
2473,ST0730,F040,SUB004,4,4,5,4,4,5,Concepts explained clearly.,Positive,2025-09-24
3708,ST0049,F009,SUB008,5,5,4,5,5,4,Concepts explained clearly.,Positive,2025-04-14
4510,ST0173,F026,SUB006,4,4,5,4,4,4,Concepts explained clearly.,Positive,2025-04-25
4738,ST0389,F005,SUB004,5,5,4,5,5,5,Concepts explained clearly.,Positive,2025-05-15
4551,ST0168,F036,SUB011,5,5,5,4,5,5,Concepts explained clearly.,Positive,2025-09-13
3205,ST0904,F015,SUB025,5,5,5,4,4,5,Concepts explained clearly.,Positive,2025-09-21
4327,ST0529,F032,SUB026,4,4,5,5,4,5,Concepts explained clearly.,Positive,2025-10-06
4739,ST0162,F006,SUB024,5,4,4,5,4,4,Concepts explained clearly.,Positive,2025-06-09
2459,ST0465,F021,SUB014,5,5,5,4,4,4,Concepts explained clearly.,Positive,2025-06-23
958,ST0884,F016,SUB028,5,4,4,5,4,5,Concepts explained clearly.,Positive,2025-03-09
2987,ST0695,F026,SUB019,2,1,2,1,1,2,Concepts not explained clearly.,Negative,2025-03-18
4390,ST0134,F012,SUB023,1,1,1,1,1,2,Concepts not explained clearly.,Negative,2025-12-14
2948,ST0891,F023,SUB028,1,2,2,1,2,2,Concepts not explained clearly.,Negative,2025-04-01
4400,ST0084,F017,SUB025,1,1,1,1,2,1,Concepts not explained clearly.,Negative,2025-12-31
4389,ST0670,F029,SUB026,2,1,2,1,2,1,Concepts not explained clearly.,Negative,2025-12-11
2954,ST0698,F006,SUB028,1,2,1,1,1,2,Concepts not explained clearly.,Negative,2025-05-07
4173,ST0571,F023,SUB015,2,1,1,1,1,2,Concepts not explained clearly.,Negative,2025-12-04
2188,ST0817,F032,SUB021,2,2,2,2,2,1,Concepts not explained clearly.,Negative,2025-12-15
2982,ST0554,F017,SUB001,2,2,2,2,2,1,Concepts not explained clearly.,Negative,2025-01-07
4376,ST0336,F012,SUB012,1,2,2,1,1,2,Concepts not explained clearly.,Negative,2025-10-31
4391,ST0963,F014,SUB027,2,2,1,2,1,1,Concepts not explained clearly.,Negative,2025-11-29
1619,ST0371,F002,SUB012,1,1,2,1,1,1,Concepts not explained clearly.,Negative,2025-04-20
4667,ST0680,F029,SUB017,2,2,2,1,1,1,Concepts not explained clearly.,Negative,2025-10-18
3337,ST0713,F033,SUB009,1,2,2,2,1,2,Concepts not explained clearly.,Negative,2025-06-29
3545,ST0198,F038,SUB019,1,1,1,2,2,2,Concepts not explained clearly.,Negative,2025-12-23
2165,ST0539,F035,SUB012,1,1,2,1,2,2,Concepts not explained clearly.,Negative,2025-02-16
354,ST0451,F030,SUB018,1,1,1,2,1,1,Concepts not explained clearly.,Negative,2025-11-14
4349,ST0615,F015,SUB015,2,2,1,2,2,2,Concepts not explained clearly.,Negative,2025-07-28
1660,ST0374,F015,SUB002,2,1,2,2,1,1,Concepts not explained clearly.,Negative,2025-08-06
140,ST0126,F030,SUB026,2,2,2,1,1,2,Concepts not explained clearly.,Negative,2025-11-13
4959,ST0267,F021,SUB002,1,2,2,2,1,2,Concepts not explained clearly.,Negative,2025-08-06
1813,ST0060,F007,SUB004,2,2,1,1,1,1,Concepts not explained clearly.,Negative,2025-07-11
3206,ST0419,F022,SUB017,1,1,2,2,2,1,Concepts not explained clearly.,Negative,2025-05-04
2006,ST0866,F005,SUB010,2,2,1,1,1,1,Concepts not explained clearly.,Negative,2025-07-02
4463,ST0288,F031,SUB003,2,1,2,2,2,2,Concepts not explained clearly.,Negative,2025-05-24
4615,ST0553,F035,SUB029,1,1,2,2,2,1,Concepts not explained clearly.,Negative,2025-07-04
3379,ST0798,F021,SUB010,1,1,2,1,1,2,Concepts not explained clearly.,Negative,2025-09-17
2466,ST0002,F011,SUB001,1,2,1,1,1,1,Concepts not explained clearly.,Negative,2025-01-22
3129,ST0808,F035,SUB002,1,2,2,2,1,1,Concepts not explained clearly.,Negative,2025-07-22
3132,ST0229,F014,SUB020,2,2,1,1,1,1,Concepts not explained clearly.,Negative,2025-08-06
4084,ST0487,F019,SUB001,2,1,2,1,1,1,Concepts not explained clearly.,Negative,2025-06-11
3136,ST0227,F003,SUB020,1,2,2,1,1,2,Concepts not explained clearly.,Negative,2025-01-16
4097,ST0476,F005,SUB024,1,1,1,1,2,1,Concepts not explained clearly.,Negative,2025-06-08
1957,ST0044,F019,SUB026,2,2,2,2,1,1,Concepts not explained clearly.,Negative,2025-08-22
2505,ST0712,F013,SUB007,1,2,1,2,1,1,Concepts not explained clearly.,Negative,2025-09-10
1928,ST0372,F010,SUB014,1,2,1,2,1,2,Concepts not explained clearly.,Negative,2025-11-02
3408,ST0048,F005,SUB030,1,2,2,2,1,2,Concepts not explained clearly.,Negative,2025-07-30
2586,ST0086,F005,SUB016,1,2,2,1,2,1,Concepts not explained clearly.,Negative,2025-01-30
2583,ST0917,F024,SUB007,2,1,1,2,2,2,Concepts not explained clearly.,Negative,2025-06-30
2577,ST0384,F009,SUB003,1,1,1,2,1,1,Concepts not explained clearly.,Negative,2025-01-30
2538,ST0756,F022,SUB021,2,1,2,2,2,1,Concepts not explained clearly.,Negative,2025-04-09
4480,ST0776,F030,SUB002,2,2,1,1,2,1,Concepts not explained clearly.,Negative,2025-04-23
2558,ST0205,F018,SUB006,1,2,2,1,1,1,Concepts not explained clearly.,Negative,2025-03-12
4499,ST0206,F029,SUB022,1,1,2,1,1,1,Concepts not explained clearly.,Negative,2025-10-15
4564,ST0717,F026,SUB007,1,2,1,1,2,1,Concepts not explained clearly.,Negative,2025-04-01
2408,ST0577,F019,SUB001,2,2,2,2,1,1,Concepts not explained clearly.,Negative,2025-09-04
3480,ST0859,F016,SUB025,2,1,1,2,2,1,Concepts not explained clearly.,Negative,2025-06-24
2283,ST0910,F003,SUB019,2,1,2,1,2,2,Concepts not explained clearly.,Negative,2025-03-08
234,ST0065,F029,SUB010,1,2,2,1,1,1,Concepts not explained clearly.,Negative,2025-09-12
4649,ST0855,F028,SUB024,1,2,2,2,2,1,Concepts not explained clearly.,Negative,2025-01-06
2320,ST0874,F004,SUB030,1,2,2,1,1,1,Concepts not explained clearly.,Negative,2025-03-22
2328,ST0623,F032,SUB019,1,2,1,1,2,2,Concepts not explained clearly.,Negative,2025-07-10
2839,ST0615,F002,SUB014,1,2,2,2,1,1,Concepts not explained clearly.,Negative,2025-04-19
3260,ST0507,F040,SUB030,2,1,2,2,2,1,Concepts not explained clearly.,Negative,2025-06-17
2338,ST0948,F004,SUB015,2,1,2,2,2,1,Concepts not explained clearly.,Negative,2025-12-23
2342,ST0379,F005,SUB023,1,2,2,2,2,2,Concepts not explained clearly.,Negative,2025-09-27
2814,ST0442,F010,SUB028,1,2,2,1,1,2,Concepts not explained clearly.,Negative,2025-04-18
3490,ST0386,F018,SUB013,1,2,2,2,1,1,Concepts not explained clearly.,Negative,2025-01-10
2038,ST0529,F037,SUB029,2,2,1,2,2,2,Concepts not explained clearly.,Negative,2025-02-28
3089,ST0517,F012,SUB004,1,2,2,1,2,2,Concepts not explained clearly.,Negative,2025-12-02
2067,ST0165,F019,SUB008,1,1,1,1,1,2,Concepts not explained clearly.,Negative,2025-07-07
2359,ST0629,F001,SUB016,1,1,2,2,1,1,Concepts not explained clearly.,Negative,2025-02-02
2360,ST0764,F027,SUB030,1,2,2,1,1,2,Concepts not explained clearly.,Negative,2025-01-02
4312,ST0014,F032,SUB005,1,1,1,2,1,1,Concepts not explained clearly.,Negative,2025-07-29
2046,ST0359,F020,SUB005,2,1,2,1,2,2,Concepts not explained clearly.,Negative,2025-05-02
2378,ST0476,F020,SUB023,1,1,2,2,2,1,Concepts not explained clearly.,Negative,2025-01-13
3486,ST0609,F033,SUB002,2,2,2,2,1,2,Concepts not explained clearly.,Negative,2025-09-20
1752,ST0885,F010,SUB006,2,2,2,2,2,2,Concepts not explained clearly.,Negative,2025-11-05
1753,ST0849,F029,SUB019,2,1,2,2,1,1,Concepts not explained clearly.,Negative,2025-06-27
4121,ST0816,F040,SUB022,2,2,2,1,1,1,Concepts not explained clearly.,Negative,2025-03-09
317,ST0428,F004,SUB030,2,1,1,1,2,1,Concepts not explained clearly.,Negative,2025-11-14
4641,ST0988,F020,SUB014,2,2,2,1,2,2,Concepts not explained clearly.,Negative,2025-04-17
4577,ST0866,F020,SUB028,2,1,2,1,1,1,Concepts not explained clearly.,Negative,2025-09-28
1500,ST0859,F036,SUB024,2,2,2,1,2,1,Concepts not explained clearly.,Negative,2025-02-25
1409,ST0639,F006,SUB005,1,1,1,1,1,2,Concepts not explained clearly.,Negative,2025-04-06
729,ST0515,F006,SUB001,2,1,1,1,1,2,Concepts not explained clearly.,Negative,2025-01-10
3852,ST0747,F001,SUB022,2,2,2,1,1,1,Concepts not explained clearly.,Negative,2025-06-07
4830,ST0437,F014,SUB009,2,2,2,1,1,2,Concepts not explained clearly.,Negative,2025-05-14
1182,ST0186,F034,SUB006,1,2,1,1,1,2,Concepts not explained clearly.,Negative,2025-09-01
710,ST0366,F001,SUB021,2,1,1,1,1,2,Concepts not explained clearly.,Negative,2025-11-09
3904,ST0182,F029,SUB007,1,2,1,1,1,2,Concepts not explained clearly.,Negative,2025-04-01
4200,ST0333,F035,SUB004,2,2,1,2,2,1,Concepts not explained clearly.,Negative,2025-03-26
4870,ST0635,F025,SUB001,1,2,2,1,2,1,Concepts not explained clearly.,Negative,2025-10-16
4767,ST0068,F034,SUB021,2,2,2,1,1,2,Concepts not explained clearly.,Negative,2025-09-29
3693,ST0211,F028,SUB007,1,2,2,2,1,1,Concepts not explained clearly.,Negative,2025-03-16
419,ST0675,F030,SUB003,1,2,2,1,2,2,Concepts not explained clearly.,Negative,2025-12-04
694,ST0767,F031,SUB017,1,2,1,1,2,1,Concepts not explained clearly.,Negative,2025-03-22
996,ST0516,F032,SUB014,2,1,2,2,1,1,Concepts not explained clearly.,Negative,2025-11-21
994,ST0634,F012,SUB009,2,1,2,2,1,2,Concepts not explained clearly.,Negative,2025-04-04
989,ST0562,F021,SUB015,2,1,1,2,1,2,Concepts not explained clearly.,Negative,2025-07-18
595,ST0850,F010,SUB027,1,1,1,2,1,2,Concepts not explained clearly.,Negative,2025-08-29
1526,ST0529,F003,SUB026,2,2,1,2,1,1,Concepts not explained clearly.,Negative,2025-02-15
3796,ST0492,F014,SUB027,1,2,2,1,2,2,Concepts not explained clearly.,Negative,2025-05-22
1012,ST0447,F011,SUB017,1,1,2,1,2,2,Concepts not explained clearly.,Negative,2025-11-17
1017,ST0413,F040,SUB018,1,2,1,1,1,1,Concepts not explained clearly.,Negative,2025-09-09
815,ST0648,F032,SUB008,2,2,2,1,2,2,Concepts not explained clearly.,Negative,2025-05-03
1482,ST0062,F015,SUB020,2,2,2,2,1,2,Concepts not explained clearly.,Negative,2025-04-30
3735,ST0387,F038,SUB006,1,1,1,1,2,2,Concepts not explained clearly.,Negative,2025-09-14
483,ST0387,F031,SUB014,2,2,2,1,2,2,Concepts not explained clearly.,Negative,2025-05-16
1493,ST0258,F007,SUB027,1,1,1,2,2,2,Concepts not explained clearly.,Negative,2025-09-07
3573,ST0939,F021,SUB030,1,2,2,1,2,1,Concepts not explained clearly.,Negative,2025-09-04
1129,ST0121,F026,SUB029,2,2,1,1,2,2,Concepts not explained clearly.,Negative,2025-10-25
4229,ST0645,F036,SUB019,1,1,2,1,1,1,Concepts not explained clearly.,Negative,2025-09-20
3739,ST0881,F021,SUB020,2,2,2,1,1,2,Concepts not explained clearly.,Negative,2025-12-09
765,ST0931,F027,SUB005,2,2,1,2,1,2,Concepts not explained clearly.,Negative,2025-07-05
396,ST0194,F026,SUB004,2,2,1,1,1,1,Concepts not explained clearly.,Negative,2025-05-08
1034,ST0379,F007,SUB007,1,1,1,1,2,1,Concepts not explained clearly.,Negative,2025-05-20
754,ST0212,F016,SUB029,2,2,1,1,1,1,Concepts not explained clearly.,Negative,2025-02-13
3570,ST0663,F012,SUB010,1,1,1,1,2,2,Concepts not explained clearly.,Negative,2025-01-24
3747,ST0096,F029,SUB006,1,1,2,1,2,2,Concepts not explained clearly.,Negative,2025-11-02
579,ST0417,F012,SUB027,1,1,1,1,2,2,Concepts not explained clearly.,Negative,2025-05-01
3639,ST0015,F024,SUB030,1,2,1,2,2,1,Concepts not explained clearly.,Negative,2025-06-07
1541,ST0043,F012,SUB024,2,1,1,2,2,2,Concepts not explained clearly.,Negative,2025-06-20
3615,ST0053,F011,SUB012,1,1,2,1,1,2,Concepts not explained clearly.,Negative,2025-06-28
3964,ST0962,F031,SUB029,1,1,1,2,1,2,Concepts not explained clearly.,Negative,2025-09-17
1275,ST0658,F032,SUB022,2,2,2,2,2,1,Concepts not explained clearly.,Negative,2025-06-07
3919,ST0094,F015,SUB013,1,1,1,1,1,1,Concepts not explained clearly.,Negative,2025-08-10
3772,ST0913,F006,SUB005,1,1,1,1,2,2,Concepts not explained clearly.,Negative,2025-08-30
4196,ST0872,F035,SUB003,2,2,2,2,2,1,Concepts not explained clearly.,Negative,2025-05-28
3987,ST0609,F009,SUB022,1,1,1,2,1,1,Concepts not explained clearly.,Negative,2025-07-08
3661,ST0617,F010,SUB003,2,2,2,1,1,2,Concepts not explained clearly.,Negative,2025-09-08
1247,ST0465,F012,SUB004,2,2,1,2,1,1,Concepts not explained clearly.,Negative,2025-10-13
3664,ST0938,F028,SUB026,2,1,1,1,2,1,Concepts not explained clearly.,Negative,2025-01-14
621,ST0425,F016,SUB019,1,2,1,1,1,2,Concepts not explained clearly.,Negative,2025-03-25
3654,ST0544,F004,SUB016,1,2,1,1,2,2,Concepts not explained clearly.,Negative,2025-05-16
3669,ST0225,F035,SUB014,1,2,1,2,1,1,Concepts not explained clearly.,Negative,2025-07-17
4897,ST0002,F017,SUB009,2,2,1,1,2,1,Concepts not explained clearly.,Negative,2025-10-24
411,ST0390,F029,SUB025,2,1,1,2,1,1,Concepts not explained clearly.,Negative,2025-07-31
3792,ST0937,F007,SUB011,1,2,2,2,1,1,Concepts not explained clearly.,Negative,2025-03-22
982,ST0876,F039,SUB012,2,2,1,2,2,1,Concepts not explained clearly.,Negative,2025-03-23
520,ST0736,F023,SUB005,1,2,1,2,1,1,Concepts not explained clearly.,Negative,2025-05-15
3765,ST0087,F015,SUB009,2,1,1,1,2,2,Concepts not explained clearly.,Negative,2025-11-02
2469,ST0965,F033,SUB021,5,4,4,4,4,5,Excellent teaching and explanation.,Positive,2025-07-30
500,ST0100,F034,SUB007,5,4,5,4,4,5,Excellent teaching and explanation.,Positive,2025-09-09
2280,ST0248,F009,SUB014,5,4,5,5,4,4,Excellent teaching and explanation.,Positive,2025-05-31
4337,ST0433,F038,SUB001,4,4,5,5,4,4,Excellent teaching and explanation.,Positive,2025-01-23
166,ST0679,F028,SUB019,5,5,4,5,4,5,Excellent teaching and explanation.,Positive,2025-04-14
960,ST0476,F006,SUB010,4,4,5,5,5,4,Excellent teaching and explanation.,Positive,2025-12-22
3777,ST0673,F031,SUB015,5,4,5,4,5,5,Excellent teaching and explanation.,Positive,2025-06-18
3282,ST0008,F039,SUB016,4,5,4,4,4,5,Excellent teaching and explanation.,Positive,2025-03-06
4506,ST0294,F029,SUB003,4,5,4,4,5,5,Excellent teaching and explanation.,Positive,2025-11-07
3729,ST0963,F005,SUB030,4,5,4,5,5,5,Excellent teaching and explanation.,Positive,2025-08-26
2457,ST0880,F008,SUB012,5,4,4,5,5,5,Excellent teaching and explanation.,Positive,2025-04-19
4076,ST0006,F021,SUB024,5,4,4,4,4,5,Excellent teaching and explanation.,Positive,2025-01-12
1048,ST0313,F011,SUB018,5,5,5,5,4,5,Excellent teaching and explanation.,Positive,2025-08-20
2274,ST0378,F034,SUB026,4,5,4,5,4,5,Excellent teaching and explanation.,Positive,2025-01-07
3970,ST0890,F012,SUB019,5,4,4,5,4,5,Excellent teaching and explanation.,Positive,2025-02-15
4954,ST0421,F006,SUB013,4,4,5,4,4,4,Excellent teaching and explanation.,Positive,2025-11-10
1054,ST0372,F031,SUB003,4,5,5,5,4,4,Excellent teaching and explanation.,Positive,2025-12-10
1561,ST0110,F010,SUB005,4,4,5,5,5,5,Excellent teaching and explanation.,Positive,2025-01-17
127,ST0220,F035,SUB014,5,4,4,4,5,5,Excellent teaching and explanation.,Positive,2025-12-30
1083,ST0901,F030,SUB005,5,5,4,5,4,4,Excellent teaching and explanation.,Positive,2025-01-15
1073,ST0886,F015,SUB030,4,4,5,4,5,4,Excellent teaching and explanation.,Positive,2025-12-11
3271,ST0314,F027,SUB012,4,4,4,5,5,4,Excellent teaching and explanation.,Positive,2025-08-14
3270,ST0216,F016,SUB021,4,4,5,4,4,5,Excellent teaching and explanation.,Positive,2025-02-23
1075,ST0626,F028,SUB030,5,4,4,4,4,4,Excellent teaching and explanation.,Positive,2025-09-08
1062,ST0244,F027,SUB030,5,5,5,5,5,4,Excellent teaching and explanation.,Positive,2025-10-26
4753,ST0098,F034,SUB014,5,5,4,4,4,5,Excellent teaching and explanation.,Positive,2025-08-31
3266,ST0766,F001,SUB007,5,4,4,5,4,4,Excellent teaching and explanation.,Positive,2025-12-18
1072,ST0877,F034,SUB019,5,4,5,4,5,5,Excellent teaching and explanation.,Positive,2025-03-03
3264,ST0871,F005,SUB025,5,5,5,4,5,5,Excellent teaching and explanation.,Positive,2025-02-25
4533,ST0792,F037,SUB029,5,4,4,4,5,5,Excellent teaching and explanation.,Positive,2025-07-05
2319,ST0204,F001,SUB029,5,5,5,5,5,4,Excellent teaching and explanation.,Positive,2025-10-11
2322,ST0572,F005,SUB018,4,4,4,5,4,5,Excellent teaching and explanation.,Positive,2025-12-30
2323,ST0689,F022,SUB021,5,4,4,5,4,4,Excellent teaching and explanation.,Positive,2025-12-30
1055,ST0629,F037,SUB026,5,5,5,5,4,4,Excellent teaching and explanation.,Positive,2025-08-04
4948,ST0419,F008,SUB001,5,4,5,5,5,4,Excellent teaching and explanation.,Positive,2025-10-08
3279,ST0732,F008,SUB011,4,5,4,5,5,5,Excellent teaching and explanation.,Positive,2025-11-05
4232,ST0685,F030,SUB002,5,5,4,5,5,5,Excellent teaching and explanation.,Positive,2025-06-15
171,ST0850,F008,SUB003,4,4,5,4,5,5,Excellent teaching and explanation.,Positive,2025-06-19
4525,ST0109,F001,SUB003,4,4,4,4,4,4,Excellent teaching and explanation.,Positive,2025-04-05
1036,ST0202,F032,SUB007,5,4,5,5,4,5,Excellent teaching and explanation.,Positive,2025-05-23
3759,ST0915,F013,SUB020,5,5,4,5,4,5,Excellent teaching and explanation.,Positive,2025-08-25
2401,ST0311,F021,SUB002,4,4,5,4,5,5,Excellent teaching and explanation.,Positive,2025-10-17
2439,ST0112,F033,SUB014,4,5,5,5,5,4,Excellent teaching and explanation.,Positive,2025-03-19
979,ST0084,F003,SUB007,4,5,4,5,5,5,Excellent teaching and explanation.,Positive,2025-05-19
2406,ST0830,F019,SUB009,5,4,4,4,5,5,Excellent teaching and explanation.,Positive,2025-08-15
3763,ST0034,F017,SUB012,4,4,4,5,4,5,Excellent teaching and explanation.,Positive,2025-10-09
2429,ST0013,F001,SUB026,4,4,4,5,4,5,Excellent teaching and explanation.,Positive,2025-01-30
2428,ST0105,F023,SUB028,5,4,5,4,4,4,Excellent teaching and explanation.,Positive,2025-07-28
975,ST0240,F033,SUB013,5,4,5,5,4,4,Excellent teaching and explanation.,Positive,2025-02-26
4086,ST0004,F040,SUB004,4,5,5,5,5,4,Excellent teaching and explanation.,Positive,2025-11-25
4521,ST0485,F018,SUB012,5,4,5,5,5,4,Excellent teaching and explanation.,Positive,2025-09-07
4768,ST0516,F031,SUB026,4,4,5,5,5,4,Excellent teaching and explanation.,Positive,2025-05-16
4520,ST0979,F020,SUB025,4,4,5,4,5,4,Excellent teaching and explanation.,Positive,2025-12-15
516,ST0330,F030,SUB020,4,5,5,5,4,5,Excellent teaching and explanation.,Positive,2025-02-04
136,ST0331,F003,SUB024,5,5,4,5,5,5,Excellent teaching and explanation.,Positive,2025-08-09
984,ST0744,F002,SUB010,4,5,4,5,4,4,Excellent teaching and explanation.,Positive,2025-01-06
139,ST0959,F012,SUB005,5,4,5,5,5,4,Excellent teaching and explanation.,Positive,2025-09-26
4519,ST0513,F019,SUB020,5,5,4,5,4,4,Excellent teaching and explanation.,Positive,2025-10-02
2411,ST0125,F030,SUB030,5,5,5,5,5,5,Excellent teaching and explanation.,Positive,2025-09-29
2397,ST0902,F009,SUB003,5,4,5,4,4,5,Excellent teaching and explanation.,Positive,2025-10-02
2394,ST0525,F018,SUB006,5,5,4,4,5,4,Excellent teaching and explanation.,Positive,2025-03-18
3212,ST0176,F013,SUB021,4,5,4,4,4,5,Excellent teaching and explanation.,Positive,2025-10-31
4077,ST0302,F002,SUB004,5,4,5,4,4,4,Excellent teaching and explanation.,Positive,2025-05-11
2452,ST0068,F001,SUB016,4,4,4,5,5,5,Excellent teaching and explanation.,Positive,2025-11-16
2423,ST0526,F004,SUB005,5,4,4,4,5,4,Excellent teaching and explanation.,Positive,2025-07-18
504,ST0331,F012,SUB030,4,5,5,5,5,4,Excellent teaching and explanation.,Positive,2025-11-27
1031,ST0785,F022,SUB017,5,5,5,4,5,4,Excellent teaching and explanation.,Positive,2025-09-20
3244,ST0701,F017,SUB027,5,5,5,5,4,4,Excellent teaching and explanation.,Positive,2025-04-05
3239,ST0312,F032,SUB020,4,5,4,4,4,5,Excellent teaching and explanation.,Positive,2025-06-28
2371,ST0862,F019,SUB022,4,5,5,4,5,4,Excellent teaching and explanation.,Positive,2025-08-26
1022,ST0921,F010,SUB001,4,4,4,4,4,5,Excellent teaching and explanation.,Positive,2025-08-04
3238,ST0879,F037,SUB022,4,4,4,5,5,5,Excellent teaching and explanation.,Positive,2025-10-23
154,ST0165,F030,SUB004,4,4,4,4,5,4,Excellent teaching and explanation.,Positive,2025-12-07
4957,ST0841,F001,SUB016,4,5,4,5,5,5,Excellent teaching and explanation.,Positive,2025-10-07
511,ST0064,F029,SUB026,5,4,4,4,4,5,Excellent teaching and explanation.,Positive,2025-01-20
3965,ST0100,F018,SUB002,4,4,5,4,5,5,Excellent teaching and explanation.,Positive,2025-02-11
4772,ST0844,F035,SUB020,4,4,4,4,5,4,Excellent teaching and explanation.,Positive,2025-12-09
3770,ST0336,F003,SUB024,5,4,4,4,4,4,Excellent teaching and explanation.,Positive,2025-11-11
3211,ST0606,F010,SUB013,4,4,5,4,5,4,Excellent teaching and explanation.,Positive,2025-12-19
3757,ST0348,F032,SUB004,4,4,5,4,4,5,Excellent teaching and explanation.,Positive,2025-11-29
1005,ST0300,F040,SUB027,4,4,5,4,5,4,Excellent teaching and explanation.,Positive,2025-04-15
4528,ST0285,F011,SUB004,4,4,4,4,5,4,Excellent teaching and explanation.,Positive,2025-12-08
492,ST0232,F027,SUB004,4,5,4,4,5,4,Excellent teaching and explanation.,Positive,2025-03-18
190,ST0492,F013,SUB002,5,4,4,5,4,4,Excellent teaching and explanation.,Positive,2025-08-22
2269,ST0704,F005,SUB003,5,4,4,5,5,4,Excellent teaching and explanation.,Positive,2025-03-06
2099,ST0641,F012,SUB006,5,5,5,5,4,4,Excellent teaching and explanation.,Positive,2025-09-20
4567,ST0914,F017,SUB004,4,4,4,4,5,5,Excellent teaching and explanation.,Positive,2025-11-29
1219,ST0595,F039,SUB019,4,4,4,5,4,4,Excellent teaching and explanation.,Positive,2025-07-01
3984,ST0328,F033,SUB030,4,4,5,4,5,4,Excellent teaching and explanation.,Positive,2025-06-22
3982,ST0902,F011,SUB006,5,5,5,4,5,5,Excellent teaching and explanation.,Positive,2025-08-31
2111,ST0532,F016,SUB004,4,4,4,5,5,5,Excellent teaching and explanation.,Positive,2025-07-29
2115,ST0770,F018,SUB021,4,5,4,4,4,4,Excellent teaching and explanation.,Positive,2025-12-12
233,ST0634,F024,SUB030,5,4,5,4,4,5,Excellent teaching and explanation.,Positive,2025-07-28
3339,ST0104,F005,SUB026,4,5,5,4,5,4,Excellent teaching and explanation.,Positive,2025-01-31
4175,ST0806,F012,SUB016,4,5,5,5,5,5,Excellent teaching and explanation.,Positive,2025-02-06
2123,ST0339,F032,SUB030,4,4,4,4,5,4,Excellent teaching and explanation.,Positive,2025-09-29
1234,ST0222,F005,SUB018,4,4,4,4,5,5,Excellent teaching and explanation.,Positive,2025-12-29
1198,ST0069,F007,SUB009,5,5,4,4,4,4,Excellent teaching and explanation.,Positive,2025-11-01
3692,ST0500,F038,SUB009,5,4,4,4,5,5,Excellent teaching and explanation.,Positive,2025-08-08
456,ST0388,F001,SUB004,4,5,5,4,5,4,Excellent teaching and explanation.,Positive,2025-06-04
4941,ST0771,F009,SUB025,4,4,5,5,4,5,Excellent teaching and explanation.,Positive,2025-07-18
222,ST0548,F039,SUB005,5,5,4,5,5,4,Excellent teaching and explanation.,Positive,2025-12-10
457,ST0198,F026,SUB013,4,5,4,5,5,5,Excellent teaching and explanation.,Positive,2025-03-31
4559,ST0351,F018,SUB013,5,4,4,4,4,5,Excellent teaching and explanation.,Positive,2025-07-31
2144,ST0459,F008,SUB004,5,4,4,5,5,4,Excellent teaching and explanation.,Positive,2025-05-31
4558,ST0256,F008,SUB001,5,4,4,5,5,4,Excellent teaching and explanation.,Positive,2025-08-09
2149,ST0256,F005,SUB002,5,4,4,4,5,4,Excellent teaching and explanation.,Positive,2025-03-06
1179,ST0337,F029,SUB003,4,4,4,5,4,4,Excellent teaching and explanation.,Positive,2025-01-22
2151,ST0743,F004,SUB020,4,5,5,5,4,4,Excellent teaching and explanation.,Positive,2025-12-26
228,ST0380,F016,SUB005,5,5,4,5,4,4,Excellent teaching and explanation.,Positive,2025-07-17
460,ST0209,F029,SUB001,5,5,5,4,5,4,Excellent teaching and explanation.,Positive,2025-10-09
3347,ST0789,F001,SUB026,5,4,4,5,4,5,Excellent teaching and explanation.,Positive,2025-12-14
1235,ST0551,F007,SUB008,4,5,5,4,4,4,Excellent teaching and explanation.,Positive,2025-07-09
444,ST0638,F036,SUB028,5,4,4,4,5,5,Excellent teaching and explanation.,Positive,2025-12-27
1256,ST0193,F003,SUB020,5,4,4,5,5,5,Excellent teaching and explanation.,Positive,2025-11-26
2053,ST0823,F034,SUB002,4,5,5,4,4,5,Excellent teaching and explanation.,Positive,2025-03-10
1251,ST0698,F013,SUB010,5,4,5,4,4,4,Excellent teaching and explanation.,Positive,2025-04-05
3359,ST0241,F029,SUB026,4,4,4,4,4,4,Excellent teaching and explanation.,Positive,2025-02-09
4938,ST0332,F001,SUB010,5,5,4,4,5,4,Excellent teaching and explanation.,Positive,2025-06-02
1249,ST0604,F031,SUB009,4,5,4,4,4,4,Excellent teaching and explanation.,Positive,2025-08-23
1248,ST0799,F032,SUB001,4,4,5,5,5,4,Excellent teaching and explanation.,Positive,2025-11-21
2063,ST0286,F002,SUB028,4,5,5,4,4,4,Excellent teaching and explanation.,Positive,2025-08-01
3356,ST0385,F005,SUB016,5,4,4,4,4,5,Excellent teaching and explanation.,Positive,2025-07-23
4575,ST0450,F031,SUB022,5,4,5,5,4,5,Excellent teaching and explanation.,Positive,2025-04-20
4317,ST0929,F027,SUB020,5,4,4,5,5,4,Excellent teaching and explanation.,Positive,2025-01-10
4249,ST0568,F029,SUB019,5,5,4,4,5,5,Excellent teaching and explanation.,Positive,2025-12-15
2071,ST0650,F003,SUB001,5,4,5,4,4,5,Excellent teaching and explanation.,Positive,2025-03-14
2072,ST0692,F025,SUB009,5,4,5,5,5,4,Excellent teaching and explanation.,Positive,2025-11-08
2073,ST0571,F021,SUB008,4,5,4,5,4,4,Excellent teaching and explanation.,Positive,2025-11-19
3354,ST0001,F031,SUB020,4,4,5,5,4,5,Excellent teaching and explanation.,Positive,2025-08-28
4571,ST0535,F001,SUB007,4,5,4,5,4,4,Excellent teaching and explanation.,Positive,2025-05-22
3353,ST0854,F006,SUB016,5,4,4,5,4,5,Excellent teaching and explanation.,Positive,2025-07-07
2083,ST0669,F031,SUB019,5,4,4,4,4,4,Excellent teaching and explanation.,Positive,2025-02-07
1237,ST0394,F010,SUB022,4,5,4,4,4,4,Excellent teaching and explanation.,Positive,2025-08-25
3349,ST0410,F003,SUB009,5,5,5,4,4,4,Excellent teaching and explanation.,Positive,2025-05-13
4244,ST0268,F022,SUB025,4,4,5,4,4,4,Excellent teaching and explanation.,Positive,2025-04-04
2088,ST0836,F032,SUB019,4,5,4,5,4,5,Excellent teaching and explanation.,Positive,2025-06-29
4574,ST0497,F027,SUB004,4,4,5,4,4,4,Excellent teaching and explanation.,Positive,2025-10-03
461,ST0474,F009,SUB004,5,4,5,5,5,5,Excellent teaching and explanation.,Positive,2025-04-15
4890,ST0095,F029,SUB024,4,5,4,5,5,5,Excellent teaching and explanation.,Positive,2025-08-10
3321,ST0955,F004,SUB017,4,5,4,5,5,4,Excellent teaching and explanation.,Positive,2025-12-07
3719,ST0233,F032,SUB021,4,5,4,4,5,5,Excellent teaching and explanation.,Positive,2025-04-07
2227,ST0071,F003,SUB030,4,4,4,5,4,5,Excellent teaching and explanation.,Positive,2025-12-14
1114,ST0426,F019,SUB026,5,4,4,4,4,5,Excellent teaching and explanation.,Positive,2025-01-13
480,ST0039,F003,SUB021,5,5,4,5,5,5,Excellent teaching and explanation.,Positive,2025-02-15
4541,ST0434,F035,SUB018,4,4,4,5,4,4,Excellent teaching and explanation.,Positive,2025-10-18
3295,ST0606,F005,SUB017,5,5,4,4,5,5,Excellent teaching and explanation.,Positive,2025-09-24
4069,ST0418,F020,SUB016,5,5,4,5,4,5,Excellent teaching and explanation.,Positive,2025-09-17
3292,ST0225,F019,SUB007,5,5,5,5,4,5,Excellent teaching and explanation.,Positive,2025-05-10
1103,ST0393,F036,SUB018,4,5,5,5,4,5,Excellent teaching and explanation.,Positive,2025-07-09
2246,ST0251,F008,SUB006,5,5,4,4,5,4,Excellent teaching and explanation.,Positive,2025-06-09
3779,ST0700,F027,SUB013,4,5,5,5,5,5,Excellent teaching and explanation.,Positive,2025-04-05
3718,ST0499,F009,SUB028,5,5,4,4,5,4,Excellent teaching and explanation.,Positive,2025-10-30
2248,ST0990,F010,SUB002,5,5,5,4,5,4,Excellent teaching and explanation.,Positive,2025-11-18
3287,ST0827,F039,SUB010,5,5,5,5,4,5,Excellent teaching and explanation.,Positive,2025-09-07
2253,ST0850,F017,SUB018,4,5,4,4,4,5,Excellent teaching and explanation.,Positive,2025-08-29
4539,ST0033,F024,SUB019,5,4,4,4,4,5,Excellent teaching and explanation.,Positive,2025-04-06
189,ST0080,F010,SUB009,4,4,4,5,4,5,Excellent teaching and explanation.,Positive,2025-07-04
2256,ST0221,F006,SUB001,4,5,5,4,5,4,Excellent teaching and explanation.,Positive,2025-09-27
187,ST0078,F012,SUB021,5,5,5,4,4,4,Excellent teaching and explanation.,Positive,2025-07-24
3285,ST0332,F027,SUB015,5,5,5,5,4,5,Excellent teaching and explanation.,Positive,2025-07-22
2264,ST0933,F017,SUB026,4,4,4,5,5,5,Excellent teaching and explanation.,Positive,2025-05-16
1094,ST0865,F038,SUB014,4,4,5,5,5,5,Excellent teaching and explanation.,Positive,2025-01-11
2266,ST0209,F009,SUB013,4,5,4,5,4,4,Excellent teaching and explanation.,Positive,2025-02-10
2268,ST0220,F030,SUB026,4,5,5,5,4,5,Excellent teaching and explanation.,Positive,2025-08-29
1099,ST0281,F034,SUB019,5,4,4,4,4,5,Excellent teaching and explanation.,Positive,2025-03-15
4740,ST0703,F025,SUB028,4,4,5,4,4,4,Excellent teaching and explanation.,Positive,2025-08-19
2220,ST0434,F011,SUB013,5,4,5,5,4,5,Excellent teaching and explanation.,Positive,2025-02-12
3300,ST0947,F007,SUB023,5,4,5,5,5,5,Excellent teaching and explanation.,Positive,2025-07-23
2160,ST0340,F007,SUB007,5,5,4,5,4,5,Excellent teaching and explanation.,Positive,2025-11-26
2161,ST0483,F018,SUB002,4,5,5,4,5,5,Excellent teaching and explanation.,Positive,2025-06-08
4557,ST0926,F020,SUB009,5,4,5,5,5,5,Excellent teaching and explanation.,Positive,2025-04-01
465,ST0691,F039,SUB007,4,5,5,5,4,5,Excellent teaching and explanation.,Positive,2025-10-26
4943,ST0666,F015,SUB017,4,4,4,4,5,5,Excellent teaching and explanation.,Positive,2025-10-22
4322,ST0225,F005,SUB007,5,4,5,5,5,4,Excellent teaching and explanation.,Positive,2025-11-01
4732,ST0371,F020,SUB003,4,5,5,4,5,5,Excellent teaching and explanation.,Positive,2025-07-19
3701,ST0139,F026,SUB022,5,4,4,5,4,4,Excellent teaching and explanation.,Positive,2025-10-31
3315,ST0803,F030,SUB030,5,4,5,5,4,4,Excellent teaching and explanation.,Positive,2025-06-07
4734,ST0667,F004,SUB016,4,5,4,5,4,4,Excellent teaching and explanation.,Positive,2025-02-11
3310,ST0713,F015,SUB016,5,4,4,4,4,4,Excellent teaching and explanation.,Positive,2025-04-02
1156,ST0947,F033,SUB014,5,4,4,4,4,4,Excellent teaching and explanation.,Positive,2025-02-16
3309,ST0936,F029,SUB005,4,4,4,4,4,5,Excellent teaching and explanation.,Positive,2025-12-06
3979,ST0723,F032,SUB003,5,4,5,5,4,5,Excellent teaching and explanation.,Positive,2025-05-29
4326,ST0551,F026,SUB029,5,5,5,5,5,5,Excellent teaching and explanation.,Positive,2025-04-22
3307,ST0440,F003,SUB027,4,4,5,5,4,4,Excellent teaching and explanation.,Positive,2025-05-25
1148,ST0692,F012,SUB018,4,4,4,4,5,5,Excellent teaching and explanation.,Positive,2025-08-27
2192,ST0935,F023,SUB016,5,5,5,5,4,4,Excellent teaching and explanation.,Positive,2025-08-17
473,ST0675,F006,SUB027,5,5,5,4,4,4,Excellent teaching and explanation.,Positive,2025-02-15
2204,ST0091,F024,SUB012,5,5,4,4,4,5,Excellent teaching and explanation.,Positive,2025-10-11
2206,ST0461,F028,SUB010,5,4,5,5,4,4,Excellent teaching and explanation.,Positive,2025-06-21
4944,ST0169,F009,SUB025,5,4,5,5,4,4,Excellent teaching and explanation.,Positive,2025-06-03
2212,ST0114,F001,SUB001,4,5,4,5,4,4,Excellent teaching and explanation.,Positive,2025-01-15
476,ST0487,F035,SUB003,5,4,4,5,5,5,Excellent teaching and explanation.,Positive,2025-02-09
1126,ST0108,F008,SUB001,4,5,4,4,4,4,Excellent teaching and explanation.,Positive,2025-06-26
184,ST0430,F013,SUB013,4,4,4,4,5,4,Excellent teaching and explanation.,Positive,2025-01-27
4502,ST0208,F029,SUB012,5,4,4,4,4,4,Excellent teaching and explanation.,Positive,2025-12-02
3553,ST0046,F025,SUB023,4,4,5,4,4,4,Excellent teaching and explanation.,Positive,2025-08-17
2481,ST0125,F018,SUB016,5,4,4,4,4,4,Excellent teaching and explanation.,Positive,2025-06-21
2790,ST0025,F002,SUB028,5,5,4,5,5,4,Excellent teaching and explanation.,Positive,2025-09-07
756,ST0829,F032,SUB012,4,4,4,4,4,4,Excellent teaching and explanation.,Positive,2025-06-08
54,ST0987,F034,SUB012,5,4,5,4,5,4,Excellent teaching and explanation.,Positive,2025-05-14
2793,ST0694,F024,SUB017,5,5,5,4,4,4,Excellent teaching and explanation.,Positive,2025-02-09
3871,ST0241,F005,SUB022,4,5,5,4,5,4,Excellent teaching and explanation.,Positive,2025-02-16
4425,ST0963,F028,SUB026,4,5,5,5,5,5,Excellent teaching and explanation.,Positive,2025-04-22
4856,ST0045,F016,SUB002,5,4,5,5,5,5,Excellent teaching and explanation.,Positive,2025-04-01
4424,ST0233,F008,SUB015,4,4,4,5,5,5,Excellent teaching and explanation.,Positive,2025-03-31
4423,ST0272,F029,SUB020,5,4,4,5,5,4,Excellent teaching and explanation.,Positive,2025-04-08
4366,ST0600,F021,SUB026,4,4,4,5,4,4,Excellent teaching and explanation.,Positive,2025-02-21
45,ST0191,F020,SUB018,4,5,4,4,5,4,Excellent teaching and explanation.,Positive,2025-02-13
2788,ST0441,F028,SUB017,5,5,4,5,5,4,Excellent teaching and explanation.,Positive,2025-01-03
749,ST0417,F001,SUB008,5,4,4,5,4,4,Excellent teaching and explanation.,Positive,2025-05-07
3079,ST0791,F040,SUB017,5,4,4,4,5,4,Excellent teaching and explanation.,Positive,2025-11-23
2824,ST0703,F024,SUB016,5,5,4,4,4,5,Excellent teaching and explanation.,Positive,2025-09-21
4413,ST0667,F016,SUB029,4,4,4,5,5,5,Excellent teaching and explanation.,Positive,2025-11-04
2828,ST0673,F028,SUB027,5,5,4,5,5,4,Excellent teaching and explanation.,Positive,2025-02-06
4160,ST0404,F036,SUB015,5,4,4,5,5,4,Excellent teaching and explanation.,Positive,2025-09-12
2830,ST0871,F003,SUB011,4,4,5,5,5,5,Excellent teaching and explanation.,Positive,2025-03-07
2831,ST0805,F004,SUB009,4,5,5,5,5,4,Excellent teaching and explanation.,Positive,2025-11-11
2832,ST0655,F029,SUB025,4,4,4,4,4,4,Excellent teaching and explanation.,Positive,2025-07-21
583,ST0626,F037,SUB030,4,5,4,5,4,5,Excellent teaching and explanation.,Positive,2025-05-24
3071,ST0258,F001,SUB028,4,5,5,4,4,4,Excellent teaching and explanation.,Positive,2025-11-15
2851,ST0862,F034,SUB029,5,4,5,4,5,5,Excellent teaching and explanation.,Positive,2025-02-08
4417,ST0042,F028,SUB026,4,4,5,4,5,5,Excellent teaching and explanation.,Positive,2025-11-04
3091,ST0500,F022,SUB009,4,5,4,4,5,4,Excellent teaching and explanation.,Positive,2025-10-25
4132,ST0556,F004,SUB011,5,5,4,5,5,5,Excellent teaching and explanation.,Positive,2025-08-11
2778,ST0570,F005,SUB005,4,5,4,4,4,5,Excellent teaching and explanation.,Positive,2025-10-20
2721,ST0131,F028,SUB023,5,5,4,4,4,5,Excellent teaching and explanation.,Positive,2025-10-08
2722,ST0379,F004,SUB009,5,4,5,5,5,5,Excellent teaching and explanation.,Positive,2025-01-26
2726,ST0359,F007,SUB018,5,5,4,4,5,5,Excellent teaching and explanation.,Positive,2025-05-22
3111,ST0733,F026,SUB005,4,5,4,4,4,4,Excellent teaching and explanation.,Positive,2025-09-19
788,ST0834,F030,SUB030,4,5,5,4,4,5,Excellent teaching and explanation.,Positive,2025-01-05
73,ST0724,F019,SUB025,5,5,4,4,4,5,Excellent teaching and explanation.,Positive,2025-10-26
2737,ST0246,F022,SUB024,5,4,4,4,5,4,Excellent teaching and explanation.,Positive,2025-06-24
783,ST0003,F027,SUB021,5,4,4,4,5,4,Excellent teaching and explanation.,Positive,2025-03-24
4433,ST0761,F026,SUB005,5,4,4,4,4,5,Excellent teaching and explanation.,Positive,2025-06-06
3108,ST0606,F017,SUB010,5,5,5,4,4,5,Excellent teaching and explanation.,Positive,2025-03-07
2743,ST0694,F027,SUB009,5,5,5,4,4,5,Excellent teaching and explanation.,Positive,2025-10-11
570,ST0400,F010,SUB023,4,4,4,5,4,4,Excellent teaching and explanation.,Positive,2025-02-24
3861,ST0849,F030,SUB024,5,5,4,4,5,4,Excellent teaching and explanation.,Positive,2025-01-08
2747,ST0856,F027,SUB007,5,4,5,5,5,4,Excellent teaching and explanation.,Positive,2025-12-01
4122,ST0252,F018,SUB014,4,5,5,5,4,5,Excellent teaching and explanation.,Positive,2025-04-02
575,ST0568,F020,SUB005,4,5,5,4,5,5,Excellent teaching and explanation.,Positive,2025-01-01
2757,ST0716,F031,SUB007,4,5,4,5,5,5,Excellent teaching and explanation.,Positive,2025-08-19
771,ST0912,F033,SUB011,5,4,4,4,4,4,Excellent teaching and explanation.,Positive,2025-09-12
3100,ST0787,F028,SUB019,5,4,4,5,5,5,Excellent teaching and explanation.,Positive,2025-08-21
63,ST0557,F002,SUB013,5,5,4,4,4,5,Excellent teaching and explanation.,Positive,2025-11-27
2767,ST0849,F033,SUB030,4,4,5,4,4,4,Excellent teaching and explanation.,Positive,2025-02-04
2769,ST0512,F024,SUB011,5,4,5,5,4,4,Excellent teaching and explanation.,Positive,2025-05-01
2773,ST0526,F016,SUB013,5,5,5,5,5,4,Excellent teaching and explanation.,Positive,2025-01-18
4129,ST0685,F014,SUB001,4,4,5,5,4,4,Excellent teaching and explanation.,Positive,2025-05-25
3867,ST0688,F020,SUB012,5,5,5,5,4,5,Excellent teaching and explanation.,Positive,2025-12-31
3897,ST0438,F028,SUB009,5,5,5,5,4,4,Excellent teaching and explanation.,Positive,2025-02-08
796,ST0714,F002,SUB008,5,4,4,4,5,4,Excellent teaching and explanation.,Positive,2025-12-21
2859,ST0049,F033,SUB006,5,5,4,5,5,5,Excellent teaching and explanation.,Positive,2025-09-08
3067,ST0796,F040,SUB007,5,4,5,4,4,4,Excellent teaching and explanation.,Positive,2025-09-06
4148,ST0957,F038,SUB017,4,5,4,4,5,5,Excellent teaching and explanation.,Positive,2025-02-03
3029,ST0013,F005,SUB017,5,4,5,4,4,4,Excellent teaching and explanation.,Positive,2025-12-06
3028,ST0103,F010,SUB002,5,4,4,5,5,4,Excellent teaching and explanation.,Positive,2025-03-24
652,ST0735,F026,SUB024,5,5,5,4,4,4,Excellent teaching and explanation.,Positive,2025-03-19
17,ST0707,F012,SUB018,4,4,4,5,5,5,Excellent teaching and explanation.,Positive,2025-06-15
651,ST0459,F032,SUB026,5,4,4,5,4,4,Excellent teaching and explanation.,Positive,2025-08-30
2949,ST0810,F021,SUB024,4,5,4,5,4,4,Excellent teaching and explanation.,Positive,2025-10-22
4993,ST0224,F012,SUB015,5,4,4,5,5,5,Excellent teaching and explanation.,Positive,2025-05-15
643,ST0865,F015,SUB017,4,4,5,4,4,5,Excellent teaching and explanation.,Positive,2025-08-03
642,ST0584,F008,SUB012,5,5,4,5,5,5,Excellent teaching and explanation.,Positive,2025-01-04
2959,ST0583,F011,SUB019,4,5,4,4,5,5,Excellent teaching and explanation.,Positive,2025-03-13
660,ST0733,F021,SUB018,4,4,4,5,5,4,Excellent teaching and explanation.,Positive,2025-09-25
640,ST0837,F003,SUB006,5,4,4,5,5,5,Excellent teaching and explanation.,Positive,2025-08-02
4994,ST0485,F002,SUB008,5,5,5,5,4,5,Excellent teaching and explanation.,Positive,2025-02-26
3020,ST0366,F037,SUB019,4,4,5,4,5,4,Excellent teaching and explanation.,Positive,2025-08-13
11,ST0795,F027,SUB015,5,4,4,4,5,5,Excellent teaching and explanation.,Positive,2025-12-01
4149,ST0201,F018,SUB006,5,5,5,5,4,4,Excellent teaching and explanation.,Positive,2025-11-26
632,ST0903,F007,SUB020,5,4,4,5,5,5,Excellent teaching and explanation.,Positive,2025-01-18
3921,ST0822,F019,SUB015,5,4,5,5,5,4,Excellent teaching and explanation.,Positive,2025-08-27
2980,ST0488,F034,SUB025,4,4,4,4,4,4,Excellent teaching and explanation.,Positive,2025-10-07
2989,ST0924,F032,SUB005,4,5,5,4,5,5,Excellent teaching and explanation.,Positive,2025-08-09
2991,ST0162,F016,SUB008,4,5,4,4,4,5,Excellent teaching and explanation.,Positive,2025-11-14
3,ST0354,F038,SUB013,5,5,4,4,4,5,Excellent teaching and explanation.,Positive,2025-05-18
4380,ST0720,F007,SUB030,4,5,5,5,5,5,Excellent teaching and explanation.,Positive,2025-05-27
3021,ST0360,F015,SUB015,4,4,4,5,5,5,Excellent teaching and explanation.,Positive,2025-05-20
2931,ST0618,F033,SUB010,4,4,4,4,5,5,Excellent teaching and explanation.,Positive,2025-03-26
4844,ST0800,F019,SUB006,5,4,4,4,4,4,Excellent teaching and explanation.,Positive,2025-10-18
3035,ST0969,F011,SUB030,4,5,4,4,5,5,Excellent teaching and explanation.,Positive,2025-01-25
3065,ST0355,F005,SUB018,5,4,5,4,5,5,Excellent teaching and explanation.,Positive,2025-12-25
591,ST0657,F031,SUB021,5,5,4,4,5,5,Excellent teaching and explanation.,Positive,2025-07-22
700,ST0386,F026,SUB003,5,4,4,4,5,4,Excellent teaching and explanation.,Positive,2025-08-28
4404,ST0476,F022,SUB011,5,5,4,5,4,5,Excellent teaching and explanation.,Positive,2025-09-14
2877,ST0072,F037,SUB019,4,5,4,4,5,5,Excellent teaching and explanation.,Positive,2025-03-11
4145,ST0191,F016,SUB024,5,4,4,5,4,4,Excellent teaching and explanation.,Positive,2025-10-10
696,ST0756,F003,SUB012,5,4,5,5,5,4,Excellent teaching and explanation.,Positive,2025-10-06
3056,ST0186,F037,SUB019,4,5,5,5,5,4,Excellent teaching and explanation.,Positive,2025-06-13
692,ST0865,F013,SUB028,4,5,4,5,4,5,Excellent teaching and explanation.,Positive,2025-08-30
2889,ST0679,F007,SUB005,4,5,5,5,5,4,Excellent teaching and explanation.,Positive,2025-11-11
2891,ST0312,F006,SUB012,4,4,4,4,4,4,Excellent teaching and explanation.,Positive,2025-09-11
594,ST0526,F013,SUB019,4,5,5,5,5,5,Excellent teaching and explanation.,Positive,2025-09-02
2893,ST0772,F009,SUB025,5,4,5,4,5,5,Excellent teaching and explanation.,Positive,2025-09-04
4401,ST0179,F008,SUB019,5,5,5,4,4,5,Excellent teaching and explanation.,Positive,2025-08-08
3052,ST0515,F014,SUB015,5,5,4,4,5,4,Excellent teaching and explanation.,Positive,2025-12-10
4842,ST0588,F005,SUB008,5,4,5,4,4,4,Excellent teaching and explanation.,Positive,2025-02-15
4853,ST0758,F027,SUB007,5,4,5,4,5,5,Excellent teaching and explanation.,Positive,2025-02-16
4991,ST0983,F026,SUB026,5,4,4,5,4,5,Excellent teaching and explanation.,Positive,2025-05-20
3045,ST0254,F012,SUB019,5,4,5,5,4,4,Excellent teaching and explanation.,Positive,2025-01-25
2914,ST0627,F017,SUB010,5,5,4,4,4,5,Excellent teaching and explanation.,Positive,2025-12-06
3043,ST0009,F035,SUB006,4,5,4,5,4,5,Excellent teaching and explanation.,Positive,2025-05-29
4371,ST0122,F005,SUB025,5,4,5,4,4,5,Excellent teaching and explanation.,Positive,2025-08-05
3041,ST0424,F022,SUB025,5,4,5,4,4,4,Excellent teaching and explanation.,Positive,2025-11-28
4393,ST0360,F020,SUB028,4,5,4,4,5,4,Excellent teaching and explanation.,Positive,2025-08-16
2920,ST0353,F010,SUB005,5,5,5,4,4,4,Excellent teaching and explanation.,Positive,2025-07-24
4832,ST0205,F029,SUB013,5,5,5,4,5,5,Excellent teaching and explanation.,Positive,2025-02-03
4116,ST0007,F022,SUB002,5,4,4,4,4,5,Excellent teaching and explanation.,Positive,2025-03-14
4443,ST0335,F010,SUB028,4,4,5,4,4,4,Excellent teaching and explanation.,Positive,2025-10-05
2711,ST0574,F021,SUB029,4,4,4,5,5,5,Excellent teaching and explanation.,Positive,2025-10-20
4094,ST0910,F037,SUB004,5,4,5,4,4,4,Excellent teaching and explanation.,Positive,2025-09-01
3955,ST0076,F036,SUB006,4,4,5,4,5,5,Excellent teaching and explanation.,Positive,2025-09-16
2544,ST0424,F029,SUB022,4,5,4,5,4,4,Excellent teaching and explanation.,Positive,2025-05-03
909,ST0831,F011,SUB019,5,5,4,5,5,5,Excellent teaching and explanation.,Positive,2025-05-30
3169,ST0765,F035,SUB006,4,5,4,4,5,5,Excellent teaching and explanation.,Positive,2025-05-31
4351,ST0499,F039,SUB009,5,4,5,4,4,5,Excellent teaching and explanation.,Positive,2025-12-18
906,ST0685,F008,SUB017,4,4,4,4,4,5,Excellent teaching and explanation.,Positive,2025-09-10
3162,ST0185,F029,SUB016,5,5,4,4,4,4,Excellent teaching and explanation.,Positive,2025-05-30
903,ST0376,F033,SUB014,4,5,5,5,5,4,Excellent teaching and explanation.,Positive,2025-09-24
900,ST0870,F014,SUB024,5,4,5,4,5,4,Excellent teaching and explanation.,Positive,2025-03-23
2561,ST0246,F033,SUB028,5,4,5,5,5,5,Excellent teaching and explanation.,Positive,2025-03-17
914,ST0772,F015,SUB022,4,5,4,5,4,5,Excellent teaching and explanation.,Positive,2025-06-29
3157,ST0109,F006,SUB014,5,5,5,4,4,4,Excellent teaching and explanation.,Positive,2025-05-22
3803,ST0934,F008,SUB008,4,4,4,5,4,5,Excellent teaching and explanation.,Positive,2025-07-29
897,ST0281,F021,SUB021,5,4,5,4,4,4,Excellent teaching and explanation.,Positive,2025-08-07
2567,ST0920,F036,SUB010,5,5,4,4,4,5,Excellent teaching and explanation.,Positive,2025-11-20
112,ST0330,F002,SUB013,5,5,4,5,4,4,Excellent teaching and explanation.,Positive,2025-07-04
2572,ST0450,F014,SUB027,4,5,4,5,4,5,Excellent teaching and explanation.,Positive,2025-07-06
3805,ST0610,F017,SUB018,4,4,4,4,5,4,Excellent teaching and explanation.,Positive,2025-02-01
2579,ST0014,F025,SUB020,4,4,5,4,4,5,Excellent teaching and explanation.,Positive,2025-01-22
3154,ST0223,F001,SUB021,4,5,5,4,5,4,Excellent teaching and explanation.,Positive,2025-09-28
891,ST0654,F014,SUB029,4,5,5,5,5,4,Excellent teaching and explanation.,Positive,2025-01-09
890,ST0130,F033,SUB013,4,4,4,5,5,4,Excellent teaching and explanation.,Positive,2025-12-16
887,ST0451,F016,SUB019,5,4,5,5,5,5,Excellent teaching and explanation.,Positive,2025-12-24
2563,ST0416,F020,SUB020,5,5,4,5,5,5,Excellent teaching and explanation.,Positive,2025-02-23
915,ST0198,F032,SUB020,5,5,5,5,4,4,Excellent teaching and explanation.,Positive,2025-12-22
2533,ST0160,F032,SUB022,5,5,4,4,5,5,Excellent teaching and explanation.,Positive,2025-12-29
4093,ST0609,F025,SUB022,5,5,5,4,5,5,Excellent teaching and explanation.,Positive,2025-03-15
3196,ST0423,F008,SUB007,5,4,5,4,4,4,Excellent teaching and explanation.,Positive,2025-03-14
3195,ST0729,F025,SUB005,5,5,4,5,4,5,Excellent teaching and explanation.,Positive,2025-11-17
4492,ST0425,F019,SUB017,4,4,5,5,4,4,Excellent teaching and explanation.,Positive,2025-08-27
4777,ST0250,F001,SUB009,4,5,4,5,4,4,Excellent teaching and explanation.,Positive,2025-03-19
4345,ST0630,F018,SUB016,5,4,5,4,4,4,Excellent teaching and explanation.,Positive,2025-07-07
2496,ST0807,F015,SUB011,4,4,4,5,5,4,Excellent teaching and explanation.,Positive,2025-07-15
524,ST0956,F029,SUB028,5,5,4,5,4,4,Excellent teaching and explanation.,Positive,2025-04-27
4346,ST0177,F015,SUB008,4,5,4,5,4,4,Excellent teaching and explanation.,Positive,2025-05-08
2502,ST0597,F017,SUB017,5,5,5,4,4,4,Excellent teaching and explanation.,Positive,2025-12-20
124,ST0075,F018,SUB006,5,5,4,4,4,5,Excellent teaching and explanation.,Positive,2025-06-23
3961,ST0869,F024,SUB024,5,5,4,5,5,5,Excellent teaching and explanation.,Positive,2025-09-23
3959,ST0750,F038,SUB030,4,4,4,5,5,5,Excellent teaching and explanation.,Positive,2025-02-02
2507,ST0857,F005,SUB017,4,4,4,5,4,4,Excellent teaching and explanation.,Positive,2025-07-12
933,ST0400,F012,SUB019,4,4,5,5,5,5,Excellent teaching and explanation.,Positive,2025-01-12
3186,ST0450,F004,SUB014,5,4,4,5,4,5,Excellent teaching and explanation.,Positive,2025-04-18
3958,ST0313,F039,SUB014,5,5,5,5,4,4,Excellent teaching and explanation.,Positive,2025-08-11
120,ST0128,F025,SUB009,4,4,5,4,5,5,Excellent teaching and explanation.,Positive,2025-09-23
3184,ST0134,F025,SUB023,4,5,4,4,4,5,Excellent teaching and explanation.,Positive,2025-01-04
2520,ST0906,F030,SUB015,4,5,5,4,5,5,Excellent teaching and explanation.,Positive,2025-10-24
2521,ST0300,F011,SUB005,5,5,5,4,4,4,Excellent teaching and explanation.,Positive,2025-09-08
925,ST0525,F005,SUB030,4,4,5,4,5,5,Excellent teaching and explanation.,Positive,2025-10-15
922,ST0289,F015,SUB017,5,5,5,4,4,4,Excellent teaching and explanation.,Positive,2025-05-09
3178,ST0555,F033,SUB009,5,5,4,5,4,5,Excellent teaching and explanation.,Positive,2025-07-21
3794,ST0591,F003,SUB013,5,5,5,4,5,5,Excellent teaching and explanation.,Positive,2025-09-29
4485,ST0736,F001,SUB010,5,5,4,5,4,5,Excellent teaching and explanation.,Positive,2025-06-27
2589,ST0295,F032,SUB011,5,5,5,4,4,5,Excellent teaching and explanation.,Positive,2025-01-27
881,ST0880,F035,SUB006,5,5,5,4,4,4,Excellent teaching and explanation.,Positive,2025-04-25
3148,ST0427,F017,SUB002,4,4,4,4,5,5,Excellent teaching and explanation.,Positive,2025-10-26
4868,ST0202,F028,SUB023,5,4,4,5,5,4,Excellent teaching and explanation.,Positive,2025-01-01
3834,ST0636,F028,SUB018,5,5,4,4,4,5,Excellent teaching and explanation.,Positive,2025-02-05
3836,ST0243,F016,SUB008,4,4,5,4,4,4,Excellent teaching and explanation.,Positive,2025-09-18
2660,ST0364,F029,SUB015,5,5,5,5,4,4,Excellent teaching and explanation.,Positive,2025-02-06
4459,ST0617,F025,SUB025,4,4,4,4,4,5,Excellent teaching and explanation.,Positive,2025-08-10
3122,ST0428,F004,SUB020,5,4,4,4,4,5,Excellent teaching and explanation.,Positive,2025-09-06
2668,ST0866,F022,SUB027,5,4,5,5,4,4,Excellent teaching and explanation.,Positive,2025-04-13
3842,ST0208,F028,SUB001,5,4,5,4,5,5,Excellent teaching and explanation.,Positive,2025-10-25
4108,ST0122,F010,SUB006,5,4,4,5,5,4,Excellent teaching and explanation.,Positive,2025-07-07
2671,ST0340,F017,SUB018,4,4,5,4,4,5,Excellent teaching and explanation.,Positive,2025-04-10
2673,ST0226,F034,SUB022,4,4,4,4,4,4,Excellent teaching and explanation.,Positive,2025-09-02
2674,ST0344,F003,SUB027,4,4,4,5,5,4,Excellent teaching and explanation.,Positive,2025-12-03
2677,ST0483,F038,SUB020,5,5,5,4,4,5,Excellent teaching and explanation.,Positive,2025-06-23
3121,ST0413,F025,SUB006,4,4,5,5,4,4,Excellent teaching and explanation.,Positive,2025-01-19
4453,ST0638,F034,SUB026,5,4,5,5,5,5,Excellent teaching and explanation.,Positive,2025-03-18
3845,ST0817,F014,SUB020,4,5,5,5,5,5,Excellent teaching and explanation.,Positive,2025-04-25
4110,ST0508,F040,SUB004,5,5,5,4,4,5,Excellent teaching and explanation.,Positive,2025-05-13
81,ST0692,F014,SUB009,4,5,5,4,4,4,Excellent teaching and explanation.,Positive,2025-10-15
803,ST0530,F015,SUB021,4,5,5,4,4,5,Excellent teaching and explanation.,Positive,2025-02-17
2696,ST0228,F009,SUB023,5,5,5,5,5,4,Excellent teaching and explanation.,Positive,2025-02-26
4449,ST0714,F029,SUB021,4,5,5,4,5,4,Excellent teaching and explanation.,Positive,2025-09-03
2702,ST0145,F011,SUB012,4,5,5,4,4,4,Excellent teaching and explanation.,Positive,2025-06-01
2705,ST0774,F021,SUB015,5,5,4,4,4,4,Excellent teaching and explanation.,Positive,2025-07-10
2708,ST0341,F037,SUB002,5,5,5,5,4,5,Excellent teaching and explanation.,Positive,2025-07-13
3114,ST0798,F037,SUB009,5,4,4,5,4,5,Excellent teaching and explanation.,Positive,2025-07-15
2710,ST0935,F038,SUB006,5,4,4,5,4,5,Excellent teaching and explanation.,Positive,2025-06-03
2655,ST0663,F003,SUB006,5,4,4,5,4,4,Excellent teaching and explanation.,Positive,2025-09-17
951,ST0234,F020,SUB012,5,4,5,5,5,5,Excellent teaching and explanation.,Positive,2025-02-15
2653,ST0611,F005,SUB008,4,4,4,5,5,4,Excellent teaching and explanation.,Positive,2025-06-11
95,ST0842,F034,SUB016,4,5,5,5,5,4,Excellent teaching and explanation.,Positive,2025-09-18
4793,ST0812,F010,SUB009,4,4,5,4,5,4,Excellent teaching and explanation.,Positive,2025-11-20
544,ST0328,F024,SUB023,5,4,4,5,5,5,Excellent teaching and explanation.,Positive,2025-05-13
107,ST0886,F021,SUB004,5,5,5,5,4,5,Excellent teaching and explanation.,Positive,2025-02-22
4169,ST0639,F014,SUB021,4,4,4,5,4,4,Excellent teaching and explanation.,Positive,2025-06-18
859,ST0517,F022,SUB011,4,5,4,5,4,4,Excellent teaching and explanation.,Positive,2025-07-06
858,ST0251,F008,SUB027,4,5,4,4,4,5,Excellent teaching and explanation.,Positive,2025-04-27
2615,ST0963,F031,SUB027,5,5,4,4,4,5,Excellent teaching and explanation.,Positive,2025-07-24
4098,ST0708,F017,SUB023,4,4,5,5,5,4,Excellent teaching and explanation.,Positive,2025-06-14
2620,ST0870,F025,SUB024,5,4,4,4,4,4,Excellent teaching and explanation.,Positive,2025-10-13
2622,ST0481,F013,SUB018,4,5,4,4,4,4,Excellent teaching and explanation.,Positive,2025-01-31
550,ST0613,F017,SUB028,5,4,5,5,4,5,Excellent teaching and explanation.,Positive,2025-03-25
2624,ST0428,F024,SUB002,5,5,5,5,5,4,Excellent teaching and explanation.,Positive,2025-11-21
4799,ST0176,F007,SUB009,5,5,4,4,4,5,Excellent teaching and explanation.,Positive,2025-06-17
102,ST0761,F015,SUB025,4,5,5,5,4,4,Excellent teaching and explanation.,Positive,2025-12-12
853,ST0265,F015,SUB005,5,5,5,5,5,5,Excellent teaching and explanation.,Positive,2025-09-20
2632,ST0649,F021,SUB021,5,5,5,5,5,4,Excellent teaching and explanation.,Positive,2025-01-27
2633,ST0967,F036,SUB020,4,5,4,4,5,5,Excellent teaching and explanation.,Positive,2025-08-20
2635,ST0334,F038,SUB008,4,4,4,5,4,4,Excellent teaching and explanation.,Positive,2025-01-14
4101,ST0084,F017,SUB011,5,5,4,4,5,4,Excellent teaching and explanation.,Positive,2025-02-19
847,ST0698,F007,SUB005,5,5,4,4,5,4,Excellent teaching and explanation.,Positive,2025-04-12
3824,ST0880,F038,SUB027,5,5,5,4,5,5,Excellent teaching and explanation.,Positive,2025-11-27
553,ST0469,F028,SUB023,5,5,4,5,5,5,Excellent teaching and explanation.,Positive,2025-08-19
3826,ST0555,F018,SUB028,5,4,4,5,5,5,Excellent teaching and explanation.,Positive,2025-06-03
4801,ST0822,F014,SUB013,5,5,5,4,5,5,Excellent teaching and explanation.,Positive,2025-12-27
838,ST0916,F007,SUB006,5,4,5,4,5,4,Excellent teaching and explanation.,Positive,2025-12-07
4107,ST0806,F032,SUB018,5,4,4,5,4,4,Excellent teaching and explanation.,Positive,2025-08-01
2047,ST0756,F025,SUB021,5,5,5,5,5,4,Excellent teaching and explanation.,Positive,2025-08-16
181,ST0467,F037,SUB007,4,5,4,5,4,4,Excellent teaching and explanation.,Positive,2025-08-21
3469,ST0348,F002,SUB017,5,4,4,4,5,5,Excellent teaching and explanation.,Positive,2025-05-05
281,ST0702,F036,SUB022,5,4,4,4,4,4,Excellent teaching and explanation.,Positive,2025-02-14
1580,ST0114,F039,SUB003,5,4,5,4,4,4,Excellent teaching and explanation.,Positive,2025-05-25
3419,ST0830,F036,SUB007,5,4,4,4,5,4,Excellent teaching and explanation.,Positive,2025-07-18
4034,ST0310,F031,SUB029,4,4,5,4,5,4,Excellent teaching and explanation.,Positive,2025-06-24
3542,ST0761,F016,SUB004,5,4,4,5,5,5,Excellent teaching and explanation.,Positive,2025-02-25
1904,ST0693,F008,SUB025,5,4,5,4,4,4,Excellent teaching and explanation.,Positive,2025-05-11
280,ST0171,F018,SUB006,4,4,4,4,4,4,Excellent teaching and explanation.,Positive,2025-01-26
1457,ST0577,F007,SUB024,4,4,5,4,4,5,Excellent teaching and explanation.,Positive,2025-10-14
1907,ST0830,F011,SUB021,5,4,4,5,4,4,Excellent teaching and explanation.,Positive,2025-12-13
1458,ST0671,F018,SUB026,5,5,5,4,4,5,Excellent teaching and explanation.,Positive,2025-02-05
3587,ST0738,F026,SUB006,5,5,5,4,5,4,Excellent teaching and explanation.,Positive,2025-01-08
1461,ST0770,F012,SUB026,5,5,5,4,5,4,Excellent teaching and explanation.,Positive,2025-09-05
3625,ST0727,F033,SUB018,5,4,5,5,4,5,Excellent teaching and explanation.,Positive,2025-05-13
3491,ST0728,F009,SUB004,4,4,4,4,5,5,Excellent teaching and explanation.,Positive,2025-08-21
3544,ST0219,F030,SUB022,4,4,4,4,4,5,Excellent teaching and explanation.,Positive,2025-09-25
1347,ST0047,F004,SUB011,5,4,5,5,5,5,Excellent teaching and explanation.,Positive,2025-02-11
1710,ST0020,F011,SUB018,4,5,5,4,4,4,Excellent teaching and explanation.,Positive,2025-09-24
365,ST0027,F008,SUB017,5,4,4,4,5,5,Excellent teaching and explanation.,Positive,2025-11-02
1725,ST0316,F018,SUB026,4,4,5,5,5,4,Excellent teaching and explanation.,Positive,2025-07-09
1365,ST0150,F007,SUB002,5,4,5,4,4,5,Excellent teaching and explanation.,Positive,2025-03-07
1363,ST0391,F011,SUB021,5,5,5,4,5,5,Excellent teaching and explanation.,Positive,2025-10-08
3618,ST0433,F017,SUB028,4,5,4,4,5,5,Excellent teaching and explanation.,Positive,2025-01-29
1361,ST0065,F025,SUB021,5,4,4,5,4,5,Excellent teaching and explanation.,Positive,2025-01-16
3430,ST0884,F022,SUB020,5,4,4,4,4,5,Excellent teaching and explanation.,Positive,2025-06-08
1736,ST0647,F036,SUB006,4,4,5,5,5,5,Excellent teaching and explanation.,Positive,2025-10-12
284,ST0339,F038,SUB018,5,5,4,4,4,4,Excellent teaching and explanation.,Positive,2025-08-05
3590,ST0179,F011,SUB028,5,5,4,4,4,5,Excellent teaching and explanation.,Positive,2025-10-12
4635,ST0381,F029,SUB011,4,4,4,5,4,5,Excellent teaching and explanation.,Positive,2025-04-15
3620,ST0097,F023,SUB026,5,4,5,5,5,4,Excellent teaching and explanation.,Positive,2025-04-06
1353,ST0808,F039,SUB005,4,4,4,4,4,5,Excellent teaching and explanation.,Positive,2025-10-05
1351,ST0885,F015,SUB030,4,4,4,4,5,4,Excellent teaching and explanation.,Positive,2025-03-24
1450,ST0593,F025,SUB003,5,5,5,5,5,4,Excellent teaching and explanation.,Positive,2025-09-27
4926,ST0816,F010,SUB001,5,4,4,4,4,5,Excellent teaching and explanation.,Positive,2025-07-13
1453,ST0820,F007,SUB002,4,5,5,5,4,4,Excellent teaching and explanation.,Positive,2025-09-12
425,ST0364,F016,SUB019,4,4,5,4,5,5,Excellent teaching and explanation.,Positive,2025-12-02
1583,ST0782,F021,SUB015,5,4,5,4,4,4,Excellent teaching and explanation.,Positive,2025-08-02
1550,ST0978,F019,SUB012,4,5,4,4,4,4,Excellent teaching and explanation.,Positive,2025-04-30
4623,ST0524,F040,SUB008,5,5,4,5,4,4,Excellent teaching and explanation.,Positive,2025-12-21
3401,ST0566,F037,SUB024,4,4,5,4,4,4,Excellent teaching and explanation.,Positive,2025-04-05
3996,ST0746,F012,SUB026,4,5,5,4,5,5,Excellent teaching and explanation.,Positive,2025-04-21
1693,ST0267,F037,SUB009,5,5,5,5,4,5,Excellent teaching and explanation.,Positive,2025-06-17
3498,ST0020,F025,SUB021,5,4,5,5,5,4,Excellent teaching and explanation.,Positive,2025-11-14
1474,ST0036,F031,SUB002,4,5,4,5,5,5,Excellent teaching and explanation.,Positive,2025-08-24
1946,ST0773,F029,SUB018,5,5,5,4,5,4,Excellent teaching and explanation.,Positive,2025-03-31
3995,ST0481,F028,SUB015,5,4,4,5,5,4,Excellent teaching and explanation.,Positive,2025-07-22
4679,ST0626,F021,SUB028,4,5,4,5,4,4,Excellent teaching and explanation.,Positive,2025-08-03
4590,ST0223,F006,SUB016,5,5,5,4,5,4,Excellent teaching and explanation.,Positive,2025-03-09
3527,ST0474,F016,SUB012,4,5,4,5,5,5,Excellent teaching and explanation.,Positive,2025-01-01
267,ST0623,F034,SUB009,5,5,4,5,4,5,Excellent teaching and explanation.,Positive,2025-02-25
3993,ST0276,F001,SUB005,5,5,4,5,5,5,Excellent teaching and explanation.,Positive,2025-12-29
4588,ST0508,F038,SUB010,5,4,5,4,4,5,Excellent teaching and explanation.,Positive,2025-08-30
1485,ST0099,F015,SUB020,4,4,4,4,5,4,Excellent teaching and explanation.,Positive,2025-05-03
1959,ST0037,F029,SUB026,4,5,5,5,5,5,Excellent teaching and explanation.,Positive,2025-05-04
1323,ST0668,F008,SUB007,5,5,4,5,4,4,Excellent teaching and explanation.,Positive,2025-01-25
1339,ST0316,F027,SUB002,4,5,5,5,5,5,Excellent teaching and explanation.,Positive,2025-12-09
1696,ST0947,F030,SUB024,5,5,5,5,4,5,Excellent teaching and explanation.,Positive,2025-08-02
1937,ST0928,F031,SUB008,4,4,4,4,5,4,Excellent teaching and explanation.,Positive,2025-07-11
4019,ST0251,F035,SUB018,4,4,5,5,5,5,Excellent teaching and explanation.,Positive,2025-01-25
1918,ST0933,F017,SUB009,5,4,4,5,5,5,Excellent teaching and explanation.,Positive,2025-05-25
1919,ST0716,F012,SUB019,4,4,4,4,5,5,Excellent teaching and explanation.,Positive,2025-07-27
4186,ST0203,F022,SUB004,5,4,4,5,5,5,Excellent teaching and explanation.,Positive,2025-08-14
1707,ST0448,F032,SUB024,5,4,5,4,5,4,Excellent teaching and explanation.,Positive,2025-06-13
4702,ST0397,F040,SUB025,5,4,4,5,5,5,Excellent teaching and explanation.,Positive,2025-10-02
1551,ST0630,F020,SUB019,5,4,4,5,4,5,Excellent teaching and explanation.,Positive,2025-04-28
386,ST0267,F014,SUB001,4,4,4,5,4,5,Excellent teaching and explanation.,Positive,2025-03-12
1705,ST0194,F017,SUB012,5,4,5,4,5,5,Excellent teaching and explanation.,Positive,2025-11-08
1703,ST0818,F032,SUB001,4,4,4,4,4,4,Excellent teaching and explanation.,Positive,2025-10-09
4594,ST0919,F034,SUB008,5,4,5,4,4,5,Excellent teaching and explanation.,Positive,2025-01-22
4305,ST0369,F008,SUB003,4,4,5,4,4,4,Excellent teaching and explanation.,Positive,2025-05-27
429,ST0477,F006,SUB021,4,5,5,4,5,4,Excellent teaching and explanation.,Positive,2025-02-13
4901,ST0167,F028,SUB007,5,5,5,4,5,4,Excellent teaching and explanation.,Positive,2025-01-25
3404,ST0322,F017,SUB011,4,5,5,5,5,4,Excellent teaching and explanation.,Positive,2025-10-11
1470,ST0451,F035,SUB023,5,4,4,4,5,4,Excellent teaching and explanation.,Positive,2025-03-19
350,ST0957,F023,SUB017,5,4,4,4,4,4,Excellent teaching and explanation.,Positive,2025-04-11
3487,ST0854,F034,SUB010,4,4,4,5,5,5,Excellent teaching and explanation.,Positive,2025-02-16
3540,ST0991,F034,SUB015,4,4,5,5,4,5,Excellent teaching and explanation.,Positive,2025-08-19
1777,ST0500,F015,SUB028,4,4,4,5,5,4,Excellent teaching and explanation.,Positive,2025-12-16
3532,ST0321,F008,SUB008,5,5,4,5,5,5,Excellent teaching and explanation.,Positive,2025-06-13
1775,ST0951,F010,SUB024,5,5,5,5,5,4,Excellent teaching and explanation.,Positive,2025-02-14
4618,ST0262,F038,SUB004,4,4,4,5,5,5,Excellent teaching and explanation.,Positive,2025-10-22
3522,ST0829,F002,SUB018,5,4,5,5,4,4,Excellent teaching and explanation.,Positive,2025-05-24
3560,ST0782,F019,SUB007,4,4,5,4,4,4,Excellent teaching and explanation.,Positive,2025-05-19
4917,ST0607,F012,SUB023,5,5,5,5,5,5,Excellent teaching and explanation.,Positive,2025-01-07
1771,ST0420,F011,SUB009,5,4,4,4,5,4,Excellent teaching and explanation.,Positive,2025-03-29
1770,ST0641,F022,SUB017,5,4,5,4,4,4,Excellent teaching and explanation.,Positive,2025-12-18
4920,ST0488,F009,SUB004,5,4,4,5,4,4,Excellent teaching and explanation.,Positive,2025-11-19
1399,ST0537,F019,SUB023,5,4,5,4,4,4,Excellent teaching and explanation.,Positive,2025-12-10
1427,ST0432,F035,SUB002,5,4,5,4,4,5,Excellent teaching and explanation.,Positive,2025-05-16
1829,ST0364,F018,SUB014,5,5,4,5,5,4,Excellent teaching and explanation.,Positive,2025-11-15
4690,ST0274,F030,SUB021,5,5,5,4,4,4,Excellent teaching and explanation.,Positive,2025-12-12
1767,ST0927,F009,SUB019,5,5,4,5,5,4,Excellent teaching and explanation.,Positive,2025-08-16
4026,ST0011,F018,SUB016,5,4,4,5,4,5,Excellent teaching and explanation.,Positive,2025-01-24
1766,ST0597,F004,SUB022,5,5,4,4,5,5,Excellent teaching and explanation.,Positive,2025-05-17
3535,ST0844,F013,SUB024,5,5,5,5,5,4,Excellent teaching and explanation.,Positive,2025-11-10
1405,ST0642,F014,SUB018,5,5,4,4,4,4,Excellent teaching and explanation.,Positive,2025-02-18
1799,ST0155,F028,SUB005,5,5,4,5,5,4,Excellent teaching and explanation.,Positive,2025-06-22
3474,ST0775,F028,SUB008,5,5,4,5,5,5,Excellent teaching and explanation.,Positive,2025-12-04
1410,ST0586,F019,SUB011,5,4,5,5,5,4,Excellent teaching and explanation.,Positive,2025-06-11
304,ST0594,F014,SUB016,5,4,4,4,5,4,Excellent teaching and explanation.,Positive,2025-10-29
1790,ST0245,F031,SUB003,4,5,4,5,4,5,Excellent teaching and explanation.,Positive,2025-12-24
307,ST0538,F040,SUB019,4,5,5,4,4,5,Excellent teaching and explanation.,Positive,2025-08-09
1811,ST0148,F024,SUB011,5,5,5,4,5,4,Excellent teaching and explanation.,Positive,2025-08-25
4180,ST0610,F006,SUB018,5,5,4,5,4,5,Excellent teaching and explanation.,Positive,2025-10-27
1407,ST0193,F003,SUB001,5,4,5,5,4,4,Excellent teaching and explanation.,Positive,2025-08-15
1785,ST0180,F007,SUB013,5,5,5,4,4,5,Excellent teaching and explanation.,Positive,2025-09-24
366,ST0351,F038,SUB026,4,5,5,4,4,4,Excellent teaching and explanation.,Positive,2025-05-26
1416,ST0006,F037,SUB004,5,4,4,4,4,4,Excellent teaching and explanation.,Positive,2025-01-17
1419,ST0862,F012,SUB014,4,5,5,4,5,5,Excellent teaching and explanation.,Positive,2025-03-13
409,ST0098,F015,SUB011,5,5,4,4,4,5,Excellent teaching and explanation.,Positive,2025-09-24
1780,ST0290,F015,SUB007,5,5,4,4,4,5,Excellent teaching and explanation.,Positive,2025-02-22
1819,ST0757,F008,SUB009,4,4,4,5,4,4,Excellent teaching and explanation.,Positive,2025-03-12
397,ST0466,F008,SUB026,5,5,4,4,4,4,Excellent teaching and explanation.,Positive,2025-07-23
4185,ST0710,F039,SUB020,4,5,5,5,5,4,Excellent teaching and explanation.,Positive,2025-09-03
3483,ST0860,F027,SUB010,4,5,5,4,5,5,Excellent teaching and explanation.,Positive,2025-11-17
4607,ST0942,F013,SUB025,4,5,4,5,4,4,Excellent teaching and explanation.,Positive,2025-04-13
3538,ST0399,F031,SUB016,4,4,5,4,4,5,Excellent teaching and explanation.,Positive,2025-02-07
4687,ST0487,F034,SUB022,5,4,5,4,5,5,Excellent teaching and explanation.,Positive,2025-05-31
4289,ST0390,F013,SUB022,4,4,4,5,4,5,Excellent teaching and explanation.,Positive,2025-08-02
1379,ST0677,F001,SUB020,5,4,4,5,4,4,Excellent teaching and explanation.,Positive,2025-01-28
356,ST0616,F031,SUB028,5,5,5,5,4,4,Excellent teaching and explanation.,Positive,2025-06-19
3441,ST0726,F014,SUB008,4,4,5,4,4,4,Excellent teaching and explanation.,Positive,2025-03-23
398,ST0092,F038,SUB005,5,4,5,5,4,5,Excellent teaching and explanation.,Positive,2025-05-23
1868,ST0311,F030,SUB018,5,5,5,5,4,5,Excellent teaching and explanation.,Positive,2025-04-26
3616,ST0494,F036,SUB002,4,4,5,4,4,5,Excellent teaching and explanation.,Positive,2025-05-15
4298,ST0099,F039,SUB017,4,4,4,4,5,5,Excellent teaching and explanation.,Positive,2025-07-14
1373,ST0596,F031,SUB026,5,5,5,4,4,4,Excellent teaching and explanation.,Positive,2025-09-27
4179,ST0498,F036,SUB018,5,4,5,4,5,5,Excellent teaching and explanation.,Positive,2025-10-06
1372,ST0536,F020,SUB024,5,4,4,5,5,4,Excellent teaching and explanation.,Positive,2025-10-29
1745,ST0899,F005,SUB014,4,5,4,4,5,5,Excellent teaching and explanation.,Positive,2025-10-15
355,ST0864,F011,SUB021,4,5,4,4,4,4,Excellent teaching and explanation.,Positive,2025-11-18
315,ST0912,F029,SUB007,4,5,4,4,4,5,Excellent teaching and explanation.,Positive,2025-05-03
1755,ST0877,F017,SUB008,5,5,4,4,5,4,Excellent teaching and explanation.,Positive,2025-04-01
1434,ST0021,F008,SUB021,5,4,4,5,5,5,Excellent teaching and explanation.,Positive,2025-02-16
1391,ST0462,F026,SUB026,4,5,4,5,4,5,Excellent teaching and explanation.,Positive,2025-06-26
1761,ST0316,F009,SUB001,5,4,5,5,4,5,Excellent teaching and explanation.,Positive,2025-07-19
295,ST0630,F005,SUB025,5,4,5,4,4,4,Excellent teaching and explanation.,Positive,2025-02-17
1841,ST0460,F024,SUB020,5,4,5,5,5,4,Excellent teaching and explanation.,Positive,2025-01-26
1842,ST0707,F002,SUB027,5,4,4,5,4,4,Excellent teaching and explanation.,Positive,2025-01-20
4178,ST0772,F022,SUB005,5,5,5,5,4,4,Excellent teaching and explanation.,Positive,2025-11-21
4689,ST0756,F010,SUB005,5,5,5,5,4,4,Excellent teaching and explanation.,Positive,2025-01-05
1599,ST0028,F010,SUB013,4,4,5,5,5,5,Excellent teaching and explanation.,Positive,2025-11-06
4694,ST0901,F027,SUB018,4,4,4,4,5,5,Excellent teaching and explanation.,Positive,2025-12-20
1846,ST0119,F033,SUB014,5,5,5,4,5,4,Excellent teaching and explanation.,Positive,2025-07-11
1847,ST0733,F036,SUB003,4,5,4,5,4,5,Excellent teaching and explanation.,Positive,2025-05-28
4177,ST0006,F017,SUB023,5,4,5,4,4,5,Excellent teaching and explanation.,Positive,2025-04-18
1546,ST0281,F006,SUB005,5,4,4,4,4,4,Excellent teaching and explanation.,Positive,2025-03-16
4695,ST0238,F018,SUB010,4,5,4,4,5,5,Excellent teaching and explanation.,Positive,2025-07-27
1431,ST0228,F012,SUB024,5,5,5,4,5,4,Excellent teaching and explanation.,Positive,2025-11-25
1854,ST0586,F004,SUB015,4,4,5,5,4,5,Excellent teaching and explanation.,Positive,2025-03-06
4284,ST0720,F023,SUB030,4,4,5,4,4,5,Excellent teaching and explanation.,Positive,2025-09-27
3475,ST0550,F023,SUB005,5,5,4,5,4,4,Excellent teaching and explanation.,Positive,2025-08-31
1524,ST0498,F015,SUB016,4,5,4,5,4,4,Excellent teaching and explanation.,Positive,2025-06-22
1310,ST0815,F009,SUB013,5,4,4,5,5,4,Excellent teaching and explanation.,Positive,2025-03-01
2008,ST0028,F024,SUB010,5,5,4,5,4,5,Excellent teaching and explanation.,Positive,2025-02-11
436,ST0661,F037,SUB001,4,4,5,4,5,5,Excellent teaching and explanation.,Positive,2025-09-01
374,ST0775,F005,SUB009,4,4,4,5,5,4,Excellent teaching and explanation.,Positive,2025-01-21
4049,ST0241,F025,SUB010,4,4,4,5,4,5,Excellent teaching and explanation.,Positive,2025-02-18
1559,ST0538,F016,SUB006,5,5,4,4,5,5,Excellent teaching and explanation.,Positive,2025-05-11
2026,ST0737,F034,SUB005,4,5,5,4,4,4,Excellent teaching and explanation.,Positive,2025-01-02
1301,ST0072,F039,SUB002,5,5,4,5,4,5,Excellent teaching and explanation.,Positive,2025-12-10
248,ST0190,F028,SUB016,4,4,4,4,4,5,Excellent teaching and explanation.,Positive,2025-07-24
1617,ST0283,F020,SUB030,4,5,5,5,5,4,Excellent teaching and explanation.,Positive,2025-10-23
1280,ST0152,F017,SUB023,4,4,4,4,4,5,Excellent teaching and explanation.,Positive,2025-02-03
2007,ST0341,F038,SUB030,5,5,5,4,5,5,Excellent teaching and explanation.,Positive,2025-03-31
1613,ST0153,F018,SUB029,4,4,4,5,5,5,Excellent teaching and explanation.,Positive,2025-07-02
3515,ST0774,F038,SUB005,4,5,5,4,4,4,Excellent teaching and explanation.,Positive,2025-08-10
1274,ST0055,F006,SUB028,5,4,4,5,4,5,Excellent teaching and explanation.,Positive,2025-08-17
1667,ST0776,F037,SUB028,4,4,4,5,5,4,Excellent teaching and explanation.,Positive,2025-07-03
3370,ST0119,F011,SUB022,4,4,4,5,5,4,Excellent teaching and explanation.,Positive,2025-12-30
1515,ST0140,F025,SUB015,5,4,5,5,4,4,Excellent teaching and explanation.,Positive,2025-04-24
1666,ST0709,F036,SUB025,4,5,4,5,4,5,Excellent teaching and explanation.,Positive,2025-03-30
1291,ST0308,F026,SUB030,4,4,4,5,5,4,Excellent teaching and explanation.,Positive,2025-04-24
1292,ST0037,F031,SUB014,5,5,4,4,4,4,Excellent teaching and explanation.,Positive,2025-03-13
4706,ST0095,F005,SUB021,5,5,5,4,5,4,Excellent teaching and explanation.,Positive,2025-07-13
1293,ST0726,F023,SUB020,5,5,5,5,5,5,Excellent teaching and explanation.,Positive,2025-06-07
1499,ST0242,F038,SUB021,4,4,5,4,5,5,Excellent teaching and explanation.,Positive,2025-06-09
1637,ST0340,F004,SUB029,4,4,4,4,5,5,Excellent teaching and explanation.,Positive,2025-08-27
1288,ST0878,F022,SUB020,5,5,5,5,4,5,Excellent teaching and explanation.,Positive,2025-04-20
1671,ST0280,F032,SUB017,5,5,5,5,4,4,Excellent teaching and explanation.,Positive,2025-12-13
260,ST0528,F021,SUB004,4,4,4,4,4,4,Excellent teaching and explanation.,Positive,2025-02-06
1639,ST0421,F017,SUB001,5,5,5,5,4,5,Excellent teaching and explanation.,Positive,2025-05-01
2000,ST0494,F015,SUB027,5,5,4,4,5,4,Excellent teaching and explanation.,Positive,2025-03-16
3643,ST0973,F006,SUB013,5,5,4,4,5,5,Excellent teaching and explanation.,Positive,2025-08-23
1302,ST0677,F021,SUB017,4,5,4,5,4,5,Excellent teaching and explanation.,Positive,2025-11-25
1530,ST0469,F021,SUB007,5,5,5,4,5,5,Excellent teaching and explanation.,Positive,2025-09-18
4654,ST0416,F018,SUB016,4,5,4,5,5,5,Excellent teaching and explanation.,Positive,2025-11-19
3567,ST0191,F035,SUB021,5,5,5,4,5,5,Excellent teaching and explanation.,Positive,2025-10-22
1987,ST0571,F016,SUB021,4,5,4,5,4,5,Excellent teaching and explanation.,Positive,2025-12-31
1653,ST0789,F032,SUB028,5,4,5,5,4,4,Excellent teaching and explanation.,Positive,2025-04-22
243,ST0875,F024,SUB008,4,5,5,4,5,4,Excellent teaching and explanation.,Positive,2025-06-10
4251,ST0799,F040,SUB022,5,5,4,5,5,5,Excellent teaching and explanation.,Positive,2025-11-01
1964,ST0884,F013,SUB026,4,5,5,5,4,4,Excellent teaching and explanation.,Positive,2025-07-11
4277,ST0369,F015,SUB029,4,4,4,5,4,4,Excellent teaching and explanation.,Positive,2025-06-14
1997,ST0163,F037,SUB019,5,5,4,5,4,5,Excellent teaching and explanation.,Positive,2025-05-22
3390,ST0374,F008,SUB001,5,4,4,4,4,4,Excellent teaching and explanation.,Positive,2025-03-27
4905,ST0615,F030,SUB015,4,5,5,4,4,4,Excellent teaching and explanation.,Positive,2025-05-04
1998,ST0579,F008,SUB026,4,5,5,4,4,4,Excellent teaching and explanation.,Positive,2025-01-03
1607,ST0640,F022,SUB013,4,5,5,4,5,5,Excellent teaching and explanation.,Positive,2025-06-28
1999,ST0421,F026,SUB027,5,4,4,4,4,5,Excellent teaching and explanation.,Positive,2025-12-17
1652,ST0179,F008,SUB002,5,4,4,5,4,5,Excellent teaching and explanation.,Positive,2025-09-14
3574,ST0253,F016,SUB022,4,4,5,4,4,5,Excellent teaching and explanation.,Positive,2025-06-28
3565,ST0083,F013,SUB009,5,4,5,5,4,5,Excellent teaching and explanation.,Positive,2025-07-04
1270,ST0155,F021,SUB018,4,5,5,4,5,4,Excellent teaching and explanation.,Positive,2025-02-25
441,ST0929,F036,SUB029,5,4,5,5,4,5,Excellent teaching and explanation.,Positive,2025-05-22
4307,ST0278,F021,SUB024,5,4,4,4,4,4,Excellent teaching and explanation.,Positive,2025-04-28
1522,ST0846,F030,SUB027,4,5,5,5,4,5,Excellent teaching and explanation.,Positive,2025-03-01
4027,ST0860,F012,SUB016,4,4,4,5,5,4,Excellent teaching and explanation.,Positive,2025-05-01
4584,ST0672,F013,SUB020,5,4,4,5,5,5,Excellent teaching and explanation.,Positive,2025-05-04
1643,ST0125,F020,SUB016,5,5,4,5,4,4,Excellent teaching and explanation.,Positive,2025-05-15
25,ST0848,F022,SUB023,5,4,5,5,4,4,Great practical sessions.,Positive,2025-12-02
318,ST0001,F033,SUB005,5,5,4,4,5,4,Great practical sessions.,Positive,2025-08-11
2827,ST0885,F037,SUB009,4,5,5,4,4,5,Great practical sessions.,Positive,2025-03-07
2584,ST0754,F005,SUB022,4,5,4,5,5,4,Great practical sessions.,Positive,2025-12-04
2585,ST0317,F017,SUB004,4,4,4,4,4,5,Great practical sessions.,Positive,2025-01-14
3878,ST0918,F018,SUB019,5,4,4,5,4,5,Great practical sessions.,Positive,2025-01-09
4631,ST0731,F040,SUB002,5,4,5,5,4,4,Great practical sessions.,Positive,2025-03-13
699,ST0402,F040,SUB018,4,5,4,4,5,4,Great practical sessions.,Positive,2025-06-26
2812,ST0433,F016,SUB021,4,5,5,5,4,5,Great practical sessions.,Positive,2025-11-17
46,ST0364,F025,SUB017,5,4,4,5,5,4,Great practical sessions.,Positive,2025-07-14
1636,ST0141,F016,SUB024,5,4,4,5,4,4,Great practical sessions.,Positive,2025-11-16
4397,ST0496,F030,SUB030,4,5,5,4,5,4,Great practical sessions.,Positive,2025-06-22
110,ST0138,F027,SUB005,4,4,5,4,5,4,Great practical sessions.,Positive,2025-06-12
1746,ST0088,F009,SUB030,5,4,4,5,5,5,Great practical sessions.,Positive,2025-12-20
857,ST0650,F005,SUB014,5,5,4,4,5,5,Great practical sessions.,Positive,2025-02-15
2875,ST0296,F018,SUB007,5,5,5,4,5,4,Great practical sessions.,Positive,2025-08-04
3569,ST0289,F023,SUB005,5,5,5,4,4,5,Great practical sessions.,Positive,2025-11-07
3819,ST1000,F008,SUB003,4,5,5,5,4,5,Great practical sessions.,Positive,2025-04-19
4368,ST0468,F031,SUB018,5,4,5,5,4,4,Great practical sessions.,Positive,2025-12-10
42,ST0898,F014,SUB007,5,4,5,4,4,5,Great practical sessions.,Positive,2025-10-21
876,ST0432,F040,SUB012,5,5,5,5,5,5,Great practical sessions.,Positive,2025-04-05
1436,ST0921,F001,SUB009,4,4,5,5,5,4,Great practical sessions.,Positive,2025-11-03
4869,ST0756,F010,SUB023,5,4,5,5,5,5,Great practical sessions.,Positive,2025-06-08
3519,ST0608,F010,SUB008,5,4,4,5,4,5,Great practical sessions.,Positive,2025-08-01
1435,ST0076,F040,SUB017,4,5,5,5,4,5,Great practical sessions.,Positive,2025-03-11
2821,ST0428,F010,SUB029,5,4,4,4,4,4,Great practical sessions.,Positive,2025-04-19
541,ST0882,F010,SUB012,4,5,5,5,5,4,Great practical sessions.,Positive,2025-02-19
1528,ST0438,F012,SUB014,5,5,4,5,5,4,Great practical sessions.,Positive,2025-10-07
4477,ST0092,F009,SUB015,5,5,5,4,4,4,Great practical sessions.,Positive,2025-04-27
2595,ST0655,F028,SUB028,5,5,5,5,4,5,Great practical sessions.,Positive,2025-04-28
4367,ST0203,F022,SUB015,4,4,4,5,4,5,Great practical sessions.,Positive,2025-09-22
3150,ST0477,F009,SUB004,5,5,5,4,5,5,Great practical sessions.,Positive,2025-11-02
3151,ST0630,F038,SUB023,5,5,4,5,4,4,Great practical sessions.,Positive,2025-05-02
3811,ST0590,F036,SUB030,5,4,5,5,5,5,Great practical sessions.,Positive,2025-08-09
1644,ST0766,F040,SUB006,4,5,4,5,5,4,Great practical sessions.,Positive,2025-11-01
3875,ST0225,F013,SUB017,4,4,4,5,5,4,Great practical sessions.,Positive,2025-10-13
2607,ST0966,F001,SUB003,4,5,5,5,4,4,Great practical sessions.,Positive,2025-08-20
2608,ST0714,F024,SUB003,4,4,4,5,4,4,Great practical sessions.,Positive,2025-10-03
874,ST0391,F037,SUB010,5,4,5,5,5,5,Great practical sessions.,Positive,2025-08-20
2912,ST0672,F015,SUB001,5,5,4,5,5,5,Great practical sessions.,Positive,2025-02-01
3808,ST0944,F022,SUB015,4,5,5,4,4,4,Great practical sessions.,Positive,2025-03-29
889,ST0099,F026,SUB019,5,4,5,4,4,5,Great practical sessions.,Positive,2025-08-29
2593,ST0869,F014,SUB003,4,5,5,5,4,4,Great practical sessions.,Positive,2025-01-05
1760,ST0985,F017,SUB028,5,4,5,4,4,5,Great practical sessions.,Positive,2025-06-12
3508,ST0923,F021,SUB012,4,5,4,4,5,5,Great practical sessions.,Positive,2025-05-29
40,ST0773,F009,SUB029,5,4,4,5,4,5,Great practical sessions.,Positive,2025-01-21
2540,ST0495,F002,SUB001,5,5,4,4,5,5,Great practical sessions.,Positive,2025-07-02
913,ST0836,F040,SUB024,4,4,5,4,4,4,Great practical sessions.,Positive,2025-11-21
3600,ST0220,F022,SUB003,5,4,4,5,4,5,Great practical sessions.,Positive,2025-03-17
2537,ST0565,F027,SUB009,5,5,5,5,4,5,Great practical sessions.,Positive,2025-09-20
2855,ST0447,F024,SUB018,4,4,4,4,5,5,Great practical sessions.,Positive,2025-05-22
3894,ST0617,F013,SUB011,4,4,5,4,5,4,Great practical sessions.,Positive,2025-04-05
4843,ST0763,F009,SUB027,5,5,4,4,4,5,Great practical sessions.,Positive,2025-07-08
1520,ST0361,F026,SUB007,4,4,4,5,5,4,Great practical sessions.,Positive,2025-03-13
4484,ST0321,F016,SUB011,5,4,5,5,5,4,Great practical sessions.,Positive,2025-07-13
3038,ST0645,F021,SUB005,4,5,5,5,5,5,Great practical sessions.,Positive,2025-05-03
3477,ST0937,F032,SUB023,4,5,4,4,4,5,Great practical sessions.,Positive,2025-05-31
2529,ST0490,F012,SUB015,4,5,4,5,4,5,Great practical sessions.,Positive,2025-08-14
4653,ST0384,F033,SUB027,4,5,5,4,4,5,Great practical sessions.,Positive,2025-05-16
1623,ST0315,F032,SUB017,4,5,5,4,4,4,Great practical sessions.,Positive,2025-11-26
1414,ST0702,F019,SUB002,4,5,4,4,5,4,Great practical sessions.,Positive,2025-06-10
3069,ST0495,F014,SUB001,5,4,5,5,5,4,Great practical sessions.,Positive,2025-10-04
4784,ST0903,F037,SUB024,5,4,4,5,4,4,Great practical sessions.,Positive,2025-06-03
4278,ST0379,F032,SUB009,4,4,5,5,5,5,Great practical sessions.,Positive,2025-06-10
303,ST0036,F034,SUB006,4,5,5,4,4,4,Great practical sessions.,Positive,2025-07-09
3791,ST0551,F017,SUB010,5,4,5,4,4,5,Great practical sessions.,Positive,2025-04-19
665,ST0785,F002,SUB023,4,5,4,4,4,4,Great practical sessions.,Positive,2025-12-11
713,ST0692,F029,SUB027,5,5,4,4,4,4,Great practical sessions.,Positive,2025-05-22
3604,ST0144,F025,SUB016,5,5,4,4,4,4,Great practical sessions.,Positive,2025-11-12
405,ST0529,F014,SUB026,5,5,5,5,5,5,Great practical sessions.,Positive,2025-05-29
4227,ST0924,F010,SUB001,5,5,5,4,4,5,Great practical sessions.,Positive,2025-02-17
2924,ST0746,F008,SUB030,5,4,4,5,4,4,Great practical sessions.,Positive,2025-04-08
1521,ST0755,F002,SUB028,5,4,4,4,5,5,Great practical sessions.,Positive,2025-03-11
4626,ST0570,F004,SUB022,5,4,4,5,5,5,Great practical sessions.,Positive,2025-02-07
3181,ST0379,F020,SUB030,5,4,5,4,4,5,Great practical sessions.,Positive,2025-12-07
2045,ST0761,F034,SUB004,4,5,4,4,5,5,Great practical sessions.,Positive,2025-08-18
3180,ST0935,F015,SUB023,4,4,4,5,5,4,Great practical sessions.,Positive,2025-10-15
3183,ST0805,F014,SUB010,4,4,5,5,5,5,Great practical sessions.,Positive,2025-01-02
2833,ST0689,F008,SUB009,5,4,4,5,5,5,Great practical sessions.,Positive,2025-12-22
3891,ST0887,F031,SUB008,5,5,5,4,4,4,Great practical sessions.,Positive,2025-05-13
2853,ST0538,F008,SUB014,4,4,5,5,4,4,Great practical sessions.,Positive,2025-04-08
4204,ST0451,F040,SUB012,5,4,5,4,5,5,Great practical sessions.,Positive,2025-09-16
3807,ST0768,F016,SUB022,5,4,5,5,4,5,Great practical sessions.,Positive,2025-12-23
2837,ST0909,F032,SUB013,4,5,5,4,4,5,Great practical sessions.,Positive,2025-02-28
2915,ST0352,F023,SUB012,4,5,5,4,4,4,Great practical sessions.,Positive,2025-10-30
3482,ST0407,F020,SUB003,5,4,4,4,5,5,Great practical sessions.,Positive,2025-11-10
2574,ST0705,F024,SUB009,4,5,5,5,5,5,Great practical sessions.,Positive,2025-06-17
2573,ST0665,F011,SUB012,4,5,4,4,4,5,Great practical sessions.,Positive,2025-04-30
2571,ST0101,F021,SUB008,5,4,5,5,4,4,Great practical sessions.,Positive,2025-10-26
2570,ST0289,F016,SUB019,5,4,5,4,4,5,Great practical sessions.,Positive,2025-08-27
2569,ST0551,F028,SUB005,4,5,4,4,4,5,Great practical sessions.,Positive,2025-10-30
3940,ST0607,F002,SUB005,4,4,5,5,5,4,Great practical sessions.,Positive,2025-01-31
733,ST0454,F014,SUB013,4,5,5,4,5,4,Great practical sessions.,Positive,2025-01-12
3804,ST0750,F036,SUB011,5,4,5,5,4,5,Great practical sessions.,Positive,2025-06-30
1634,ST0200,F011,SUB026,5,4,4,4,4,5,Great practical sessions.,Positive,2025-07-17
731,ST0566,F027,SUB020,4,4,4,4,4,4,Great practical sessions.,Positive,2025-06-15
1622,ST0577,F003,SUB008,5,4,5,4,5,5,Great practical sessions.,Positive,2025-09-22
2846,ST0105,F036,SUB013,5,5,4,4,4,4,Great practical sessions.,Positive,2025-10-21
3478,ST0318,F033,SUB027,4,5,4,4,5,5,Great practical sessions.,Positive,2025-05-26
114,ST0140,F038,SUB012,5,5,5,5,4,5,Great practical sessions.,Positive,2025-01-27
3797,ST0901,F020,SUB026,4,4,4,5,4,4,Great practical sessions.,Positive,2025-05-27
3479,ST0588,F034,SUB002,4,5,4,5,5,5,Great practical sessions.,Positive,2025-01-17
2852,ST0402,F006,SUB029,4,4,5,4,4,4,Great practical sessions.,Positive,2025-03-29
1519,ST0864,F034,SUB017,4,5,4,4,4,4,Great practical sessions.,Positive,2025-01-04
3174,ST0276,F015,SUB006,5,4,5,4,4,5,Great practical sessions.,Positive,2025-01-18
2551,ST0870,F002,SUB024,5,4,4,5,4,4,Great practical sessions.,Positive,2025-08-07
4194,ST0934,F020,SUB023,4,4,4,4,5,5,Great practical sessions.,Positive,2025-06-18
1632,ST0984,F035,SUB008,5,5,5,5,5,5,Great practical sessions.,Positive,2025-02-18
4225,ST0407,F011,SUB028,5,5,5,5,4,5,Great practical sessions.,Positive,2025-12-16
3072,ST0795,F012,SUB015,4,5,4,5,5,4,Great practical sessions.,Positive,2025-08-18
1772,ST0665,F023,SUB001,5,5,5,5,5,4,Great practical sessions.,Positive,2025-09-13
3064,ST0241,F032,SUB025,5,5,4,5,5,5,Great practical sessions.,Positive,2025-10-26
907,ST0867,F035,SUB027,5,4,5,4,4,5,Great practical sessions.,Positive,2025-11-07
2617,ST0637,F023,SUB007,5,5,5,5,4,5,Great practical sessions.,Positive,2025-08-18
4099,ST0417,F015,SUB018,5,5,5,5,4,4,Great practical sessions.,Positive,2025-06-03
4989,ST0848,F026,SUB015,5,5,4,5,4,5,Great practical sessions.,Positive,2025-07-29
1698,ST0479,F023,SUB007,4,5,4,5,5,4,Great practical sessions.,Positive,2025-11-21
2902,ST0288,F020,SUB029,5,4,4,5,4,5,Great practical sessions.,Positive,2025-03-29
4362,ST0988,F007,SUB015,5,4,4,4,4,4,Great practical sessions.,Positive,2025-09-09
799,ST0100,F005,SUB001,4,5,4,5,5,5,Great practical sessions.,Positive,2025-07-08
2903,ST0741,F036,SUB024,4,5,4,5,5,5,Great practical sessions.,Positive,2025-08-28
2704,ST0135,F012,SUB002,4,5,5,4,5,5,Great practical sessions.,Positive,2025-05-21
4448,ST0912,F021,SUB025,5,4,4,5,4,5,Great practical sessions.,Positive,2025-04-02
4147,ST0734,F027,SUB006,4,4,4,4,5,4,Great practical sessions.,Positive,2025-06-13
4451,ST0355,F024,SUB007,4,4,5,5,5,4,Great practical sessions.,Positive,2025-11-11
770,ST0190,F012,SUB016,5,5,5,5,4,5,Great practical sessions.,Positive,2025-06-01
3854,ST0216,F002,SUB016,4,4,4,5,4,4,Great practical sessions.,Positive,2025-10-14
1668,ST0207,F024,SUB029,5,4,5,4,5,4,Great practical sessions.,Positive,2025-03-07
1603,ST0898,F031,SUB008,5,4,5,4,5,5,Great practical sessions.,Positive,2025-07-08
3117,ST0368,F019,SUB030,5,4,4,5,4,4,Great practical sessions.,Positive,2025-03-31
3584,ST0851,F029,SUB005,5,5,5,5,5,4,Great practical sessions.,Positive,2025-06-16
4363,ST0197,F024,SUB015,5,4,4,5,5,4,Great practical sessions.,Positive,2025-04-18
4113,ST0546,F037,SUB022,4,5,5,5,4,4,Great practical sessions.,Positive,2025-10-01
565,ST0081,F036,SUB019,4,5,4,5,4,5,Great practical sessions.,Positive,2025-11-14
4642,ST0413,F008,SUB010,5,5,4,5,5,4,Great practical sessions.,Positive,2025-06-01
1664,ST0205,F010,SUB026,5,5,4,4,5,5,Great practical sessions.,Positive,2025-06-10
338,ST0195,F002,SUB011,5,5,5,5,4,4,Great practical sessions.,Positive,2025-06-07
2774,ST0821,F002,SUB008,4,5,4,4,4,5,Great practical sessions.,Positive,2025-02-22
3843,ST0878,F007,SUB005,4,4,4,4,4,5,Great practical sessions.,Positive,2025-01-07
3514,ST0265,F001,SUB009,5,4,5,4,5,5,Great practical sessions.,Positive,2025-09-04
687,ST0151,F002,SUB030,4,4,4,4,5,5,Great practical sessions.,Positive,2025-12-12
4127,ST0792,F028,SUB016,5,5,5,4,4,4,Great practical sessions.,Positive,2025-08-21
807,ST0268,F016,SUB021,4,4,4,5,5,4,Great practical sessions.,Positive,2025-10-19
347,ST0955,F005,SUB009,4,4,4,5,4,5,Great practical sessions.,Positive,2025-06-23
83,ST0080,F027,SUB014,5,4,5,5,5,4,Great practical sessions.,Positive,2025-02-19
1464,ST0726,F009,SUB009,5,4,4,4,4,4,Great practical sessions.,Positive,2025-01-04
2694,ST0320,F016,SUB009,4,5,5,5,5,5,Great practical sessions.,Positive,2025-05-15
1462,ST0600,F033,SUB027,4,4,5,5,5,4,Great practical sessions.,Positive,2025-10-25
1695,ST0627,F035,SUB028,4,5,5,4,4,4,Great practical sessions.,Positive,2025-11-12
2712,ST0808,F030,SUB015,4,5,5,5,4,5,Great practical sessions.,Positive,2025-08-24
3581,ST0661,F016,SUB017,5,5,5,4,4,4,Great practical sessions.,Positive,2025-10-10
3578,ST0897,F030,SUB021,4,4,4,5,5,4,Great practical sessions.,Positive,2025-07-30
2898,ST0983,F023,SUB006,5,5,4,4,5,4,Great practical sessions.,Positive,2025-01-23
787,ST0347,F025,SUB006,5,4,4,5,4,5,Great practical sessions.,Positive,2025-05-20
786,ST0232,F016,SUB010,4,4,5,5,4,5,Great practical sessions.,Positive,2025-10-03
4810,ST0982,F017,SUB018,4,4,4,5,4,4,Great practical sessions.,Positive,2025-05-29
3109,ST0591,F001,SUB016,5,5,4,5,4,5,Great practical sessions.,Positive,2025-06-03
4431,ST0789,F011,SUB021,4,4,5,4,4,5,Great practical sessions.,Positive,2025-12-20
679,ST0759,F017,SUB020,4,4,4,5,5,5,Great practical sessions.,Positive,2025-01-24
2748,ST0408,F009,SUB011,5,4,5,4,4,4,Great practical sessions.,Positive,2025-08-22
4646,ST0805,F034,SUB008,5,4,5,4,4,5,Great practical sessions.,Positive,2025-04-29
2740,ST0273,F030,SUB024,5,4,4,4,4,4,Great practical sessions.,Positive,2025-12-18
368,ST0002,F020,SUB008,5,5,5,4,4,4,Great practical sessions.,Positive,2025-10-12
3577,ST0365,F005,SUB005,4,4,5,5,5,4,Great practical sessions.,Positive,2025-12-02
335,ST0721,F033,SUB027,5,5,4,4,5,5,Great practical sessions.,Positive,2025-11-07
1488,ST0115,F013,SUB026,4,4,4,4,5,4,Great practical sessions.,Positive,2025-02-05
1495,ST0845,F020,SUB004,5,5,4,5,4,4,Great practical sessions.,Positive,2025-03-01
568,ST0295,F011,SUB017,4,4,4,5,4,4,Great practical sessions.,Positive,2025-03-22
4677,ST0659,F005,SUB009,4,5,5,4,4,4,Great practical sessions.,Positive,2025-12-14
676,ST0456,F017,SUB026,4,4,4,4,5,5,Great practical sessions.,Positive,2025-05-14
774,ST0884,F030,SUB021,4,5,4,4,4,4,Great practical sessions.,Positive,2025-06-12
3526,ST0872,F026,SUB014,5,4,4,4,5,5,Great practical sessions.,Positive,2025-06-21
3103,ST0383,F040,SUB026,5,5,5,5,4,4,Great practical sessions.,Positive,2025-05-03
3944,ST0275,F033,SUB025,4,4,4,4,4,4,Great practical sessions.,Positive,2025-07-20
2717,ST0826,F020,SUB001,4,5,5,5,5,5,Great practical sessions.,Positive,2025-12-22
792,ST0571,F022,SUB017,5,5,4,5,5,4,Great practical sessions.,Positive,2025-07-23
3113,ST0755,F010,SUB017,5,5,4,4,4,4,Great practical sessions.,Positive,2025-07-29
2755,ST0046,F022,SUB010,5,4,5,4,5,4,Great practical sessions.,Positive,2025-01-23
76,ST0589,F011,SUB013,4,4,5,4,5,5,Great practical sessions.,Positive,2025-02-28
793,ST0038,F020,SUB028,4,4,4,4,5,5,Great practical sessions.,Positive,2025-03-16
597,ST0398,F034,SUB004,4,4,4,5,4,4,Great practical sessions.,Positive,2025-11-19
3503,ST0907,F026,SUB016,4,4,5,4,4,4,Great practical sessions.,Positive,2025-02-16
4858,ST0302,F004,SUB028,4,5,5,4,4,5,Great practical sessions.,Positive,2025-12-15
2720,ST0194,F010,SUB018,4,5,4,5,5,5,Great practical sessions.,Positive,2025-04-23
1600,ST0617,F014,SUB009,4,4,5,4,4,4,Great practical sessions.,Positive,2025-04-03
88,ST0770,F035,SUB030,5,5,5,4,4,4,Great practical sessions.,Positive,2025-03-12
2678,ST0211,F023,SUB007,4,4,5,5,4,4,Great practical sessions.,Positive,2025-12-31
556,ST0760,F037,SUB022,4,4,5,5,5,4,Great practical sessions.,Positive,2025-10-13
1728,ST0498,F039,SUB029,5,5,5,5,5,5,Great practical sessions.,Positive,2025-07-04
2909,ST0370,F039,SUB007,5,5,4,5,5,4,Great practical sessions.,Positive,2025-09-25
1729,ST0354,F021,SUB029,5,5,4,5,4,5,Great practical sessions.,Positive,2025-10-06
392,ST0509,F040,SUB025,5,5,4,4,5,4,Great practical sessions.,Positive,2025-09-08
4403,ST0546,F037,SUB017,5,5,4,5,5,4,Great practical sessions.,Positive,2025-09-07
4161,ST0398,F001,SUB022,4,5,4,4,4,4,Great practical sessions.,Positive,2025-04-12
4637,ST0957,F016,SUB002,4,4,4,5,4,5,Great practical sessions.,Positive,2025-12-04
51,ST0319,F031,SUB013,4,4,5,4,5,5,Great practical sessions.,Positive,2025-06-15
3946,ST0709,F038,SUB017,4,4,4,5,5,4,Great practical sessions.,Positive,2025-12-05
4864,ST0221,F005,SUB008,4,4,5,4,4,4,Great practical sessions.,Positive,2025-02-15
50,ST0573,F036,SUB027,5,4,5,5,5,5,Great practical sessions.,Positive,2025-09-17
2799,ST0815,F022,SUB030,4,5,5,5,5,4,Great practical sessions.,Positive,2025-08-14
322,ST0775,F002,SUB025,4,4,5,4,5,4,Great practical sessions.,Positive,2025-07-27
852,ST0830,F003,SUB014,5,5,5,5,4,4,Great practical sessions.,Positive,2025-12-21
4903,ST0844,F007,SUB023,5,5,4,4,5,4,Great practical sessions.,Positive,2025-06-19
395,ST0529,F012,SUB023,5,4,4,5,5,4,Great practical sessions.,Positive,2025-07-30
3059,ST0103,F037,SUB026,5,4,5,5,4,5,Great practical sessions.,Positive,2025-02-27
4798,ST0374,F040,SUB020,5,4,4,5,5,4,Great practical sessions.,Positive,2025-11-02
1647,ST0961,F031,SUB012,5,5,4,5,4,4,Great practical sessions.,Positive,2025-01-08
4684,ST0692,F026,SUB028,5,4,4,5,5,4,Great practical sessions.,Positive,2025-07-22
4683,ST0211,F039,SUB014,4,5,4,5,4,4,Great practical sessions.,Positive,2025-09-21
1446,ST0177,F038,SUB013,4,5,4,4,5,5,Great practical sessions.,Positive,2025-11-07
324,ST0032,F008,SUB001,5,5,4,5,4,5,Great practical sessions.,Positive,2025-11-07
2626,ST0613,F024,SUB002,5,5,5,4,4,5,Great practical sessions.,Positive,2025-06-17
4634,ST0175,F021,SUB026,5,5,5,4,4,5,Great practical sessions.,Positive,2025-08-07
4361,ST0909,F013,SUB005,5,5,5,5,4,5,Great practical sessions.,Positive,2025-10-27
1648,ST0096,F008,SUB003,4,4,5,5,5,5,Great practical sessions.,Positive,2025-04-19
3088,ST0409,F022,SUB025,4,4,5,4,4,4,Great practical sessions.,Positive,2025-12-07
3137,ST0474,F015,SUB003,4,4,5,4,5,5,Great practical sessions.,Positive,2025-12-05
2630,ST0055,F002,SUB010,4,5,5,4,4,5,Great practical sessions.,Positive,2025-06-18
751,ST0327,F039,SUB007,4,5,4,4,5,5,Great practical sessions.,Positive,2025-09-18
1501,ST0760,F028,SUB027,5,5,5,5,4,4,Great practical sessions.,Positive,2025-09-06
673,ST0025,F039,SUB007,4,5,5,5,4,5,Great practical sessions.,Positive,2025-03-14
3126,ST0407,F018,SUB020,4,4,4,4,4,4,Great practical sessions.,Positive,2025-01-06
4913,ST0152,F033,SUB026,5,4,5,4,5,4,Great practical sessions.,Positive,2025-10-09
817,ST0384,F027,SUB002,5,4,4,5,5,4,Great practical sessions.,Positive,2025-09-26
1718,ST0717,F026,SUB012,4,5,5,4,5,5,Great practical sessions.,Positive,2025-05-02
2667,ST0937,F031,SUB002,5,5,5,4,5,4,Great practical sessions.,Positive,2025-08-31
1716,ST0254,F027,SUB030,5,4,5,4,5,5,Great practical sessions.,Positive,2025-11-19
4033,ST0634,F033,SUB012,5,5,5,4,4,4,Great practical sessions.,Positive,2025-06-18
822,ST0623,F003,SUB017,5,5,5,5,5,5,Great practical sessions.,Positive,2025-10-19
4822,ST0658,F010,SUB024,5,5,5,4,4,5,Great practical sessions.,Positive,2025-11-29
576,ST0075,F018,SUB022,4,4,5,4,4,5,Great practical sessions.,Positive,2025-06-02
1612,ST0324,F009,SUB004,5,5,4,5,5,4,Great practical sessions.,Positive,2025-06-04
4427,ST0295,F004,SUB025,4,4,5,4,4,4,Great practical sessions.,Positive,2025-08-20
761,ST0168,F014,SUB018,5,5,4,4,5,5,Great practical sessions.,Positive,2025-05-14
4458,ST0353,F013,SUB028,4,5,5,5,5,4,Great practical sessions.,Positive,2025-10-08
1662,ST0659,F007,SUB002,5,4,5,4,4,5,Great practical sessions.,Positive,2025-01-05
2672,ST0142,F025,SUB011,4,4,5,4,5,5,Great practical sessions.,Positive,2025-05-22
4456,ST0006,F028,SUB010,5,5,5,5,4,4,Great practical sessions.,Positive,2025-07-06
2662,ST0958,F025,SUB007,5,5,5,5,4,4,Great practical sessions.,Positive,2025-10-20
3869,ST0815,F023,SUB005,4,4,5,4,4,4,Great practical sessions.,Positive,2025-01-19
3829,ST0658,F017,SUB008,5,4,5,5,5,5,Great practical sessions.,Positive,2025-10-13
4465,ST0226,F016,SUB029,5,4,5,5,4,4,Great practical sessions.,Positive,2025-07-30
1656,ST0557,F016,SUB010,5,5,4,4,5,5,Great practical sessions.,Positive,2025-02-01
1724,ST0750,F016,SUB007,4,4,5,5,4,4,Great practical sessions.,Positive,2025-03-11
557,ST0923,F015,SUB021,5,5,4,5,4,4,Great practical sessions.,Positive,2025-07-23
4902,ST0805,F006,SUB026,4,4,4,5,5,4,Great practical sessions.,Positive,2025-07-28
2785,ST0713,F029,SUB002,4,4,5,5,5,4,Great practical sessions.,Positive,2025-10-27
327,ST0021,F008,SUB004,4,5,5,4,4,4,Great practical sessions.,Positive,2025-02-14
831,ST0647,F009,SUB020,5,5,4,5,4,4,Great practical sessions.,Positive,2025-05-01
1658,ST0593,F016,SUB030,5,5,4,5,5,4,Great practical sessions.,Positive,2025-06-17
4402,ST0596,F001,SUB023,4,5,4,5,5,5,Great practical sessions.,Positive,2025-11-17
389,ST0499,F017,SUB023,4,5,4,4,4,5,Great practical sessions.,Positive,2025-10-28
825,ST0408,F023,SUB008,5,5,5,5,5,5,Great practical sessions.,Positive,2025-10-24
91,ST0554,F031,SUB002,5,4,4,4,5,5,Great practical sessions.,Positive,2025-03-13
3047,ST0078,F024,SUB015,4,4,5,4,5,5,Great practical sessions.,Positive,2025-07-09
566,ST0453,F038,SUB012,5,5,5,4,4,4,Great practical sessions.,Positive,2025-04-20
1825,ST0790,F029,SUB018,4,5,5,5,5,4,Great practical sessions.,Positive,2025-09-26
3188,ST0741,F004,SUB005,4,4,4,4,4,5,Great practical sessions.,Positive,2025-01-21
265,ST0703,F019,SUB026,5,4,4,5,5,4,Great practical sessions.,Positive,2025-03-14
3707,ST0919,F036,SUB015,4,5,4,4,5,5,Great practical sessions.,Positive,2025-06-11
1143,ST0433,F029,SUB019,4,4,4,5,5,4,Great practical sessions.,Positive,2025-07-02
1142,ST0233,F015,SUB018,5,5,4,5,5,5,Great practical sessions.,Positive,2025-12-21
472,ST0310,F033,SUB001,4,4,4,5,4,4,Great practical sessions.,Positive,2025-10-20
4187,ST0392,F040,SUB017,4,4,5,5,5,4,Great practical sessions.,Positive,2025-03-15
3710,ST0461,F009,SUB002,4,5,5,4,5,5,Great practical sessions.,Positive,2025-06-10
2199,ST0908,F025,SUB004,5,4,5,5,5,5,Great practical sessions.,Positive,2025-08-04
4550,ST0168,F002,SUB030,4,4,5,5,5,5,Great practical sessions.,Positive,2025-09-03
1133,ST0494,F037,SUB013,5,5,4,5,5,5,Great practical sessions.,Positive,2025-05-12
2202,ST0283,F024,SUB028,5,5,4,4,5,4,Great practical sessions.,Positive,2025-12-12
1132,ST0398,F004,SUB027,5,5,5,5,4,5,Great practical sessions.,Positive,2025-12-26
201,ST0607,F019,SUB007,4,4,4,5,5,5,Great practical sessions.,Positive,2025-09-25
4887,ST0732,F004,SUB020,4,4,5,5,4,5,Great practical sessions.,Positive,2025-10-10
2208,ST0453,F028,SUB028,5,4,5,5,5,4,Great practical sessions.,Positive,2025-10-02
2209,ST0094,F010,SUB028,5,5,5,5,5,5,Great practical sessions.,Positive,2025-03-22
475,ST0145,F015,SUB030,5,5,4,4,4,4,Great practical sessions.,Positive,2025-05-15
3922,ST0112,F026,SUB005,5,4,4,4,4,4,Great practical sessions.,Positive,2025-11-14
4736,ST0084,F012,SUB025,4,5,4,5,5,5,Great practical sessions.,Positive,2025-10-17
4735,ST0076,F022,SUB017,4,5,5,5,5,5,Great practical sessions.,Positive,2025-06-20
1313,ST0625,F004,SUB027,5,4,4,5,4,5,Great practical sessions.,Positive,2025-04-11
214,ST0047,F025,SUB024,5,4,4,5,4,5,Great practical sessions.,Positive,2025-09-25
614,ST0055,F007,SUB016,4,5,5,5,5,4,Great practical sessions.,Positive,2025-05-11
4730,ST0540,F039,SUB030,5,5,5,5,5,5,Great practical sessions.,Positive,2025-08-09
1974,ST0602,F033,SUB002,5,5,5,5,4,4,Great practical sessions.,Positive,2025-12-05
3319,ST0206,F030,SUB020,5,4,4,4,4,5,Great practical sessions.,Positive,2025-11-11
2171,ST0723,F017,SUB028,4,4,4,4,5,5,Great practical sessions.,Positive,2025-06-29
1161,ST0241,F013,SUB022,5,5,5,5,4,4,Great practical sessions.,Positive,2025-11-08
6,ST0927,F002,SUB024,5,4,5,4,4,4,Great practical sessions.,Positive,2025-02-12
1556,ST0687,F017,SUB015,4,5,4,5,4,5,Great practical sessions.,Positive,2025-12-24
7,ST0044,F040,SUB030,5,5,5,4,4,5,Great practical sessions.,Positive,2025-09-10
4323,ST0596,F019,SUB028,4,4,5,5,5,4,Great practical sessions.,Positive,2025-10-27
1969,ST0557,F035,SUB001,4,4,4,4,5,4,Great practical sessions.,Positive,2025-08-26
208,ST0611,F032,SUB023,5,5,5,5,4,5,Great practical sessions.,Positive,2025-10-06
2179,ST0821,F028,SUB019,5,4,5,5,4,5,Great practical sessions.,Positive,2025-05-08
207,ST0872,F009,SUB018,4,5,4,4,4,4,Great practical sessions.,Positive,2025-07-14
625,ST0281,F034,SUB004,5,5,5,4,4,5,Great practical sessions.,Positive,2025-08-21
1967,ST0973,F037,SUB027,4,5,5,5,4,4,Great practical sessions.,Positive,2025-06-08
3392,ST0677,F006,SUB019,4,5,4,5,4,4,Great practical sessions.,Positive,2025-10-26
3703,ST0099,F018,SUB013,4,4,4,5,5,5,Great practical sessions.,Positive,2025-03-18
1976,ST0651,F001,SUB030,5,4,5,4,5,5,Great practical sessions.,Positive,2025-11-16
2216,ST0877,F016,SUB027,4,4,4,4,4,4,Great practical sessions.,Positive,2025-02-21
1319,ST0618,F021,SUB025,5,5,5,5,4,4,Great practical sessions.,Positive,2025-07-27
1934,ST0152,F021,SUB030,5,4,4,5,5,5,Great practical sessions.,Positive,2025-04-24
2251,ST0774,F003,SUB013,5,4,5,4,4,4,Great practical sessions.,Positive,2025-10-24
270,ST0503,F022,SUB022,4,4,5,5,5,5,Great practical sessions.,Positive,2025-08-13
1329,ST0497,F039,SUB010,5,5,5,5,4,4,Great practical sessions.,Positive,2025-08-23
637,ST0144,F034,SUB014,4,5,4,4,4,5,Great practical sessions.,Positive,2025-09-02
4995,ST0295,F015,SUB026,5,5,4,4,4,5,Great practical sessions.,Positive,2025-11-09
363,ST0436,F025,SUB016,4,5,4,5,4,5,Great practical sessions.,Positive,2025-12-23
3629,ST0428,F010,SUB001,4,4,5,4,4,5,Great practical sessions.,Positive,2025-09-14
3725,ST0312,F039,SUB001,5,5,5,4,5,5,Great practical sessions.,Positive,2025-12-05
3726,ST0323,F014,SUB005,4,5,5,5,4,4,Great practical sessions.,Positive,2025-09-25
185,ST0136,F021,SUB015,5,5,4,4,5,5,Great practical sessions.,Positive,2025-07-22
4894,ST0855,F027,SUB023,5,5,4,5,4,5,Great practical sessions.,Positive,2025-03-22
275,ST0135,F007,SUB001,5,5,4,5,5,4,Great practical sessions.,Positive,2025-04-21
2512,ST0751,F038,SUB008,5,4,5,4,4,4,Great practical sessions.,Positive,2025-03-17
4330,ST0322,F021,SUB011,4,5,4,5,4,4,Great practical sessions.,Positive,2025-10-04
427,ST0232,F029,SUB011,5,5,5,4,4,5,Great practical sessions.,Positive,2025-03-26
3728,ST0450,F025,SUB012,5,5,5,4,4,4,Great practical sessions.,Positive,2025-05-31
2249,ST0697,F002,SUB013,4,5,5,4,5,4,Great practical sessions.,Positive,2025-02-17
431,ST0246,F032,SUB013,4,5,5,5,4,5,Great practical sessions.,Positive,2025-10-03
3724,ST0825,F037,SUB015,4,5,5,4,5,4,Great practical sessions.,Positive,2025-07-31
2244,ST0876,F012,SUB005,4,4,5,5,5,5,Great practical sessions.,Positive,2025-08-30
1123,ST0690,F035,SUB005,4,4,4,5,4,4,Great practical sessions.,Positive,2025-12-12
477,ST0239,F033,SUB005,4,5,4,5,5,5,Great practical sessions.,Positive,2025-10-06
1949,ST0077,F008,SUB013,5,4,4,4,5,5,Great practical sessions.,Positive,2025-07-11
3636,ST0639,F030,SUB015,4,4,4,5,5,5,Great practical sessions.,Positive,2025-07-08
4190,ST0655,F033,SUB022,5,4,4,5,5,4,Great practical sessions.,Positive,2025-11-03
3298,ST0740,F006,SUB018,5,5,4,4,4,4,Great practical sessions.,Positive,2025-11-18
2228,ST0321,F024,SUB030,5,5,4,5,4,5,Great practical sessions.,Positive,2025-08-20
4543,ST0936,F008,SUB004,4,5,4,5,4,5,Great practical sessions.,Positive,2025-04-02
611,ST0955,F004,SUB007,5,5,5,4,4,4,Great practical sessions.,Positive,2025-11-15
1116,ST0387,F007,SUB029,4,5,4,5,4,4,Great practical sessions.,Positive,2025-09-09
1944,ST0242,F019,SUB026,5,4,5,5,4,4,Great practical sessions.,Positive,2025-02-01
481,ST0972,F012,SUB027,5,4,4,5,4,5,Great practical sessions.,Positive,2025-01-18
1940,ST0003,F008,SUB018,4,5,4,4,4,4,Great practical sessions.,Positive,2025-01-01
4234,ST0810,F040,SUB017,5,4,5,5,5,4,Great practical sessions.,Positive,2025-04-07
3547,ST0087,F003,SUB003,4,5,4,5,5,4,Great practical sessions.,Positive,2025-08-23
269,ST0476,F019,SUB005,5,4,5,4,4,4,Great practical sessions.,Positive,2025-02-06
1102,ST0474,F006,SUB001,4,5,5,4,5,4,Great practical sessions.,Positive,2025-07-12
3290,ST0114,F033,SUB024,5,5,4,5,5,4,Great practical sessions.,Positive,2025-10-25
1945,ST0887,F002,SUB027,5,5,4,4,4,4,Great practical sessions.,Positive,2025-04-13
2275,ST0135,F033,SUB027,4,4,5,5,4,5,Great practical sessions.,Positive,2025-10-18
262,ST0738,F026,SUB024,5,5,4,5,5,4,Great practical sessions.,Positive,2025-11-27
2159,ST0916,F005,SUB021,5,5,5,4,4,5,Great practical sessions.,Positive,2025-05-19
3004,ST0727,F034,SUB003,5,5,5,4,5,4,Great practical sessions.,Positive,2025-06-23
237,ST0535,F005,SUB011,4,4,5,5,4,4,Great practical sessions.,Positive,2025-10-27
3372,ST0224,F007,SUB005,5,5,5,4,4,4,Great practical sessions.,Positive,2025-10-05
249,ST0451,F002,SUB012,4,4,5,4,4,4,Great practical sessions.,Positive,2025-08-17
4715,ST0095,F012,SUB029,5,5,4,5,4,4,Great practical sessions.,Positive,2025-08-06
447,ST0990,F015,SUB014,4,4,4,5,5,5,Great practical sessions.,Positive,2025-01-02
2016,ST0899,F038,SUB019,5,5,4,4,4,5,Great practical sessions.,Positive,2025-12-07
251,ST0062,F011,SUB022,4,4,5,4,4,5,Great practical sessions.,Positive,2025-08-17
4935,ST0087,F040,SUB011,4,4,5,5,5,4,Great practical sessions.,Positive,2025-10-07
3651,ST0666,F007,SUB017,4,4,4,5,5,5,Great practical sessions.,Positive,2025-06-05
2009,ST0521,F004,SUB029,5,4,5,4,5,5,Great practical sessions.,Positive,2025-10-23
1232,ST0140,F011,SUB016,5,5,5,5,4,4,Great practical sessions.,Positive,2025-09-22
2094,ST0176,F008,SUB018,5,5,4,5,4,4,Great practical sessions.,Positive,2025-01-12
1231,ST0117,F008,SUB023,4,4,5,5,5,5,Great practical sessions.,Positive,2025-10-03
3679,ST0759,F022,SUB007,5,5,5,5,5,4,Great practical sessions.,Positive,2025-10-19
2097,ST0532,F023,SUB018,5,5,5,4,5,5,Great practical sessions.,Positive,2025-11-28
617,ST0669,F018,SUB005,5,4,5,4,4,4,Great practical sessions.,Positive,2025-09-01
3653,ST0956,F024,SUB026,4,4,5,4,4,5,Great practical sessions.,Positive,2025-07-16
2076,ST0874,F001,SUB028,5,4,5,4,4,5,Great practical sessions.,Positive,2025-01-28
4939,ST0901,F036,SUB025,5,4,4,5,4,4,Great practical sessions.,Positive,2025-08-19
1245,ST0094,F009,SUB025,4,4,4,5,5,4,Great practical sessions.,Positive,2025-06-26
2044,ST0524,F036,SUB006,4,4,4,4,4,4,Great practical sessions.,Positive,2025-03-26
3365,ST0112,F012,SUB028,5,5,5,4,5,4,Great practical sessions.,Positive,2025-04-28
1258,ST0735,F029,SUB028,5,4,4,4,4,5,Great practical sessions.,Positive,2025-01-13
4712,ST0700,F011,SUB010,5,4,4,4,5,4,Great practical sessions.,Positive,2025-12-20
3360,ST0585,F030,SUB022,5,4,5,4,4,5,Great practical sessions.,Positive,2025-10-25
1255,ST0071,F038,SUB029,4,4,4,4,4,5,Great practical sessions.,Positive,2025-10-13
3668,ST0620,F015,SUB014,5,5,5,4,5,4,Great practical sessions.,Positive,2025-07-18
4311,ST0694,F019,SUB015,4,4,5,5,5,5,Great practical sessions.,Positive,2025-08-28
1563,ST0148,F014,SUB026,4,4,5,4,5,4,Great practical sessions.,Positive,2025-03-02
4313,ST0285,F038,SUB005,4,4,4,5,4,5,Great practical sessions.,Positive,2025-04-13
2035,ST0517,F027,SUB026,5,4,5,4,4,5,Great practical sessions.,Positive,2025-12-10
2998,ST0727,F017,SUB030,5,4,5,5,5,5,Great practical sessions.,Positive,2025-10-31
3368,ST0831,F028,SUB006,4,4,5,5,4,5,Great practical sessions.,Positive,2025-10-08
2066,ST0263,F030,SUB023,4,4,5,5,4,4,Great practical sessions.,Positive,2025-05-29
2068,ST0310,F029,SUB027,4,5,5,5,4,4,Great practical sessions.,Positive,2025-07-14
2025,ST0594,F027,SUB029,5,4,5,5,5,4,Great practical sessions.,Positive,2025-11-13
3659,ST0937,F036,SUB001,4,5,5,5,4,4,Great practical sessions.,Positive,2025-02-17
3371,ST0469,F025,SUB019,5,5,5,4,5,4,Great practical sessions.,Positive,2025-10-05
4250,ST0963,F004,SUB007,5,5,4,5,5,5,Great practical sessions.,Positive,2025-10-30
1309,ST0363,F003,SUB003,5,5,4,4,5,5,Great practical sessions.,Positive,2025-06-05
2993,ST0243,F015,SUB030,5,5,5,5,4,5,Great practical sessions.,Positive,2025-06-05
619,ST0497,F036,SUB003,4,5,4,4,4,4,Great practical sessions.,Positive,2025-02-23
4562,ST0389,F037,SUB010,4,5,4,5,5,4,Great practical sessions.,Positive,2025-07-10
1187,ST0588,F002,SUB026,4,4,4,5,5,4,Great practical sessions.,Positive,2025-06-13
4055,ST0146,F021,SUB023,4,5,5,5,5,4,Great practical sessions.,Positive,2025-03-13
221,ST0001,F011,SUB028,4,5,4,5,4,4,Great practical sessions.,Positive,2025-12-19
1989,ST0590,F015,SUB006,5,5,5,5,4,5,Great practical sessions.,Positive,2025-09-02
3695,ST0583,F036,SUB002,4,4,5,4,5,4,Great practical sessions.,Positive,2025-11-20
458,ST0222,F015,SUB015,5,5,5,4,5,4,Great practical sessions.,Positive,2025-08-07
3381,ST0583,F008,SUB023,4,5,4,4,5,5,Great practical sessions.,Positive,2025-12-05
218,ST0581,F011,SUB002,4,4,4,4,5,4,Great practical sessions.,Positive,2025-09-18
1181,ST0042,F008,SUB015,4,5,5,4,4,5,Great practical sessions.,Positive,2025-04-07
3645,ST0426,F030,SUB025,5,4,4,5,4,5,Great practical sessions.,Positive,2025-11-22
1984,ST0881,F023,SUB019,5,5,5,4,5,4,Great practical sessions.,Positive,2025-11-20
216,ST0193,F035,SUB009,4,4,4,5,5,4,Great practical sessions.,Positive,2025-10-16
259,ST0473,F033,SUB023,4,5,5,5,4,4,Great practical sessions.,Positive,2025-02-28
3697,ST0271,F032,SUB003,5,4,4,5,4,5,Great practical sessions.,Positive,2025-09-04
4705,ST0591,F016,SUB020,4,4,5,4,5,5,Great practical sessions.,Positive,2025-09-26
3322,ST0926,F013,SUB010,5,4,5,4,4,4,Great practical sessions.,Positive,2025-09-14
4587,ST0173,F034,SUB009,4,4,4,4,5,4,Great practical sessions.,Positive,2025-05-22
4586,ST0331,F018,SUB009,4,5,4,5,5,5,Great practical sessions.,Positive,2025-07-12
4563,ST0079,F029,SUB009,4,5,4,5,5,5,Great practical sessions.,Positive,2025-04-15
1994,ST0797,F015,SUB019,5,4,5,4,4,4,Great practical sessions.,Positive,2025-01-27
439,ST0631,F011,SUB018,4,4,5,4,4,4,Great practical sessions.,Positive,2025-04-07
2108,ST0434,F038,SUB005,4,5,5,4,5,5,Great practical sessions.,Positive,2025-01-13
4565,ST0657,F027,SUB018,5,4,4,5,4,4,Great practical sessions.,Positive,2025-06-29
1212,ST0961,F035,SUB019,5,4,4,4,4,5,Great practical sessions.,Positive,2025-01-21
3551,ST0895,F008,SUB011,5,4,5,5,4,5,Great practical sessions.,Positive,2025-04-03
4156,ST0621,F040,SUB001,5,5,4,4,4,5,Great practical sessions.,Positive,2025-02-02
1210,ST0597,F039,SUB028,4,5,5,5,4,5,Great practical sessions.,Positive,2025-05-06
2002,ST0483,F033,SUB009,4,4,5,5,4,4,Great practical sessions.,Positive,2025-07-26
1297,ST0660,F027,SUB016,5,4,4,4,5,4,Great practical sessions.,Positive,2025-06-27
4057,ST0798,F019,SUB013,5,4,5,5,5,4,Great practical sessions.,Positive,2025-05-20
2119,ST0377,F036,SUB004,5,5,4,5,4,5,Great practical sessions.,Positive,2025-10-30
1200,ST0376,F023,SUB025,4,5,5,5,5,4,Great practical sessions.,Positive,2025-03-07
1199,ST0491,F027,SUB003,5,5,5,4,4,5,Great practical sessions.,Positive,2025-11-14
1996,ST0648,F038,SUB009,4,5,5,5,4,5,Great practical sessions.,Positive,2025-02-02
2988,ST0683,F035,SUB009,4,4,4,5,5,5,Great practical sessions.,Positive,2025-08-01
2127,ST0945,F032,SUB026,4,5,5,5,4,5,Great practical sessions.,Positive,2025-07-29
1196,ST0516,F012,SUB007,5,4,4,4,5,4,Great practical sessions.,Positive,2025-07-24
4320,ST0137,F024,SUB008,5,5,5,4,4,4,Great practical sessions.,Positive,2025-10-23
3689,ST0175,F031,SUB007,4,5,5,4,4,5,Great practical sessions.,Positive,2025-02-03
3410,ST0337,F007,SUB023,4,5,4,4,4,4,Great practical sessions.,Positive,2025-08-04
489,ST0547,F028,SUB001,4,4,4,5,4,4,Great practical sessions.,Positive,2025-01-01
2968,ST0544,F013,SUB022,5,4,5,4,4,4,Great practical sessions.,Positive,2025-04-02
1840,ST0078,F010,SUB029,5,5,4,5,4,4,Great practical sessions.,Positive,2025-12-30
601,ST0274,F005,SUB007,4,4,5,4,4,5,Great practical sessions.,Positive,2025-08-31
3217,ST0143,F036,SUB028,4,4,5,5,5,4,Great practical sessions.,Positive,2025-04-28
1394,ST0429,F016,SUB021,5,4,4,4,5,5,Great practical sessions.,Positive,2025-09-11
416,ST0565,F025,SUB010,5,4,4,4,5,4,Great practical sessions.,Positive,2025-05-07
4960,ST0346,F006,SUB002,4,4,5,5,5,5,Great practical sessions.,Positive,2025-01-28
2435,ST0165,F019,SUB002,4,4,4,5,4,5,Great practical sessions.,Positive,2025-05-31
977,ST0438,F017,SUB004,4,4,4,4,5,4,Great practical sessions.,Positive,2025-05-04
3215,ST0671,F033,SUB030,5,5,4,4,5,5,Great practical sessions.,Positive,2025-07-29
3214,ST0028,F013,SUB021,4,5,5,4,5,5,Great practical sessions.,Positive,2025-09-19
3459,ST0032,F011,SUB010,5,5,4,4,4,5,Great practical sessions.,Positive,2025-12-02
2440,ST0613,F040,SUB022,5,5,5,4,5,5,Great practical sessions.,Positive,2025-02-22
1832,ST0702,F011,SUB005,5,5,5,5,5,5,Great practical sessions.,Positive,2025-04-26
4373,ST0136,F037,SUB027,4,4,4,5,5,5,Great practical sessions.,Positive,2025-12-18
414,ST0259,F004,SUB009,5,5,4,5,4,4,Great practical sessions.,Positive,2025-01-28
4617,ST0721,F021,SUB018,5,5,4,5,5,5,Great practical sessions.,Positive,2025-01-29
3558,ST0467,F015,SUB003,4,5,4,4,4,5,Great practical sessions.,Positive,2025-03-12
293,ST0268,F009,SUB014,4,5,4,4,4,4,Great practical sessions.,Positive,2025-04-06
4771,ST0104,F020,SUB027,4,5,5,4,4,5,Great practical sessions.,Positive,2025-03-17
987,ST0412,F014,SUB025,4,5,4,4,4,4,Great practical sessions.,Positive,2025-07-18
2416,ST0500,F038,SUB019,5,4,5,4,4,4,Great practical sessions.,Positive,2025-01-31
148,ST0972,F010,SUB007,5,4,4,5,4,4,Great practical sessions.,Positive,2025-02-03
2393,ST0498,F006,SUB007,4,5,5,5,4,4,Great practical sessions.,Positive,2025-03-21
1862,ST0918,F038,SUB026,5,5,5,4,4,5,Great practical sessions.,Positive,2025-05-07
2395,ST0988,F020,SUB011,5,4,4,5,4,5,Great practical sessions.,Positive,2025-04-02
1085,ST0500,F007,SUB003,4,5,5,4,5,5,Great practical sessions.,Positive,2025-06-11
2398,ST0033,F007,SUB024,4,5,5,4,5,4,Great practical sessions.,Positive,2025-10-18
4295,ST0109,F040,SUB025,4,5,4,4,4,4,Great practical sessions.,Positive,2025-11-21
3761,ST0202,F025,SUB028,4,4,4,4,4,4,Great practical sessions.,Positive,2025-10-20
3227,ST0216,F021,SUB003,4,5,4,4,5,4,Great practical sessions.,Positive,2025-07-06
1858,ST0397,F030,SUB020,4,4,4,5,5,5,Great practical sessions.,Positive,2025-08-17
656,ST0194,F029,SUB018,4,4,4,5,4,4,Great practical sessions.,Positive,2025-04-06
1855,ST0873,F037,SUB027,5,5,4,4,4,4,Great practical sessions.,Positive,2025-06-03
4340,ST0534,F035,SUB005,4,5,4,4,5,5,Great practical sessions.,Positive,2025-01-09
4610,ST0577,F026,SUB016,5,4,4,4,4,4,Great practical sessions.,Positive,2025-11-27
4269,ST0746,F014,SUB021,4,5,4,4,5,5,Great practical sessions.,Positive,2025-10-05
1388,ST0079,F011,SUB006,5,4,4,4,4,5,Great practical sessions.,Positive,2025-04-09
142,ST0627,F018,SUB020,5,5,5,5,5,4,Great practical sessions.,Positive,2025-11-01
988,ST0677,F004,SUB018,4,5,4,4,5,4,Great practical sessions.,Positive,2025-06-03
4512,ST0552,F001,SUB006,4,5,5,5,4,4,Great practical sessions.,Positive,2025-07-26
1400,ST0313,F013,SUB024,4,4,5,5,4,5,Great practical sessions.,Positive,2025-04-07
2453,ST0502,F038,SUB014,5,5,5,5,4,5,Great practical sessions.,Positive,2025-12-08
4495,ST0500,F035,SUB026,4,4,5,5,5,4,Great practical sessions.,Positive,2025-09-27
3467,ST0560,F014,SUB009,5,4,4,5,5,5,Great practical sessions.,Positive,2025-09-07
2491,ST0490,F006,SUB007,5,4,5,4,4,5,Great practical sessions.,Positive,2025-12-07
946,ST0587,F025,SUB021,5,5,4,4,5,5,Great practical sessions.,Positive,2025-07-20
3036,ST0064,F017,SUB029,4,5,4,5,5,5,Great practical sessions.,Positive,2025-05-06
1809,ST0842,F026,SUB017,4,4,5,4,4,4,Great practical sessions.,Positive,2025-01-22
2495,ST0042,F016,SUB005,5,5,4,4,4,4,Great practical sessions.,Positive,2025-01-12
3927,ST0306,F029,SUB015,4,5,4,4,5,4,Great practical sessions.,Positive,2025-09-19
302,ST0274,F009,SUB030,5,4,4,5,5,5,Great practical sessions.,Positive,2025-10-31
1806,ST0850,F012,SUB005,5,4,4,4,4,5,Great practical sessions.,Positive,2025-06-10
939,ST0212,F029,SUB010,5,5,5,4,4,4,Great practical sessions.,Positive,2025-11-12
3189,ST0010,F036,SUB003,5,4,5,5,5,5,Great practical sessions.,Positive,2025-10-28
4489,ST0918,F031,SUB029,4,4,5,4,4,4,Great practical sessions.,Positive,2025-12-27
3471,ST0451,F008,SUB030,5,5,4,4,5,4,Great practical sessions.,Positive,2025-09-06
1804,ST0729,F024,SUB028,4,4,4,4,4,4,Great practical sessions.,Positive,2025-04-28
1801,ST0419,F022,SUB005,5,5,5,4,5,4,Great practical sessions.,Positive,2025-07-05
4092,ST0097,F029,SUB012,5,4,4,5,5,4,Great practical sessions.,Positive,2025-11-17
2485,ST0636,F008,SUB007,5,4,5,5,5,4,Great practical sessions.,Positive,2025-11-07
4498,ST0816,F016,SUB021,5,5,4,4,4,4,Great practical sessions.,Positive,2025-10-22
4776,ST0520,F011,SUB017,5,5,4,4,5,4,Great practical sessions.,Positive,2025-04-19
1814,ST0397,F037,SUB019,4,5,4,5,4,4,Great practical sessions.,Positive,2025-11-01
3204,ST0223,F016,SUB019,5,4,4,4,4,4,Great practical sessions.,Positive,2025-02-03
963,ST0891,F040,SUB007,5,4,4,4,4,5,Great practical sessions.,Positive,2025-03-18
131,ST0710,F022,SUB030,5,5,5,5,4,4,Great practical sessions.,Positive,2025-04-20
130,ST0636,F013,SUB030,4,4,4,4,5,5,Great practical sessions.,Positive,2025-02-27
2932,ST0819,F015,SUB012,4,4,4,4,5,4,Great practical sessions.,Positive,2025-04-13
2463,ST0948,F017,SUB014,5,5,4,4,4,4,Great practical sessions.,Positive,2025-09-05
4344,ST0697,F023,SUB002,4,4,5,5,5,5,Great practical sessions.,Positive,2025-01-17
3776,ST0901,F027,SUB008,4,5,4,5,4,5,Great practical sessions.,Positive,2025-04-29
4877,ST0824,F034,SUB009,4,4,5,5,5,5,Great practical sessions.,Positive,2025-08-01
3462,ST0094,F031,SUB019,5,4,5,5,5,5,Great practical sessions.,Positive,2025-02-27
957,ST0400,F024,SUB014,5,4,5,4,5,4,Great practical sessions.,Positive,2025-05-29
3466,ST0269,F035,SUB011,5,4,4,4,5,4,Great practical sessions.,Positive,2025-09-28
4091,ST0191,F026,SUB009,4,4,4,4,5,5,Great practical sessions.,Positive,2025-11-24
4501,ST0067,F012,SUB021,5,4,4,5,5,5,Great practical sessions.,Positive,2025-08-07
2929,ST0832,F003,SUB003,4,5,4,4,4,5,Great practical sessions.,Positive,2025-10-04
1815,ST0665,F031,SUB016,5,4,4,4,5,5,Great practical sessions.,Positive,2025-01-05
3784,ST0130,F011,SUB015,4,4,4,5,5,4,Great practical sessions.,Positive,2025-12-11
4500,ST0223,F017,SUB009,5,5,5,5,4,5,Great practical sessions.,Positive,2025-02-18
3198,ST0702,F034,SUB019,5,5,5,5,5,5,Great practical sessions.,Positive,2025-06-17
18,ST0812,F016,SUB009,4,4,4,4,5,5,Great practical sessions.,Positive,2025-08-10
655,ST0347,F035,SUB011,4,5,5,5,5,4,Great practical sessions.,Positive,2025-02-03
1376,ST0063,F021,SUB010,4,4,5,4,5,4,Great practical sessions.,Positive,2025-12-22
3268,ST0448,F009,SUB020,4,4,5,4,4,4,Great practical sessions.,Positive,2025-08-14
3267,ST0895,F002,SUB029,5,4,4,4,5,4,Great practical sessions.,Positive,2025-10-04
3973,ST0419,F016,SUB007,4,4,5,5,5,5,Great practical sessions.,Positive,2025-07-02
3737,ST0758,F018,SUB017,4,5,5,5,5,5,Great practical sessions.,Positive,2025-06-05
168,ST0907,F033,SUB020,4,5,5,4,5,4,Great practical sessions.,Positive,2025-12-31
1059,ST0522,F021,SUB020,4,5,5,5,4,4,Great practical sessions.,Positive,2025-04-18
1582,ST0543,F027,SUB012,5,5,4,4,4,4,Great practical sessions.,Positive,2025-05-28
1350,ST0152,F028,SUB029,5,4,5,5,5,4,Great practical sessions.,Positive,2025-02-03
4756,ST0525,F019,SUB009,4,5,5,4,4,4,Great practical sessions.,Positive,2025-08-30
4530,ST0794,F016,SUB011,5,4,5,5,4,4,Great practical sessions.,Positive,2025-11-15
4387,ST0196,F034,SUB004,5,5,5,5,5,5,Great practical sessions.,Positive,2025-07-27
2327,ST0802,F012,SUB026,4,4,4,5,4,5,Great practical sessions.,Positive,2025-07-04
1895,ST0933,F023,SUB029,4,4,5,4,5,4,Great practical sessions.,Positive,2025-12-31
2329,ST0542,F023,SUB016,4,4,5,4,4,5,Great practical sessions.,Positive,2025-01-13
610,ST0774,F034,SUB013,4,4,4,5,5,4,Great practical sessions.,Positive,2025-09-20
1893,ST0110,F023,SUB030,4,5,4,4,4,5,Great practical sessions.,Positive,2025-06-18
2953,ST0818,F020,SUB020,4,4,4,5,5,4,Great practical sessions.,Positive,2025-07-11
1903,ST0308,F013,SUB016,4,5,4,5,4,4,Great practical sessions.,Positive,2025-07-02
2333,ST0987,F015,SUB022,5,5,5,4,4,5,Great practical sessions.,Positive,2025-10-12
1906,ST0355,F003,SUB028,5,5,5,5,4,4,Great practical sessions.,Positive,2025-05-03
173,ST0272,F012,SUB024,5,4,5,4,4,4,Great practical sessions.,Positive,2025-09-15
4600,ST0260,F021,SUB024,5,5,5,5,4,5,Great practical sessions.,Positive,2025-10-06
3022,ST0742,F030,SUB028,5,5,4,5,5,5,Great practical sessions.,Positive,2025-11-24
180,ST0663,F004,SUB014,4,5,5,4,5,4,Great practical sessions.,Positive,2025-12-28
1913,ST0297,F007,SUB021,4,4,4,5,4,4,Great practical sessions.,Positive,2025-10-31
3278,ST0698,F029,SUB001,4,5,5,5,4,5,Great practical sessions.,Positive,2025-08-30
1079,ST0426,F027,SUB020,5,4,5,5,4,4,Great practical sessions.,Positive,2025-04-16
4752,ST0800,F008,SUB025,4,5,4,4,5,5,Great practical sessions.,Positive,2025-11-13
3414,ST0667,F006,SUB011,4,4,4,4,4,5,Great practical sessions.,Positive,2025-09-03
4267,ST0649,F008,SUB027,5,4,5,5,5,5,Great practical sessions.,Positive,2025-08-02
4386,ST0044,F028,SUB015,4,4,4,4,4,5,Great practical sessions.,Positive,2025-02-13
1346,ST0630,F018,SUB017,5,5,4,5,5,4,Great practical sessions.,Positive,2025-09-20
4333,ST0655,F012,SUB024,4,4,5,5,5,5,Great practical sessions.,Positive,2025-03-04
4334,ST0025,F014,SUB006,5,4,4,4,5,4,Great practical sessions.,Positive,2025-06-02
3024,ST0593,F015,SUB015,4,4,5,4,4,5,Great practical sessions.,Positive,2025-01-29
1066,ST0633,F034,SUB012,4,5,4,5,4,4,Great practical sessions.,Positive,2025-02-24
1549,ST0529,F014,SUB015,5,5,5,4,4,4,Great practical sessions.,Positive,2025-04-14
2961,ST0691,F022,SUB019,5,5,4,5,4,5,Great practical sessions.,Positive,2025-06-28
2303,ST0036,F009,SUB027,4,4,5,5,5,4,Great practical sessions.,Positive,2025-10-19
2334,ST0586,F024,SUB009,5,4,4,4,5,5,Great practical sessions.,Positive,2025-03-24
2866,ST0403,F003,SUB023,4,4,5,4,4,5,Great practical sessions.,Positive,2025-03-17
3617,ST0297,F018,SUB005,5,5,4,4,4,4,Great practical sessions.,Positive,2025-10-21
1357,ST0804,F017,SUB001,4,4,4,4,4,5,Great practical sessions.,Positive,2025-08-20
1023,ST0639,F031,SUB012,5,4,4,5,5,4,Great practical sessions.,Positive,2025-04-30
4847,ST0439,F020,SUB022,4,5,4,4,4,4,Great practical sessions.,Positive,2025-05-25
1039,ST0193,F026,SUB027,5,4,5,5,5,5,Great practical sessions.,Positive,2025-07-18
285,ST0462,F036,SUB003,4,5,4,4,4,4,Great practical sessions.,Positive,2025-02-03
3251,ST0564,F006,SUB026,5,4,4,5,5,5,Great practical sessions.,Positive,2025-11-18
2370,ST0162,F013,SUB025,4,5,5,5,4,5,Great practical sessions.,Positive,2025-06-17
2354,ST0748,F023,SUB012,5,4,5,4,4,4,Great practical sessions.,Positive,2025-12-12
1882,ST0647,F008,SUB014,5,4,4,4,4,4,Great practical sessions.,Positive,2025-06-02
1880,ST0236,F019,SUB018,5,5,4,5,5,4,Great practical sessions.,Positive,2025-04-05
3245,ST0777,F020,SUB006,4,4,4,5,5,5,Great practical sessions.,Positive,2025-09-20
506,ST0728,F033,SUB013,4,4,4,5,5,4,Great practical sessions.,Positive,2025-05-26
1364,ST0705,F029,SUB017,5,4,4,4,4,5,Great practical sessions.,Positive,2025-09-23
2364,ST0503,F020,SUB008,4,5,4,4,5,5,Great practical sessions.,Positive,2025-04-09
501,ST0919,F002,SUB012,5,5,4,4,4,5,Great practical sessions.,Positive,2025-05-28
4078,ST0045,F034,SUB029,5,5,5,4,5,4,Great practical sessions.,Positive,2025-02-17
3241,ST0916,F009,SUB030,5,4,5,5,5,4,Great practical sessions.,Positive,2025-07-08
4268,ST0527,F021,SUB030,5,5,4,5,5,4,Great practical sessions.,Positive,2025-03-04
2345,ST0472,F003,SUB002,4,5,4,5,5,4,Great practical sessions.,Positive,2025-08-10
4698,ST0700,F024,SUB028,5,4,5,4,5,4,Great practical sessions.,Positive,2025-01-23
2344,ST0734,F012,SUB021,4,4,5,5,4,5,Great practical sessions.,Positive,2025-02-01
1356,ST0308,F021,SUB007,5,4,5,4,4,4,Great practical sessions.,Positive,2025-06-21
16,ST0626,F001,SUB005,4,4,5,4,4,5,Great practical sessions.,Positive,2025-09-09
3752,ST0787,F021,SUB026,5,5,5,5,5,4,Great practical sessions.,Positive,2025-12-26
2385,ST0379,F026,SUB021,5,5,5,4,4,5,Great practical sessions.,Positive,2025-09-26
3237,ST0674,F018,SUB009,5,4,5,5,4,4,Great practical sessions.,Positive,2025-11-13
3434,ST0071,F002,SUB014,5,5,4,5,5,5,Great practical sessions.,Positive,2025-11-09
1018,ST0338,F015,SUB021,4,5,4,4,5,4,Great practical sessions.,Positive,2025-04-02
1016,ST0009,F030,SUB017,4,4,5,5,4,4,Great practical sessions.,Positive,2025-05-29
3539,ST0838,F030,SUB008,4,5,4,4,4,4,Great practical sessions.,Positive,2025-02-06
164,ST0096,F013,SUB006,5,4,5,5,5,4,Great practical sessions.,Positive,2025-12-30
3232,ST0564,F034,SUB001,4,5,4,4,4,4,Great practical sessions.,Positive,2025-02-27
3030,ST0638,F017,SUB009,4,4,5,5,5,4,Helpful and supportive faculty.,Positive,2025-08-11
3546,ST0905,F003,SUB026,4,5,4,5,5,4,Helpful and supportive faculty.,Positive,2025-07-27
3910,ST0418,F025,SUB020,5,4,5,5,4,5,Helpful and supportive faculty.,Positive,2025-02-23
3554,ST0906,F006,SUB001,4,4,4,4,4,4,Helpful and supportive faculty.,Positive,2025-05-26
3556,ST0713,F028,SUB028,5,5,4,5,4,4,Helpful and supportive faculty.,Positive,2025-06-20
3524,ST0008,F037,SUB022,4,4,5,4,5,5,Helpful and supportive faculty.,Positive,2025-12-21
3920,ST0709,F009,SUB025,4,4,4,5,4,4,Helpful and supportive faculty.,Positive,2025-09-17
4146,ST0173,F013,SUB009,5,5,5,5,5,4,Helpful and supportive faculty.,Positive,2025-06-23
4372,ST0383,F014,SUB005,4,5,5,5,5,4,Helpful and supportive faculty.,Positive,2025-02-21
4021,ST0597,F012,SUB020,5,5,4,4,4,4,Helpful and supportive faculty.,Positive,2025-02-12
3912,ST0955,F037,SUB013,4,4,5,5,4,4,Helpful and supportive faculty.,Positive,2025-10-07
3916,ST0718,F023,SUB009,4,5,5,5,4,5,Helpful and supportive faculty.,Positive,2025-05-18
4018,ST0225,F024,SUB015,4,5,5,4,4,5,Helpful and supportive faculty.,Positive,2025-07-01
4280,ST0514,F009,SUB014,5,5,4,4,5,4,Helpful and supportive faculty.,Positive,2025-07-16
3924,ST0691,F014,SUB009,5,4,4,4,5,5,Helpful and supportive faculty.,Positive,2025-09-27
3917,ST0476,F015,SUB029,4,4,5,5,4,5,Helpful and supportive faculty.,Positive,2025-04-20
4375,ST0730,F020,SUB009,4,4,5,5,5,5,Helpful and supportive faculty.,Positive,2025-11-09
4198,ST0963,F003,SUB026,5,4,4,4,5,5,Helpful and supportive faculty.,Positive,2025-01-20
3550,ST0109,F003,SUB023,4,4,4,4,5,4,Helpful and supportive faculty.,Positive,2025-08-19
4197,ST0195,F025,SUB010,5,4,5,5,4,4,Helpful and supportive faculty.,Positive,2025-02-09
3034,ST0081,F035,SUB028,5,5,5,4,4,5,Helpful and supportive faculty.,Positive,2025-03-19
3530,ST0296,F037,SUB018,5,4,5,5,4,4,Helpful and supportive faculty.,Positive,2025-04-10
3667,ST0217,F032,SUB019,5,5,5,4,5,5,Helpful and supportive faculty.,Positive,2025-07-17
3899,ST0465,F006,SUB007,5,5,4,4,4,5,Helpful and supportive faculty.,Positive,2025-08-02
3622,ST0818,F013,SUB006,4,5,5,4,4,5,Helpful and supportive faculty.,Positive,2025-05-23
3733,ST0204,F038,SUB019,4,4,4,5,5,4,Helpful and supportive faculty.,Positive,2025-12-06
3734,ST0680,F013,SUB022,4,5,4,4,5,5,Helpful and supportive faculty.,Positive,2025-05-25
3273,ST0341,F012,SUB001,4,5,5,5,4,5,Helpful and supportive faculty.,Positive,2025-01-07
4335,ST0444,F011,SUB023,4,4,5,4,4,4,Helpful and supportive faculty.,Positive,2025-06-07
4074,ST0700,F026,SUB011,4,5,4,4,4,4,Helpful and supportive faculty.,Positive,2025-06-11
3265,ST0299,F018,SUB021,4,5,4,4,5,5,Helpful and supportive faculty.,Positive,2025-07-20
4302,ST0298,F010,SUB022,4,5,4,5,5,4,Helpful and supportive faculty.,Positive,2025-01-05
3261,ST0969,F006,SUB030,5,5,5,4,5,4,Helpful and supportive faculty.,Positive,2025-11-14
3422,ST0122,F002,SUB026,5,4,4,4,4,4,Helpful and supportive faculty.,Positive,2025-03-04
3423,ST0037,F003,SUB014,4,5,4,5,5,5,Helpful and supportive faculty.,Positive,2025-06-14
4339,ST0522,F001,SUB015,4,4,5,4,4,4,Helpful and supportive faculty.,Positive,2025-01-29
3740,ST0822,F035,SUB028,5,5,4,4,4,4,Helpful and supportive faculty.,Positive,2025-11-18
3741,ST0239,F016,SUB015,5,5,5,4,4,4,Helpful and supportive faculty.,Positive,2025-01-05
3253,ST0169,F013,SUB023,5,5,4,5,5,4,Helpful and supportive faculty.,Positive,2025-02-27
3242,ST0360,F025,SUB005,4,5,4,5,5,5,Helpful and supportive faculty.,Positive,2025-09-24
3969,ST0462,F008,SUB001,5,5,5,5,4,4,Helpful and supportive faculty.,Positive,2025-03-26
3234,ST0964,F029,SUB004,5,4,5,5,4,5,Helpful and supportive faculty.,Positive,2025-08-28
3442,ST0280,F029,SUB009,4,5,4,5,4,5,Helpful and supportive faculty.,Positive,2025-01-22
3758,ST0940,F002,SUB002,5,5,4,5,5,4,Helpful and supportive faculty.,Positive,2025-10-07
4082,ST0227,F008,SUB008,5,5,4,5,4,4,Helpful and supportive faculty.,Positive,2025-08-21
3444,ST0738,F005,SUB008,4,4,5,4,5,4,Helpful and supportive faculty.,Positive,2025-04-07
4083,ST0804,F023,SUB003,4,5,4,4,5,4,Helpful and supportive faculty.,Positive,2025-08-24
3762,ST0380,F014,SUB003,4,5,5,4,5,4,Helpful and supportive faculty.,Positive,2025-02-02
3614,ST0728,F010,SUB002,4,4,5,5,5,4,Helpful and supportive faculty.,Positive,2025-04-10
3611,ST0887,F020,SUB018,4,5,5,4,4,5,Helpful and supportive faculty.,Positive,2025-10-24
4293,ST0331,F011,SUB003,4,5,4,5,5,5,Helpful and supportive faculty.,Positive,2025-12-04
4087,ST0076,F029,SUB003,4,4,4,5,5,5,Helpful and supportive faculty.,Positive,2025-05-30
3210,ST0544,F005,SUB019,5,4,5,5,4,5,Helpful and supportive faculty.,Positive,2025-05-21
4233,ST0817,F040,SUB025,4,5,5,5,5,5,Helpful and supportive faculty.,Positive,2025-04-27
3412,ST0059,F036,SUB008,4,4,5,4,5,4,Helpful and supportive faculty.,Positive,2025-02-25
4331,ST0325,F017,SUB029,4,5,4,4,4,4,Helpful and supportive faculty.,Positive,2025-10-19
3976,ST0785,F008,SUB003,5,5,5,5,4,4,Helpful and supportive faculty.,Positive,2025-05-26
4059,ST0184,F027,SUB020,5,5,4,4,5,5,Helpful and supportive faculty.,Positive,2025-11-10
4247,ST0101,F015,SUB022,5,4,4,4,4,5,Helpful and supportive faculty.,Positive,2025-01-12
3985,ST0268,F014,SUB006,5,5,5,4,5,5,Helpful and supportive faculty.,Positive,2025-03-17
3344,ST0994,F025,SUB014,5,4,5,4,5,5,Helpful and supportive faculty.,Positive,2025-04-05
3680,ST0239,F001,SUB027,4,5,4,4,5,4,Helpful and supportive faculty.,Positive,2025-03-02
3343,ST0623,F003,SUB029,4,4,5,4,5,4,Helpful and supportive faculty.,Positive,2025-08-01
3682,ST0996,F001,SUB028,5,4,5,5,4,4,Helpful and supportive faculty.,Positive,2025-03-13
3989,ST0850,F006,SUB012,4,5,4,5,5,4,Helpful and supportive faculty.,Positive,2025-07-28
3686,ST0822,F023,SUB004,4,5,4,5,4,4,Helpful and supportive faculty.,Positive,2025-07-14
3981,ST0957,F027,SUB010,5,4,4,4,5,4,Helpful and supportive faculty.,Positive,2025-08-04
4062,ST0941,F025,SUB003,5,5,5,5,4,5,Helpful and supportive faculty.,Positive,2025-06-10
4242,ST0987,F022,SUB028,4,4,4,4,4,5,Helpful and supportive faculty.,Positive,2025-08-03
3646,ST0084,F010,SUB022,4,5,5,5,4,4,Helpful and supportive faculty.,Positive,2025-11-03
4050,ST0429,F034,SUB009,5,5,5,5,5,4,Helpful and supportive faculty.,Positive,2025-06-29
3773,ST0132,F004,SUB001,5,5,4,5,5,5,Helpful and supportive faculty.,Positive,2025-10-08
3702,ST0815,F017,SUB001,4,5,4,4,5,5,Helpful and supportive faculty.,Positive,2025-06-23
4174,ST0460,F022,SUB006,4,5,5,4,5,5,Helpful and supportive faculty.,Positive,2025-01-12
4066,ST0256,F015,SUB021,4,5,4,5,4,5,Helpful and supportive faculty.,Positive,2025-05-29
3393,ST0594,F028,SUB022,5,5,4,5,4,4,Helpful and supportive faculty.,Positive,2025-10-14
3396,ST0508,F017,SUB024,4,4,4,5,4,4,Helpful and supportive faculty.,Positive,2025-08-25
4261,ST0085,F009,SUB022,5,5,4,4,4,4,Helpful and supportive faculty.,Positive,2025-11-11
3397,ST0855,F030,SUB017,4,5,4,4,5,4,Helpful and supportive faculty.,Positive,2025-01-25
4068,ST0788,F020,SUB018,4,4,5,4,5,5,Helpful and supportive faculty.,Positive,2025-11-16
3297,ST0737,F039,SUB001,4,5,4,4,5,4,Helpful and supportive faculty.,Positive,2025-10-07
3403,ST0807,F028,SUB007,5,4,4,5,4,5,Helpful and supportive faculty.,Positive,2025-12-20
4046,ST0315,F008,SUB004,5,5,5,4,5,5,Helpful and supportive faculty.,Positive,2025-09-29
4071,ST0537,F024,SUB012,4,4,5,5,4,4,Helpful and supportive faculty.,Positive,2025-10-03
3286,ST0986,F026,SUB019,5,5,4,5,5,5,Helpful and supportive faculty.,Positive,2025-05-03
4304,ST0708,F010,SUB009,5,4,4,5,4,5,Helpful and supportive faculty.,Positive,2025-09-20
3409,ST0331,F032,SUB030,4,5,5,5,4,5,Helpful and supportive faculty.,Positive,2025-11-08
3388,ST0106,F020,SUB025,5,4,4,5,4,5,Helpful and supportive faculty.,Positive,2025-09-28
3903,ST0112,F019,SUB016,5,5,5,5,4,4,Helpful and supportive faculty.,Positive,2025-11-04
4089,ST1000,F001,SUB003,4,4,4,5,4,5,Helpful and supportive faculty.,Positive,2025-12-19
4040,ST0453,F018,SUB027,5,5,4,4,4,5,Helpful and supportive faculty.,Positive,2025-08-25
4013,ST0261,F025,SUB028,4,4,5,4,5,4,Helpful and supportive faculty.,Positive,2025-06-12
3506,ST0483,F026,SUB030,4,4,4,4,5,5,Helpful and supportive faculty.,Positive,2025-05-12
4212,ST0458,F038,SUB001,5,5,4,4,4,4,Helpful and supportive faculty.,Positive,2025-05-27
3942,ST0850,F020,SUB006,5,4,4,4,5,5,Helpful and supportive faculty.,Positive,2025-02-01
3106,ST0241,F031,SUB003,5,5,4,4,5,4,Helpful and supportive faculty.,Positive,2025-12-09
3105,ST0462,F005,SUB011,4,4,5,4,4,4,Helpful and supportive faculty.,Positive,2025-01-19
4125,ST0118,F018,SUB030,5,4,5,4,4,5,Helpful and supportive faculty.,Positive,2025-11-24
3098,ST0627,F038,SUB017,5,5,4,5,4,4,Helpful and supportive faculty.,Positive,2025-09-24
3095,ST0547,F016,SUB030,5,5,5,5,5,4,Helpful and supportive faculty.,Positive,2025-11-06
3863,ST0554,F026,SUB014,4,4,5,5,4,4,Helpful and supportive faculty.,Positive,2025-12-12
4016,ST0285,F005,SUB030,5,4,5,5,5,5,Helpful and supportive faculty.,Positive,2025-07-27
4133,ST0443,F005,SUB016,5,5,4,5,4,5,Helpful and supportive faculty.,Positive,2025-11-09
3516,ST0126,F001,SUB009,5,5,5,4,5,4,Helpful and supportive faculty.,Positive,2025-12-23
3870,ST0113,F016,SUB030,5,4,5,4,5,4,Helpful and supportive faculty.,Positive,2025-09-29
3517,ST0926,F035,SUB024,4,5,5,5,4,5,Helpful and supportive faculty.,Positive,2025-08-05
3572,ST0319,F032,SUB024,4,5,5,5,5,5,Helpful and supportive faculty.,Positive,2025-08-22
3085,ST0326,F014,SUB022,4,4,4,4,4,4,Helpful and supportive faculty.,Positive,2025-04-04
3874,ST0452,F005,SUB005,5,4,5,4,5,4,Helpful and supportive faculty.,Positive,2025-12-22
3568,ST0225,F023,SUB026,5,5,5,5,5,4,Helpful and supportive faculty.,Positive,2025-06-27
4206,ST0628,F028,SUB022,4,5,4,5,4,4,Helpful and supportive faculty.,Positive,2025-09-21
3941,ST0488,F017,SUB011,4,5,5,4,5,4,Helpful and supportive faculty.,Positive,2025-11-24
3520,ST0313,F026,SUB011,5,4,5,5,5,5,Helpful and supportive faculty.,Positive,2025-04-21
3521,ST0228,F006,SUB011,4,5,4,4,5,5,Helpful and supportive faculty.,Positive,2025-04-11
3884,ST0195,F015,SUB002,5,5,4,4,4,4,Helpful and supportive faculty.,Positive,2025-04-03
3885,ST0926,F008,SUB027,5,5,4,5,5,5,Helpful and supportive faculty.,Positive,2025-10-31
3887,ST0588,F013,SUB022,4,4,5,5,5,4,Helpful and supportive faculty.,Positive,2025-03-16
3939,ST0160,F003,SUB019,5,4,4,5,4,5,Helpful and supportive faculty.,Positive,2025-11-07
3890,ST0470,F021,SUB014,5,4,5,4,4,5,Helpful and supportive faculty.,Positive,2025-11-13
4028,ST0218,F032,SUB025,4,5,5,4,5,4,Helpful and supportive faculty.,Positive,2025-06-11
3505,ST0118,F017,SUB011,4,5,4,4,4,4,Helpful and supportive faculty.,Positive,2025-10-21
3858,ST0355,F015,SUB016,4,5,4,5,5,5,Helpful and supportive faculty.,Positive,2025-10-24
3112,ST0998,F034,SUB005,5,4,4,4,5,5,Helpful and supportive faculty.,Positive,2025-02-03
3855,ST0686,F017,SUB010,5,4,5,4,5,4,Helpful and supportive faculty.,Positive,2025-12-10
3199,ST0306,F022,SUB010,4,4,4,4,5,5,Helpful and supportive faculty.,Positive,2025-02-20
3463,ST0634,F022,SUB014,4,5,5,5,4,4,Helpful and supportive faculty.,Positive,2025-12-10
4193,ST0944,F032,SUB011,5,4,5,4,5,5,Helpful and supportive faculty.,Positive,2025-12-14
3785,ST0779,F003,SUB024,4,4,4,5,4,5,Helpful and supportive faculty.,Positive,2025-02-06
3194,ST0953,F008,SUB018,4,4,5,4,4,5,Helpful and supportive faculty.,Positive,2025-07-19
3606,ST0311,F026,SUB002,5,5,5,5,5,5,Helpful and supportive faculty.,Positive,2025-10-10
3476,ST0294,F014,SUB012,4,4,5,4,4,5,Helpful and supportive faculty.,Positive,2025-04-23
3182,ST0445,F026,SUB015,5,5,5,4,5,4,Helpful and supportive faculty.,Positive,2025-06-14
4038,ST0965,F011,SUB030,5,5,5,5,5,4,Helpful and supportive faculty.,Positive,2025-02-14
3956,ST0807,F023,SUB018,5,4,4,5,5,4,Helpful and supportive faculty.,Positive,2025-08-11
3171,ST0977,F032,SUB021,5,4,4,5,4,5,Helpful and supportive faculty.,Positive,2025-10-07
3953,ST0187,F031,SUB008,5,5,5,4,4,5,Helpful and supportive faculty.,Positive,2025-01-15
3597,ST0382,F013,SUB008,5,5,4,4,4,4,Helpful and supportive faculty.,Positive,2025-03-16
3800,ST0114,F021,SUB001,5,5,5,4,5,4,Helpful and supportive faculty.,Positive,2025-07-17
4228,ST0923,F032,SUB020,5,5,4,5,4,4,Helpful and supportive faculty.,Positive,2025-01-07
3596,ST0942,F015,SUB008,4,4,5,4,4,4,Helpful and supportive faculty.,Positive,2025-03-11
3155,ST0963,F021,SUB017,5,4,5,4,4,5,Helpful and supportive faculty.,Positive,2025-01-09
4291,ST0433,F024,SUB008,5,5,5,5,4,4,Helpful and supportive faculty.,Positive,2025-10-15
3950,ST0533,F037,SUB013,4,4,5,5,4,4,Helpful and supportive faculty.,Positive,2025-05-23
3817,ST0336,F025,SUB021,5,4,4,5,4,4,Helpful and supportive faculty.,Positive,2025-05-08
3142,ST0761,F019,SUB021,4,5,4,5,5,4,Helpful and supportive faculty.,Positive,2025-12-13
3141,ST0757,F027,SUB017,4,4,5,4,5,5,Helpful and supportive faculty.,Positive,2025-07-06
3945,ST0273,F029,SUB020,4,4,4,5,4,4,Helpful and supportive faculty.,Positive,2025-10-27
3127,ST0417,F025,SUB007,5,4,5,5,5,4,Helpful and supportive faculty.,Positive,2025-03-25
4009,ST0959,F015,SUB011,4,4,5,5,4,5,Helpful and supportive faculty.,Positive,2025-09-24
3120,ST0807,F007,SUB009,5,5,5,5,5,5,Helpful and supportive faculty.,Positive,2025-12-25
4215,ST0171,F002,SUB022,5,5,5,4,4,5,Helpful and supportive faculty.,Positive,2025-07-21
3495,ST0638,F012,SUB006,5,4,4,4,5,5,Helpful and supportive faculty.,Positive,2025-01-12
3582,ST0187,F038,SUB008,5,5,5,5,5,5,Helpful and supportive faculty.,Positive,2025-10-24
4167,ST0957,F036,SUB008,5,5,4,5,4,5,Helpful and supportive faculty.,Positive,2025-07-03
3952,ST0565,F002,SUB003,4,5,4,4,5,5,Helpful and supportive faculty.,Positive,2025-05-06
4272,ST0654,F019,SUB008,5,5,4,5,4,4,Helpful and supportive faculty.,Positive,2025-03-20
2077,ST0394,F003,SUB027,4,4,5,4,5,5,Helpful and supportive faculty.,Positive,2025-01-19
1487,ST0435,F010,SUB019,5,5,4,5,5,5,Helpful and supportive faculty.,Positive,2025-06-22
2023,ST0985,F006,SUB023,4,5,5,4,4,5,Helpful and supportive faculty.,Positive,2025-09-13
911,ST0071,F009,SUB021,4,5,5,4,4,5,Helpful and supportive faculty.,Positive,2025-10-27
905,ST0823,F013,SUB012,4,4,4,4,5,4,Helpful and supportive faculty.,Positive,2025-04-28
2036,ST0717,F020,SUB013,5,4,5,4,4,4,Helpful and supportive faculty.,Positive,2025-07-09
2048,ST0728,F015,SUB030,5,5,5,4,5,5,Helpful and supportive faculty.,Positive,2025-10-09
898,ST0303,F023,SUB012,5,5,5,4,4,5,Helpful and supportive faculty.,Positive,2025-03-29
864,ST0428,F012,SUB003,4,4,5,4,4,5,Helpful and supportive faculty.,Positive,2025-04-06
2064,ST0170,F027,SUB027,5,5,5,5,5,5,Helpful and supportive faculty.,Positive,2025-05-06
2075,ST0855,F004,SUB002,4,5,4,5,4,5,Helpful and supportive faculty.,Positive,2025-01-21
4797,ST0525,F014,SUB030,4,5,5,4,5,4,Helpful and supportive faculty.,Positive,2025-01-14
2081,ST0334,F029,SUB030,4,4,4,5,5,5,Helpful and supportive faculty.,Positive,2025-04-23
2086,ST0674,F016,SUB010,4,4,4,4,5,5,Helpful and supportive faculty.,Positive,2025-08-15
843,ST0006,F034,SUB008,5,5,4,4,4,5,Helpful and supportive faculty.,Positive,2025-11-01
2091,ST0727,F032,SUB029,4,5,4,4,5,5,Helpful and supportive faculty.,Positive,2025-08-06
837,ST0314,F008,SUB011,5,4,5,4,5,4,Helpful and supportive faculty.,Positive,2025-07-15
2098,ST0738,F016,SUB019,4,4,4,4,5,4,Helpful and supportive faculty.,Positive,2025-04-09
2100,ST0026,F033,SUB025,4,5,4,5,5,5,Helpful and supportive faculty.,Positive,2025-11-01
836,ST0454,F028,SUB019,5,5,5,4,5,4,Helpful and supportive faculty.,Positive,2025-09-21
2110,ST0787,F003,SUB017,5,4,5,5,4,4,Helpful and supportive faculty.,Positive,2025-08-05
2118,ST0286,F037,SUB023,5,5,4,5,4,5,Helpful and supportive faculty.,Positive,2025-11-10
2121,ST0506,F024,SUB014,4,4,5,5,4,4,Helpful and supportive faculty.,Positive,2025-10-26
2122,ST0018,F001,SUB017,5,4,4,4,4,5,Helpful and supportive faculty.,Positive,2025-02-16
2124,ST0626,F008,SUB029,5,5,4,4,4,4,Helpful and supportive faculty.,Positive,2025-10-24
2130,ST0400,F013,SUB024,5,4,5,4,4,5,Helpful and supportive faculty.,Positive,2025-05-18
824,ST0050,F034,SUB005,4,5,5,4,4,4,Helpful and supportive faculty.,Positive,2025-10-07
4561,ST0996,F031,SUB028,4,4,5,5,4,5,Helpful and supportive faculty.,Positive,2025-05-19
2145,ST0357,F018,SUB011,4,5,4,5,4,5,Helpful and supportive faculty.,Positive,2025-05-13
929,ST0758,F014,SUB019,4,5,4,5,4,5,Helpful and supportive faculty.,Positive,2025-10-20
2147,ST0861,F024,SUB002,4,4,5,5,4,5,Helpful and supportive faculty.,Positive,2025-08-02
2019,ST0228,F003,SUB021,5,5,4,5,5,4,Helpful and supportive faculty.,Positive,2025-11-08
2015,ST0114,F006,SUB017,5,5,5,5,4,5,Helpful and supportive faculty.,Positive,2025-03-11
968,ST0752,F027,SUB017,5,4,4,4,4,4,Helpful and supportive faculty.,Positive,2025-11-15
1939,ST0058,F035,SUB007,5,4,4,5,5,5,Helpful and supportive faculty.,Positive,2025-12-21
967,ST0971,F020,SUB011,5,5,5,4,5,4,Helpful and supportive faculty.,Positive,2025-07-02
1942,ST0570,F033,SUB005,5,5,4,4,5,5,Helpful and supportive faculty.,Positive,2025-07-30
966,ST0740,F008,SUB026,4,4,4,5,5,5,Helpful and supportive faculty.,Positive,2025-12-15
1948,ST0639,F024,SUB003,4,4,4,4,4,5,Helpful and supportive faculty.,Positive,2025-12-10
4589,ST0452,F016,SUB019,5,5,5,5,4,5,Helpful and supportive faculty.,Positive,2025-07-18
1953,ST0863,F020,SUB028,4,4,5,4,5,4,Helpful and supportive faculty.,Positive,2025-07-17
1955,ST0047,F030,SUB025,4,5,4,5,5,4,Helpful and supportive faculty.,Positive,2025-05-25
1960,ST0782,F023,SUB011,4,4,4,5,5,4,Helpful and supportive faculty.,Positive,2025-10-16
4773,ST0176,F001,SUB016,4,5,4,4,5,4,Helpful and supportive faculty.,Positive,2025-10-14
955,ST0846,F039,SUB006,4,5,5,4,5,5,Helpful and supportive faculty.,Positive,2025-10-15
952,ST0114,F036,SUB026,5,4,4,4,5,4,Helpful and supportive faculty.,Positive,2025-08-12
1968,ST0344,F040,SUB013,5,4,5,5,5,4,Helpful and supportive faculty.,Positive,2025-03-17
1970,ST0535,F030,SUB015,4,4,5,5,5,5,Helpful and supportive faculty.,Positive,2025-10-31
1973,ST0089,F018,SUB024,4,4,5,5,4,4,Helpful and supportive faculty.,Positive,2025-12-22
935,ST0141,F035,SUB030,5,4,4,5,5,4,Helpful and supportive faculty.,Positive,2025-03-16
932,ST0603,F023,SUB017,4,4,4,5,5,4,Helpful and supportive faculty.,Positive,2025-03-17
930,ST0555,F040,SUB022,4,5,4,5,4,5,Helpful and supportive faculty.,Positive,2025-10-13
1985,ST0117,F029,SUB003,4,5,4,4,5,5,Helpful and supportive faculty.,Positive,2025-10-23
1986,ST0222,F024,SUB028,5,4,5,5,5,4,Helpful and supportive faculty.,Positive,2025-04-15
1988,ST0563,F032,SUB028,4,5,5,4,4,5,Helpful and supportive faculty.,Positive,2025-03-28
1991,ST0006,F007,SUB021,4,4,5,5,4,5,Helpful and supportive faculty.,Positive,2025-09-03
2003,ST0030,F035,SUB028,5,5,4,4,4,5,Helpful and supportive faculty.,Positive,2025-01-08
2005,ST0423,F032,SUB007,5,4,4,5,5,4,Helpful and supportive faculty.,Positive,2025-12-06
2012,ST0816,F027,SUB010,5,4,4,5,4,5,Helpful and supportive faculty.,Positive,2025-05-04
2013,ST0662,F034,SUB011,4,4,4,4,4,5,Helpful and supportive faculty.,Positive,2025-08-31
2018,ST0623,F015,SUB024,4,5,5,4,4,4,Helpful and supportive faculty.,Positive,2025-11-04
971,ST0814,F024,SUB009,4,4,4,4,4,5,Helpful and supportive faculty.,Positive,2025-01-20
4808,ST0201,F023,SUB017,4,5,4,5,4,5,Helpful and supportive faculty.,Positive,2025-10-10
2157,ST0355,F010,SUB006,5,4,5,5,5,4,Helpful and supportive faculty.,Positive,2025-08-04
2267,ST0347,F038,SUB004,4,4,4,5,4,5,Helpful and supportive faculty.,Positive,2025-05-30
2270,ST0698,F011,SUB029,4,5,4,5,4,5,Helpful and supportive faculty.,Positive,2025-06-07
2277,ST0037,F038,SUB025,5,4,5,4,5,4,Helpful and supportive faculty.,Positive,2025-02-14
2278,ST0376,F013,SUB005,5,5,5,4,4,5,Helpful and supportive faculty.,Positive,2025-03-10
726,ST0618,F008,SUB020,4,5,4,5,5,5,Helpful and supportive faculty.,Positive,2025-09-01
2285,ST0395,F027,SUB005,5,4,5,5,4,5,Helpful and supportive faculty.,Positive,2025-09-27
2293,ST0475,F017,SUB002,5,4,4,5,4,4,Helpful and supportive faculty.,Positive,2025-06-10
2296,ST0848,F036,SUB023,5,4,4,5,4,5,Helpful and supportive faculty.,Positive,2025-07-08
2297,ST0513,F024,SUB014,4,5,4,5,4,4,Helpful and supportive faculty.,Positive,2025-04-04
718,ST0522,F036,SUB024,4,5,5,4,4,5,Helpful and supportive faculty.,Positive,2025-09-24
2301,ST0754,F010,SUB026,4,4,4,5,4,4,Helpful and supportive faculty.,Positive,2025-04-06
2305,ST0293,F038,SUB020,5,4,4,5,4,4,Helpful and supportive faculty.,Positive,2025-06-16
712,ST0446,F031,SUB009,4,5,5,5,5,5,Helpful and supportive faculty.,Positive,2025-02-27
2307,ST0765,F019,SUB022,5,5,4,5,5,4,Helpful and supportive faculty.,Positive,2025-12-21
704,ST0262,F036,SUB006,5,4,4,4,5,5,Helpful and supportive faculty.,Positive,2025-03-27
2312,ST0313,F035,SUB015,4,5,4,5,5,4,Helpful and supportive faculty.,Positive,2025-05-05
683,ST0295,F014,SUB023,4,5,4,5,4,4,Helpful and supportive faculty.,Positive,2025-10-10
2314,ST0692,F016,SUB018,4,4,4,5,5,5,Helpful and supportive faculty.,Positive,2025-06-17
4845,ST0402,F016,SUB015,4,4,5,5,5,5,Helpful and supportive faculty.,Positive,2025-05-15
661,ST0431,F022,SUB022,4,4,5,4,5,4,Helpful and supportive faculty.,Positive,2025-08-23
4851,ST0226,F017,SUB026,4,5,4,4,4,4,Helpful and supportive faculty.,Positive,2025-02-05
629,ST0964,F006,SUB016,4,5,5,5,5,5,Helpful and supportive faculty.,Positive,2025-06-01
620,ST0243,F032,SUB022,5,5,5,4,5,4,Helpful and supportive faculty.,Positive,2025-05-20
615,ST0647,F006,SUB010,4,4,5,5,4,4,Helpful and supportive faculty.,Positive,2025-06-20
2332,ST0835,F002,SUB029,4,4,5,4,5,5,Helpful and supportive faculty.,Positive,2025-12-02
613,ST0715,F032,SUB001,5,5,4,5,5,4,Helpful and supportive faculty.,Positive,2025-02-01
608,ST0229,F005,SUB014,4,4,5,5,4,5,Helpful and supportive faculty.,Positive,2025-08-04
1506,ST0716,F013,SUB012,5,4,5,5,5,4,Helpful and supportive faculty.,Positive,2025-01-28
2156,ST0471,F033,SUB012,4,4,5,5,5,4,Helpful and supportive faculty.,Positive,2025-08-18
2252,ST0672,F026,SUB017,4,4,5,5,4,5,Helpful and supportive faculty.,Positive,2025-02-21
737,ST0723,F016,SUB007,4,5,4,5,4,5,Helpful and supportive faculty.,Positive,2025-12-01
2158,ST0146,F016,SUB003,5,4,5,5,4,5,Helpful and supportive faculty.,Positive,2025-07-14
2167,ST0149,F030,SUB017,4,4,5,4,5,4,Helpful and supportive faculty.,Positive,2025-12-19
806,ST0912,F006,SUB013,4,5,4,5,5,5,Helpful and supportive faculty.,Positive,2025-07-23
805,ST0373,F013,SUB025,4,5,5,4,5,5,Helpful and supportive faculty.,Positive,2025-06-14
802,ST0382,F035,SUB020,5,5,4,4,5,5,Helpful and supportive faculty.,Positive,2025-01-19
4809,ST0849,F001,SUB019,5,4,5,5,5,5,Helpful and supportive faculty.,Positive,2025-04-30
4554,ST0571,F003,SUB018,4,5,4,5,4,4,Helpful and supportive faculty.,Positive,2025-10-17
2181,ST0832,F013,SUB004,5,4,5,4,4,4,Helpful and supportive faculty.,Positive,2025-08-15
773,ST0005,F040,SUB003,5,5,4,4,4,4,Helpful and supportive faculty.,Positive,2025-03-16
4816,ST0646,F031,SUB028,5,4,4,4,5,5,Helpful and supportive faculty.,Positive,2025-06-26
2187,ST0968,F007,SUB023,4,5,5,4,5,4,Helpful and supportive faculty.,Positive,2025-04-28
760,ST0346,F030,SUB011,5,5,4,4,5,4,Helpful and supportive faculty.,Positive,2025-10-16
758,ST0264,F007,SUB003,5,4,5,4,5,4,Helpful and supportive faculty.,Positive,2025-06-01
753,ST0486,F019,SUB015,4,5,5,4,5,4,Helpful and supportive faculty.,Positive,2025-03-26
750,ST0774,F002,SUB023,5,4,5,5,4,4,Helpful and supportive faculty.,Positive,2025-12-10
2215,ST0774,F007,SUB016,5,5,4,5,5,4,Helpful and supportive faculty.,Positive,2025-06-01
745,ST0201,F036,SUB013,4,4,5,5,5,5,Helpful and supportive faculty.,Positive,2025-11-16
744,ST0564,F009,SUB005,4,5,5,4,4,4,Helpful and supportive faculty.,Positive,2025-12-21
4824,ST0505,F035,SUB019,4,5,4,4,5,4,Helpful and supportive faculty.,Positive,2025-10-24
2231,ST0971,F035,SUB004,4,4,5,5,4,5,Helpful and supportive faculty.,Positive,2025-07-10
2233,ST0685,F009,SUB016,5,5,4,4,4,5,Helpful and supportive faculty.,Positive,2025-03-17
2237,ST0306,F037,SUB009,5,4,5,5,5,5,Helpful and supportive faculty.,Positive,2025-09-11
741,ST0185,F037,SUB029,4,4,4,5,4,5,Helpful and supportive faculty.,Positive,2025-06-24
4825,ST0071,F019,SUB026,4,4,5,5,4,5,Helpful and supportive faculty.,Positive,2025-04-28
2240,ST0609,F003,SUB028,5,5,4,5,5,4,Helpful and supportive faculty.,Positive,2025-10-21
4826,ST0078,F026,SUB008,5,4,4,5,5,5,Helpful and supportive faculty.,Positive,2025-05-30
2243,ST0172,F006,SUB029,4,4,4,4,5,4,Helpful and supportive faculty.,Positive,2025-04-10
2247,ST0254,F014,SUB018,5,4,4,4,5,5,Helpful and supportive faculty.,Positive,2025-12-21
978,ST0134,F014,SUB008,4,5,5,5,5,5,Helpful and supportive faculty.,Positive,2025-04-27
981,ST0226,F017,SUB011,5,4,4,5,4,4,Helpful and supportive faculty.,Positive,2025-03-23
1917,ST0036,F034,SUB006,5,5,4,4,4,5,Helpful and supportive faculty.,Positive,2025-09-29
4700,ST0829,F012,SUB009,5,4,5,5,5,4,Helpful and supportive faculty.,Positive,2025-08-29
4663,ST0884,F011,SUB018,5,5,4,5,4,5,Helpful and supportive faculty.,Positive,2025-09-20
4657,ST0821,F032,SUB018,5,5,5,4,5,4,Helpful and supportive faculty.,Positive,2025-11-16
1332,ST0733,F029,SUB024,4,5,5,5,4,4,Helpful and supportive faculty.,Positive,2025-05-12
1625,ST0493,F012,SUB029,4,4,4,5,4,4,Helpful and supportive faculty.,Positive,2025-11-27
1331,ST0113,F028,SUB020,5,5,4,4,5,5,Helpful and supportive faculty.,Positive,2025-11-14
4703,ST0995,F035,SUB007,5,4,5,5,5,4,Helpful and supportive faculty.,Positive,2025-04-30
1324,ST0525,F013,SUB020,4,4,5,5,5,4,Helpful and supportive faculty.,Positive,2025-03-30
1659,ST0484,F007,SUB004,5,4,4,5,4,5,Helpful and supportive faculty.,Positive,2025-10-15
1318,ST0037,F030,SUB018,4,5,5,4,4,4,Helpful and supportive faculty.,Positive,2025-07-09
1304,ST0043,F028,SUB018,4,5,4,5,5,5,Helpful and supportive faculty.,Positive,2025-10-09
1303,ST0140,F016,SUB020,4,5,5,4,5,5,Helpful and supportive faculty.,Positive,2025-11-16
1294,ST0423,F017,SUB023,5,4,4,5,5,4,Helpful and supportive faculty.,Positive,2025-11-28
1679,ST0363,F023,SUB020,5,5,5,5,4,5,Helpful and supportive faculty.,Positive,2025-02-23
4647,ST0639,F036,SUB002,5,4,4,4,5,5,Helpful and supportive faculty.,Positive,2025-04-25
4645,ST0568,F038,SUB011,4,5,5,5,5,5,Helpful and supportive faculty.,Positive,2025-07-27
1287,ST0977,F015,SUB021,5,5,5,5,5,5,Helpful and supportive faculty.,Positive,2025-01-22
1286,ST0833,F030,SUB001,5,4,4,5,4,4,Helpful and supportive faculty.,Positive,2025-12-12
1284,ST0237,F034,SUB026,5,4,5,5,4,5,Helpful and supportive faculty.,Positive,2025-09-02
1691,ST0082,F020,SUB002,5,5,4,5,4,4,Helpful and supportive faculty.,Positive,2025-01-11
1281,ST0070,F022,SUB028,4,4,4,4,4,4,Helpful and supportive faculty.,Positive,2025-03-01
1692,ST0491,F026,SUB003,4,4,4,4,5,4,Helpful and supportive faculty.,Positive,2025-03-24
1267,ST0860,F029,SUB026,4,4,4,4,4,5,Helpful and supportive faculty.,Positive,2025-07-22
1700,ST0965,F035,SUB024,5,4,5,4,5,5,Helpful and supportive faculty.,Positive,2025-07-05
1266,ST0900,F017,SUB013,5,5,4,4,5,5,Helpful and supportive faculty.,Positive,2025-11-05
1254,ST0023,F031,SUB020,5,5,5,4,5,5,Helpful and supportive faculty.,Positive,2025-06-10
1706,ST0175,F036,SUB013,5,5,4,5,4,5,Helpful and supportive faculty.,Positive,2025-11-12
1602,ST0653,F009,SUB023,5,4,4,4,4,4,Helpful and supportive faculty.,Positive,2025-03-16
1711,ST0346,F028,SUB016,4,5,5,4,5,5,Helpful and supportive faculty.,Positive,2025-02-07
1341,ST0519,F013,SUB024,4,5,5,4,4,4,Helpful and supportive faculty.,Positive,2025-11-05
1595,ST0097,F014,SUB005,5,5,4,5,5,5,Helpful and supportive faculty.,Positive,2025-09-05
1489,ST0355,F009,SUB007,5,5,4,5,5,4,Helpful and supportive faculty.,Positive,2025-08-21
1529,ST0648,F036,SUB011,5,4,5,4,4,4,Helpful and supportive faculty.,Positive,2025-07-14
1468,ST0862,F013,SUB012,5,5,4,4,5,5,Helpful and supportive faculty.,Positive,2025-02-17
4681,ST0852,F021,SUB002,4,4,5,5,4,5,Helpful and supportive faculty.,Positive,2025-11-13
1454,ST0116,F027,SUB030,5,4,5,4,4,4,Helpful and supportive faculty.,Positive,2025-06-28
4682,ST0524,F013,SUB001,4,5,4,5,4,4,Helpful and supportive faculty.,Positive,2025-03-28
1447,ST0764,F032,SUB014,4,4,5,4,4,4,Helpful and supportive faculty.,Positive,2025-08-14
1545,ST0921,F026,SUB015,4,4,5,5,4,4,Helpful and supportive faculty.,Positive,2025-09-08
1442,ST0993,F038,SUB028,5,5,5,4,4,4,Helpful and supportive faculty.,Positive,2025-01-13
4685,ST0007,F031,SUB004,4,5,5,4,5,4,Helpful and supportive faculty.,Positive,2025-06-06
1557,ST0912,F008,SUB027,5,4,5,5,4,5,Helpful and supportive faculty.,Positive,2025-11-10
1560,ST0949,F010,SUB020,4,5,4,4,4,5,Helpful and supportive faculty.,Positive,2025-02-25
1421,ST0405,F002,SUB016,5,5,5,5,5,5,Helpful and supportive faculty.,Positive,2025-11-25
1565,ST0915,F016,SUB001,4,4,5,4,4,5,Helpful and supportive faculty.,Positive,2025-05-28
1418,ST0326,F018,SUB012,4,4,4,5,4,4,Helpful and supportive faculty.,Positive,2025-11-21
1570,ST0897,F015,SUB025,4,5,4,5,5,5,Helpful and supportive faculty.,Positive,2025-04-26
1573,ST0296,F018,SUB014,4,4,5,4,4,4,Helpful and supportive faculty.,Positive,2025-06-16
1575,ST0819,F001,SUB005,4,4,5,4,5,5,Helpful and supportive faculty.,Positive,2025-11-01
1412,ST0144,F029,SUB001,5,5,5,5,5,4,Helpful and supportive faculty.,Positive,2025-01-24
1397,ST0301,F039,SUB017,4,5,5,5,4,5,Helpful and supportive faculty.,Positive,2025-12-21
1387,ST0126,F025,SUB009,5,4,4,5,5,4,Helpful and supportive faculty.,Positive,2025-07-31
1380,ST0209,F039,SUB006,4,4,5,5,4,4,Helpful and supportive faculty.,Positive,2025-09-19
1588,ST0755,F009,SUB011,4,4,5,4,4,5,Helpful and supportive faculty.,Positive,2025-01-10
1375,ST0432,F016,SUB017,4,5,4,4,5,4,Helpful and supportive faculty.,Positive,2025-06-24
1354,ST0193,F029,SUB012,4,5,4,5,4,4,Helpful and supportive faculty.,Positive,2025-02-15
1352,ST0528,F021,SUB012,5,4,5,5,4,5,Helpful and supportive faculty.,Positive,2025-08-26
1594,ST0930,F037,SUB027,5,5,4,5,5,4,Helpful and supportive faculty.,Positive,2025-08-05
1596,ST0645,F019,SUB016,4,5,4,4,5,5,Helpful and supportive faculty.,Positive,2025-10-21
1252,ST0235,F035,SUB025,5,5,4,4,4,4,Helpful and supportive faculty.,Positive,2025-04-23
4638,ST0512,F029,SUB014,4,4,5,4,5,4,Helpful and supportive faculty.,Positive,2025-07-24
1250,ST0198,F037,SUB006,4,5,5,5,5,5,Helpful and supportive faculty.,Positive,2025-09-09
1086,ST0911,F027,SUB006,4,5,5,4,5,5,Helpful and supportive faculty.,Positive,2025-05-03
1082,ST0908,F003,SUB021,4,4,4,5,5,5,Helpful and supportive faculty.,Positive,2025-02-06
1864,ST0571,F023,SUB017,4,4,4,5,4,4,Helpful and supportive faculty.,Positive,2025-01-12
1065,ST0190,F007,SUB005,5,5,5,5,5,5,Helpful and supportive faculty.,Positive,2025-01-16
1064,ST0713,F022,SUB004,5,5,5,5,4,5,Helpful and supportive faculty.,Positive,2025-07-28
1050,ST0835,F024,SUB014,4,4,4,5,5,5,Helpful and supportive faculty.,Positive,2025-10-19
1049,ST0987,F001,SUB008,5,5,5,4,5,5,Helpful and supportive faculty.,Positive,2025-01-26
1047,ST0208,F031,SUB024,5,4,5,5,4,5,Helpful and supportive faculty.,Positive,2025-04-30
1044,ST0314,F025,SUB021,4,5,4,5,5,5,Helpful and supportive faculty.,Positive,2025-09-17
4604,ST0536,F002,SUB002,4,5,4,4,4,5,Helpful and supportive faculty.,Positive,2025-08-30
1878,ST0537,F028,SUB030,4,5,5,4,4,4,Helpful and supportive faculty.,Positive,2025-06-20
1040,ST0945,F005,SUB015,5,5,5,4,5,4,Helpful and supportive faculty.,Positive,2025-03-21
1032,ST0811,F023,SUB026,4,4,4,5,4,5,Helpful and supportive faculty.,Positive,2025-11-29
1884,ST0495,F018,SUB028,5,5,5,4,5,4,Helpful and supportive faculty.,Positive,2025-05-14
1027,ST0207,F024,SUB010,5,5,4,4,5,4,Helpful and supportive faculty.,Positive,2025-04-06
1024,ST0675,F008,SUB004,5,4,5,4,4,5,Helpful and supportive faculty.,Positive,2025-09-29
1890,ST0613,F031,SUB023,4,5,5,5,4,4,Helpful and supportive faculty.,Positive,2025-09-18
4765,ST0639,F032,SUB020,5,4,5,5,5,5,Helpful and supportive faculty.,Positive,2025-11-10
1894,ST0867,F027,SUB030,4,5,4,5,5,5,Helpful and supportive faculty.,Positive,2025-07-01
1896,ST0097,F036,SUB022,5,4,5,5,4,5,Helpful and supportive faculty.,Positive,2025-11-05
1899,ST0277,F011,SUB017,5,4,5,4,4,5,Helpful and supportive faculty.,Positive,2025-11-03
1001,ST0911,F033,SUB024,4,4,5,5,4,4,Helpful and supportive faculty.,Positive,2025-05-25
1000,ST0683,F034,SUB001,4,4,4,4,5,5,Helpful and supportive faculty.,Positive,2025-01-13
997,ST0261,F033,SUB029,4,5,4,5,5,5,Helpful and supportive faculty.,Positive,2025-04-11
990,ST0100,F022,SUB019,5,5,5,4,5,4,Helpful and supportive faculty.,Positive,2025-10-02
1912,ST0101,F017,SUB021,4,4,5,5,5,4,Helpful and supportive faculty.,Positive,2025-05-12
1914,ST0283,F027,SUB029,4,5,5,5,4,5,Helpful and supportive faculty.,Positive,2025-11-15
1100,ST0584,F027,SUB017,4,4,5,5,4,4,Helpful and supportive faculty.,Positive,2025-02-27
4745,ST0191,F025,SUB023,5,5,4,5,5,5,Helpful and supportive faculty.,Positive,2025-08-11
1112,ST0263,F032,SUB017,4,5,5,5,4,4,Helpful and supportive faculty.,Positive,2025-02-10
1852,ST0753,F017,SUB029,4,4,5,4,4,5,Helpful and supportive faculty.,Positive,2025-04-13
1246,ST0121,F010,SUB023,5,4,5,5,5,5,Helpful and supportive faculty.,Positive,2025-04-19
1751,ST0447,F027,SUB002,5,5,4,5,4,4,Helpful and supportive faculty.,Positive,2025-10-20
1244,ST0007,F002,SUB030,5,4,4,5,4,5,Helpful and supportive faculty.,Positive,2025-09-11
1242,ST0180,F009,SUB012,5,4,4,4,5,5,Helpful and supportive faculty.,Positive,2025-04-10
1765,ST0288,F036,SUB011,5,5,5,5,4,5,Helpful and supportive faculty.,Positive,2025-02-25
1768,ST0020,F011,SUB029,4,4,5,4,4,4,Helpful and supportive faculty.,Positive,2025-04-15
1236,ST0887,F039,SUB019,4,4,5,4,5,5,Helpful and supportive faculty.,Positive,2025-04-02
1779,ST0778,F029,SUB012,4,5,4,5,5,4,Helpful and supportive faculty.,Positive,2025-08-22
1787,ST0806,F035,SUB009,4,5,5,4,5,4,Helpful and supportive faculty.,Positive,2025-05-27
1795,ST0827,F019,SUB025,4,4,4,4,5,5,Helpful and supportive faculty.,Positive,2025-10-22
1227,ST0775,F015,SUB004,4,4,4,4,4,5,Helpful and supportive faculty.,Positive,2025-05-26
1215,ST0760,F026,SUB023,5,4,5,4,5,4,Helpful and supportive faculty.,Positive,2025-10-20
1209,ST0252,F023,SUB025,4,5,5,5,4,5,Helpful and supportive faculty.,Positive,2025-07-23
2350,ST0200,F026,SUB017,5,5,5,5,5,5,Helpful and supportive faculty.,Positive,2025-04-07
1810,ST0497,F010,SUB017,4,4,5,5,4,5,Helpful and supportive faculty.,Positive,2025-01-01
1816,ST0222,F018,SUB025,5,5,4,4,5,5,Helpful and supportive faculty.,Positive,2025-05-18
1176,ST0800,F007,SUB030,5,4,4,5,4,4,Helpful and supportive faculty.,Positive,2025-04-06
4731,ST0083,F037,SUB028,4,5,4,4,4,5,Helpful and supportive faculty.,Positive,2025-12-12
1159,ST0918,F001,SUB005,4,5,5,5,4,4,Helpful and supportive faculty.,Positive,2025-07-25
1827,ST0393,F024,SUB020,5,5,4,5,5,5,Helpful and supportive faculty.,Positive,2025-04-24
1831,ST0849,F011,SUB005,5,5,5,4,4,5,Helpful and supportive faculty.,Positive,2025-11-18
1151,ST0081,F005,SUB015,4,4,5,5,4,4,Helpful and supportive faculty.,Positive,2025-12-31
1837,ST0195,F017,SUB030,5,5,4,4,5,5,Helpful and supportive faculty.,Positive,2025-08-12
1838,ST0377,F007,SUB019,5,5,4,4,4,5,Helpful and supportive faculty.,Positive,2025-09-19
1144,ST0250,F028,SUB030,4,5,4,4,4,5,Helpful and supportive faculty.,Positive,2025-03-23
1139,ST0018,F015,SUB012,4,4,5,5,5,4,Helpful and supportive faculty.,Positive,2025-01-07
4741,ST0887,F035,SUB012,5,5,4,4,4,5,Helpful and supportive faculty.,Positive,2025-06-27
1117,ST0054,F004,SUB022,5,4,4,4,4,4,Helpful and supportive faculty.,Positive,2025-09-30
4621,ST0556,F013,SUB016,4,5,5,5,4,5,Helpful and supportive faculty.,Positive,2025-07-30
2353,ST0831,F039,SUB021,4,5,4,5,4,5,Helpful and supportive faculty.,Positive,2025-09-04
2260,ST0665,F021,SUB011,4,5,4,5,4,4,Helpful and supportive faculty.,Positive,2025-12-14
4933,ST0075,F023,SUB026,4,5,4,5,5,5,Helpful and supportive faculty.,Positive,2025-01-18
2729,ST0621,F040,SUB014,4,5,4,4,4,5,Helpful and supportive faculty.,Positive,2025-03-06
2736,ST0716,F028,SUB028,5,4,4,4,4,4,Helpful and supportive faculty.,Positive,2025-10-13
2741,ST0994,F009,SUB009,4,4,5,5,4,5,Helpful and supportive faculty.,Positive,2025-02-19
229,ST0461,F024,SUB025,5,5,4,5,5,4,Helpful and supportive faculty.,Positive,2025-10-04
2750,ST0979,F011,SUB015,5,4,4,5,5,4,Helpful and supportive faculty.,Positive,2025-05-30
223,ST0546,F007,SUB003,5,4,4,4,4,5,Helpful and supportive faculty.,Positive,2025-06-29
2754,ST0021,F037,SUB016,5,4,5,5,5,4,Helpful and supportive faculty.,Positive,2025-04-11
4430,ST0175,F010,SUB006,4,5,4,5,4,5,Helpful and supportive faculty.,Positive,2025-01-08
2760,ST0698,F030,SUB024,4,4,5,5,5,5,Helpful and supportive faculty.,Positive,2025-04-06
4942,ST0384,F015,SUB001,5,4,5,4,4,4,Helpful and supportive faculty.,Positive,2025-10-21
206,ST0697,F026,SUB016,5,5,4,5,4,4,Helpful and supportive faculty.,Positive,2025-06-14
2764,ST0225,F013,SUB011,5,4,5,5,4,4,Helpful and supportive faculty.,Positive,2025-07-10
2765,ST0020,F015,SUB001,5,5,4,4,5,5,Helpful and supportive faculty.,Positive,2025-12-27
202,ST0479,F001,SUB002,5,4,5,4,5,5,Helpful and supportive faculty.,Positive,2025-09-03
2768,ST0941,F010,SUB011,5,4,5,5,5,4,Helpful and supportive faculty.,Positive,2025-09-28
2770,ST0213,F018,SUB006,5,4,4,5,5,5,Helpful and supportive faculty.,Positive,2025-10-18
4428,ST0950,F010,SUB008,4,5,4,4,5,5,Helpful and supportive faculty.,Positive,2025-09-11
198,ST0803,F040,SUB009,5,5,4,4,4,4,Helpful and supportive faculty.,Positive,2025-11-02
2786,ST0223,F018,SUB021,4,5,5,5,4,4,Helpful and supportive faculty.,Positive,2025-03-09
192,ST0793,F005,SUB012,5,5,5,4,4,5,Helpful and supportive faculty.,Positive,2025-02-03
2797,ST0209,F006,SUB005,4,4,4,5,4,5,Helpful and supportive faculty.,Positive,2025-05-04
2801,ST0887,F038,SUB018,4,5,4,5,5,4,Helpful and supportive faculty.,Positive,2025-12-09
2803,ST0025,F009,SUB014,5,5,4,4,5,5,Helpful and supportive faculty.,Positive,2025-08-19
2806,ST0648,F025,SUB009,4,5,4,5,5,4,Helpful and supportive faculty.,Positive,2025-01-19
191,ST0399,F029,SUB029,5,5,4,5,4,4,Helpful and supportive faculty.,Positive,2025-11-28
2807,ST0636,F035,SUB013,5,4,4,4,5,5,Helpful and supportive faculty.,Positive,2025-01-03
188,ST0076,F018,SUB018,5,4,5,5,5,4,Helpful and supportive faculty.,Positive,2025-09-23
2727,ST0321,F030,SUB012,5,4,5,5,4,5,Helpful and supportive faculty.,Positive,2025-03-13
170,ST0796,F036,SUB025,5,5,4,4,4,5,Helpful and supportive faculty.,Positive,2025-07-30
2725,ST0389,F032,SUB003,5,5,5,5,4,4,Helpful and supportive faculty.,Positive,2025-06-13
4936,ST0250,F007,SUB007,5,4,5,5,4,5,Helpful and supportive faculty.,Positive,2025-04-07
358,ST0236,F026,SUB019,5,5,4,4,5,5,Helpful and supportive faculty.,Positive,2025-10-05
2594,ST0993,F030,SUB016,4,5,5,4,4,5,Helpful and supportive faculty.,Positive,2025-06-18
4476,ST0596,F035,SUB028,4,5,4,5,4,4,Helpful and supportive faculty.,Positive,2025-12-30
351,ST0362,F030,SUB007,4,4,4,4,4,5,Helpful and supportive faculty.,Positive,2025-03-31
2610,ST0162,F022,SUB030,5,4,5,5,5,4,Helpful and supportive faculty.,Positive,2025-04-23
4472,ST0066,F018,SUB019,4,5,5,5,5,5,Helpful and supportive faculty.,Positive,2025-11-09
4910,ST0708,F029,SUB030,4,5,4,4,5,5,Helpful and supportive faculty.,Positive,2025-01-16
330,ST0263,F036,SUB024,4,4,4,4,5,5,Helpful and supportive faculty.,Positive,2025-04-03
328,ST0583,F028,SUB014,5,4,4,5,5,4,Helpful and supportive faculty.,Positive,2025-11-08
4916,ST0770,F008,SUB030,5,4,4,5,4,4,Helpful and supportive faculty.,Positive,2025-04-17
2631,ST0137,F039,SUB013,4,5,4,4,5,4,Helpful and supportive faculty.,Positive,2025-06-30
301,ST0551,F023,SUB029,4,4,4,4,4,4,Helpful and supportive faculty.,Positive,2025-02-27
282,ST0574,F027,SUB021,4,4,4,5,4,4,Helpful and supportive faculty.,Positive,2025-05-11
271,ST0216,F026,SUB001,5,5,4,5,5,5,Helpful and supportive faculty.,Positive,2025-05-17
2642,ST0853,F033,SUB002,5,4,5,5,4,4,Helpful and supportive faculty.,Positive,2025-07-03
268,ST0280,F038,SUB007,5,4,4,5,5,4,Helpful and supportive faculty.,Positive,2025-07-03
2645,ST0488,F012,SUB011,5,5,5,5,5,5,Helpful and supportive faculty.,Positive,2025-04-05
263,ST0407,F013,SUB012,4,4,4,4,5,4,Helpful and supportive faculty.,Positive,2025-10-11
2649,ST0840,F002,SUB005,4,5,4,5,4,4,Helpful and supportive faculty.,Positive,2025-12-04
2651,ST0803,F038,SUB019,4,4,4,5,5,4,Helpful and supportive faculty.,Positive,2025-10-30
258,ST0218,F033,SUB022,5,4,4,5,5,5,Helpful and supportive faculty.,Positive,2025-03-22
257,ST0907,F035,SUB005,4,4,5,4,4,4,Helpful and supportive faculty.,Positive,2025-10-19
2682,ST0349,F004,SUB026,4,4,4,4,4,5,Helpful and supportive faculty.,Positive,2025-10-27
4934,ST0320,F028,SUB030,4,4,5,5,4,4,Helpful and supportive faculty.,Positive,2025-06-10
2687,ST0264,F021,SUB002,4,4,5,4,5,4,Helpful and supportive faculty.,Positive,2025-01-12
2688,ST0190,F019,SUB012,4,4,4,5,4,5,Helpful and supportive faculty.,Positive,2025-02-14
4447,ST0267,F015,SUB024,5,5,5,4,4,4,Helpful and supportive faculty.,Positive,2025-10-10
244,ST0988,F017,SUB023,5,4,5,4,5,4,Helpful and supportive faculty.,Positive,2025-11-28
4479,ST0797,F035,SUB003,4,5,5,4,5,5,Helpful and supportive faculty.,Positive,2025-01-25
4420,ST0949,F036,SUB020,5,5,5,4,5,4,Helpful and supportive faculty.,Positive,2025-12-03
4951,ST0122,F023,SUB014,5,4,5,5,4,5,Helpful and supportive faculty.,Positive,2025-04-26
2923,ST0903,F005,SUB020,4,4,4,5,4,5,Helpful and supportive faculty.,Positive,2025-06-02
84,ST0630,F020,SUB027,4,5,4,5,5,4,Helpful and supportive faculty.,Positive,2025-08-13
82,ST0833,F032,SUB022,4,5,4,4,4,5,Helpful and supportive faculty.,Positive,2025-11-07
80,ST0788,F011,SUB026,5,5,4,4,4,4,Helpful and supportive faculty.,Positive,2025-07-06
2933,ST0628,F028,SUB024,4,5,5,5,5,4,Helpful and supportive faculty.,Positive,2025-08-10
2937,ST0620,F033,SUB022,5,4,4,5,5,4,Helpful and supportive faculty.,Positive,2025-12-10
2941,ST0069,F039,SUB012,5,4,5,5,4,4,Helpful and supportive faculty.,Positive,2025-06-27
4982,ST0995,F010,SUB002,4,4,5,5,5,5,Helpful and supportive faculty.,Positive,2025-07-21
77,ST0304,F037,SUB022,5,4,5,5,5,4,Helpful and supportive faculty.,Positive,2025-04-03
2944,ST0982,F006,SUB020,5,4,4,5,5,5,Helpful and supportive faculty.,Positive,2025-12-10
2950,ST0280,F019,SUB029,5,5,5,5,5,4,Helpful and supportive faculty.,Positive,2025-02-28
2966,ST0720,F032,SUB016,5,4,4,4,5,5,Helpful and supportive faculty.,Positive,2025-10-12
4985,ST0320,F026,SUB029,4,4,5,4,5,4,Helpful and supportive faculty.,Positive,2025-11-11
2970,ST0922,F036,SUB019,4,4,5,5,4,4,Helpful and supportive faculty.,Positive,2025-07-18
59,ST0287,F022,SUB024,5,4,4,4,5,4,Helpful and supportive faculty.,Positive,2025-07-02
4987,ST0658,F024,SUB014,5,5,5,4,4,4,Helpful and supportive faculty.,Positive,2025-02-07
57,ST0699,F034,SUB006,4,5,4,4,4,4,Helpful and supportive faculty.,Positive,2025-01-04
2975,ST0263,F008,SUB017,4,5,4,4,5,4,Helpful and supportive faculty.,Positive,2025-11-14
56,ST0528,F038,SUB011,4,5,5,4,4,4,Helpful and supportive faculty.,Positive,2025-06-05
2976,ST0791,F023,SUB024,5,4,5,5,5,5,Helpful and supportive faculty.,Positive,2025-09-08
41,ST0124,F020,SUB019,4,4,5,4,5,4,Helpful and supportive faculty.,Positive,2025-10-05
4383,ST0683,F022,SUB025,5,5,5,5,5,5,Helpful and supportive faculty.,Positive,2025-03-14
27,ST0445,F026,SUB005,5,5,4,4,4,4,Helpful and supportive faculty.,Positive,2025-12-30
4990,ST0731,F018,SUB011,5,4,4,5,5,5,Helpful and supportive faculty.,Positive,2025-05-29
4381,ST0318,F040,SUB010,5,4,5,5,5,5,Helpful and supportive faculty.,Positive,2025-02-06
8,ST0940,F027,SUB013,4,5,4,5,5,4,Helpful and supportive faculty.,Positive,2025-10-27
4997,ST0419,F011,SUB024,5,4,4,4,5,4,Helpful and supportive faculty.,Positive,2025-07-16
89,ST0115,F009,SUB005,4,5,4,5,4,5,Helpful and supportive faculty.,Positive,2025-03-13
4419,ST0094,F039,SUB016,4,4,4,4,5,4,Helpful and supportive faculty.,Positive,2025-11-28
4392,ST0247,F026,SUB024,4,5,5,4,4,4,Helpful and supportive faculty.,Positive,2025-11-13
2913,ST0244,F004,SUB019,4,4,5,5,5,5,Helpful and supportive faculty.,Positive,2025-09-01
4956,ST0607,F029,SUB008,5,5,5,5,4,4,Helpful and supportive faculty.,Positive,2025-01-04
155,ST0311,F023,SUB003,5,4,4,5,5,4,Helpful and supportive faculty.,Positive,2025-11-10
4412,ST0961,F037,SUB026,5,5,4,4,4,5,Helpful and supportive faculty.,Positive,2025-11-10
2834,ST0419,F019,SUB005,5,4,4,4,5,4,Helpful and supportive faculty.,Positive,2025-11-07
151,ST0924,F007,SUB015,5,4,4,4,5,4,Helpful and supportive faculty.,Positive,2025-12-10
2848,ST0387,F017,SUB009,5,5,5,4,5,4,Helpful and supportive faculty.,Positive,2025-09-27
138,ST0079,F003,SUB006,4,5,5,4,5,5,Helpful and supportive faculty.,Positive,2025-11-21
2860,ST0211,F017,SUB003,5,4,5,4,4,5,Helpful and supportive faculty.,Positive,2025-06-07
4407,ST0053,F018,SUB027,5,4,4,4,4,4,Helpful and supportive faculty.,Positive,2025-10-02
2864,ST0265,F026,SUB011,4,4,5,4,4,4,Helpful and supportive faculty.,Positive,2025-06-19
2870,ST0966,F001,SUB016,4,4,5,4,4,4,Helpful and supportive faculty.,Positive,2025-09-09
2871,ST0701,F022,SUB022,5,4,4,5,5,5,Helpful and supportive faculty.,Positive,2025-04-26
128,ST0998,F034,SUB006,4,4,5,4,4,5,Helpful and supportive faculty.,Positive,2025-04-26
4961,ST0349,F018,SUB007,4,5,4,4,4,5,Helpful and supportive faculty.,Positive,2025-07-17
118,ST0291,F009,SUB026,5,5,4,4,5,4,Helpful and supportive faculty.,Positive,2025-06-10
2881,ST0263,F023,SUB013,5,5,5,5,5,5,Helpful and supportive faculty.,Positive,2025-03-16
2882,ST0146,F028,SUB003,4,5,4,4,5,5,Helpful and supportive faculty.,Positive,2025-05-10
4965,ST0340,F030,SUB005,5,4,4,4,4,4,Helpful and supportive faculty.,Positive,2025-08-11
4968,ST0379,F010,SUB018,5,5,4,5,4,5,Helpful and supportive faculty.,Positive,2025-05-17
101,ST0548,F027,SUB025,4,4,5,5,5,4,Helpful and supportive faculty.,Positive,2025-10-10
2895,ST0060,F011,SUB026,5,5,5,4,5,5,Helpful and supportive faculty.,Positive,2025-05-12
2899,ST0499,F015,SUB022,4,4,5,5,5,4,Helpful and supportive faculty.,Positive,2025-12-15
100,ST0849,F003,SUB022,4,4,5,4,5,4,Helpful and supportive faculty.,Positive,2025-03-13
2904,ST0514,F016,SUB010,4,4,4,5,4,5,Helpful and supportive faculty.,Positive,2025-07-09
2907,ST0861,F040,SUB003,5,5,5,5,4,5,Helpful and supportive faculty.,Positive,2025-05-12
4398,ST0473,F031,SUB021,4,5,5,4,4,5,Helpful and supportive faculty.,Positive,2025-05-06
4972,ST0903,F032,SUB006,4,5,5,4,4,5,Helpful and supportive faculty.,Positive,2025-07-10
4395,ST0763,F025,SUB015,5,5,4,4,5,5,Helpful and supportive faculty.,Positive,2025-05-02
2580,ST0084,F024,SUB015,5,4,5,4,5,4,Helpful and supportive faculty.,Positive,2025-11-12
1508,ST0301,F029,SUB017,4,5,5,4,4,4,Helpful and supportive faculty.,Positive,2025-10-03
2524,ST0112,F024,SUB003,5,4,4,4,4,5,Helpful and supportive faculty.,Positive,2025-11-02
2494,ST0742,F040,SUB015,5,4,5,4,5,4,Helpful and supportive faculty.,Positive,2025-04-03
2497,ST0690,F012,SUB006,4,4,4,5,4,5,Helpful and supportive faculty.,Positive,2025-11-12
2413,ST0313,F021,SUB023,5,5,5,4,4,5,Helpful and supportive faculty.,Positive,2025-04-24
2498,ST0291,F021,SUB003,5,4,4,5,4,4,Helpful and supportive faculty.,Positive,2025-07-24
443,ST0369,F017,SUB010,4,5,5,4,5,5,Helpful and supportive faculty.,Positive,2025-03-10
2508,ST0830,F030,SUB019,5,4,5,4,5,4,Helpful and supportive faculty.,Positive,2025-11-19
529,ST0417,F007,SUB015,5,5,4,5,5,5,Helpful and supportive faculty.,Positive,2025-04-08
4893,ST0841,F026,SUB029,4,4,4,4,4,4,Helpful and supportive faculty.,Positive,2025-09-13
437,ST0551,F022,SUB007,5,5,5,5,4,4,Helpful and supportive faculty.,Positive,2025-06-10
2493,ST0886,F031,SUB029,5,4,4,4,5,5,Helpful and supportive faculty.,Positive,2025-03-03
4872,ST0821,F026,SUB007,5,5,4,5,5,4,Helpful and supportive faculty.,Positive,2025-05-13
533,ST0181,F040,SUB022,4,4,4,5,4,5,Helpful and supportive faculty.,Positive,2025-10-03
433,ST0668,F017,SUB002,5,5,4,4,5,5,Helpful and supportive faculty.,Positive,2025-11-24
426,ST0086,F009,SUB018,4,4,4,4,5,5,Helpful and supportive faculty.,Positive,2025-04-27
496,ST0213,F010,SUB016,5,4,5,5,4,5,Helpful and supportive faculty.,Positive,2025-06-01
2526,ST0321,F040,SUB030,5,4,4,5,5,5,Helpful and supportive faculty.,Positive,2025-06-29
535,ST0873,F039,SUB004,4,5,5,4,5,5,Helpful and supportive faculty.,Positive,2025-06-06
2527,ST0429,F034,SUB013,5,4,5,5,5,4,Helpful and supportive faculty.,Positive,2025-08-31
2528,ST0484,F003,SUB017,4,4,5,5,5,4,Helpful and supportive faculty.,Positive,2025-10-12
2389,ST0944,F031,SUB025,4,5,5,4,4,5,Helpful and supportive faculty.,Positive,2025-10-27
2516,ST0351,F004,SUB030,4,5,5,4,4,5,Helpful and supportive faculty.,Positive,2025-01-30
2536,ST0520,F026,SUB016,4,5,5,5,5,5,Helpful and supportive faculty.,Positive,2025-01-17
4891,ST0055,F015,SUB007,4,4,4,4,4,4,Helpful and supportive faculty.,Positive,2025-08-10
449,ST0308,F018,SUB020,5,5,5,5,5,4,Helpful and supportive faculty.,Positive,2025-05-21
2445,ST0296,F025,SUB006,5,5,5,4,5,4,Helpful and supportive faculty.,Positive,2025-03-13
2442,ST0839,F039,SUB017,5,5,4,4,5,5,Helpful and supportive faculty.,Positive,2025-04-25
2448,ST0965,F004,SUB020,5,5,4,5,5,4,Helpful and supportive faculty.,Positive,2025-03-28
4513,ST0642,F019,SUB020,5,4,4,5,5,5,Helpful and supportive faculty.,Positive,2025-05-06
4511,ST0436,F013,SUB008,4,4,5,4,5,5,Helpful and supportive faculty.,Positive,2025-09-11
4879,ST0542,F026,SUB027,4,4,5,5,5,5,Helpful and supportive faculty.,Positive,2025-01-13
2431,ST0888,F034,SUB012,5,5,5,4,5,5,Helpful and supportive faculty.,Positive,2025-08-20
2458,ST0471,F039,SUB014,4,4,4,5,4,4,Helpful and supportive faculty.,Positive,2025-12-11
2430,ST0524,F001,SUB008,5,4,5,4,5,4,Helpful and supportive faculty.,Positive,2025-10-20
4494,ST0896,F032,SUB017,5,5,4,4,5,4,Helpful and supportive faculty.,Positive,2025-04-25
466,ST0984,F023,SUB018,4,4,4,4,5,5,Helpful and supportive faculty.,Positive,2025-05-08
451,ST0551,F023,SUB016,4,4,5,5,4,5,Helpful and supportive faculty.,Positive,2025-08-11
2465,ST0253,F032,SUB025,5,4,4,5,5,5,Helpful and supportive faculty.,Positive,2025-03-04
360,ST0030,F001,SUB017,4,4,4,4,5,5,Helpful and supportive faculty.,Positive,2025-11-23
2421,ST0613,F013,SUB026,4,5,5,5,4,4,Helpful and supportive faculty.,Positive,2025-06-28
2467,ST0359,F031,SUB021,4,4,4,4,5,4,Helpful and supportive faculty.,Positive,2025-02-23
450,ST0419,F027,SUB027,4,5,4,4,5,5,Helpful and supportive faculty.,Positive,2025-08-03
2419,ST0035,F011,SUB017,5,5,4,5,5,5,Helpful and supportive faculty.,Positive,2025-10-14
2482,ST0109,F025,SUB004,4,5,4,4,5,5,Helpful and supportive faculty.,Positive,2025-10-02
526,ST0966,F040,SUB015,5,4,4,4,4,4,Helpful and supportive faculty.,Positive,2025-02-25
522,ST0856,F026,SUB015,5,4,4,5,4,4,Helpful and supportive faculty.,Positive,2025-05-25
2386,ST0106,F018,SUB008,5,5,5,4,4,5,Helpful and supportive faculty.,Positive,2025-02-10
508,ST0335,F008,SUB020,5,5,4,5,5,5,Helpful and supportive faculty.,Positive,2025-05-03
2368,ST0626,F005,SUB012,5,5,5,5,4,5,Helpful and supportive faculty.,Positive,2025-01-13
2556,ST0517,F024,SUB018,5,5,4,4,4,5,Helpful and supportive faculty.,Positive,2025-06-26
584,ST0775,F032,SUB023,4,4,5,5,4,5,Helpful and supportive faculty.,Positive,2025-12-04
413,ST0009,F012,SUB016,4,5,4,4,4,4,Helpful and supportive faculty.,Positive,2025-01-31
2363,ST0451,F029,SUB015,5,4,4,4,4,4,Helpful and supportive faculty.,Positive,2025-08-22
390,ST0994,F040,SUB020,4,5,4,5,5,5,Helpful and supportive faculty.,Positive,2025-12-16
580,ST0378,F029,SUB006,4,4,5,4,4,4,Helpful and supportive faculty.,Positive,2025-12-27
391,ST0494,F011,SUB001,4,4,5,5,4,5,Helpful and supportive faculty.,Positive,2025-04-25
399,ST0848,F017,SUB029,4,5,4,4,4,4,Helpful and supportive faculty.,Positive,2025-05-11
572,ST0541,F037,SUB012,5,5,5,4,4,5,Helpful and supportive faculty.,Positive,2025-09-27
571,ST0179,F033,SUB027,4,5,5,5,5,5,Helpful and supportive faculty.,Positive,2025-03-17
4900,ST0295,F017,SUB027,5,5,4,5,4,5,Helpful and supportive faculty.,Positive,2025-10-09
2366,ST0710,F007,SUB010,5,5,5,5,4,5,Helpful and supportive faculty.,Positive,2025-11-30
592,ST0215,F013,SUB002,5,5,4,4,4,4,Helpful and supportive faculty.,Positive,2025-04-05
4854,ST0058,F036,SUB026,5,5,5,4,4,5,Helpful and supportive faculty.,Positive,2025-04-06
596,ST0911,F023,SUB010,4,4,5,4,4,5,Helpful and supportive faculty.,Positive,2025-01-14
587,ST0102,F005,SUB011,5,5,5,4,4,5,Helpful and supportive faculty.,Positive,2025-10-11
378,ST0433,F027,SUB019,4,4,5,5,5,5,Helpful and supportive faculty.,Positive,2025-03-04
2562,ST0683,F009,SUB013,5,4,4,5,5,4,Helpful and supportive faculty.,Positive,2025-01-31
2384,ST0450,F034,SUB027,4,5,5,5,5,5,Helpful and supportive faculty.,Positive,2025-01-28
373,ST0826,F029,SUB009,5,4,4,5,4,4,Helpful and supportive faculty.,Positive,2025-02-15
2547,ST0975,F027,SUB006,4,5,4,5,4,4,Helpful and supportive faculty.,Positive,2025-03-16
602,ST0489,F016,SUB018,5,5,5,4,4,5,Helpful and supportive faculty.,Positive,2025-03-07
367,ST0005,F032,SUB007,4,4,5,4,5,4,Helpful and supportive faculty.,Positive,2025-11-12
406,ST0046,F037,SUB009,5,5,5,4,4,4,Helpful and supportive faculty.,Positive,2025-03-24
43,ST0914,F009,SUB001,3,3,3,3,4,3,Need more examples.,Neutral,2025-11-15
4151,ST0049,F008,SUB012,3,3,4,4,3,4,Need more examples.,Neutral,2025-11-29
3650,ST0478,F017,SUB025,4,3,3,3,3,3,Need more examples.,Neutral,2025-07-11
509,ST0203,F014,SUB007,4,3,4,3,4,4,Need more examples.,Neutral,2025-02-21
1290,ST0556,F023,SUB001,4,4,4,3,3,4,Need more examples.,Neutral,2025-09-09
111,ST0850,F035,SUB018,4,4,3,3,3,4,Need more examples.,Neutral,2025-04-16
4675,ST0179,F021,SUB028,4,4,4,3,4,4,Need more examples.,Neutral,2025-03-09
3886,ST0761,F008,SUB017,3,4,4,4,4,4,Need more examples.,Neutral,2025-11-07
4157,ST0931,F014,SUB010,3,3,3,4,4,4,Need more examples.,Neutral,2025-05-22
4102,ST0953,F017,SUB015,4,4,3,3,4,3,Need more examples.,Neutral,2025-07-23
585,ST0487,F035,SUB028,4,4,3,4,4,3,Need more examples.,Neutral,2025-08-06
513,ST0653,F037,SUB011,4,3,4,3,3,3,Need more examples.,Neutral,2025-02-08
1289,ST0319,F008,SUB029,3,4,4,3,3,4,Need more examples.,Neutral,2025-10-21
4100,ST0330,F021,SUB011,4,3,3,3,3,3,Need more examples.,Neutral,2025-03-13
3001,ST0041,F035,SUB026,4,4,4,4,3,3,Need more examples.,Neutral,2025-08-29
52,ST0678,F009,SUB005,4,4,4,4,4,4,Need more examples.,Neutral,2025-11-16
4831,ST0199,F039,SUB024,3,4,4,3,3,3,Need more examples.,Neutral,2025-02-21
1429,ST0885,F018,SUB004,3,4,4,4,3,4,Need more examples.,Neutral,2025-02-25
4114,ST0728,F025,SUB003,3,3,4,3,4,4,Need more examples.,Neutral,2025-09-23
4981,ST0185,F001,SUB007,3,4,4,3,3,4,Need more examples.,Neutral,2025-05-24
539,ST0475,F027,SUB026,4,4,4,4,4,3,Need more examples.,Neutral,2025-10-18
3626,ST0852,F003,SUB019,4,3,3,4,3,4,Need more examples.,Neutral,2025-12-11
3948,ST0452,F024,SUB020,3,3,3,4,4,3,Need more examples.,Neutral,2025-07-24
71,ST0643,F040,SUB019,3,4,3,4,3,3,Need more examples.,Neutral,2025-08-02
4860,ST0138,F028,SUB028,3,3,3,3,3,4,Need more examples.,Neutral,2025-04-05
4696,ST0527,F002,SUB016,4,4,3,3,4,3,Need more examples.,Neutral,2025-05-01
68,ST0892,F009,SUB030,4,4,3,3,3,4,Need more examples.,Neutral,2025-09-09
4126,ST0128,F004,SUB021,4,4,4,4,4,3,Need more examples.,Neutral,2025-10-01
4701,ST0455,F034,SUB011,4,4,3,3,3,4,Need more examples.,Neutral,2025-03-18
3954,ST0354,F037,SUB007,3,3,4,3,4,3,Need more examples.,Neutral,2025-12-08
1300,ST0100,F011,SUB027,3,4,3,3,3,3,Need more examples.,Neutral,2025-06-29
1393,ST0327,F013,SUB030,4,4,4,3,3,3,Need more examples.,Neutral,2025-08-19
1395,ST0344,F009,SUB024,4,4,4,3,3,3,Need more examples.,Neutral,2025-07-09
697,ST0001,F027,SUB005,3,4,4,4,4,4,Need more examples.,Neutral,2025-01-06
530,ST0706,F037,SUB013,3,3,4,4,4,3,Need more examples.,Neutral,2025-04-30
1328,ST0442,F024,SUB012,4,3,3,3,4,3,Need more examples.,Neutral,2025-09-14
93,ST0554,F002,SUB010,3,3,3,4,4,4,Need more examples.,Neutral,2025-04-29
1320,ST0778,F001,SUB024,4,4,4,4,3,3,Need more examples.,Neutral,2025-11-04
4105,ST0719,F013,SUB002,4,3,4,3,4,3,Need more examples.,Neutral,2025-04-27
4259,ST0169,F021,SUB001,3,4,4,4,3,4,Need more examples.,Neutral,2025-09-08
3603,ST0488,F033,SUB019,4,4,3,3,3,3,Need more examples.,Neutral,2025-10-20
671,ST0018,F011,SUB001,3,4,4,4,4,4,Need more examples.,Neutral,2025-06-26
1420,ST0166,F012,SUB002,4,3,3,4,4,4,Need more examples.,Neutral,2025-06-14
646,ST0704,F023,SUB021,4,3,3,3,3,4,Need more examples.,Neutral,2025-02-28
721,ST0697,F033,SUB005,3,3,3,3,4,4,Need more examples.,Neutral,2025-02-01
4020,ST0779,F028,SUB020,3,4,3,3,3,4,Need more examples.,Neutral,2025-05-31
1211,ST0794,F037,SUB015,4,4,4,3,3,3,Need more examples.,Neutral,2025-10-26
3670,ST0362,F022,SUB006,4,3,3,3,4,3,Need more examples.,Neutral,2025-03-15
4222,ST0237,F031,SUB016,3,3,3,4,4,4,Need more examples.,Neutral,2025-07-08
4010,ST0794,F022,SUB026,3,4,4,4,3,4,Need more examples.,Neutral,2025-08-10
264,ST0147,F001,SUB012,3,3,3,4,3,3,Need more examples.,Neutral,2025-08-01
972,ST0856,F031,SUB008,4,4,3,3,4,3,Need more examples.,Neutral,2025-11-19
3768,ST0154,F038,SUB001,4,4,4,4,3,4,Need more examples.,Neutral,2025-10-14
851,ST0123,F008,SUB019,3,3,4,3,3,4,Need more examples.,Neutral,2025-05-14
604,ST0939,F034,SUB016,4,4,3,3,4,4,Need more examples.,Neutral,2025-08-16
983,ST0973,F021,SUB005,3,3,3,3,4,4,Need more examples.,Neutral,2025-01-06
3822,ST0955,F006,SUB010,4,3,3,3,4,3,Need more examples.,Neutral,2025-12-26
3825,ST0691,F010,SUB010,3,3,4,4,3,3,Need more examples.,Neutral,2025-08-28
401,ST0632,F039,SUB002,4,4,4,4,4,3,Need more examples.,Neutral,2025-02-21
403,ST0490,F019,SUB025,3,3,4,3,4,3,Need more examples.,Neutral,2025-09-09
3760,ST0445,F030,SUB025,3,3,4,3,4,4,Need more examples.,Neutral,2025-11-25
1003,ST0027,F024,SUB012,4,4,4,3,4,4,Need more examples.,Neutral,2025-12-03
1009,ST0970,F017,SUB010,3,4,4,3,4,4,Need more examples.,Neutral,2025-09-10
882,ST0480,F038,SUB017,4,4,3,4,4,4,Need more examples.,Neutral,2025-09-03
255,ST0405,F012,SUB030,3,4,4,4,4,4,Need more examples.,Neutral,2025-10-23
4922,ST0915,F019,SUB017,4,3,3,4,3,3,Need more examples.,Neutral,2025-01-09
4791,ST0595,F020,SUB022,3,4,3,4,4,3,Need more examples.,Neutral,2025-07-17
359,ST0272,F030,SUB020,4,4,3,4,3,4,Need more examples.,Neutral,2025-07-21
4785,ST0777,F020,SUB004,4,4,3,4,4,3,Need more examples.,Neutral,2025-06-21
4024,ST0489,F017,SUB022,3,4,4,3,3,4,Need more examples.,Neutral,2025-12-06
4907,ST0101,F006,SUB017,4,3,3,3,4,3,Need more examples.,Neutral,2025-04-13
381,ST0541,F027,SUB009,3,3,4,4,4,4,Need more examples.,Neutral,2025-09-25
342,ST0552,F036,SUB006,4,3,4,4,3,3,Need more examples.,Neutral,2025-04-22
3787,ST0535,F017,SUB030,4,3,3,3,4,3,Need more examples.,Neutral,2025-12-23
337,ST0349,F006,SUB008,4,3,3,4,3,4,Need more examples.,Neutral,2025-03-30
382,ST0903,F017,SUB029,4,4,4,4,4,3,Need more examples.,Neutral,2025-06-04
4788,ST0349,F003,SUB017,4,3,4,4,3,4,Need more examples.,Neutral,2025-03-05
950,ST0477,F008,SUB003,4,3,4,4,4,4,Need more examples.,Neutral,2025-01-08
4011,ST0382,F009,SUB013,3,4,4,4,4,4,Need more examples.,Neutral,2025-01-26
956,ST0951,F021,SUB022,3,3,3,4,3,4,Need more examples.,Neutral,2025-11-15
320,ST0851,F030,SUB028,3,3,3,4,4,4,Need more examples.,Neutral,2025-06-01
893,ST0457,F013,SUB029,3,4,4,4,4,3,Need more examples.,Neutral,2025-02-28
883,ST0449,F016,SUB022,3,4,4,3,4,3,Need more examples.,Neutral,2025-04-03
1253,ST0817,F007,SUB002,3,3,4,4,4,4,Need more examples.,Neutral,2025-08-14
254,ST0838,F030,SUB006,3,3,3,4,3,3,Need more examples.,Neutral,2025-12-15
1013,ST0205,F030,SUB025,4,3,3,3,4,4,Need more examples.,Neutral,2025-04-02
1177,ST0646,F033,SUB018,3,3,4,3,3,3,Need more examples.,Neutral,2025-09-03
4820,ST0454,F033,SUB020,4,4,3,4,3,3,Need more examples.,Neutral,2025-03-28
1189,ST0622,F022,SUB030,4,3,3,3,4,4,Need more examples.,Neutral,2025-08-18
1204,ST0799,F032,SUB020,3,3,4,4,4,3,Need more examples.,Neutral,2025-07-08
3983,ST0858,F026,SUB007,3,4,4,4,3,4,Need more examples.,Neutral,2025-07-07
3685,ST0467,F006,SUB006,4,3,3,4,4,3,Need more examples.,Neutral,2025-08-13
145,ST0012,F011,SUB022,4,4,4,4,3,3,Need more examples.,Neutral,2025-12-11
144,ST0974,F006,SUB018,3,3,4,4,3,3,Need more examples.,Neutral,2025-11-09
4958,ST0653,F003,SUB019,4,4,3,4,4,3,Need more examples.,Neutral,2025-06-24
746,ST0223,F022,SUB027,4,4,3,3,3,4,Need more examples.,Neutral,2025-05-17
1238,ST0133,F002,SUB012,3,4,4,3,3,3,Need more examples.,Neutral,2025-02-22
4888,ST0412,F005,SUB001,3,3,3,4,4,4,Need more examples.,Neutral,2025-07-10
133,ST0519,F034,SUB015,4,3,3,3,4,3,Need more examples.,Neutral,2025-10-05
132,ST0005,F004,SUB016,4,3,4,4,3,3,Need more examples.,Neutral,2025-01-20
4886,ST0243,F008,SUB008,4,4,4,4,3,3,Need more examples.,Neutral,2025-09-24
789,ST0724,F009,SUB010,3,3,3,3,4,4,Need more examples.,Neutral,2025-07-20
4896,ST0174,F023,SUB023,3,4,4,4,4,4,Need more examples.,Neutral,2025-06-23
791,ST0426,F025,SUB003,3,4,3,3,3,4,Need more examples.,Neutral,2025-04-28
808,ST0992,F016,SUB024,3,4,4,4,3,4,Need more examples.,Neutral,2025-10-29
4218,ST0243,F029,SUB026,4,3,4,4,3,4,Need more examples.,Neutral,2025-04-16
3749,ST0997,F029,SUB019,3,3,3,3,3,3,Need more examples.,Neutral,2025-03-27
834,ST0481,F025,SUB001,4,3,3,3,4,3,Need more examples.,Neutral,2025-07-16
3833,ST0019,F023,SUB009,3,3,3,3,3,3,Need more examples.,Neutral,2025-10-20
829,ST0309,F011,SUB007,3,3,3,3,3,3,Need more examples.,Neutral,2025-04-06
3994,ST0183,F034,SUB005,3,4,3,3,3,4,Need more examples.,Neutral,2025-01-28
3736,ST0058,F009,SUB008,4,4,3,4,3,4,Need more examples.,Neutral,2025-03-11
4216,ST0020,F014,SUB002,3,3,4,3,4,3,Need more examples.,Neutral,2025-10-02
3839,ST0125,F033,SUB019,3,4,4,4,4,3,Need more examples.,Neutral,2025-10-08
1067,ST0083,F035,SUB006,4,3,4,3,3,3,Need more examples.,Neutral,2025-06-30
434,ST0358,F001,SUB001,3,4,4,3,4,4,Need more examples.,Neutral,2025-07-29
816,ST0727,F034,SUB013,4,4,4,4,4,3,Need more examples.,Neutral,2025-07-11
1097,ST0031,F029,SUB018,4,4,3,4,3,4,Need more examples.,Neutral,2025-09-24
1106,ST0046,F023,SUB019,3,4,3,3,3,4,Need more examples.,Neutral,2025-03-30
811,ST0391,F020,SUB020,4,4,3,4,3,4,Need more examples.,Neutral,2025-01-03
1140,ST0634,F002,SUB019,3,4,3,3,4,4,Need more examples.,Neutral,2025-12-13
606,ST0130,F038,SUB013,4,4,3,4,4,4,Need more examples.,Neutral,2025-08-19
1,ST0252,F032,SUB029,4,3,3,3,3,3,Need more examples.,Neutral,2025-03-16
2306,ST0431,F005,SUB001,4,4,3,4,4,3,Need more examples.,Neutral,2025-11-24
3086,ST0218,F001,SUB018,3,4,4,4,4,3,Need more examples.,Neutral,2025-02-23
2057,ST0049,F020,SUB005,3,4,4,4,4,4,Need more examples.,Neutral,2025-08-15
1762,ST0595,F034,SUB019,3,4,3,4,4,4,Need more examples.,Neutral,2025-10-05
1763,ST0696,F040,SUB013,3,4,3,4,3,4,Need more examples.,Neutral,2025-10-10
1778,ST0068,F020,SUB027,3,4,3,4,3,3,Need more examples.,Neutral,2025-03-24
2783,ST0503,F009,SUB029,3,4,4,4,4,4,Need more examples.,Neutral,2025-08-11
4421,ST0709,F039,SUB018,3,3,4,3,4,4,Need more examples.,Neutral,2025-10-16
2766,ST0458,F007,SUB022,4,4,3,3,3,4,Need more examples.,Neutral,2025-08-24
3101,ST0206,F021,SUB010,3,4,4,3,4,4,Need more examples.,Neutral,2025-07-03
1800,ST0697,F013,SUB027,3,3,4,3,4,3,Need more examples.,Neutral,2025-03-16
3473,ST0475,F022,SUB026,4,3,3,4,3,4,Need more examples.,Neutral,2025-11-23
2050,ST0651,F008,SUB005,3,3,3,3,4,4,Need more examples.,Neutral,2025-03-22
1805,ST0918,F024,SUB021,4,4,3,4,3,4,Need more examples.,Neutral,2025-02-21
2666,ST0835,F021,SUB007,4,4,4,3,3,4,Need more examples.,Neutral,2025-07-19
2051,ST0339,F010,SUB020,4,4,3,4,4,4,Need more examples.,Neutral,2025-08-20
3123,ST0202,F012,SUB007,3,3,4,4,3,4,Need more examples.,Neutral,2025-03-22
4639,ST0950,F003,SUB015,3,3,3,3,3,4,Need more examples.,Neutral,2025-10-26
1704,ST0600,F026,SUB002,3,4,3,4,4,4,Need more examples.,Neutral,2025-12-27
2107,ST0860,F010,SUB012,4,3,4,4,4,3,Need more examples.,Neutral,2025-01-09
2863,ST0635,F023,SUB022,3,4,3,3,4,3,Need more examples.,Neutral,2025-02-04
4369,ST0941,F003,SUB016,3,3,3,3,4,4,Need more examples.,Neutral,2025-02-16
3510,ST0356,F001,SUB014,4,4,3,4,4,4,Need more examples.,Neutral,2025-03-19
2840,ST0338,F022,SUB007,3,3,3,3,3,3,Need more examples.,Neutral,2025-11-19
3074,ST0371,F025,SUB016,3,4,3,3,3,4,Need more examples.,Neutral,2025-01-18
3358,ST0396,F021,SUB026,3,4,3,3,4,3,Need more examples.,Neutral,2025-06-09
4643,ST0628,F019,SUB022,4,3,4,4,3,4,Need more examples.,Neutral,2025-11-01
2835,ST0496,F039,SUB017,4,4,4,4,4,4,Need more examples.,Neutral,2025-11-28
4568,ST0312,F035,SUB016,3,4,3,4,4,4,Need more examples.,Neutral,2025-09-05
3165,ST0163,F037,SUB011,4,4,3,3,4,3,Need more examples.,Neutral,2025-04-27
4416,ST0074,F023,SUB028,4,3,4,4,4,4,Need more examples.,Neutral,2025-06-13
2058,ST0442,F028,SUB030,3,3,4,4,4,4,Need more examples.,Neutral,2025-08-12
1701,ST0849,F038,SUB012,4,3,3,3,4,4,Need more examples.,Neutral,2025-10-10
1689,ST0127,F022,SUB016,4,4,4,3,3,3,Need more examples.,Neutral,2025-12-24
1808,ST0578,F023,SUB023,4,4,3,3,3,4,Need more examples.,Neutral,2025-07-16
2648,ST0176,F032,SUB005,4,4,3,4,4,4,Need more examples.,Neutral,2025-01-16
4516,ST0793,F014,SUB020,4,4,4,3,4,4,Need more examples.,Neutral,2025-06-22
1936,ST0105,F018,SUB017,3,3,4,4,4,3,Need more examples.,Neutral,2025-05-18
2590,ST0049,F025,SUB020,4,3,3,4,4,3,Need more examples.,Neutral,2025-01-23
3172,ST0557,F027,SUB015,3,3,4,3,3,4,Need more examples.,Neutral,2025-07-06
1925,ST0589,F021,SUB002,3,3,4,4,3,4,Need more examples.,Neutral,2025-03-04
4605,ST0829,F017,SUB008,4,4,3,4,4,4,Need more examples.,Neutral,2025-11-30
4303,ST0282,F015,SUB010,3,3,4,4,4,4,Need more examples.,Neutral,2025-07-26
3402,ST0888,F013,SUB005,3,4,3,4,4,4,Need more examples.,Neutral,2025-01-28
1909,ST0790,F016,SUB016,4,4,3,4,4,3,Need more examples.,Neutral,2025-04-28
1873,ST0792,F039,SUB022,3,4,3,4,3,3,Need more examples.,Neutral,2025-06-11
3416,ST0818,F017,SUB005,4,3,3,4,4,4,Need more examples.,Neutral,2025-02-16
4350,ST0590,F027,SUB024,4,4,4,4,4,3,Need more examples.,Neutral,2025-11-18
4601,ST0008,F028,SUB004,3,4,3,4,3,3,Need more examples.,Neutral,2025-01-28
3429,ST0069,F019,SUB001,3,4,3,4,4,4,Need more examples.,Neutral,2025-09-26
3428,ST0247,F034,SUB025,3,3,3,4,3,3,Need more examples.,Neutral,2025-02-15
1872,ST0939,F002,SUB017,3,3,3,4,4,3,Need more examples.,Neutral,2025-08-25
4591,ST0565,F001,SUB009,3,3,3,4,4,3,Need more examples.,Neutral,2025-02-26
4296,ST0783,F029,SUB022,3,4,4,4,3,3,Need more examples.,Neutral,2025-05-18
2542,ST0459,F026,SUB026,3,4,4,3,3,4,Need more examples.,Neutral,2025-10-08
4508,ST0346,F029,SUB012,4,3,3,3,4,4,Need more examples.,Neutral,2025-05-12
3367,ST0817,F020,SUB003,3,4,3,3,3,3,Need more examples.,Neutral,2025-10-24
1821,ST0454,F021,SUB014,3,4,3,4,3,3,Need more examples.,Neutral,2025-01-11
2029,ST0875,F013,SUB015,3,3,4,3,4,4,Need more examples.,Neutral,2025-05-17
1834,ST0750,F022,SUB017,3,4,3,4,3,4,Need more examples.,Neutral,2025-10-09
2021,ST0623,F014,SUB013,3,4,3,4,4,3,Need more examples.,Neutral,2025-12-14
1844,ST0800,F006,SUB030,4,4,3,3,4,3,Need more examples.,Neutral,2025-06-05
2636,ST0286,F039,SUB016,3,4,3,3,4,3,Need more examples.,Neutral,2025-09-29
1980,ST0334,F040,SUB006,4,4,3,3,3,3,Need more examples.,Neutral,2025-03-14
2629,ST0801,F022,SUB010,3,4,4,4,4,4,Need more examples.,Neutral,2025-05-01
2627,ST0175,F012,SUB029,3,3,3,3,4,4,Need more examples.,Neutral,2025-11-08
4347,ST0991,F031,SUB016,3,3,3,3,3,3,Need more examples.,Neutral,2025-04-28
1965,ST0549,F027,SUB020,3,4,3,3,4,4,Need more examples.,Neutral,2025-08-07
2522,ST0717,F001,SUB017,4,3,4,3,4,3,Need more examples.,Neutral,2025-07-05
2597,ST0003,F016,SUB028,4,4,4,3,3,4,Need more examples.,Neutral,2025-10-01
1672,ST0075,F034,SUB010,3,4,4,3,4,3,Need more examples.,Neutral,2025-04-05
2869,ST0721,F025,SUB017,4,4,4,4,4,4,Need more examples.,Neutral,2025-02-28
4569,ST0805,F016,SUB021,4,4,4,4,4,3,Need more examples.,Neutral,2025-06-02
2131,ST0917,F017,SUB027,3,3,4,4,4,4,Need more examples.,Neutral,2025-01-09
2168,ST0716,F011,SUB022,3,4,3,4,3,3,Need more examples.,Neutral,2025-08-29
3536,ST0916,F026,SUB025,4,4,4,3,4,3,Need more examples.,Neutral,2025-11-26
1587,ST0689,F005,SUB017,4,4,3,4,3,4,Need more examples.,Neutral,2025-11-06
2942,ST0749,F034,SUB007,3,4,3,4,4,4,Need more examples.,Neutral,2025-03-08
2174,ST0978,F005,SUB002,4,3,3,4,4,4,Need more examples.,Neutral,2025-06-25
1581,ST0261,F023,SUB022,4,3,4,3,4,3,Need more examples.,Neutral,2025-09-30
4666,ST0050,F011,SUB018,4,3,4,4,4,3,Need more examples.,Neutral,2025-04-05
2351,ST0519,F006,SUB014,3,3,3,3,3,4,Need more examples.,Neutral,2025-05-08
3254,ST0597,F029,SUB015,4,3,4,3,4,4,Need more examples.,Neutral,2025-10-04
4670,ST0687,F024,SUB013,4,4,3,4,3,3,Need more examples.,Neutral,2025-02-02
2316,ST0682,F016,SUB010,3,4,3,3,3,4,Need more examples.,Neutral,2025-09-11
3303,ST0129,F021,SUB005,3,3,4,4,4,4,Need more examples.,Neutral,2025-06-02
2205,ST0371,F037,SUB001,3,4,3,3,4,4,Need more examples.,Neutral,2025-10-29
4546,ST0806,F002,SUB017,3,3,3,3,4,4,Need more examples.,Neutral,2025-05-13
4279,ST0729,F033,SUB013,3,3,4,4,3,4,Need more examples.,Neutral,2025-06-01
3559,ST0662,F036,SUB017,3,4,3,4,4,4,Need more examples.,Neutral,2025-01-12
4545,ST0115,F030,SUB016,3,3,3,3,4,3,Need more examples.,Neutral,2025-01-13
2977,ST0522,F018,SUB029,4,3,4,4,4,3,Need more examples.,Neutral,2025-08-23
3012,ST0858,F008,SUB003,3,4,4,3,4,4,Need more examples.,Neutral,2025-04-13
3289,ST0317,F021,SUB001,3,4,3,3,4,3,Need more examples.,Neutral,2025-07-09
3563,ST0603,F011,SUB009,4,4,3,3,3,3,Need more examples.,Neutral,2025-10-04
2258,ST0253,F020,SUB024,4,4,4,4,4,4,Need more examples.,Neutral,2025-05-04
4531,ST0383,F021,SUB016,3,3,4,4,3,4,Need more examples.,Neutral,2025-04-23
1523,ST0888,F015,SUB009,4,4,3,3,4,3,Need more examples.,Neutral,2025-12-03
2997,ST0819,F029,SUB016,4,4,3,3,3,3,Need more examples.,Neutral,2025-11-22
2927,ST0242,F033,SUB009,4,3,3,3,4,4,Need more examples.,Neutral,2025-04-22
3246,ST0575,F030,SUB022,4,3,4,4,3,3,Need more examples.,Neutral,2025-04-10
3425,ST0817,F006,SUB012,3,4,3,3,4,3,Need more examples.,Neutral,2025-11-25
2890,ST0826,F033,SUB017,4,3,3,4,4,4,Need more examples.,Neutral,2025-07-09
1638,ST0613,F009,SUB017,4,3,3,4,3,4,Need more examples.,Neutral,2025-10-17
1598,ST0518,F022,SUB021,4,3,4,4,4,3,Need more examples.,Neutral,2025-04-20
2910,ST0296,F027,SUB020,3,4,3,3,3,3,Need more examples.,Neutral,2025-01-18
3049,ST0985,F023,SUB007,3,3,4,4,3,4,Need more examples.,Neutral,2025-10-19
2155,ST0060,F035,SUB012,4,4,4,4,3,3,Need more examples.,Neutral,2025-04-02
2135,ST0743,F032,SUB004,3,4,4,3,4,4,Need more examples.,Neutral,2025-03-12
4370,ST0414,F025,SUB005,3,3,3,3,4,3,Need more examples.,Neutral,2025-08-23
1604,ST0705,F033,SUB021,3,3,4,3,3,3,Need more examples.,Neutral,2025-10-30
4662,ST0797,F024,SUB011,4,4,3,3,4,4,Need more examples.,Neutral,2025-01-15
2886,ST0066,F002,SUB004,4,3,4,3,3,4,Need more examples.,Neutral,2025-11-22
2545,ST0949,F002,SUB020,1,2,1,1,1,2,Needs better communication.,Negative,2025-12-29
3405,ST0098,F021,SUB012,1,1,2,1,1,2,Needs better communication.,Negative,2025-01-30
2238,ST0879,F021,SUB005,2,1,2,1,1,1,Needs better communication.,Negative,2025-11-04
667,ST0523,F025,SUB020,2,1,2,2,2,2,Needs better communication.,Negative,2025-03-14
879,ST0387,F040,SUB005,2,2,1,1,2,1,Needs better communication.,Negative,2025-02-21
675,ST0913,F035,SUB005,2,1,2,1,1,1,Needs better communication.,Negative,2025-12-30
2376,ST0356,F016,SUB026,1,1,1,1,2,2,Needs better communication.,Negative,2025-05-16
423,ST0045,F019,SUB018,1,1,1,2,2,2,Needs better communication.,Negative,2025-05-20
961,ST0055,F034,SUB027,1,2,2,1,1,2,Needs better communication.,Negative,2025-02-05
2409,ST0995,F020,SUB008,2,2,2,1,2,2,Needs better communication.,Negative,2025-08-30
1962,ST0035,F031,SUB007,1,1,1,1,2,2,Needs better communication.,Negative,2025-06-03
2225,ST0768,F005,SUB030,1,1,1,2,2,2,Needs better communication.,Negative,2025-09-23
3235,ST0561,F023,SUB015,1,1,1,2,1,2,Needs better communication.,Negative,2025-09-04
546,ST0442,F037,SUB006,1,1,2,1,2,1,Needs better communication.,Negative,2025-03-27
4597,ST0148,F020,SUB004,1,2,1,1,1,2,Needs better communication.,Negative,2025-05-16
4602,ST0546,F031,SUB021,1,2,2,1,2,2,Needs better communication.,Negative,2025-12-31
4836,ST0616,F040,SUB020,2,1,1,1,2,2,Needs better communication.,Negative,2025-04-07
1008,ST0023,F014,SUB013,2,2,1,1,1,1,Needs better communication.,Negative,2025-12-10
701,ST0754,F037,SUB007,2,1,1,1,2,2,Needs better communication.,Negative,2025-02-02
2552,ST0470,F029,SUB014,1,2,1,2,2,1,Needs better communication.,Negative,2025-12-31
722,ST0053,F027,SUB024,1,1,1,1,2,2,Needs better communication.,Negative,2025-08-09
554,ST0047,F001,SUB020,1,2,2,2,2,1,Needs better communication.,Negative,2025-02-19
1905,ST0015,F029,SUB011,2,1,1,1,2,1,Needs better communication.,Negative,2025-11-10
3830,ST0098,F025,SUB010,1,1,1,1,1,2,Needs better communication.,Negative,2025-11-26
393,ST0713,F028,SUB018,1,1,2,1,2,2,Needs better communication.,Negative,2025-03-05
4841,ST0813,F014,SUB020,2,2,2,1,1,1,Needs better communication.,Negative,2025-09-02
3168,ST0036,F022,SUB015,2,2,1,1,2,2,Needs better communication.,Negative,2025-07-13
4828,ST0201,F023,SUB030,1,2,2,1,2,2,Needs better communication.,Negative,2025-07-20
4341,ST1000,F033,SUB015,1,2,1,2,1,1,Needs better communication.,Negative,2025-12-10
4536,ST0155,F005,SUB024,2,1,1,2,2,1,Needs better communication.,Negative,2025-11-24
3391,ST0493,F024,SUB024,1,1,1,2,2,2,Needs better communication.,Negative,2025-12-21
438,ST0649,F002,SUB001,2,2,1,1,1,2,Needs better communication.,Negative,2025-04-21
943,ST0157,F002,SUB013,2,2,1,2,2,2,Needs better communication.,Negative,2025-03-02
794,ST0495,F004,SUB015,1,2,2,1,1,1,Needs better communication.,Negative,2025-10-13
4152,ST0102,F037,SUB009,1,1,1,2,1,1,Needs better communication.,Negative,2025-03-25
4789,ST0318,F001,SUB006,1,1,1,2,1,2,Needs better communication.,Negative,2025-01-26
3362,ST0713,F022,SUB002,1,1,1,1,1,2,Needs better communication.,Negative,2025-09-26
892,ST0025,F012,SUB006,1,2,2,1,2,2,Needs better communication.,Negative,2025-05-17
3818,ST0753,F036,SUB018,2,1,2,1,1,2,Needs better communication.,Negative,2025-03-01
4881,ST0118,F025,SUB020,2,2,2,2,1,1,Needs better communication.,Negative,2025-09-17
3249,ST0557,F021,SUB006,1,1,2,1,1,2,Needs better communication.,Negative,2025-02-12
2172,ST0240,F008,SUB009,2,1,2,2,2,2,Needs better communication.,Negative,2025-09-27
3967,ST0096,F029,SUB019,1,1,1,1,1,1,Needs better communication.,Negative,2025-08-23
4526,ST0129,F023,SUB020,2,1,1,2,2,1,Needs better communication.,Negative,2025-08-01
2357,ST0546,F025,SUB015,1,2,2,1,1,1,Needs better communication.,Negative,2025-05-28
2443,ST0670,F013,SUB004,2,2,1,2,1,1,Needs better communication.,Negative,2025-02-08
2362,ST0942,F036,SUB014,2,1,2,2,2,2,Needs better communication.,Negative,2025-02-20
2358,ST0184,F035,SUB003,2,1,1,1,1,2,Needs better communication.,Negative,2025-04-17
4191,ST0405,F012,SUB020,1,2,1,2,2,1,Needs better communication.,Negative,2025-02-21
525,ST0404,F022,SUB008,1,1,1,2,2,2,Needs better communication.,Negative,2025-11-15
3240,ST0694,F023,SUB022,2,2,2,2,2,1,Needs better communication.,Negative,2025-09-01
2456,ST0862,F029,SUB002,1,1,2,1,2,1,Needs better communication.,Negative,2025-09-23
4308,ST0985,F019,SUB029,2,2,1,2,1,1,Needs better communication.,Negative,2025-06-13
810,ST0745,F031,SUB016,1,1,1,1,2,2,Needs better communication.,Negative,2025-11-16
1977,ST0425,F028,SUB013,1,1,1,1,2,2,Needs better communication.,Negative,2025-02-03
748,ST0656,F032,SUB001,1,2,2,2,2,2,Needs better communication.,Negative,2025-06-13
3350,ST0698,F039,SUB015,2,2,1,2,2,2,Needs better communication.,Negative,2025-03-21
641,ST0147,F011,SUB017,2,2,1,2,2,2,Needs better communication.,Negative,2025-06-04
3187,ST0113,F036,SUB015,2,2,1,1,2,2,Needs better communication.,Negative,2025-01-02
639,ST0027,F003,SUB021,2,2,2,2,1,1,Needs better communication.,Negative,2025-01-06
848,ST0095,F020,SUB004,1,1,1,1,2,2,Needs better communication.,Negative,2025-10-16
2022,ST0246,F020,SUB025,2,1,1,2,2,1,Needs better communication.,Negative,2025-12-22
916,ST0611,F015,SUB012,1,2,2,2,2,2,Needs better communication.,Negative,2025-06-14
4336,ST0139,F010,SUB030,2,1,1,1,1,1,Needs better communication.,Negative,2025-04-22
626,ST0439,F017,SUB020,2,2,1,2,1,1,Needs better communication.,Negative,2025-07-28
4819,ST0737,F023,SUB023,2,2,1,1,2,1,Needs better communication.,Negative,2025-05-18
2404,ST0703,F038,SUB009,1,1,1,1,1,1,Needs better communication.,Negative,2025-04-25
780,ST0375,F004,SUB022,2,2,1,1,2,1,Needs better communication.,Negative,2025-03-05
2331,ST0742,F022,SUB012,2,2,2,2,1,1,Needs better communication.,Negative,2025-09-14
2182,ST0879,F009,SUB001,1,1,2,2,1,2,Needs better communication.,Negative,2025-10-11
3161,ST0033,F034,SUB026,2,1,1,2,1,2,Needs better communication.,Negative,2025-01-16
94,ST0670,F021,SUB022,1,2,2,2,1,1,Needs better communication.,Negative,2025-12-01
4652,ST0936,F005,SUB021,1,1,1,2,1,1,Needs better communication.,Negative,2025-08-06
1642,ST0281,F023,SUB005,2,2,2,2,2,1,Needs better communication.,Negative,2025-10-04
1654,ST0826,F005,SUB015,1,1,1,1,2,2,Needs better communication.,Negative,2025-10-09
4651,ST0372,F040,SUB015,2,1,2,2,1,2,Needs better communication.,Negative,2025-06-17
2885,ST0567,F029,SUB011,1,1,2,1,1,2,Needs better communication.,Negative,2025-09-11
2880,ST0974,F035,SUB006,1,2,1,1,1,1,Needs better communication.,Negative,2025-07-10
1676,ST0638,F026,SUB017,2,1,2,2,1,1,Needs better communication.,Negative,2025-05-23
1690,ST0233,F005,SUB026,1,2,1,1,2,2,Needs better communication.,Negative,2025-06-27
4080,ST0775,F032,SUB012,1,1,1,2,1,1,Needs better communication.,Negative,2025-05-22
4109,ST0043,F017,SUB027,2,2,2,2,2,1,Needs better communication.,Negative,2025-02-21
3657,ST0283,F001,SUB010,1,1,1,2,1,1,Needs better communication.,Negative,2025-06-04
4253,ST0960,F038,SUB023,2,1,1,2,2,2,Needs better communication.,Negative,2025-08-25
1282,ST0453,F014,SUB001,1,1,2,1,2,1,Needs better communication.,Negative,2025-08-21
3663,ST0526,F026,SUB025,2,2,2,2,1,1,Needs better communication.,Negative,2025-07-16
2810,ST0228,F012,SUB012,1,1,2,2,2,1,Needs better communication.,Negative,2025-01-12
1260,ST0305,F036,SUB025,2,2,1,2,1,1,Needs better communication.,Negative,2025-04-01
3493,ST0644,F038,SUB025,1,2,1,2,1,2,Needs better communication.,Negative,2025-03-31
4949,ST0381,F030,SUB025,1,2,1,1,2,2,Needs better communication.,Negative,2025-02-04
1750,ST0106,F010,SUB030,2,2,2,2,1,2,Needs better communication.,Negative,2025-10-17
1758,ST0416,F009,SUB023,2,1,1,1,2,2,Needs better communication.,Negative,2025-09-28
4444,ST0635,F031,SUB022,1,2,1,1,2,1,Needs better communication.,Negative,2025-02-25
3163,ST0211,F025,SUB022,2,2,2,1,2,2,Needs better communication.,Negative,2025-07-19
3115,ST0874,F003,SUB023,1,1,2,1,1,2,Needs better communication.,Negative,2025-08-26
2925,ST0312,F035,SUB011,1,2,2,2,2,1,Needs better communication.,Negative,2025-10-18
2935,ST0452,F019,SUB001,1,2,2,1,1,1,Needs better communication.,Negative,2025-01-14
1502,ST0025,F037,SUB011,2,2,1,2,2,2,Needs better communication.,Negative,2025-09-04
1494,ST0004,F035,SUB017,2,2,1,2,2,2,Needs better communication.,Negative,2025-12-29
2999,ST0743,F036,SUB005,2,2,1,2,2,1,Needs better communication.,Negative,2025-07-06
2992,ST0349,F014,SUB011,1,1,2,1,2,1,Needs better communication.,Negative,2025-03-04
1471,ST0878,F035,SUB029,1,2,1,1,2,1,Needs better communication.,Negative,2025-03-31
37,ST0016,F032,SUB001,2,1,2,1,2,1,Needs better communication.,Negative,2025-04-19
3585,ST0727,F035,SUB003,1,2,1,1,1,2,Needs better communication.,Negative,2025-11-26
4988,ST0061,F032,SUB006,2,2,1,2,1,1,Needs better communication.,Negative,2025-04-20
1548,ST0719,F033,SUB004,1,2,2,2,1,1,Needs better communication.,Negative,2025-02-28
1558,ST0183,F014,SUB011,1,1,1,1,2,2,Needs better communication.,Negative,2025-04-14
2926,ST0415,F011,SUB009,1,2,2,1,1,1,Needs better communication.,Negative,2025-10-31
3015,ST0155,F017,SUB004,2,1,2,2,2,1,Needs better communication.,Negative,2025-11-24
4691,ST0832,F040,SUB009,2,2,2,2,1,1,Needs better communication.,Negative,2025-11-03
4162,ST0835,F021,SUB009,2,1,2,1,1,2,Needs better communication.,Negative,2025-01-14
4124,ST0167,F036,SUB006,1,1,1,1,1,1,Needs better communication.,Negative,2025-06-08
66,ST0193,F013,SUB015,2,1,1,2,1,1,Needs better communication.,Negative,2025-12-18
2945,ST0265,F026,SUB015,1,1,1,2,2,1,Needs better communication.,Negative,2025-03-30
4119,ST0945,F020,SUB023,1,2,1,1,2,2,Needs better communication.,Negative,2025-08-25
3613,ST0841,F035,SUB016,1,1,2,1,2,1,Needs better communication.,Negative,2025-07-18
1585,ST0354,F020,SUB011,1,1,1,1,2,2,Needs better communication.,Negative,2025-02-21
1367,ST0496,F036,SUB001,2,1,2,1,1,1,Needs better communication.,Negative,2025-09-06
2939,ST0546,F032,SUB026,1,1,1,2,2,2,Needs better communication.,Negative,2025-03-16
1424,ST0060,F025,SUB017,2,2,2,1,2,1,Needs better communication.,Negative,2025-12-02
1201,ST0413,F004,SUB008,1,1,2,1,2,2,Needs better communication.,Negative,2025-10-11
1866,ST0081,F028,SUB024,1,1,1,1,1,2,Needs better communication.,Negative,2025-03-22
3445,ST0957,F020,SUB011,2,1,2,1,1,2,Needs better communication.,Negative,2025-05-24
2576,ST0383,F023,SUB019,2,1,1,1,1,2,Needs better communication.,Negative,2025-02-09
3439,ST0153,F026,SUB024,1,1,2,2,1,1,Needs better communication.,Negative,2025-09-08
3714,ST0634,F011,SUB008,1,2,1,2,1,1,Needs better communication.,Negative,2025-02-09
2560,ST0511,F021,SUB006,2,2,2,2,1,1,Needs better communication.,Negative,2025-06-22
3732,ST0709,F026,SUB023,1,2,2,1,2,2,Needs better communication.,Negative,2025-12-26
3138,ST0587,F037,SUB008,2,2,1,1,2,2,Needs better communication.,Negative,2025-09-20
4355,ST0182,F003,SUB029,2,2,1,1,1,2,Needs better communication.,Negative,2025-08-08
2609,ST0746,F025,SUB011,2,1,1,1,1,2,Needs better communication.,Negative,2025-05-14
3711,ST0316,F005,SUB024,1,2,1,1,2,1,Needs better communication.,Negative,2025-01-22
308,ST0025,F038,SUB001,2,2,1,1,1,2,Needs better communication.,Negative,2025-11-16
1043,ST0185,F030,SUB003,2,1,2,1,1,1,Needs better communication.,Negative,2025-09-17
1042,ST0878,F001,SUB022,1,1,1,1,2,1,Needs better communication.,Negative,2025-06-30
4609,ST0713,F018,SUB017,2,2,1,1,2,2,Needs better communication.,Negative,2025-10-15
3133,ST0307,F028,SUB007,1,2,2,1,2,2,Needs better communication.,Negative,2025-10-23
4352,ST0130,F011,SUB001,1,1,2,1,1,1,Needs better communication.,Negative,2025-08-14
3140,ST0913,F005,SUB014,1,1,1,1,1,1,Needs better communication.,Negative,2025-02-18
3447,ST0074,F030,SUB012,1,2,1,1,1,2,Needs better communication.,Negative,2025-01-20
4468,ST0180,F005,SUB005,1,1,2,2,2,1,Needs better communication.,Negative,2025-03-08
4747,ST0025,F012,SUB024,1,2,2,1,1,1,Needs better communication.,Negative,2025-08-17
1861,ST0387,F019,SUB008,2,1,1,2,2,2,Needs better communication.,Negative,2025-02-12
4764,ST0637,F005,SUB022,1,1,1,1,1,2,Needs better communication.,Negative,2025-10-17
1158,ST0874,F004,SUB022,1,2,1,2,2,2,Needs better communication.,Negative,2025-09-13
4469,ST0797,F004,SUB006,1,1,1,2,1,2,Needs better communication.,Negative,2025-08-01
3465,ST0164,F005,SUB017,2,1,1,2,1,2,Needs better communication.,Negative,2025-09-30
3727,ST0073,F029,SUB002,2,2,2,1,2,1,Needs better communication.,Negative,2025-02-26
4733,ST0560,F003,SUB010,2,1,1,2,1,1,Needs better communication.,Negative,2025-04-06
4478,ST0581,F010,SUB028,1,2,1,2,2,1,Needs better communication.,Negative,2025-10-29
3745,ST0937,F035,SUB005,2,2,1,2,1,1,Needs better communication.,Negative,2025-04-01
3464,ST0395,F016,SUB025,1,1,2,2,1,2,Needs better communication.,Negative,2025-12-04
4385,ST0711,F005,SUB016,1,2,2,1,1,1,Needs improvement in teaching.,Negative,2025-06-22
3259,ST0203,F015,SUB018,1,1,2,1,2,1,Needs improvement in teaching.,Negative,2025-08-02
3019,ST0888,F010,SUB012,2,1,2,2,1,2,Needs improvement in teaching.,Negative,2025-12-30
3925,ST0177,F007,SUB013,1,2,2,1,1,2,Needs improvement in teaching.,Negative,2025-06-05
2973,ST0638,F017,SUB026,2,2,1,1,2,1,Needs improvement in teaching.,Negative,2025-12-29
2330,ST0581,F009,SUB010,1,2,1,1,2,1,Needs improvement in teaching.,Negative,2025-07-02
2967,ST0350,F014,SUB020,1,2,1,2,2,2,Needs improvement in teaching.,Negative,2025-02-27
2663,ST0830,F033,SUB008,1,2,1,1,2,1,Needs improvement in teaching.,Negative,2025-09-06
709,ST0560,F008,SUB026,1,1,2,2,2,2,Needs improvement in teaching.,Negative,2025-12-22
707,ST0837,F008,SUB014,2,1,1,2,2,2,Needs improvement in teaching.,Negative,2025-01-19
3902,ST0343,F030,SUB021,2,1,1,1,1,2,Needs improvement in teaching.,Negative,2025-12-10
379,ST0591,F026,SUB024,2,1,1,2,1,1,Needs improvement in teaching.,Negative,2025-12-20
3160,ST0281,F007,SUB016,1,1,2,1,2,1,Needs improvement in teaching.,Negative,2025-04-25
4379,ST0038,F031,SUB025,2,1,1,1,1,1,Needs improvement in teaching.,Negative,2025-05-23
24,ST0536,F030,SUB011,2,1,1,2,2,1,Needs improvement in teaching.,Negative,2025-10-08
2321,ST0363,F007,SUB016,1,1,2,2,1,1,Needs improvement in teaching.,Negative,2025-07-04
2983,ST0628,F038,SUB011,1,2,2,1,2,2,Needs improvement in teaching.,Negative,2025-01-02
2313,ST0231,F038,SUB015,2,2,1,1,2,1,Needs improvement in teaching.,Negative,2025-03-24
2979,ST0330,F010,SUB025,1,2,1,1,1,2,Needs improvement in teaching.,Negative,2025-09-07
371,ST0797,F039,SUB019,2,2,1,1,2,1,Needs improvement in teaching.,Negative,2025-04-16
3926,ST0857,F031,SUB005,1,1,2,2,2,2,Needs improvement in teaching.,Negative,2025-09-04
2575,ST0928,F020,SUB014,1,1,1,2,1,2,Needs improvement in teaching.,Negative,2025-10-20
663,ST0540,F017,SUB028,2,1,1,1,1,2,Needs improvement in teaching.,Negative,2025-08-17
36,ST0375,F030,SUB002,2,1,2,1,1,1,Needs improvement in teaching.,Negative,2025-04-09
53,ST0725,F008,SUB005,1,1,2,1,1,2,Needs improvement in teaching.,Negative,2025-06-01
352,ST0326,F025,SUB007,1,1,2,1,2,2,Needs improvement in teaching.,Negative,2025-08-13
2349,ST0509,F008,SUB020,2,2,2,1,1,1,Needs improvement in teaching.,Negative,2025-07-06
4924,ST0724,F023,SUB021,2,2,2,2,1,1,Needs improvement in teaching.,Negative,2025-12-05
153,ST0525,F028,SUB020,2,1,1,2,1,2,Needs improvement in teaching.,Negative,2025-07-07
4493,ST0316,F003,SUB004,1,2,1,2,2,1,Needs improvement in teaching.,Negative,2025-10-02
2424,ST0074,F014,SUB019,1,2,2,2,2,2,Needs improvement in teaching.,Negative,2025-02-19
3216,ST0196,F018,SUB021,1,2,2,1,1,1,Needs improvement in teaching.,Negative,2025-01-12
2437,ST0639,F033,SUB017,1,2,2,1,2,1,Needs improvement in teaching.,Negative,2025-04-15
135,ST0476,F028,SUB023,1,1,2,2,1,1,Needs improvement in teaching.,Negative,2025-08-27
3200,ST0991,F024,SUB026,1,1,1,2,2,1,Needs improvement in teaching.,Negative,2025-12-24
4929,ST0909,F031,SUB014,2,2,1,2,1,1,Needs improvement in teaching.,Negative,2025-05-23
453,ST0429,F016,SUB021,1,1,1,1,1,1,Needs improvement in teaching.,Negative,2025-06-02
203,ST0171,F011,SUB020,2,1,1,2,2,1,Needs improvement in teaching.,Negative,2025-07-18
4432,ST0933,F023,SUB014,2,1,1,1,1,2,Needs improvement in teaching.,Negative,2025-02-10
4440,ST0993,F020,SUB010,2,1,1,2,1,2,Needs improvement in teaching.,Negative,2025-07-26
4192,ST0218,F015,SUB001,1,2,1,1,2,2,Needs improvement in teaching.,Negative,2025-09-16
3080,ST0230,F015,SUB011,2,1,2,1,1,1,Needs improvement in teaching.,Negative,2025-01-10
2407,ST0683,F023,SUB014,1,1,2,1,1,2,Needs improvement in teaching.,Negative,2025-09-29
2872,ST0182,F036,SUB022,1,2,2,1,2,2,Needs improvement in teaching.,Negative,2025-09-18
2403,ST0834,F003,SUB029,2,2,2,2,2,1,Needs improvement in teaching.,Negative,2025-03-08
605,ST0270,F001,SUB010,1,1,1,2,2,1,Needs improvement in teaching.,Negative,2025-04-29
75,ST0130,F015,SUB017,1,1,1,2,2,1,Needs improvement in teaching.,Negative,2025-02-28
4898,ST0987,F031,SUB009,1,1,1,2,1,1,Needs improvement in teaching.,Negative,2025-04-22
498,ST0468,F025,SUB021,2,2,1,1,1,1,Needs improvement in teaching.,Negative,2025-03-18
2519,ST0765,F003,SUB020,1,1,1,2,1,2,Needs improvement in teaching.,Negative,2025-03-01
4394,ST0134,F029,SUB020,1,2,2,2,1,2,Needs improvement in teaching.,Negative,2025-11-01
2611,ST0179,F019,SUB014,1,1,2,1,1,1,Needs improvement in teaching.,Negative,2025-03-15
2618,ST0936,F003,SUB014,2,2,1,1,2,1,Needs improvement in teaching.,Negative,2025-10-20
2373,ST0026,F022,SUB020,2,2,2,1,1,2,Needs improvement in teaching.,Negative,2025-05-17
2381,ST0471,F007,SUB029,2,2,2,1,1,1,Needs improvement in teaching.,Negative,2025-08-13
3050,ST0196,F023,SUB025,1,1,1,1,1,1,Needs improvement in teaching.,Negative,2025-09-27
435,ST0469,F033,SUB024,2,2,1,2,1,1,Needs improvement in teaching.,Negative,2025-01-14
4188,ST0920,F002,SUB018,2,1,1,2,2,1,Needs improvement in teaching.,Negative,2025-02-23
323,ST0950,F013,SUB030,2,2,1,2,1,1,Needs improvement in teaching.,Negative,2025-08-05
3229,ST0477,F017,SUB018,1,1,2,2,2,1,Needs improvement in teaching.,Negative,2025-10-23
2963,ST0872,F003,SUB009,2,2,1,1,1,2,Needs improvement in teaching.,Negative,2025-09-08
2822,ST0144,F018,SUB020,2,1,1,1,1,2,Needs improvement in teaching.,Negative,2025-05-02
1509,ST0724,F021,SUB026,2,2,2,2,1,1,Needs improvement in teaching.,Negative,2025-05-14
4613,ST0261,F032,SUB024,2,1,1,1,2,1,Needs improvement in teaching.,Negative,2025-07-14
3640,ST0034,F010,SUB016,1,2,2,2,1,1,Needs improvement in teaching.,Negative,2025-03-03
4612,ST0685,F032,SUB003,1,1,2,2,2,1,Needs improvement in teaching.,Negative,2025-02-08
4721,ST0404,F038,SUB001,2,1,1,1,1,1,Needs improvement in teaching.,Negative,2025-01-02
867,ST0473,F001,SUB012,1,2,2,2,2,1,Needs improvement in teaching.,Negative,2025-04-04
860,ST0236,F031,SUB019,2,2,2,1,1,1,Needs improvement in teaching.,Negative,2025-11-24
4316,ST0424,F012,SUB030,2,1,2,2,1,2,Needs improvement in teaching.,Negative,2025-03-25
3518,ST0574,F004,SUB025,1,1,1,1,1,2,Needs improvement in teaching.,Negative,2025-08-19
2093,ST0982,F018,SUB014,1,2,2,1,2,1,Needs improvement in teaching.,Negative,2025-04-04
1911,ST0522,F017,SUB021,2,2,1,2,1,1,Needs improvement in teaching.,Negative,2025-04-07
1326,ST0485,F027,SUB020,1,2,2,1,1,1,Needs improvement in teaching.,Negative,2025-03-10
1020,ST0632,F012,SUB004,1,2,2,2,2,2,Needs improvement in teaching.,Negative,2025-07-22
3472,ST0463,F017,SUB002,2,1,1,2,1,1,Needs improvement in teaching.,Negative,2025-01-16
3528,ST0333,F020,SUB023,2,1,2,2,2,2,Needs improvement in teaching.,Negative,2025-08-24
1342,ST0281,F034,SUB015,1,1,1,2,2,1,Needs improvement in teaching.,Negative,2025-10-09
1591,ST0919,F006,SUB017,1,1,1,1,2,1,Needs improvement in teaching.,Negative,2025-10-16
1359,ST0617,F021,SUB014,1,2,1,2,2,2,Needs improvement in teaching.,Negative,2025-03-03
3780,ST0927,F024,SUB005,1,2,2,1,1,1,Needs improvement in teaching.,Negative,2025-01-03
1871,ST0256,F011,SUB011,2,2,1,1,1,1,Needs improvement in teaching.,Negative,2025-04-17
1891,ST0123,F033,SUB023,1,1,1,1,2,1,Needs improvement in teaching.,Negative,2025-07-07
1389,ST0921,F021,SUB004,2,1,2,2,1,1,Needs improvement in teaching.,Negative,2025-06-19
2049,ST0098,F008,SUB001,2,2,1,2,1,2,Needs improvement in teaching.,Negative,2025-06-19
3802,ST0413,F038,SUB002,1,2,2,2,1,1,Needs improvement in teaching.,Negative,2025-04-05
3394,ST0855,F032,SUB023,2,1,2,2,2,1,Needs improvement in teaching.,Negative,2025-10-14
953,ST0495,F021,SUB010,1,2,2,2,1,2,Needs improvement in teaching.,Negative,2025-03-07
1712,ST0741,F034,SUB012,2,1,2,1,2,2,Needs improvement in teaching.,Negative,2025-12-20
1272,ST0025,F012,SUB004,1,2,1,1,2,2,Needs improvement in teaching.,Negative,2025-05-10
965,ST0192,F040,SUB030,2,1,2,2,2,2,Needs improvement in teaching.,Negative,2025-02-16
4778,ST0941,F012,SUB020,1,1,1,2,2,2,Needs improvement in teaching.,Negative,2025-12-17
3658,ST0306,F030,SUB019,2,1,2,1,1,2,Needs improvement in teaching.,Negative,2025-09-08
1285,ST0625,F033,SUB011,2,2,2,1,2,2,Needs improvement in teaching.,Negative,2025-03-31
1670,ST0101,F032,SUB027,1,1,2,1,2,2,Needs improvement in teaching.,Negative,2025-04-25
3507,ST0122,F009,SUB020,2,2,2,1,2,2,Needs improvement in teaching.,Negative,2025-04-18
3774,ST0556,F004,SUB004,1,1,1,1,2,1,Needs improvement in teaching.,Negative,2025-06-11
4593,ST0888,F006,SUB023,2,2,1,1,1,1,Needs improvement in teaching.,Negative,2025-09-08
910,ST0302,F014,SUB019,1,2,2,2,2,1,Needs improvement in teaching.,Negative,2025-08-25
4708,ST0069,F005,SUB029,1,1,1,1,1,2,Needs improvement in teaching.,Negative,2025-10-20
1926,ST0588,F010,SUB001,2,2,1,1,2,1,Needs improvement in teaching.,Negative,2025-01-08
901,ST0259,F028,SUB022,2,1,2,2,2,2,Needs improvement in teaching.,Negative,2025-01-16
1221,ST0985,F039,SUB022,1,2,2,2,1,1,Needs improvement in teaching.,Negative,2025-10-05
1314,ST0099,F030,SUB029,1,2,2,1,2,1,Needs improvement in teaching.,Negative,2025-03-29
4648,ST0631,F031,SUB024,2,2,1,2,2,2,Needs improvement in teaching.,Negative,2025-03-16
3327,ST0939,F032,SUB025,1,1,1,2,1,1,Needs improvement in teaching.,Negative,2025-07-03
1362,ST0441,F021,SUB020,2,2,2,2,2,2,Needs improvement in teaching.,Negative,2025-06-29
2186,ST0863,F006,SUB026,1,1,1,1,1,1,Needs improvement in teaching.,Negative,2025-02-23
1859,ST0590,F001,SUB001,1,1,1,1,2,2,Needs improvement in teaching.,Negative,2025-12-31
4608,ST0666,F022,SUB027,2,2,1,2,1,2,Needs improvement in teaching.,Negative,2025-03-09
2184,ST0358,F007,SUB008,1,2,1,2,2,1,Needs improvement in teaching.,Negative,2025-07-17
714,ST0321,F028,SUB023,1,1,1,1,2,2,Needs improvement in teaching.,Negative,2025-01-26
3607,ST0061,F029,SUB008,1,2,2,2,2,2,Needs improvement in teaching.,Negative,2025-11-04
1184,ST0545,F015,SUB006,1,2,2,2,1,1,Needs improvement in teaching.,Negative,2025-02-03
1543,ST0229,F030,SUB005,2,1,2,2,1,1,Needs improvement in teaching.,Negative,2025-04-18
728,ST0658,F035,SUB004,1,2,2,2,1,1,Needs improvement in teaching.,Negative,2025-03-18
3561,ST0253,F028,SUB011,1,2,2,2,2,2,Needs improvement in teaching.,Negative,2025-10-09
4552,ST0143,F030,SUB021,1,1,2,2,2,2,Needs improvement in teaching.,Negative,2025-10-22
757,ST0096,F019,SUB026,1,2,2,2,2,1,Needs improvement in teaching.,Negative,2025-09-26
4240,ST0285,F031,SUB024,2,1,1,2,1,1,Needs improvement in teaching.,Negative,2025-08-27
1851,ST0323,F025,SUB025,1,1,2,2,1,2,Needs improvement in teaching.,Negative,2025-01-22
1465,ST0604,F001,SUB006,1,2,2,2,1,2,Needs improvement in teaching.,Negative,2025-03-18
1130,ST0114,F033,SUB024,2,1,1,2,2,2,Needs improvement in teaching.,Negative,2025-07-24
1475,ST0234,F003,SUB008,1,1,2,2,1,1,Needs improvement in teaching.,Negative,2025-06-19
1149,ST0246,F013,SUB021,2,2,1,2,2,1,Needs improvement in teaching.,Negative,2025-12-10
1185,ST0253,F015,SUB018,2,1,2,2,1,2,Needs improvement in teaching.,Negative,2025-05-30
1568,ST0496,F018,SUB012,2,1,2,2,2,1,Needs improvement in teaching.,Negative,2025-05-23
1135,ST0958,F022,SUB026,2,2,2,1,1,2,Needs improvement in teaching.,Negative,2025-03-11
1408,ST0328,F004,SUB014,1,1,2,2,1,2,Needs improvement in teaching.,Negative,2025-01-23
2299,ST0534,F027,SUB018,2,1,1,2,1,1,Needs improvement in teaching.,Negative,2025-06-07
3844,ST0702,F001,SUB028,1,1,2,1,1,1,Needs improvement in teaching.,Negative,2025-02-22
1411,ST0517,F004,SUB005,2,1,2,2,1,2,Needs improvement in teaching.,Negative,2025-05-21
4725,ST0437,F003,SUB028,1,2,1,1,1,1,Needs improvement in teaching.,Negative,2025-10-05
809,ST0083,F004,SUB027,1,2,2,2,1,2,Needs improvement in teaching.,Negative,2025-09-05
720,ST0987,F002,SUB006,2,1,1,2,1,1,Needs improvement in teaching.,Negative,2025-04-06
4535,ST0825,F007,SUB026,2,2,2,1,2,1,Needs improvement in teaching.,Negative,2025-02-19
2163,ST0722,F030,SUB007,2,1,2,1,1,1,Needs improvement in teaching.,Negative,2025-08-18
1490,ST0363,F002,SUB018,1,1,1,1,2,1,Needs improvement in teaching.,Negative,2025-04-16
4556,ST0136,F022,SUB029,1,1,1,1,1,1,Needs improvement in teaching.,Negative,2025-10-01
804,ST0875,F038,SUB029,2,1,2,1,2,1,Needs improvement in teaching.,Negative,2025-10-11
1518,ST0235,F030,SUB018,2,2,1,1,1,1,Needs improvement in teaching.,Negative,2025-04-20
801,ST0698,F014,SUB018,1,2,2,1,1,2,Needs improvement in teaching.,Negative,2025-04-30
3311,ST0558,F038,SUB012,1,2,2,2,1,1,Needs improvement in teaching.,Negative,2025-11-15
1124,ST0586,F027,SUB025,1,2,2,2,2,1,Needs improvement in teaching.,Negative,2025-04-23
4737,ST0907,F034,SUB010,1,2,2,2,1,2,Needs improvement in teaching.,Negative,2025-03-08
4923,ST0456,F031,SUB015,1,2,2,1,1,2,Practicals were insufficient.,Negative,2025-04-01
4624,ST0957,F004,SUB002,2,1,2,1,2,1,Practicals were insufficient.,Negative,2025-02-06
4724,ST0092,F037,SUB005,2,2,1,1,2,1,Practicals were insufficient.,Negative,2025-03-07
1822,ST0720,F035,SUB007,2,2,1,2,1,1,Practicals were insufficient.,Negative,2025-09-22
2762,ST0973,F019,SUB011,1,2,1,2,2,1,Practicals were insufficient.,Negative,2025-08-07
2753,ST0927,F004,SUB004,2,2,1,2,2,1,Practicals were insufficient.,Negative,2025-12-15
227,ST0348,F003,SUB025,1,2,1,2,1,1,Practicals were insufficient.,Negative,2025-11-10
1191,ST0077,F005,SUB010,2,1,1,2,2,1,Practicals were insufficient.,Negative,2025-10-29
1213,ST0399,F010,SUB019,1,2,1,1,1,1,Practicals were insufficient.,Negative,2025-06-01
4722,ST0340,F014,SUB011,2,2,2,1,2,1,Practicals were insufficient.,Negative,2025-03-25
1807,ST0627,F025,SUB001,2,2,2,1,1,1,Practicals were insufficient.,Negative,2025-02-28
2697,ST0037,F008,SUB017,2,2,2,1,1,2,Practicals were insufficient.,Negative,2025-01-10
2684,ST0395,F036,SUB019,2,1,2,1,2,2,Practicals were insufficient.,Negative,2025-05-14
4054,ST0504,F010,SUB006,2,2,2,2,1,2,Practicals were insufficient.,Negative,2025-09-27
4045,ST0813,F029,SUB018,1,2,1,2,1,2,Practicals were insufficient.,Negative,2025-02-25
2787,ST0265,F004,SUB005,1,1,1,2,2,1,Practicals were insufficient.,Negative,2025-07-20
2304,ST0462,F026,SUB006,2,1,1,2,1,1,Practicals were insufficient.,Negative,2025-06-25
182,ST0711,F029,SUB006,2,2,2,2,2,1,Practicals were insufficient.,Negative,2025-11-28
65,ST0718,F026,SUB014,1,2,2,2,1,1,Practicals were insufficient.,Negative,2025-07-07
4692,ST0778,F011,SUB011,2,2,1,2,2,1,Practicals were insufficient.,Negative,2025-12-21
3599,ST0287,F030,SUB004,2,1,2,2,1,2,Practicals were insufficient.,Negative,2025-05-19
3018,ST0891,F032,SUB004,2,1,1,1,2,2,Practicals were insufficient.,Negative,2025-10-20
4131,ST0077,F009,SUB024,2,1,2,1,2,2,Practicals were insufficient.,Negative,2025-05-26
3552,ST0715,F026,SUB030,1,1,1,1,2,2,Practicals were insufficient.,Negative,2025-07-30
1426,ST0513,F023,SUB023,2,2,1,2,2,1,Practicals were insufficient.,Negative,2025-04-11
1455,ST0671,F006,SUB024,2,1,1,1,2,2,Practicals were insufficient.,Negative,2025-02-14
1460,ST0655,F040,SUB018,2,1,2,2,2,1,Practicals were insufficient.,Negative,2025-07-23
3562,ST0347,F003,SUB007,1,1,1,2,2,2,Practicals were insufficient.,Negative,2025-11-21
4141,ST0014,F015,SUB014,2,2,1,1,1,1,Practicals were insufficient.,Negative,2025-11-29
3583,ST0003,F027,SUB022,2,2,2,2,1,2,Practicals were insufficient.,Negative,2025-06-30
29,ST0765,F003,SUB022,1,1,2,2,2,2,Practicals were insufficient.,Negative,2025-11-01
2985,ST0677,F024,SUB030,1,2,2,2,2,1,Practicals were insufficient.,Negative,2025-09-19
3579,ST0874,F026,SUB015,1,2,2,1,2,1,Practicals were insufficient.,Negative,2025-12-05
4672,ST0699,F038,SUB005,2,2,1,2,1,1,Practicals were insufficient.,Negative,2025-02-19
3575,ST0761,F038,SUB027,1,1,2,1,2,1,Practicals were insufficient.,Negative,2025-12-24
3543,ST0038,F032,SUB022,1,2,2,1,2,1,Practicals were insufficient.,Negative,2025-12-12
2943,ST0773,F035,SUB006,2,2,1,2,1,2,Practicals were insufficient.,Negative,2025-10-24
1584,ST0873,F035,SUB004,1,1,1,1,1,2,Practicals were insufficient.,Negative,2025-08-10
1593,ST0468,F015,SUB010,1,2,1,1,1,1,Practicals were insufficient.,Negative,2025-03-30
3499,ST0761,F010,SUB022,1,2,1,2,1,1,Practicals were insufficient.,Negative,2025-10-02
3501,ST0804,F014,SUB010,1,2,2,1,1,1,Practicals were insufficient.,Negative,2025-10-28
2849,ST0165,F009,SUB003,1,2,1,1,2,2,Practicals were insufficient.,Negative,2025-10-11
3648,ST0523,F030,SUB030,2,2,1,2,1,1,Practicals were insufficient.,Negative,2025-08-22
4283,ST0017,F037,SUB014,2,2,1,2,2,1,Practicals were insufficient.,Negative,2025-07-21
1308,ST0485,F038,SUB004,2,2,1,2,1,1,Practicals were insufficient.,Negative,2025-08-22
121,ST0889,F025,SUB010,1,2,1,2,2,2,Practicals were insufficient.,Negative,2025-10-25
3060,ST0578,F010,SUB018,2,1,1,2,2,2,Practicals were insufficient.,Negative,2025-09-22
1743,ST0214,F010,SUB023,2,2,2,2,2,1,Practicals were insufficient.,Negative,2025-12-13
3637,ST0210,F039,SUB002,2,1,1,2,2,1,Practicals were insufficient.,Negative,2025-04-27
3053,ST0517,F030,SUB026,2,1,1,2,2,1,Practicals were insufficient.,Negative,2025-09-13
3631,ST0079,F010,SUB012,1,1,2,1,1,1,Practicals were insufficient.,Negative,2025-09-24
4103,ST0800,F025,SUB012,1,2,2,1,2,2,Practicals were insufficient.,Negative,2025-03-06
4656,ST0821,F021,SUB007,2,1,2,2,1,2,Practicals were insufficient.,Negative,2025-10-12
4396,ST0745,F007,SUB028,1,2,1,1,1,1,Practicals were insufficient.,Negative,2025-11-29
1340,ST0035,F023,SUB018,1,2,1,1,2,2,Practicals were insufficient.,Negative,2025-12-07
3039,ST0326,F001,SUB002,1,1,1,1,2,1,Practicals were insufficient.,Negative,2025-05-14
1344,ST0151,F002,SUB015,2,2,1,1,1,2,Practicals were insufficient.,Negative,2025-05-05
4969,ST0174,F005,SUB004,1,1,2,1,1,1,Practicals were insufficient.,Negative,2025-04-11
1317,ST0826,F008,SUB028,2,1,2,2,1,1,Practicals were insufficient.,Negative,2025-11-06
3147,ST0303,F030,SUB029,2,1,1,2,2,2,Practicals were insufficient.,Negative,2025-04-26
306,ST0581,F007,SUB002,2,1,2,1,2,2,Practicals were insufficient.,Negative,2025-10-10
4806,ST0115,F025,SUB020,1,1,2,1,2,2,Practicals were insufficient.,Negative,2025-04-11
2138,ST0721,F036,SUB029,1,2,2,1,1,1,Practicals were insufficient.,Negative,2025-11-04
552,ST0231,F013,SUB017,2,1,2,2,2,1,Practicals were insufficient.,Negative,2025-04-11
4523,ST0726,F004,SUB013,2,2,1,1,1,2,Practicals were insufficient.,Negative,2025-11-07
3949,ST0292,F016,SUB010,2,1,1,2,1,1,Practicals were insufficient.,Negative,2025-10-25
3331,ST0711,F038,SUB030,1,2,2,1,1,1,Practicals were insufficient.,Negative,2025-11-28
2383,ST0117,F024,SUB002,1,2,1,1,1,1,Practicals were insufficient.,Negative,2025-06-22
537,ST0685,F014,SUB002,2,1,2,1,2,1,Practicals were insufficient.,Negative,2025-10-31
833,ST0781,F018,SUB009,2,2,2,2,1,2,Practicals were insufficient.,Negative,2025-05-01
4566,ST0612,F013,SUB026,1,2,1,2,2,2,Practicals were insufficient.,Negative,2025-01-12
2102,ST0396,F016,SUB025,2,1,1,2,2,1,Practicals were insufficient.,Negative,2025-05-07
4873,ST0241,F040,SUB025,2,1,2,2,1,1,Practicals were insufficient.,Negative,2025-04-13
3960,ST0518,F004,SUB022,1,2,2,2,1,1,Practicals were insufficient.,Negative,2025-05-26
3222,ST0201,F012,SUB026,2,1,1,1,2,2,Practicals were insufficient.,Negative,2025-08-19
846,ST0906,F036,SUB001,1,1,2,1,2,1,Practicals were insufficient.,Negative,2025-07-16
3810,ST0721,F034,SUB017,2,2,1,1,2,1,Practicals were insufficient.,Negative,2025-04-26
888,ST0667,F017,SUB028,2,2,2,1,1,2,Practicals were insufficient.,Negative,2025-12-15
497,ST0034,F012,SUB008,1,1,2,2,1,1,Practicals were insufficient.,Negative,2025-11-03
494,ST0797,F030,SUB005,2,1,2,1,2,1,Practicals were insufficient.,Negative,2025-04-28
3841,ST0668,F001,SUB016,1,1,1,1,2,1,Practicals were insufficient.,Negative,2025-11-28
3209,ST0258,F030,SUB004,1,2,1,1,1,1,Practicals were insufficient.,Negative,2025-09-29
2150,ST0984,F004,SUB010,2,2,2,1,2,2,Practicals were insufficient.,Negative,2025-02-26
2361,ST0762,F023,SUB015,1,1,1,2,1,1,Practicals were insufficient.,Negative,2025-10-15
3893,ST0659,F005,SUB017,2,1,1,1,1,1,Practicals were insufficient.,Negative,2025-05-16
2309,ST0092,F030,SUB029,2,1,1,2,1,2,Practicals were insufficient.,Negative,2025-09-19
3892,ST0708,F002,SUB004,1,2,2,1,1,1,Practicals were insufficient.,Negative,2025-10-03
727,ST0900,F008,SUB015,2,2,2,1,2,2,Practicals were insufficient.,Negative,2025-10-23
2241,ST0177,F038,SUB016,2,2,1,2,2,2,Practicals were insufficient.,Negative,2025-05-30
681,ST0660,F022,SUB029,2,1,2,1,2,2,Practicals were insufficient.,Negative,2025-05-14
3293,ST0278,F014,SUB015,1,2,2,2,1,1,Practicals were insufficient.,Negative,2025-06-30
3263,ST0900,F018,SUB012,2,2,1,2,2,1,Practicals were insufficient.,Negative,2025-03-16
669,ST0830,F025,SUB024,1,2,1,1,2,2,Practicals were insufficient.,Negative,2025-09-21
742,ST0748,F008,SUB019,2,2,2,1,2,2,Practicals were insufficient.,Negative,2025-02-22
747,ST0412,F015,SUB027,1,2,1,2,2,2,Practicals were insufficient.,Negative,2025-04-27
2197,ST0098,F009,SUB014,1,1,1,2,2,2,Practicals were insufficient.,Negative,2025-10-01
3872,ST0202,F026,SUB016,2,1,1,1,1,2,Practicals were insufficient.,Negative,2025-11-12
4849,ST0565,F036,SUB008,1,2,2,2,1,2,Practicals were insufficient.,Negative,2025-07-05
2191,ST0591,F014,SUB022,2,1,1,1,2,2,Practicals were insufficient.,Negative,2025-09-13
762,ST0809,F018,SUB014,2,1,2,2,2,2,Practicals were insufficient.,Negative,2025-11-25
1507,ST0398,F040,SUB024,1,2,1,1,1,1,Practicals were insufficient.,Negative,2025-08-18
3256,ST0838,F017,SUB028,1,2,2,2,2,2,Practicals were insufficient.,Negative,2025-03-06
2177,ST0287,F008,SUB022,2,1,2,2,2,2,Practicals were insufficient.,Negative,2025-01-11
3846,ST0428,F013,SUB023,1,1,1,1,1,1,Practicals were insufficient.,Negative,2025-05-23
454,ST0373,F035,SUB001,2,2,2,2,1,1,Practicals were insufficient.,Negative,2025-09-20
2438,ST0243,F031,SUB028,2,1,1,1,1,1,Practicals were insufficient.,Negative,2025-06-10
3000,ST0107,F039,SUB013,1,2,2,2,2,1,Practicals were insufficient.,Negative,2025-08-13
1006,ST0339,F004,SUB007,1,1,2,2,1,2,Practicals were insufficient.,Negative,2025-05-19
1908,ST0121,F030,SUB006,1,1,1,2,1,2,Practicals were insufficient.,Negative,2025-08-31
2464,ST0934,F030,SUB017,2,1,2,1,1,1,Practicals were insufficient.,Negative,2025-08-20
1885,ST0555,F039,SUB002,1,2,2,2,2,1,Practicals were insufficient.,Negative,2025-04-01
4014,ST0754,F003,SUB014,2,1,1,1,1,2,Practicals were insufficient.,Negative,2025-02-22
2549,ST0966,F031,SUB029,2,2,2,1,2,2,Practicals were insufficient.,Negative,2025-05-25
4603,ST0281,F022,SUB008,2,1,2,1,1,2,Practicals were insufficient.,Negative,2025-06-25
2543,ST0560,F017,SUB025,2,2,1,1,2,1,Practicals were insufficient.,Negative,2025-11-03
4301,ST0402,F018,SUB025,1,1,2,2,2,1,Practicals were insufficient.,Negative,2025-10-14
432,ST0598,F013,SUB015,1,2,2,2,1,2,Practicals were insufficient.,Negative,2025-03-04
4486,ST0297,F008,SUB018,2,1,1,1,1,2,Practicals were insufficient.,Negative,2025-07-03
1060,ST0629,F004,SUB013,2,2,2,1,2,2,Practicals were insufficient.,Negative,2025-02-17
2557,ST0307,F038,SUB007,2,1,1,1,2,2,Practicals were insufficient.,Negative,2025-06-19
1966,ST0092,F007,SUB007,2,1,2,1,2,1,Practicals were insufficient.,Negative,2025-02-21
1071,ST0806,F005,SUB014,1,1,2,2,1,1,Practicals were insufficient.,Negative,2025-07-16
4297,ST0216,F021,SUB004,2,2,1,1,2,2,Practicals were insufficient.,Negative,2025-10-16
2510,ST0588,F019,SUB024,2,2,1,2,2,1,Practicals were insufficient.,Negative,2025-03-11
4781,ST0886,F016,SUB003,1,1,2,2,1,1,Practicals were insufficient.,Negative,2025-02-01
4999,ST0895,F006,SUB006,2,1,2,2,1,2,Practicals were insufficient.,Negative,2025-02-09
1136,ST0978,F031,SUB020,1,1,2,2,2,1,Practicals were insufficient.,Negative,2025-10-07
4906,ST0854,F031,SUB019,1,2,2,2,2,2,Practicals were insufficient.,Negative,2025-11-28
4504,ST0146,F040,SUB026,2,1,1,2,2,2,Practicals were insufficient.,Negative,2025-04-08
341,ST0648,F009,SUB001,2,2,1,1,2,1,Practicals were insufficient.,Negative,2025-12-02
4294,ST0177,F029,SUB002,2,1,2,1,1,1,Practicals were insufficient.,Negative,2025-08-08
1095,ST0537,F010,SUB012,2,1,2,2,2,2,Practicals were insufficient.,Negative,2025-10-22
1981,ST0815,F038,SUB015,2,2,1,2,2,1,Practicals were insufficient.,Negative,2025-10-16
1125,ST0752,F029,SUB023,2,1,2,1,1,1,Practicals were insufficient.,Negative,2025-05-01
4811,ST0183,F035,SUB004,4,4,3,3,4,4,Satisfactory explanation.,Neutral,2025-10-01
4813,ST0414,F032,SUB001,4,4,4,4,3,3,Satisfactory explanation.,Neutral,2025-10-12
4235,ST0287,F033,SUB017,3,3,3,4,4,3,Satisfactory explanation.,Neutral,2025-01-05
4230,ST0901,F023,SUB016,3,3,3,4,3,4,Satisfactory explanation.,Neutral,2025-11-25
4817,ST0743,F014,SUB001,4,3,3,4,3,3,Satisfactory explanation.,Neutral,2025-03-08
4742,ST0880,F031,SUB014,4,4,3,3,4,4,Satisfactory explanation.,Neutral,2025-11-29
4823,ST0513,F018,SUB008,4,4,3,3,3,4,Satisfactory explanation.,Neutral,2025-03-29
4359,ST0043,F039,SUB030,4,3,3,3,3,3,Satisfactory explanation.,Neutral,2025-02-12
4299,ST0399,F009,SUB013,3,3,3,4,4,4,Satisfactory explanation.,Neutral,2025-08-28
4159,ST0617,F018,SUB001,3,3,3,4,3,3,Satisfactory explanation.,Neutral,2025-11-04
4992,ST0014,F006,SUB004,3,3,4,4,3,3,Satisfactory explanation.,Neutral,2025-07-28
4940,ST0664,F010,SUB020,3,3,4,3,4,4,Satisfactory explanation.,Neutral,2025-03-20
4787,ST0349,F026,SUB005,3,3,3,4,4,3,Satisfactory explanation.,Neutral,2025-11-30
4668,ST0771,F006,SUB008,3,4,4,3,3,4,Satisfactory explanation.,Neutral,2025-09-26
4170,ST0343,F039,SUB015,4,4,4,4,4,4,Satisfactory explanation.,Neutral,2025-12-15
4226,ST0956,F007,SUB016,4,4,4,3,3,4,Satisfactory explanation.,Neutral,2025-11-12
4579,ST0267,F036,SUB008,3,4,4,3,3,4,Satisfactory explanation.,Neutral,2025-09-29
4496,ST0737,F028,SUB004,4,3,4,4,4,3,Satisfactory explanation.,Neutral,2025-08-17
4254,ST0999,F012,SUB011,4,4,4,3,4,4,Satisfactory explanation.,Neutral,2025-12-29
4796,ST0834,F034,SUB009,3,3,3,3,3,4,Satisfactory explanation.,Neutral,2025-12-01
4967,ST0403,F032,SUB005,4,3,4,4,4,3,Satisfactory explanation.,Neutral,2025-01-07
4358,ST0568,F038,SUB022,4,4,3,4,3,3,Satisfactory explanation.,Neutral,2025-01-11
4876,ST0174,F028,SUB010,4,4,4,3,3,3,Satisfactory explanation.,Neutral,2025-09-25
4775,ST0759,F019,SUB012,3,4,3,3,4,3,Satisfactory explanation.,Neutral,2025-01-06
4288,ST0870,F033,SUB015,3,4,4,3,4,3,Satisfactory explanation.,Neutral,2025-11-14
4217,ST0420,F008,SUB013,3,3,4,3,4,4,Satisfactory explanation.,Neutral,2025-03-22
4318,ST0044,F019,SUB013,4,3,3,3,3,3,Satisfactory explanation.,Neutral,2025-04-24
4947,ST0832,F032,SUB014,3,3,3,3,4,3,Satisfactory explanation.,Neutral,2025-05-18
4802,ST0308,F004,SUB019,4,4,4,3,4,4,Satisfactory explanation.,Neutral,2025-05-15
4248,ST0270,F030,SUB006,4,4,4,4,4,3,Satisfactory explanation.,Neutral,2025-07-20
4774,ST0148,F036,SUB004,3,3,4,4,3,3,Satisfactory explanation.,Neutral,2025-11-15
4867,ST0176,F014,SUB010,3,4,4,4,3,3,Satisfactory explanation.,Neutral,2025-05-05
4720,ST0060,F025,SUB007,4,3,3,4,3,3,Satisfactory explanation.,Neutral,2025-10-04
4165,ST0387,F011,SUB030,3,4,4,4,4,4,Satisfactory explanation.,Neutral,2025-07-21
4164,ST0669,F014,SUB028,4,3,4,4,3,4,Satisfactory explanation.,Neutral,2025-07-21
4482,ST0102,F002,SUB027,4,3,4,4,4,4,Satisfactory explanation.,Neutral,2025-05-31
4855,ST0388,F006,SUB029,4,4,4,3,3,3,Satisfactory explanation.,Neutral,2025-10-29
4669,ST0516,F008,SUB011,4,3,4,3,3,3,Satisfactory explanation.,Neutral,2025-06-29
4766,ST0270,F037,SUB012,4,3,3,3,3,4,Satisfactory explanation.,Neutral,2025-01-29
2500,ST0440,F003,SUB021,4,3,4,3,4,4,Satisfactory explanation.,Neutral,2025-06-14
1445,ST0947,F022,SUB018,4,3,3,4,4,3,Satisfactory explanation.,Neutral,2025-12-31
2602,ST0963,F020,SUB013,3,3,4,3,3,3,Satisfactory explanation.,Neutral,2025-02-14
428,ST0660,F024,SUB027,3,4,4,3,4,4,Satisfactory explanation.,Neutral,2025-08-14
1368,ST0991,F033,SUB004,3,3,3,3,4,3,Satisfactory explanation.,Neutral,2025-01-19
3485,ST0002,F001,SUB021,4,3,3,3,3,4,Satisfactory explanation.,Neutral,2025-11-19
2235,ST0810,F001,SUB018,4,3,3,3,4,3,Satisfactory explanation.,Neutral,2025-07-04
448,ST0026,F013,SUB024,3,4,4,3,4,4,Satisfactory explanation.,Neutral,2025-04-18
2236,ST0710,F024,SUB024,4,4,3,4,3,4,Satisfactory explanation.,Neutral,2025-03-19
1358,ST0074,F013,SUB011,4,4,4,4,3,4,Satisfactory explanation.,Neutral,2025-01-05
471,ST0082,F013,SUB001,3,3,3,3,3,3,Satisfactory explanation.,Neutral,2025-02-16
2918,ST0807,F025,SUB024,3,3,4,4,4,3,Satisfactory explanation.,Neutral,2025-03-02
3446,ST0451,F021,SUB026,3,4,4,4,4,4,Satisfactory explanation.,Neutral,2025-10-13
3443,ST0653,F023,SUB015,4,4,3,3,3,3,Satisfactory explanation.,Neutral,2025-07-21
798,ST0375,F003,SUB029,4,4,4,3,3,3,Satisfactory explanation.,Neutral,2025-01-14
3438,ST0689,F004,SUB021,4,4,3,3,4,3,Satisfactory explanation.,Neutral,2025-02-20
3437,ST0061,F018,SUB009,4,4,4,3,3,3,Satisfactory explanation.,Neutral,2025-01-28
1330,ST0972,F036,SUB004,4,3,4,4,4,4,Satisfactory explanation.,Neutral,2025-09-26
1306,ST0217,F010,SUB004,4,4,3,4,3,3,Satisfactory explanation.,Neutral,2025-01-16
2591,ST0861,F012,SUB012,4,3,3,4,3,4,Satisfactory explanation.,Neutral,2025-04-28
3400,ST0205,F013,SUB022,4,4,3,3,4,3,Satisfactory explanation.,Neutral,2025-03-30
1111,ST0092,F027,SUB023,4,4,4,3,3,4,Satisfactory explanation.,Neutral,2025-07-21
510,ST0991,F031,SUB001,4,3,3,4,4,4,Satisfactory explanation.,Neutral,2025-07-14
3509,ST0989,F026,SUB002,4,3,3,3,3,4,Satisfactory explanation.,Neutral,2025-10-21
2566,ST0771,F020,SUB022,3,4,4,3,3,4,Satisfactory explanation.,Neutral,2025-07-14
3511,ST0839,F034,SUB027,3,3,3,4,4,4,Satisfactory explanation.,Neutral,2025-03-28
408,ST0953,F035,SUB027,3,4,4,3,4,4,Satisfactory explanation.,Neutral,2025-01-05
2113,ST0505,F037,SUB028,3,3,4,3,4,3,Satisfactory explanation.,Neutral,2025-06-14
2133,ST0978,F028,SUB008,4,3,3,4,4,4,Satisfactory explanation.,Neutral,2025-03-21
2136,ST0933,F030,SUB008,4,4,3,3,4,4,Satisfactory explanation.,Neutral,2025-05-24
2487,ST0619,F001,SUB014,3,3,3,3,3,3,Satisfactory explanation.,Neutral,2025-05-16
319,ST0345,F010,SUB012,3,3,3,4,3,3,Satisfactory explanation.,Neutral,2025-04-24
3635,ST0410,F023,SUB009,4,4,4,4,3,3,Satisfactory explanation.,Neutral,2025-12-08
2883,ST0394,F003,SUB025,4,4,4,3,3,3,Satisfactory explanation.,Neutral,2025-11-14
830,ST0217,F016,SUB030,3,3,3,4,3,3,Satisfactory explanation.,Neutral,2025-03-26
2146,ST0857,F037,SUB003,3,3,3,3,4,4,Satisfactory explanation.,Neutral,2025-11-24
2162,ST0690,F005,SUB018,3,4,3,4,4,4,Satisfactory explanation.,Neutral,2025-01-27
333,ST0564,F028,SUB025,3,3,3,4,4,3,Satisfactory explanation.,Neutral,2025-05-22
1438,ST0585,F032,SUB019,3,4,3,4,3,3,Satisfactory explanation.,Neutral,2025-09-04
1437,ST0756,F009,SUB004,3,4,3,3,4,4,Satisfactory explanation.,Neutral,2025-12-21
339,ST0086,F014,SUB022,3,4,3,3,3,3,Satisfactory explanation.,Neutral,2025-12-14
2176,ST0743,F037,SUB010,3,4,3,3,3,3,Satisfactory explanation.,Neutral,2025-02-22
2894,ST0473,F034,SUB019,4,4,4,3,3,3,Satisfactory explanation.,Neutral,2025-09-11
3589,ST0304,F022,SUB006,4,4,4,3,4,3,Satisfactory explanation.,Neutral,2025-03-02
1422,ST0775,F036,SUB004,3,4,4,4,3,3,Satisfactory explanation.,Neutral,2025-03-31
1413,ST0444,F031,SUB008,4,3,3,3,3,4,Satisfactory explanation.,Neutral,2025-04-18
1390,ST0091,F017,SUB003,3,3,4,4,4,3,Satisfactory explanation.,Neutral,2025-06-29
2218,ST0861,F040,SUB009,4,4,4,3,3,4,Satisfactory explanation.,Neutral,2025-07-26
1087,ST0148,F017,SUB025,3,3,4,3,4,3,Satisfactory explanation.,Neutral,2025-09-16
3375,ST0065,F031,SUB008,4,3,3,3,3,3,Satisfactory explanation.,Neutral,2025-08-06
2343,ST0927,F023,SUB029,3,3,4,4,4,3,Satisfactory explanation.,Neutral,2025-08-30
769,ST0275,F001,SUB006,4,4,4,4,3,3,Satisfactory explanation.,Neutral,2025-08-21
3224,ST0240,F035,SUB003,4,3,3,3,4,3,Satisfactory explanation.,Neutral,2025-02-06
630,ST0780,F005,SUB010,4,4,3,4,4,3,Satisfactory explanation.,Neutral,2025-02-20
734,ST0663,F039,SUB016,4,4,4,4,3,4,Satisfactory explanation.,Neutral,2025-01-14
634,ST0598,F019,SUB028,3,3,3,4,3,4,Satisfactory explanation.,Neutral,2025-09-11
1194,ST0640,F026,SUB020,4,4,3,4,3,4,Satisfactory explanation.,Neutral,2025-12-31
3033,ST0979,F014,SUB027,4,3,4,3,3,4,Satisfactory explanation.,Neutral,2025-05-24
3170,ST0700,F019,SUB030,4,3,3,3,4,4,Satisfactory explanation.,Neutral,2025-04-14
3167,ST0457,F020,SUB017,4,3,4,3,3,4,Satisfactory explanation.,Neutral,2025-06-14
2499,ST0554,F020,SUB019,4,3,3,3,4,4,Satisfactory explanation.,Neutral,2025-09-23
1171,ST0634,F014,SUB025,3,4,4,3,4,3,Satisfactory explanation.,Neutral,2025-11-03
678,ST0376,F022,SUB018,4,4,3,4,4,3,Satisfactory explanation.,Neutral,2025-05-24
1164,ST0501,F024,SUB012,4,4,3,4,4,3,Satisfactory explanation.,Neutral,2025-04-18
3144,ST0525,F012,SUB007,3,3,3,3,4,3,Satisfactory explanation.,Neutral,2025-11-05
3070,ST0705,F002,SUB006,3,4,4,4,3,3,Satisfactory explanation.,Neutral,2025-03-02
2490,ST0154,F015,SUB018,3,3,3,4,4,4,Satisfactory explanation.,Neutral,2025-03-21
3135,ST0747,F027,SUB002,4,4,4,4,4,3,Satisfactory explanation.,Neutral,2025-09-21
3130,ST0528,F007,SUB004,4,4,4,3,4,4,Satisfactory explanation.,Neutral,2025-07-08
715,ST0787,F040,SUB021,4,4,3,3,3,3,Satisfactory explanation.,Neutral,2025-04-16
702,ST0364,F005,SUB008,4,3,4,3,4,3,Satisfactory explanation.,Neutral,2025-04-20
3099,ST0405,F002,SUB008,3,4,3,4,3,3,Satisfactory explanation.,Neutral,2025-04-19
706,ST0495,F002,SUB019,3,3,3,4,3,4,Satisfactory explanation.,Neutral,2025-04-03
739,ST0461,F040,SUB021,3,3,4,4,4,4,Satisfactory explanation.,Neutral,2025-06-23
2503,ST0848,F025,SUB001,3,3,4,4,3,3,Satisfactory explanation.,Neutral,2025-12-13
1206,ST0510,F001,SUB029,4,4,3,3,3,3,Satisfactory explanation.,Neutral,2025-08-05
3257,ST0992,F020,SUB013,4,3,4,4,4,3,Satisfactory explanation.,Neutral,2025-08-29
2355,ST0285,F022,SUB002,3,3,4,3,4,3,Satisfactory explanation.,Neutral,2025-11-19
2356,ST1000,F002,SUB026,4,4,3,3,4,3,Satisfactory explanation.,Neutral,2025-09-01
1265,ST0417,F002,SUB016,3,3,4,4,4,3,Satisfactory explanation.,Neutral,2025-07-06
534,ST0147,F003,SUB018,4,3,4,4,3,4,Satisfactory explanation.,Neutral,2025-01-14
1115,ST0511,F036,SUB010,4,4,4,4,4,3,Satisfactory explanation.,Neutral,2025-03-16
767,ST0919,F003,SUB019,4,3,3,4,4,4,Satisfactory explanation.,Neutral,2025-04-12
3334,ST0723,F038,SUB023,4,4,3,3,3,3,Satisfactory explanation.,Neutral,2025-03-29
3330,ST0687,F020,SUB024,3,4,3,4,4,3,Satisfactory explanation.,Neutral,2025-08-02
3318,ST0189,F025,SUB010,4,3,3,3,3,4,Satisfactory explanation.,Neutral,2025-08-18
766,ST0942,F038,SUB023,3,3,3,3,4,3,Satisfactory explanation.,Neutral,2025-02-24
2109,ST0404,F008,SUB014,3,3,4,3,4,4,Satisfactory explanation.,Neutral,2025-10-08
547,ST0381,F033,SUB020,4,4,4,4,3,3,Satisfactory explanation.,Neutral,2025-08-11
2420,ST0566,F027,SUB003,3,4,3,3,3,3,Satisfactory explanation.,Neutral,2025-05-16
1120,ST0609,F012,SUB004,3,4,4,3,4,3,Satisfactory explanation.,Neutral,2025-07-17
1121,ST0982,F010,SUB007,3,4,3,4,4,3,Satisfactory explanation.,Neutral,2025-10-24
2446,ST0481,F021,SUB017,4,3,3,4,4,3,Satisfactory explanation.,Neutral,2025-10-16
2447,ST0066,F008,SUB024,3,4,3,3,4,4,Satisfactory explanation.,Neutral,2025-06-08
2515,ST0589,F016,SUB017,3,3,4,4,3,3,Satisfactory explanation.,Neutral,2025-01-19
2450,ST0122,F017,SUB019,3,4,4,4,4,3,Satisfactory explanation.,Neutral,2025-07-04
3009,ST0489,F039,SUB023,3,3,3,3,4,3,Satisfactory explanation.,Neutral,2025-11-07
577,ST0753,F011,SUB025,4,4,3,3,4,3,Satisfactory explanation.,Neutral,2025-05-14
1218,ST0179,F034,SUB019,3,4,3,4,3,4,Satisfactory explanation.,Neutral,2025-08-25
2534,ST0456,F040,SUB002,3,3,4,3,4,4,Satisfactory explanation.,Neutral,2025-04-27
2874,ST0504,F022,SUB021,4,4,3,3,3,3,Satisfactory explanation.,Neutral,2025-02-12
2489,ST0451,F014,SUB016,4,4,4,4,3,4,Satisfactory explanation.,Neutral,2025-02-20
289,ST0897,F029,SUB028,3,3,3,3,4,3,Satisfactory explanation.,Neutral,2025-07-20
1685,ST0200,F032,SUB007,4,4,4,3,3,3,Satisfactory explanation.,Neutral,2025-06-15
2695,ST0024,F005,SUB011,4,3,3,3,3,3,Satisfactory explanation.,Neutral,2025-07-01
942,ST0573,F008,SUB024,3,4,4,4,4,3,Satisfactory explanation.,Neutral,2025-08-06
87,ST0091,F032,SUB008,3,3,3,3,4,3,Satisfactory explanation.,Neutral,2025-06-28
999,ST0750,F024,SUB014,3,4,3,3,3,3,Satisfactory explanation.,Neutral,2025-10-14
2739,ST0443,F006,SUB004,4,4,4,4,4,4,Satisfactory explanation.,Neutral,2025-09-04
1674,ST0856,F016,SUB016,4,4,4,4,4,4,Satisfactory explanation.,Neutral,2025-03-01
1857,ST0290,F032,SUB019,4,3,3,4,4,4,Satisfactory explanation.,Neutral,2025-04-27
3974,ST0230,F028,SUB027,3,3,4,4,3,4,Satisfactory explanation.,Neutral,2025-10-03
98,ST0480,F016,SUB013,4,4,4,4,4,3,Satisfactory explanation.,Neutral,2025-03-05
2730,ST0542,F018,SUB006,3,3,4,3,4,3,Satisfactory explanation.,Neutral,2025-02-16
1860,ST0923,F022,SUB025,3,4,3,4,4,4,Satisfactory explanation.,Neutral,2025-07-23
106,ST0052,F011,SUB013,3,3,3,3,3,4,Satisfactory explanation.,Neutral,2025-07-25
3915,ST0003,F039,SUB028,4,4,3,4,3,3,Satisfactory explanation.,Neutral,2025-02-11
1635,ST0526,F034,SUB005,4,4,4,3,3,4,Satisfactory explanation.,Neutral,2025-06-14
1874,ST0385,F039,SUB014,4,3,3,4,4,4,Satisfactory explanation.,Neutral,2025-04-28
116,ST0744,F004,SUB029,3,3,4,3,4,4,Satisfactory explanation.,Neutral,2025-01-19
2752,ST0297,F016,SUB020,3,4,3,3,4,3,Satisfactory explanation.,Neutral,2025-05-23
2758,ST0215,F023,SUB007,4,4,4,4,3,4,Satisfactory explanation.,Neutral,2025-06-05
3896,ST0462,F003,SUB017,4,3,3,4,3,3,Satisfactory explanation.,Neutral,2025-10-09
3883,ST0442,F033,SUB012,4,4,4,4,3,3,Satisfactory explanation.,Neutral,2025-03-18
2868,ST0523,F012,SUB017,4,3,4,4,4,4,Satisfactory explanation.,Neutral,2025-09-11
104,ST0908,F003,SUB021,4,3,3,3,4,3,Satisfactory explanation.,Neutral,2025-10-06
1916,ST0867,F032,SUB012,4,3,4,4,3,3,Satisfactory explanation.,Neutral,2025-11-24
4023,ST0299,F014,SUB013,4,3,3,4,3,4,Satisfactory explanation.,Neutral,2025-03-01
4036,ST0630,F004,SUB026,3,3,4,4,3,3,Satisfactory explanation.,Neutral,2025-05-18
991,ST0613,F023,SUB011,4,4,3,3,4,3,Satisfactory explanation.,Neutral,2025-11-06
959,ST0469,F015,SUB021,4,3,3,3,4,4,Satisfactory explanation.,Neutral,2025-03-29
1792,ST0303,F005,SUB023,3,4,4,3,3,3,Satisfactory explanation.,Neutral,2025-12-04
10,ST1000,F022,SUB012,3,4,3,3,3,4,Satisfactory explanation.,Neutral,2025-03-15
12,ST0754,F025,SUB003,4,4,4,4,3,3,Satisfactory explanation.,Neutral,2025-07-24
15,ST0573,F021,SUB001,4,4,4,4,4,4,Satisfactory explanation.,Neutral,2025-03-05
949,ST0066,F028,SUB003,4,3,3,4,3,4,Satisfactory explanation.,Neutral,2025-09-06
22,ST0302,F031,SUB020,3,3,3,3,3,3,Satisfactory explanation.,Neutral,2025-08-14
4118,ST0440,F030,SUB016,4,4,3,3,4,3,Satisfactory explanation.,Neutral,2025-10-17
1797,ST0416,F013,SUB012,3,3,3,3,3,3,Satisfactory explanation.,Neutral,2025-10-19
2724,ST0912,F009,SUB004,4,4,3,4,3,4,Satisfactory explanation.,Neutral,2025-07-17
2715,ST0854,F028,SUB001,3,4,4,4,3,3,Satisfactory explanation.,Neutral,2025-08-30
58,ST0024,F012,SUB022,4,4,4,4,3,3,Satisfactory explanation.,Neutral,2025-06-16
1721,ST0601,F016,SUB007,4,3,3,3,3,3,Satisfactory explanation.,Neutral,2025-09-02
4073,ST0537,F018,SUB009,3,3,3,4,4,3,Satisfactory explanation.,Neutral,2025-07-25
2718,ST0091,F040,SUB016,4,3,4,4,4,3,Satisfactory explanation.,Neutral,2025-09-24
4067,ST0516,F035,SUB012,3,3,3,4,4,3,Satisfactory explanation.,Neutral,2025-11-24
1824,ST0458,F023,SUB005,4,4,4,4,3,3,Satisfactory explanation.,Neutral,2025-05-28
4061,ST0900,F039,SUB009,4,4,3,4,3,4,Satisfactory explanation.,Neutral,2025-08-07
4043,ST0578,F014,SUB029,3,3,4,4,4,4,Satisfactory explanation.,Neutral,2025-09-09
2719,ST0436,F036,SUB002,3,4,3,4,4,3,Satisfactory explanation.,Neutral,2025-08-28
4041,ST0597,F012,SUB022,3,4,4,3,3,4,Satisfactory explanation.,Neutral,2025-01-09
1723,ST0382,F026,SUB007,3,3,4,4,3,3,Satisfactory explanation.,Neutral,2025-12-28
1922,ST0344,F005,SUB018,3,3,3,4,3,3,Satisfactory explanation.,Neutral,2025-08-14
1902,ST0192,F002,SUB016,3,3,3,3,4,4,Satisfactory explanation.,Neutral,2025-11-20
2857,ST0895,F012,SUB008,3,4,3,4,3,3,Satisfactory explanation.,Neutral,2025-05-22
3678,ST0296,F023,SUB019,3,3,4,3,3,3,Satisfactory explanation.,Neutral,2025-06-14
2085,ST0563,F008,SUB028,4,3,4,3,3,4,Satisfactory explanation.,Neutral,2025-05-02
1052,ST0334,F005,SUB029,4,3,3,4,3,4,Satisfactory explanation.,Neutral,2025-11-05
274,ST0037,F009,SUB019,4,3,4,3,3,3,Satisfactory explanation.,Neutral,2025-10-16
871,ST0020,F029,SUB027,3,3,3,4,4,3,Satisfactory explanation.,Neutral,2025-03-02
3753,ST0116,F019,SUB024,3,3,4,3,4,3,Satisfactory explanation.,Neutral,2025-03-11
854,ST0186,F003,SUB019,4,4,4,3,3,3,Satisfactory explanation.,Neutral,2025-08-01
869,ST0123,F011,SUB006,3,4,3,4,3,4,Satisfactory explanation.,Neutral,2025-08-06
1057,ST0163,F035,SUB023,3,4,3,4,3,4,Satisfactory explanation.,Neutral,2025-11-13
2065,ST0256,F028,SUB015,4,4,4,4,3,3,Satisfactory explanation.,Neutral,2025-10-04
2080,ST0455,F008,SUB013,3,3,4,3,4,3,Satisfactory explanation.,Neutral,2025-04-04
3722,ST0302,F012,SUB018,3,4,4,3,3,3,Satisfactory explanation.,Neutral,2025-01-14
3704,ST0898,F004,SUB014,3,4,3,3,3,3,Satisfactory explanation.,Neutral,2025-05-15
2079,ST0423,F014,SUB007,4,3,3,3,3,4,Satisfactory explanation.,Neutral,2025-04-19
1620,ST0804,F022,SUB028,3,4,3,3,3,3,Satisfactory explanation.,Neutral,2025-07-30
1030,ST0405,F023,SUB024,3,4,4,3,3,4,Satisfactory explanation.,Neutral,2025-02-22
886,ST0152,F001,SUB025,4,4,3,4,4,3,Satisfactory explanation.,Neutral,2025-06-11
3673,ST0789,F020,SUB016,4,3,3,3,4,4,Satisfactory explanation.,Neutral,2025-05-16
927,ST0286,F019,SUB010,3,4,3,4,3,3,Satisfactory explanation.,Neutral,2025-08-13
2780,ST0453,F009,SUB001,4,4,3,3,4,3,Satisfactory explanation.,Neutral,2025-09-11
288,ST0722,F013,SUB009,3,3,4,3,4,3,Satisfactory explanation.,Neutral,2025-03-15
3665,ST0971,F028,SUB008,4,4,4,3,4,4,Satisfactory explanation.,Neutral,2025-06-03
2679,ST0083,F036,SUB001,4,3,4,4,4,3,Satisfactory explanation.,Neutral,2025-10-28
3672,ST0508,F039,SUB001,4,3,3,4,3,4,Satisfactory explanation.,Neutral,2025-09-13
3677,ST0338,F001,SUB016,3,4,4,3,3,3,Satisfactory explanation.,Neutral,2025-01-17
3856,ST0239,F027,SUB029,4,3,4,3,4,3,Satisfactory explanation.,Neutral,2025-10-06
273,ST0612,F037,SUB023,3,4,3,4,3,4,Satisfactory explanation.,Neutral,2025-11-16
1943,ST0934,F019,SUB019,4,3,4,4,3,4,Satisfactory explanation.,Neutral,2025-03-05
2804,ST0086,F019,SUB006,4,3,3,3,3,4,Satisfactory explanation.,Neutral,2025-12-16
3674,ST0879,F034,SUB030,4,4,3,3,3,4,Satisfactory explanation.,Neutral,2025-05-08
3675,ST0191,F012,SUB013,4,3,3,3,3,3,Satisfactory explanation.,Neutral,2025-09-22
1606,ST0493,F038,SUB011,3,3,3,3,4,4,Satisfactory explanation.,Neutral,2025-04-10
904,ST0730,F016,SUB024,4,3,3,3,3,4,Satisfactory explanation.,Neutral,2025-01-30
2676,ST0041,F017,SUB023,3,4,4,3,4,4,Satisfactory explanation.,Neutral,2025-08-11
1076,ST0936,F035,SUB010,4,4,5,5,4,4,Very interactive class.,Positive,2025-03-09
998,ST0906,F033,SUB028,4,4,5,4,5,4,Very interactive class.,Positive,2025-05-05
1150,ST0880,F040,SUB029,5,4,4,5,4,5,Very interactive class.,Positive,2025-12-18
1077,ST0667,F006,SUB001,5,4,5,4,4,5,Very interactive class.,Positive,2025-10-28
1025,ST0219,F017,SUB028,5,5,5,5,4,5,Very interactive class.,Positive,2025-05-05
4751,ST0838,F025,SUB010,5,5,5,5,5,4,Very interactive class.,Positive,2025-11-29
1101,ST0181,F003,SUB025,4,4,4,4,5,5,Very interactive class.,Positive,2025-06-29
4743,ST0786,F007,SUB009,4,4,5,4,4,4,Very interactive class.,Positive,2025-01-22
1092,ST0193,F020,SUB009,4,5,5,4,5,4,Very interactive class.,Positive,2025-11-13
1028,ST0272,F012,SUB001,4,4,5,5,5,4,Very interactive class.,Positive,2025-08-19
1029,ST0883,F009,SUB003,5,5,5,5,5,5,Very interactive class.,Positive,2025-07-18
1010,ST0813,F023,SUB024,5,5,5,4,5,5,Very interactive class.,Positive,2025-10-21
4761,ST0690,F025,SUB007,4,4,4,4,4,4,Very interactive class.,Positive,2025-12-26
1046,ST0300,F007,SUB014,4,4,4,4,4,5,Very interactive class.,Positive,2025-02-26
1051,ST0958,F019,SUB008,4,5,4,4,5,5,Very interactive class.,Positive,2025-06-19
1141,ST0973,F010,SUB025,5,5,5,4,4,4,Very interactive class.,Positive,2025-11-17
1089,ST0237,F040,SUB029,4,4,5,5,5,4,Very interactive class.,Positive,2025-01-10
1056,ST0373,F023,SUB014,5,4,4,5,4,5,Very interactive class.,Positive,2025-02-16
1080,ST0958,F019,SUB009,4,5,4,5,5,4,Very interactive class.,Positive,2025-05-28
1061,ST0198,F029,SUB026,4,4,4,5,4,5,Very interactive class.,Positive,2025-03-27
4750,ST0179,F032,SUB014,5,5,5,5,5,5,Very interactive class.,Positive,2025-06-12
1145,ST0833,F016,SUB011,5,5,4,4,5,5,Very interactive class.,Positive,2025-08-04
4155,ST0019,F004,SUB019,4,4,5,5,4,4,Very interactive class.,Positive,2025-12-06
1335,ST0720,F010,SUB013,4,5,5,4,4,5,Very interactive class.,Positive,2025-12-01
1153,ST0125,F012,SUB025,4,5,4,4,4,4,Very interactive class.,Positive,2025-10-02
1615,ST0430,F037,SUB022,4,5,4,4,4,5,Very interactive class.,Positive,2025-04-07
1611,ST0619,F023,SUB015,4,5,5,5,5,4,Very interactive class.,Positive,2025-07-23
1610,ST0456,F011,SUB005,5,5,5,4,5,5,Very interactive class.,Positive,2025-05-27
1586,ST0194,F019,SUB029,5,5,4,4,4,4,Very interactive class.,Positive,2025-04-06
1578,ST0297,F038,SUB001,5,4,5,5,4,5,Very interactive class.,Positive,2025-12-22
1577,ST0354,F007,SUB011,4,4,4,4,4,5,Very interactive class.,Positive,2025-02-27
1576,ST0424,F021,SUB016,5,5,5,4,5,5,Very interactive class.,Positive,2025-05-04
1616,ST0685,F015,SUB024,5,5,4,4,5,5,Very interactive class.,Positive,2025-02-09
1571,ST0379,F040,SUB024,4,4,4,5,4,5,Very interactive class.,Positive,2025-11-02
1547,ST0131,F020,SUB028,5,4,4,5,4,5,Very interactive class.,Positive,2025-06-24
1538,ST0959,F002,SUB003,5,5,5,4,4,4,Very interactive class.,Positive,2025-10-06
1513,ST0832,F017,SUB025,5,4,4,5,4,4,Very interactive class.,Positive,2025-09-13
1511,ST0543,F034,SUB013,5,4,4,4,4,5,Very interactive class.,Positive,2025-01-18
1481,ST0250,F026,SUB018,4,4,5,5,5,5,Very interactive class.,Positive,2025-02-22
4676,ST0053,F018,SUB012,4,4,5,4,4,4,Very interactive class.,Positive,2025-01-10
1480,ST0955,F019,SUB020,4,5,5,5,4,4,Very interactive class.,Positive,2025-10-04
1567,ST0221,F011,SUB008,5,5,5,4,4,4,Very interactive class.,Positive,2025-05-17
4659,ST0614,F011,SUB002,4,4,5,4,5,5,Very interactive class.,Positive,2025-11-17
4658,ST0287,F025,SUB028,5,5,4,4,4,4,Very interactive class.,Positive,2025-11-06
1618,ST0901,F015,SUB021,4,5,4,4,4,5,Very interactive class.,Positive,2025-12-19
1738,ST0024,F022,SUB011,5,5,4,5,5,4,Very interactive class.,Positive,2025-02-13
1733,ST0408,F009,SUB019,5,5,4,4,4,5,Very interactive class.,Positive,2025-08-14
4636,ST0329,F020,SUB016,4,4,4,5,5,4,Very interactive class.,Positive,2025-08-02
1732,ST0753,F016,SUB014,4,4,4,4,4,4,Very interactive class.,Positive,2025-05-08
1720,ST0690,F039,SUB030,5,5,4,4,4,5,Very interactive class.,Positive,2025-09-17
1714,ST0854,F037,SUB014,5,5,5,4,4,5,Very interactive class.,Positive,2025-05-07
1709,ST0758,F009,SUB012,5,5,5,4,5,4,Very interactive class.,Positive,2025-06-10
1688,ST0314,F011,SUB006,5,4,5,5,4,4,Very interactive class.,Positive,2025-05-26
4644,ST0138,F031,SUB029,4,4,5,5,5,5,Very interactive class.,Positive,2025-04-16
1682,ST0594,F013,SUB019,4,4,5,4,4,4,Very interactive class.,Positive,2025-09-06
1681,ST0073,F033,SUB009,4,5,4,4,4,4,Very interactive class.,Positive,2025-05-19
1678,ST0244,F023,SUB025,5,5,4,4,4,4,Very interactive class.,Positive,2025-09-05
1677,ST0942,F001,SUB013,4,5,5,4,4,5,Very interactive class.,Positive,2025-10-02
1669,ST0791,F011,SUB012,5,4,5,5,5,5,Very interactive class.,Positive,2025-12-12
1629,ST1000,F023,SUB018,5,4,5,5,4,5,Very interactive class.,Positive,2025-05-04
1621,ST0635,F034,SUB011,5,4,5,5,4,4,Very interactive class.,Positive,2025-01-22
4655,ST0174,F010,SUB022,4,4,5,5,4,5,Very interactive class.,Positive,2025-01-10
4678,ST0817,F023,SUB014,5,4,4,4,4,5,Very interactive class.,Positive,2025-07-20
1152,ST0603,F018,SUB011,5,5,5,5,5,4,Very interactive class.,Positive,2025-11-01
1477,ST0364,F038,SUB023,4,5,4,4,4,4,Very interactive class.,Positive,2025-10-03
1466,ST0979,F018,SUB021,4,4,5,4,4,5,Very interactive class.,Positive,2025-12-10
1257,ST0330,F026,SUB007,5,5,5,4,5,5,Very interactive class.,Positive,2025-09-17
1241,ST0208,F025,SUB029,4,4,5,4,5,5,Very interactive class.,Positive,2025-07-24
1239,ST0791,F040,SUB026,4,5,4,5,5,5,Very interactive class.,Positive,2025-12-01
1229,ST0406,F014,SUB019,4,5,4,5,4,4,Very interactive class.,Positive,2025-09-03
4718,ST0414,F009,SUB002,5,4,4,4,4,5,Very interactive class.,Positive,2025-08-12
1225,ST0909,F038,SUB019,5,4,4,4,4,5,Very interactive class.,Positive,2025-03-09
1222,ST0347,F009,SUB029,5,4,5,5,5,4,Very interactive class.,Positive,2025-12-14
1259,ST0129,F027,SUB002,5,5,5,5,5,5,Very interactive class.,Positive,2025-11-24
1202,ST0444,F025,SUB027,5,4,5,4,5,4,Very interactive class.,Positive,2025-11-17
1195,ST0699,F035,SUB014,5,5,5,4,5,5,Very interactive class.,Positive,2025-10-07
1192,ST0789,F036,SUB021,5,4,4,5,5,4,Very interactive class.,Positive,2025-02-02
1188,ST0062,F022,SUB003,4,4,5,4,5,5,Very interactive class.,Positive,2025-09-13
1173,ST0085,F019,SUB024,4,4,5,4,4,5,Very interactive class.,Positive,2025-01-22
1172,ST0325,F010,SUB017,4,5,4,5,4,4,Very interactive class.,Positive,2025-12-31
1162,ST0409,F036,SUB016,4,4,4,5,5,5,Very interactive class.,Positive,2025-04-18
1157,ST0461,F014,SUB027,5,4,5,5,4,4,Very interactive class.,Positive,2025-04-02
1197,ST0859,F007,SUB007,4,4,4,5,4,4,Very interactive class.,Positive,2025-10-11
1264,ST0546,F008,SUB006,4,5,5,5,5,4,Very interactive class.,Positive,2025-10-16
1271,ST0696,F031,SUB015,5,5,5,4,5,4,Very interactive class.,Positive,2025-07-19
4709,ST0152,F026,SUB004,5,4,5,5,4,5,Very interactive class.,Positive,2025-09-12
1448,ST0139,F035,SUB003,4,5,5,4,4,5,Very interactive class.,Positive,2025-07-06
1444,ST0152,F035,SUB016,5,5,4,5,4,4,Very interactive class.,Positive,2025-04-21
1440,ST0608,F001,SUB027,4,5,4,4,4,5,Very interactive class.,Positive,2025-06-24
1433,ST0883,F014,SUB009,5,5,5,5,5,5,Very interactive class.,Positive,2025-08-22
1430,ST0522,F005,SUB002,4,4,4,5,4,5,Very interactive class.,Positive,2025-01-02
1428,ST0750,F039,SUB020,5,5,5,4,5,4,Very interactive class.,Positive,2025-03-28
1403,ST0005,F037,SUB004,5,4,4,5,5,4,Very interactive class.,Positive,2025-05-21
1384,ST0498,F015,SUB017,4,5,5,4,4,4,Very interactive class.,Positive,2025-03-06
1377,ST0685,F031,SUB005,4,5,4,5,5,5,Very interactive class.,Positive,2025-12-28
4697,ST0634,F031,SUB015,4,4,5,4,4,4,Very interactive class.,Positive,2025-01-05
1338,ST0773,F027,SUB022,5,4,4,5,4,5,Very interactive class.,Positive,2025-12-25
1337,ST0152,F012,SUB030,4,5,5,4,5,4,Very interactive class.,Positive,2025-12-04
974,ST0686,F034,SUB027,5,5,5,4,5,5,Very interactive class.,Positive,2025-06-06
1316,ST0420,F018,SUB013,5,4,4,5,5,4,Very interactive class.,Positive,2025-01-19
1305,ST0492,F030,SUB025,5,4,5,5,5,4,Very interactive class.,Positive,2025-10-11
4707,ST0104,F018,SUB026,5,4,5,5,4,5,Very interactive class.,Positive,2025-11-15
1296,ST0160,F026,SUB006,4,5,5,4,4,5,Very interactive class.,Positive,2025-03-02
1469,ST0157,F025,SUB017,4,5,5,5,4,4,Very interactive class.,Positive,2025-04-23
4770,ST0355,F033,SUB003,5,4,4,5,4,5,Very interactive class.,Positive,2025-03-01
785,ST0993,F026,SUB025,5,5,4,5,5,4,Very interactive class.,Positive,2025-02-05
969,ST0626,F015,SUB014,4,4,5,4,4,5,Very interactive class.,Positive,2025-02-10
297,ST0085,F005,SUB018,5,5,5,5,4,4,Very interactive class.,Positive,2025-08-07
294,ST0024,F019,SUB020,4,5,5,4,5,5,Very interactive class.,Positive,2025-03-21
292,ST0682,F031,SUB013,5,4,5,5,5,5,Very interactive class.,Positive,2025-07-25
283,ST0706,F004,SUB007,4,5,5,4,4,5,Very interactive class.,Positive,2025-01-21
276,ST0780,F008,SUB020,4,5,5,5,4,5,Very interactive class.,Positive,2025-02-06
4928,ST0263,F017,SUB028,5,4,5,4,5,5,Very interactive class.,Positive,2025-10-15
4930,ST0592,F021,SUB024,4,5,4,5,5,4,Very interactive class.,Positive,2025-11-03
4932,ST0294,F018,SUB029,5,4,5,4,4,5,Very interactive class.,Positive,2025-10-21
299,ST0930,F005,SUB008,4,4,5,4,5,4,Very interactive class.,Positive,2025-04-13
261,ST0089,F019,SUB008,4,5,5,4,5,5,Very interactive class.,Positive,2025-11-22
252,ST0301,F027,SUB016,4,5,5,5,4,5,Very interactive class.,Positive,2025-02-09
250,ST0602,F011,SUB015,4,5,5,4,4,4,Very interactive class.,Positive,2025-12-12
245,ST0326,F038,SUB013,4,4,5,5,5,4,Very interactive class.,Positive,2025-09-18
242,ST0169,F002,SUB027,4,4,4,5,5,5,Very interactive class.,Positive,2025-01-18
238,ST0913,F009,SUB025,5,5,4,5,4,4,Very interactive class.,Positive,2025-08-16
231,ST0203,F009,SUB003,4,5,4,4,5,5,Very interactive class.,Positive,2025-05-27
224,ST0776,F008,SUB020,4,5,5,5,4,4,Very interactive class.,Positive,2025-10-03
215,ST0642,F036,SUB019,4,5,5,4,4,4,Very interactive class.,Positive,2025-12-12
256,ST0673,F005,SUB001,4,5,4,4,4,4,Very interactive class.,Positive,2025-10-30
300,ST0939,F013,SUB023,5,5,5,4,5,5,Very interactive class.,Positive,2025-04-25
309,ST0202,F037,SUB012,5,4,5,5,4,4,Very interactive class.,Positive,2025-05-14
313,ST0088,F023,SUB012,4,4,4,5,4,4,Very interactive class.,Positive,2025-06-17
440,ST0183,F016,SUB004,5,5,5,4,4,5,Very interactive class.,Positive,2025-07-07
420,ST0774,F010,SUB013,4,5,5,5,5,4,Very interactive class.,Positive,2025-12-10
417,ST0438,F027,SUB026,5,4,5,5,4,4,Very interactive class.,Positive,2025-08-15
415,ST0585,F038,SUB007,4,4,5,4,5,4,Very interactive class.,Positive,2025-07-04
404,ST0179,F005,SUB003,4,5,5,4,5,5,Very interactive class.,Positive,2025-05-29
400,ST0912,F031,SUB026,5,5,5,5,4,5,Very interactive class.,Positive,2025-07-20
384,ST0361,F033,SUB029,4,4,4,4,4,5,Very interactive class.,Positive,2025-02-13
377,ST0949,F018,SUB003,4,4,4,4,5,5,Very interactive class.,Positive,2025-12-31
376,ST0316,F026,SUB028,4,4,5,5,5,4,Very interactive class.,Positive,2025-06-08
369,ST0069,F040,SUB006,5,5,4,5,5,5,Very interactive class.,Positive,2025-11-17
361,ST0989,F027,SUB006,4,4,5,5,4,4,Very interactive class.,Positive,2025-09-24
348,ST0128,F003,SUB025,5,5,4,4,5,4,Very interactive class.,Positive,2025-07-22
344,ST0883,F006,SUB011,5,5,4,5,4,5,Very interactive class.,Positive,2025-11-25
4909,ST0939,F024,SUB020,5,5,5,5,5,4,Very interactive class.,Positive,2025-11-03
336,ST0249,F035,SUB026,5,4,4,4,4,4,Very interactive class.,Positive,2025-04-16
332,ST0560,F007,SUB021,5,5,4,5,4,5,Very interactive class.,Positive,2025-09-24
329,ST0309,F036,SUB004,5,4,5,5,5,5,Very interactive class.,Positive,2025-04-28
321,ST0953,F039,SUB006,5,4,4,4,5,5,Very interactive class.,Positive,2025-03-30
4915,ST0496,F022,SUB007,5,5,5,4,4,5,Very interactive class.,Positive,2025-05-06
213,ST0112,F027,SUB003,4,4,4,5,5,4,Very interactive class.,Positive,2025-07-23
200,ST0757,F001,SUB014,4,5,4,4,4,4,Very interactive class.,Positive,2025-05-08
4945,ST0132,F007,SUB022,5,5,5,5,5,5,Very interactive class.,Positive,2025-05-29
178,ST0396,F022,SUB015,4,5,4,5,4,4,Very interactive class.,Positive,2025-12-25
4974,ST0088,F026,SUB026,5,5,4,4,4,4,Very interactive class.,Positive,2025-12-05
4975,ST0770,F019,SUB014,4,5,5,4,4,4,Very interactive class.,Positive,2025-10-10
86,ST0770,F022,SUB016,4,4,5,5,4,4,Very interactive class.,Positive,2025-01-26
4978,ST0404,F018,SUB027,5,5,4,5,5,5,Very interactive class.,Positive,2025-08-20
4979,ST0120,F029,SUB009,5,5,5,5,4,4,Very interactive class.,Positive,2025-04-11
4980,ST0389,F020,SUB016,5,5,5,4,4,4,Very interactive class.,Positive,2025-10-05
79,ST0743,F015,SUB009,5,4,5,5,5,4,Very interactive class.,Positive,2025-01-31
78,ST0532,F002,SUB029,5,5,5,5,4,4,Very interactive class.,Positive,2025-12-18
70,ST0157,F015,SUB016,5,4,4,5,5,5,Very interactive class.,Positive,2025-11-12
67,ST0122,F032,SUB029,5,5,4,4,4,4,Very interactive class.,Positive,2025-09-05
61,ST0815,F026,SUB024,5,4,5,5,4,5,Very interactive class.,Positive,2025-05-03
60,ST0954,F025,SUB024,5,4,4,5,4,5,Very interactive class.,Positive,2025-02-13
49,ST0004,F001,SUB010,4,5,5,5,4,4,Very interactive class.,Positive,2025-12-13
47,ST0895,F031,SUB028,4,4,4,4,5,5,Very interactive class.,Positive,2025-09-01
26,ST0065,F002,SUB012,4,4,4,4,5,4,Very interactive class.,Positive,2025-06-26
19,ST0654,F002,SUB025,5,4,4,4,4,4,Very interactive class.,Positive,2025-10-21
4996,ST0610,F027,SUB025,4,4,4,4,5,5,Very interactive class.,Positive,2025-11-29
5,ST0291,F007,SUB011,5,4,4,5,5,4,Very interactive class.,Positive,2025-09-21
4,ST0719,F019,SUB020,5,4,5,5,4,4,Very interactive class.,Positive,2025-10-05
4973,ST0916,F024,SUB008,5,5,5,5,4,4,Very interactive class.,Positive,2025-01-16
445,ST0177,F014,SUB013,5,4,5,4,4,4,Very interactive class.,Positive,2025-07-03
97,ST0809,F036,SUB026,4,4,4,5,5,5,Very interactive class.,Positive,2025-02-17
105,ST0196,F031,SUB011,5,5,4,4,5,5,Very interactive class.,Positive,2025-11-12
177,ST0717,F021,SUB027,4,5,4,5,5,5,Very interactive class.,Positive,2025-05-09
176,ST0435,F030,SUB022,4,5,4,5,4,4,Very interactive class.,Positive,2025-02-23
172,ST0119,F035,SUB023,5,4,5,4,4,5,Very interactive class.,Positive,2025-01-22
4950,ST0285,F012,SUB003,5,4,4,4,5,4,Very interactive class.,Positive,2025-08-10
163,ST0645,F021,SUB018,5,5,5,5,4,5,Very interactive class.,Positive,2025-11-13
4952,ST0418,F018,SUB003,4,5,5,5,5,5,Very interactive class.,Positive,2025-11-16
162,ST0014,F005,SUB016,5,5,5,5,5,4,Very interactive class.,Positive,2025-03-16
161,ST0851,F027,SUB003,5,4,4,4,4,4,Very interactive class.,Positive,2025-09-25
160,ST0674,F039,SUB004,4,5,5,5,4,5,Very interactive class.,Positive,2025-08-12
157,ST0249,F028,SUB015,4,5,4,5,5,4,Very interactive class.,Positive,2025-11-14
152,ST0217,F022,SUB027,5,4,4,5,4,4,Very interactive class.,Positive,2025-05-26
141,ST0821,F014,SUB026,5,4,4,5,5,4,Very interactive class.,Positive,2025-06-17
137,ST0658,F026,SUB015,5,5,4,5,5,5,Very interactive class.,Positive,2025-12-17
134,ST0940,F012,SUB012,4,5,4,5,4,4,Very interactive class.,Positive,2025-03-15
126,ST0372,F015,SUB016,4,5,5,5,4,5,Very interactive class.,Positive,2025-07-04
125,ST0501,F002,SUB003,4,5,4,5,4,5,Very interactive class.,Positive,2025-09-26
122,ST0881,F004,SUB018,5,5,4,4,5,5,Very interactive class.,Positive,2025-09-11
115,ST0134,F015,SUB014,4,5,4,4,4,5,Very interactive class.,Positive,2025-05-17
109,ST0100,F014,SUB008,5,5,5,4,5,4,Very interactive class.,Positive,2025-12-17
4970,ST0407,F023,SUB014,5,4,4,5,5,5,Very interactive class.,Positive,2025-04-23
464,ST0939,F012,SUB022,4,5,5,5,5,5,Very interactive class.,Positive,2025-04-20
467,ST0535,F037,SUB026,4,5,4,5,5,4,Very interactive class.,Positive,2025-07-10
474,ST0633,F010,SUB023,5,4,5,5,4,4,Very interactive class.,Positive,2025-12-21
823,ST0492,F012,SUB028,4,5,5,4,4,5,Very interactive class.,Positive,2025-02-22
818,ST0477,F019,SUB002,5,4,4,4,5,4,Very interactive class.,Positive,2025-12-15
812,ST0306,F005,SUB023,4,5,4,4,4,4,Very interactive class.,Positive,2025-07-26
1739,ST0548,F022,SUB021,4,5,4,5,4,5,Very interactive class.,Positive,2025-09-23
784,ST0485,F019,SUB025,4,5,5,4,4,5,Very interactive class.,Positive,2025-08-21
4812,ST0298,F014,SUB015,4,5,4,5,4,5,Very interactive class.,Positive,2025-01-20
782,ST0213,F004,SUB030,5,5,5,4,5,5,Very interactive class.,Positive,2025-10-15
781,ST0606,F017,SUB011,4,4,5,5,4,4,Very interactive class.,Positive,2025-10-24
4815,ST0424,F033,SUB024,4,4,4,4,5,5,Very interactive class.,Positive,2025-04-30
768,ST0889,F027,SUB024,5,4,4,5,4,4,Very interactive class.,Positive,2025-01-09
764,ST0091,F005,SUB007,4,5,4,5,5,4,Very interactive class.,Positive,2025-10-25
4821,ST0890,F009,SUB019,5,5,4,4,5,5,Very interactive class.,Positive,2025-08-20
759,ST0666,F027,SUB010,4,4,4,5,4,5,Very interactive class.,Positive,2025-05-30
755,ST0002,F034,SUB018,4,5,5,4,4,5,Very interactive class.,Positive,2025-08-20
743,ST0547,F007,SUB026,5,5,5,5,5,4,Very interactive class.,Positive,2025-03-04
740,ST0968,F017,SUB028,5,4,5,5,5,5,Very interactive class.,Positive,2025-03-20
730,ST0269,F030,SUB023,5,4,4,4,4,5,Very interactive class.,Positive,2025-12-10
724,ST0188,F040,SUB012,4,4,5,4,4,5,Very interactive class.,Positive,2025-11-23
719,ST0992,F005,SUB017,5,4,4,4,4,5,Very interactive class.,Positive,2025-02-13
4805,ST0301,F004,SUB030,5,5,4,5,5,4,Very interactive class.,Positive,2025-10-11
717,ST0513,F020,SUB028,4,5,4,5,5,4,Very interactive class.,Positive,2025-04-01
826,ST0147,F004,SUB022,5,4,5,4,5,4,Very interactive class.,Positive,2025-05-02
841,ST0730,F032,SUB030,5,5,5,4,4,5,Very interactive class.,Positive,2025-07-08
962,ST0941,F009,SUB026,5,4,5,5,5,4,Very interactive class.,Positive,2025-05-09
948,ST0894,F033,SUB029,5,4,4,4,4,4,Very interactive class.,Positive,2025-09-04
945,ST0416,F006,SUB022,4,4,4,5,4,5,Very interactive class.,Positive,2025-03-30
4779,ST0651,F004,SUB028,5,4,4,4,4,5,Very interactive class.,Positive,2025-05-10
4780,ST0693,F039,SUB028,5,5,5,4,4,5,Very interactive class.,Positive,2025-06-01
931,ST0996,F039,SUB005,4,5,5,5,4,4,Very interactive class.,Positive,2025-04-16
924,ST0696,F038,SUB022,5,5,4,5,5,4,Very interactive class.,Positive,2025-11-16
923,ST0589,F032,SUB010,5,5,5,4,4,5,Very interactive class.,Positive,2025-05-14
921,ST0274,F016,SUB002,4,4,4,4,5,4,Very interactive class.,Positive,2025-09-02
908,ST0419,F016,SUB020,5,4,4,4,5,4,Very interactive class.,Positive,2025-04-13
899,ST0150,F011,SUB025,5,5,4,4,4,4,Very interactive class.,Positive,2025-04-23
896,ST0493,F025,SUB006,5,4,4,5,4,5,Very interactive class.,Positive,2025-10-16
894,ST0621,F037,SUB015,5,4,5,5,5,4,Very interactive class.,Positive,2025-07-01
880,ST0388,F031,SUB002,4,5,5,5,4,4,Very interactive class.,Positive,2025-09-18
875,ST0496,F037,SUB016,4,5,5,4,5,4,Very interactive class.,Positive,2025-03-18
872,ST0693,F015,SUB004,4,5,5,5,4,4,Very interactive class.,Positive,2025-05-17
863,ST0708,F002,SUB013,5,5,5,5,5,4,Very interactive class.,Positive,2025-11-16
856,ST0369,F013,SUB018,5,4,5,5,4,5,Very interactive class.,Positive,2025-04-10
842,ST0154,F006,SUB005,5,4,5,4,4,5,Very interactive class.,Positive,2025-02-21
827,ST0120,F022,SUB016,4,5,4,4,5,5,Very interactive class.,Positive,2025-05-20
970,ST0386,F002,SUB007,4,4,4,5,4,5,Very interactive class.,Positive,2025-03-13
4833,ST0471,F005,SUB030,4,4,5,5,5,4,Very interactive class.,Positive,2025-06-22
4835,ST0467,F024,SUB028,5,4,4,4,4,4,Very interactive class.,Positive,2025-09-26
549,ST0273,F036,SUB010,4,4,5,5,5,4,Very interactive class.,Positive,2025-07-23
4866,ST0665,F029,SUB029,4,4,4,5,4,4,Very interactive class.,Positive,2025-03-31
543,ST0048,F013,SUB029,5,5,5,5,5,4,Very interactive class.,Positive,2025-07-19
542,ST0567,F004,SUB023,5,4,5,4,5,4,Very interactive class.,Positive,2025-01-10
538,ST0046,F029,SUB026,4,5,5,5,4,4,Very interactive class.,Positive,2025-06-07
531,ST0574,F003,SUB010,4,4,5,4,5,5,Very interactive class.,Positive,2025-10-11
528,ST0276,F027,SUB017,4,5,5,4,5,4,Very interactive class.,Positive,2025-01-16
521,ST0850,F011,SUB017,5,4,5,4,5,5,Very interactive class.,Positive,2025-12-26
519,ST0747,F031,SUB014,4,4,5,4,5,4,Very interactive class.,Positive,2025-01-30
517,ST0599,F035,SUB015,4,5,4,4,4,5,Very interactive class.,Positive,2025-08-15
514,ST0159,F040,SUB020,4,4,5,5,5,5,Very interactive class.,Positive,2025-02-07
4878,ST0181,F030,SUB027,5,4,5,5,4,4,Very interactive class.,Positive,2025-04-19
507,ST0874,F019,SUB007,4,5,4,4,4,4,Very interactive class.,Positive,2025-10-18
502,ST0093,F027,SUB012,5,5,5,4,4,5,Very interactive class.,Positive,2025-04-25
491,ST0766,F020,SUB016,5,5,5,4,5,5,Very interactive class.,Positive,2025-01-08
4883,ST0165,F037,SUB025,5,5,5,5,4,5,Very interactive class.,Positive,2025-07-18
487,ST0211,F038,SUB015,5,5,5,5,5,4,Very interactive class.,Positive,2025-05-17
4885,ST0807,F011,SUB012,4,5,5,4,5,4,Very interactive class.,Positive,2025-02-26
479,ST0555,F036,SUB025,5,4,4,5,5,5,Very interactive class.,Positive,2025-01-20
551,ST0474,F015,SUB005,5,5,4,4,5,4,Very interactive class.,Positive,2025-02-03
711,ST0104,F007,SUB018,4,4,4,5,5,4,Very interactive class.,Positive,2025-01-14
4863,ST0034,F012,SUB030,5,4,5,5,4,4,Very interactive class.,Positive,2025-12-24
564,ST0909,F001,SUB009,5,4,5,5,5,4,Very interactive class.,Positive,2025-01-21
695,ST0884,F015,SUB013,4,4,5,4,5,4,Very interactive class.,Positive,2025-09-08
693,ST0367,F025,SUB017,5,5,4,5,4,4,Very interactive class.,Positive,2025-06-25
690,ST0929,F002,SUB026,5,4,4,5,4,4,Very interactive class.,Positive,2025-05-06
688,ST0646,F020,SUB022,4,5,5,4,4,5,Very interactive class.,Positive,2025-05-19
666,ST0436,F036,SUB022,5,4,4,5,4,5,Very interactive class.,Positive,2025-11-22
664,ST0814,F032,SUB004,4,4,5,5,4,4,Very interactive class.,Positive,2025-01-16
662,ST0117,F001,SUB001,5,5,5,5,4,4,Very interactive class.,Positive,2025-01-19
659,ST0836,F015,SUB029,5,4,4,4,5,4,Very interactive class.,Positive,2025-10-27
648,ST0119,F016,SUB020,4,4,4,5,4,4,Very interactive class.,Positive,2025-01-08
4848,ST0096,F032,SUB015,5,5,5,5,4,5,Very interactive class.,Positive,2025-07-22
633,ST0270,F010,SUB015,5,4,4,5,4,4,Very interactive class.,Positive,2025-04-03
623,ST0681,F011,SUB015,4,5,4,4,4,4,Very interactive class.,Positive,2025-07-11
598,ST0724,F039,SUB001,4,5,4,5,4,5,Very interactive class.,Positive,2025-03-09
593,ST0176,F040,SUB002,5,4,4,5,4,4,Very interactive class.,Positive,2025-09-23
582,ST0522,F023,SUB016,5,4,4,4,4,4,Very interactive class.,Positive,2025-06-27
4857,ST0562,F020,SUB023,5,5,4,5,5,4,Very interactive class.,Positive,2025-04-05
574,ST0477,F039,SUB011,4,4,5,4,5,4,Very interactive class.,Positive,2025-03-21
573,ST0741,F036,SUB025,5,4,4,5,5,5,Very interactive class.,Positive,2025-04-06
567,ST0400,F009,SUB023,4,4,5,4,4,4,Very interactive class.,Positive,2025-04-13
4862,ST0711,F004,SUB012,5,4,4,5,5,5,Very interactive class.,Positive,2025-05-20
1740,ST0616,F012,SUB006,4,5,5,4,5,5,Very interactive class.,Positive,2025-08-30
2056,ST0340,F033,SUB002,5,5,4,4,4,4,Very interactive class.,Positive,2025-02-27
1749,ST0503,F038,SUB003,5,4,4,4,5,4,Very interactive class.,Positive,2025-12-29
3407,ST0517,F001,SUB017,5,4,4,4,4,4,Very interactive class.,Positive,2025-10-22
3406,ST0323,F031,SUB012,4,5,5,4,5,5,Very interactive class.,Positive,2025-05-11
3389,ST0556,F022,SUB027,4,4,5,5,5,5,Very interactive class.,Positive,2025-07-20
3386,ST0405,F015,SUB002,5,5,5,5,4,4,Very interactive class.,Positive,2025-03-26
3377,ST0841,F001,SUB005,5,4,5,5,5,4,Very interactive class.,Positive,2025-02-08
3366,ST0764,F009,SUB018,4,5,5,4,4,4,Very interactive class.,Positive,2025-04-19
3363,ST0696,F021,SUB007,4,5,4,4,5,4,Very interactive class.,Positive,2025-07-23
3357,ST0405,F027,SUB002,5,5,5,4,4,5,Very interactive class.,Positive,2025-10-03
4314,ST0836,F004,SUB021,5,4,4,4,5,4,Very interactive class.,Positive,2025-11-25
3355,ST0197,F010,SUB022,4,5,4,4,5,5,Very interactive class.,Positive,2025-12-27
3351,ST0302,F036,SUB021,5,4,4,4,5,5,Very interactive class.,Positive,2025-05-24
3348,ST0500,F001,SUB020,5,4,4,5,4,5,Very interactive class.,Positive,2025-03-03
3338,ST0262,F001,SUB018,4,5,5,5,5,4,Very interactive class.,Positive,2025-04-01
4319,ST0810,F006,SUB015,5,4,4,5,4,5,Very interactive class.,Positive,2025-04-25
3314,ST0610,F021,SUB015,5,4,5,5,5,5,Very interactive class.,Positive,2025-12-05
3313,ST0136,F032,SUB027,5,5,4,5,4,5,Very interactive class.,Positive,2025-11-14
3312,ST0856,F010,SUB014,5,4,4,4,5,5,Very interactive class.,Positive,2025-05-30
3308,ST0675,F022,SUB010,5,4,5,5,4,4,Very interactive class.,Positive,2025-04-17
3305,ST0086,F030,SUB030,4,4,4,4,5,4,Very interactive class.,Positive,2025-02-25
3411,ST0148,F039,SUB020,5,4,5,5,5,5,Very interactive class.,Positive,2025-04-20
4328,ST0983,F035,SUB004,4,5,4,5,5,5,Very interactive class.,Positive,2025-01-08
3421,ST0509,F020,SUB011,5,4,5,4,4,4,Very interactive class.,Positive,2025-10-08
3440,ST0851,F012,SUB001,5,4,5,5,5,4,Very interactive class.,Positive,2025-11-08
3592,ST0696,F010,SUB004,5,4,5,4,4,4,Very interactive class.,Positive,2025-10-20
3591,ST0868,F007,SUB011,4,4,4,5,4,5,Very interactive class.,Positive,2025-12-15
3580,ST0694,F005,SUB021,4,4,5,4,4,4,Very interactive class.,Positive,2025-01-04
3576,ST0516,F033,SUB026,4,5,4,5,5,4,Very interactive class.,Positive,2025-09-01
3566,ST0629,F022,SUB018,4,5,4,4,4,5,Very interactive class.,Positive,2025-10-01
3557,ST0689,F035,SUB001,4,5,5,5,5,5,Very interactive class.,Positive,2025-03-21
3531,ST0913,F022,SUB024,5,5,5,4,4,4,Very interactive class.,Positive,2025-12-29
4281,ST0557,F004,SUB010,4,5,5,5,4,4,Very interactive class.,Positive,2025-11-19
4282,ST0511,F005,SUB018,5,5,4,4,4,5,Very interactive class.,Positive,2025-12-02
4285,ST0976,F033,SUB008,4,5,5,4,4,4,Very interactive class.,Positive,2025-03-09
4286,ST0498,F032,SUB030,4,4,4,5,5,5,Very interactive class.,Positive,2025-08-23
3504,ST0790,F026,SUB029,5,5,4,4,4,5,Very interactive class.,Positive,2025-04-20
3497,ST0971,F024,SUB005,5,5,4,4,5,4,Very interactive class.,Positive,2025-06-28
4290,ST0380,F019,SUB004,4,4,4,5,4,5,Very interactive class.,Positive,2025-05-01
3484,ST0515,F017,SUB004,5,4,4,5,5,4,Very interactive class.,Positive,2025-06-26
3458,ST0265,F020,SUB003,4,5,5,5,5,5,Very interactive class.,Positive,2025-05-02
3457,ST0578,F008,SUB010,5,4,5,5,4,4,Very interactive class.,Positive,2025-05-20
3453,ST0755,F025,SUB012,4,5,5,5,4,4,Very interactive class.,Positive,2025-03-15
3448,ST0815,F010,SUB007,5,4,5,5,5,5,Very interactive class.,Positive,2025-02-09
3432,ST0301,F039,SUB019,5,5,5,5,4,5,Very interactive class.,Positive,2025-07-03
3602,ST0997,F023,SUB010,5,4,4,4,5,5,Very interactive class.,Positive,2025-03-16
3302,ST0195,F037,SUB016,5,4,5,5,4,5,Very interactive class.,Positive,2025-12-20
3280,ST0687,F030,SUB001,5,5,4,4,5,5,Very interactive class.,Positive,2025-09-01
3096,ST0586,F001,SUB019,5,4,4,5,5,5,Very interactive class.,Positive,2025-03-18
3093,ST0915,F019,SUB006,4,5,4,4,4,5,Very interactive class.,Positive,2025-12-12
3092,ST0190,F013,SUB010,5,4,4,4,4,4,Very interactive class.,Positive,2025-11-08
3087,ST0422,F017,SUB017,5,4,5,5,4,4,Very interactive class.,Positive,2025-08-02
3082,ST0526,F025,SUB023,5,5,5,4,5,4,Very interactive class.,Positive,2025-08-30
3081,ST0063,F021,SUB023,5,4,5,5,4,5,Very interactive class.,Positive,2025-05-21
3054,ST0344,F020,SUB001,5,5,5,4,4,4,Very interactive class.,Positive,2025-04-10
3042,ST0223,F010,SUB020,5,4,4,4,5,5,Very interactive class.,Positive,2025-03-02
3032,ST0299,F007,SUB011,5,5,4,5,5,5,Very interactive class.,Positive,2025-10-11
3026,ST0285,F033,SUB029,5,4,5,4,5,4,Very interactive class.,Positive,2025-02-25
3016,ST0985,F039,SUB028,4,5,5,4,5,5,Very interactive class.,Positive,2025-03-24
3011,ST0014,F003,SUB029,4,5,4,5,5,5,Very interactive class.,Positive,2025-01-20
3008,ST0415,F013,SUB027,5,5,5,5,5,4,Very interactive class.,Positive,2025-10-10
3005,ST0641,F004,SUB001,4,5,5,4,5,5,Very interactive class.,Positive,2025-05-03
2995,ST0971,F030,SUB003,5,5,4,4,5,5,Very interactive class.,Positive,2025-12-14
2994,ST0197,F003,SUB004,4,5,5,4,5,4,Very interactive class.,Positive,2025-10-03
4382,ST0855,F016,SUB025,5,5,4,4,5,5,Very interactive class.,Positive,2025-01-06
2984,ST0196,F037,SUB015,5,5,5,4,4,5,Very interactive class.,Positive,2025-07-25
2969,ST0683,F019,SUB018,5,5,5,5,5,5,Very interactive class.,Positive,2025-07-04
3107,ST0425,F019,SUB003,4,5,4,5,4,5,Very interactive class.,Positive,2025-08-28
3283,ST0650,F008,SUB016,4,5,5,5,5,5,Very interactive class.,Positive,2025-06-11
3124,ST0234,F034,SUB007,5,5,4,5,4,4,Very interactive class.,Positive,2025-04-16
3143,ST0260,F027,SUB004,5,5,5,4,4,5,Very interactive class.,Positive,2025-08-05
3277,ST0581,F023,SUB005,4,5,4,4,5,4,Very interactive class.,Positive,2025-11-08
3276,ST0241,F006,SUB025,4,5,4,4,5,4,Very interactive class.,Positive,2025-06-04
3275,ST0176,F040,SUB018,4,4,5,4,4,4,Very interactive class.,Positive,2025-09-10
3269,ST0084,F033,SUB020,4,4,4,4,5,5,Very interactive class.,Positive,2025-09-30
3258,ST0513,F002,SUB024,4,4,5,4,4,4,Very interactive class.,Positive,2025-10-22
4338,ST0830,F015,SUB015,5,5,4,5,4,5,Very interactive class.,Positive,2025-07-22
3255,ST0733,F029,SUB003,4,4,5,4,4,5,Very interactive class.,Positive,2025-09-13
3225,ST0802,F025,SUB015,5,4,4,5,4,5,Very interactive class.,Positive,2025-02-25
3219,ST0093,F033,SUB006,5,4,4,5,5,5,Very interactive class.,Positive,2025-10-28
3213,ST0856,F005,SUB025,5,5,4,4,5,4,Very interactive class.,Positive,2025-09-12
3202,ST0030,F005,SUB014,4,5,5,4,5,5,Very interactive class.,Positive,2025-06-21
3192,ST0521,F004,SUB013,4,5,4,4,5,4,Very interactive class.,Positive,2025-02-08
3190,ST0453,F011,SUB029,5,4,4,5,5,5,Very interactive class.,Positive,2025-09-25
3185,ST0203,F036,SUB003,5,5,4,5,4,5,Very interactive class.,Positive,2025-09-06
4348,ST0604,F029,SUB021,5,4,4,4,4,5,Very interactive class.,Positive,2025-09-06
3166,ST0152,F015,SUB006,4,5,5,5,4,5,Very interactive class.,Positive,2025-06-12
3159,ST0072,F029,SUB005,5,4,5,4,4,4,Very interactive class.,Positive,2025-08-15
3158,ST0084,F018,SUB006,4,5,4,4,5,5,Very interactive class.,Positive,2025-05-30
3146,ST0398,F003,SUB012,4,4,5,4,4,5,Very interactive class.,Positive,2025-03-19
4357,ST0708,F030,SUB013,5,5,5,5,4,5,Very interactive class.,Positive,2025-02-02
3609,ST0483,F002,SUB025,5,4,4,4,5,5,Very interactive class.,Positive,2025-03-29
4270,ST0817,F008,SUB017,4,5,4,5,4,5,Very interactive class.,Positive,2025-02-10
3612,ST0170,F003,SUB021,5,5,4,4,4,5,Very interactive class.,Positive,2025-08-26
3992,ST0827,F011,SUB029,5,5,4,4,5,4,Very interactive class.,Positive,2025-10-11
3991,ST0121,F010,SUB017,5,4,4,5,4,4,Very interactive class.,Positive,2025-05-27
3990,ST0066,F004,SUB018,4,5,4,5,5,5,Very interactive class.,Positive,2025-04-10
3977,ST0617,F017,SUB027,4,4,4,4,5,4,Very interactive class.,Positive,2025-03-23
3971,ST0100,F012,SUB023,5,4,5,5,5,4,Very interactive class.,Positive,2025-11-04
3963,ST0573,F034,SUB022,4,4,5,4,5,4,Very interactive class.,Positive,2025-11-02
3937,ST0430,F022,SUB030,5,4,4,4,4,5,Very interactive class.,Positive,2025-08-21
3928,ST0239,F026,SUB017,4,5,4,4,4,5,Very interactive class.,Positive,2025-05-16
3918,ST0625,F034,SUB009,4,4,4,4,4,5,Very interactive class.,Positive,2025-01-30
3913,ST0137,F007,SUB002,4,5,5,4,4,4,Very interactive class.,Positive,2025-08-17
3908,ST0883,F003,SUB024,5,5,5,4,5,4,Very interactive class.,Positive,2025-11-01
3905,ST0594,F030,SUB008,4,4,4,5,4,4,Very interactive class.,Positive,2025-12-06
3900,ST0543,F006,SUB007,4,5,4,5,4,4,Very interactive class.,Positive,2025-03-31
4202,ST0395,F004,SUB002,5,5,4,5,5,5,Very interactive class.,Positive,2025-08-01
3880,ST0991,F040,SUB009,5,5,4,4,4,4,Very interactive class.,Positive,2025-12-29
3879,ST0404,F035,SUB017,5,4,4,5,5,4,Very interactive class.,Positive,2025-06-15
4207,ST0501,F033,SUB030,4,5,4,5,5,5,Very interactive class.,Positive,2025-12-09
3877,ST0690,F028,SUB001,4,5,4,4,4,5,Very interactive class.,Positive,2025-09-02
3876,ST0581,F024,SUB007,4,5,4,4,4,4,Very interactive class.,Positive,2025-11-22
3997,ST0430,F040,SUB019,4,4,5,5,5,4,Very interactive class.,Positive,2025-11-08
4210,ST0762,F028,SUB009,5,5,4,5,5,4,Very interactive class.,Positive,2025-04-27
4004,ST0277,F003,SUB013,4,5,5,4,4,4,Very interactive class.,Positive,2025-04-01
4005,ST0805,F001,SUB016,5,4,5,5,4,5,Very interactive class.,Positive,2025-08-04
4150,ST0062,F029,SUB009,4,5,4,4,5,5,Very interactive class.,Positive,2025-04-02
4144,ST0735,F030,SUB024,5,5,4,5,4,5,Very interactive class.,Positive,2025-02-24
4142,ST0736,F036,SUB021,5,4,5,4,4,4,Very interactive class.,Positive,2025-06-02
4140,ST0276,F004,SUB023,5,5,4,4,5,4,Very interactive class.,Positive,2025-09-05
4138,ST0844,F003,SUB007,4,4,4,5,5,5,Very interactive class.,Positive,2025-04-12
4135,ST0856,F026,SUB027,5,4,4,5,4,4,Very interactive class.,Positive,2025-03-01
4128,ST0980,F025,SUB001,4,5,4,4,4,5,Very interactive class.,Positive,2025-03-07
4163,ST0930,F017,SUB025,4,4,4,5,4,4,Very interactive class.,Positive,2025-01-25
4117,ST0330,F010,SUB017,5,5,4,5,5,4,Very interactive class.,Positive,2025-04-14
4166,ST0041,F020,SUB018,4,4,5,5,5,4,Very interactive class.,Positive,2025-11-25
4115,ST0244,F026,SUB018,4,5,5,4,4,5,Very interactive class.,Positive,2025-05-03
4112,ST0313,F040,SUB018,5,4,4,4,5,5,Very interactive class.,Positive,2025-01-05
4096,ST0516,F026,SUB003,4,5,5,5,5,4,Very interactive class.,Positive,2025-12-17
4088,ST0722,F030,SUB015,4,5,5,4,4,5,Very interactive class.,Positive,2025-02-02
4072,ST0863,F036,SUB007,4,5,4,4,4,5,Very interactive class.,Positive,2025-01-13
4065,ST0858,F033,SUB016,4,5,4,5,4,5,Very interactive class.,Positive,2025-09-25
4042,ST0963,F008,SUB007,5,5,4,4,5,5,Very interactive class.,Positive,2025-08-19
4025,ST0214,F009,SUB017,4,4,4,4,4,5,Very interactive class.,Positive,2025-07-14
4015,ST0898,F023,SUB015,4,5,5,5,4,4,Very interactive class.,Positive,2025-02-23
4184,ST0728,F038,SUB026,4,5,5,5,4,4,Very interactive class.,Positive,2025-10-10
3864,ST0926,F026,SUB003,5,5,5,4,4,4,Very interactive class.,Positive,2025-07-27
3860,ST0451,F035,SUB030,4,4,4,5,4,5,Very interactive class.,Positive,2025-03-10
3857,ST0282,F003,SUB010,4,5,5,4,5,5,Very interactive class.,Positive,2025-01-15
3691,ST0594,F038,SUB028,5,5,4,4,4,5,Very interactive class.,Positive,2025-03-19
3688,ST0499,F025,SUB005,5,4,4,4,5,5,Very interactive class.,Positive,2025-08-26
4245,ST0279,F035,SUB026,5,4,4,4,5,4,Very interactive class.,Positive,2025-03-04
3662,ST0116,F003,SUB019,4,4,4,5,4,5,Very interactive class.,Positive,2025-02-21
3660,ST0695,F001,SUB002,5,5,5,4,4,4,Very interactive class.,Positive,2025-02-21
3656,ST0599,F035,SUB006,4,4,4,5,4,4,Very interactive class.,Positive,2025-07-16
3655,ST0365,F016,SUB004,5,5,4,4,4,4,Very interactive class.,Positive,2025-07-16
3652,ST0274,F003,SUB019,5,5,4,4,5,5,Very interactive class.,Positive,2025-03-10
3644,ST0295,F004,SUB027,5,5,4,4,5,5,Very interactive class.,Positive,2025-06-01
3642,ST0226,F027,SUB005,4,4,5,4,4,5,Very interactive class.,Positive,2025-01-01
3641,ST0009,F004,SUB018,5,5,4,4,4,5,Very interactive class.,Positive,2025-12-07
4260,ST0951,F007,SUB029,4,4,4,5,5,4,Very interactive class.,Positive,2025-07-06
3638,ST0641,F031,SUB015,5,4,5,5,5,4,Very interactive class.,Positive,2025-08-18
3632,ST0355,F036,SUB025,5,4,4,4,5,4,Very interactive class.,Positive,2025-10-19
4264,ST0099,F018,SUB017,4,4,5,5,4,5,Very interactive class.,Positive,2025-01-26
4265,ST0520,F016,SUB004,5,4,4,5,5,5,Very interactive class.,Positive,2025-05-11
3628,ST0489,F020,SUB020,5,5,4,5,4,4,Very interactive class.,Positive,2025-07-23
3623,ST0765,F024,SUB008,4,4,4,5,5,4,Very interactive class.,Positive,2025-11-27
3621,ST0825,F031,SUB015,5,4,5,5,5,5,Very interactive class.,Positive,2025-07-13
3694,ST0222,F006,SUB014,5,5,5,4,5,4,Very interactive class.,Positive,2025-02-10
3698,ST0090,F022,SUB013,4,5,4,5,5,4,Very interactive class.,Positive,2025-03-26
3706,ST0697,F035,SUB028,4,5,5,5,4,5,Very interactive class.,Positive,2025-10-10
3712,ST0453,F027,SUB011,5,5,4,5,4,4,Very interactive class.,Positive,2025-05-14
3853,ST0195,F030,SUB029,5,5,5,4,5,4,Very interactive class.,Positive,2025-08-25
3838,ST0140,F031,SUB028,5,5,5,5,4,4,Very interactive class.,Positive,2025-07-29
3831,ST0309,F022,SUB004,4,4,5,4,5,4,Very interactive class.,Positive,2025-08-31
3828,ST0973,F012,SUB017,4,5,4,4,5,4,Very interactive class.,Positive,2025-01-31
4219,ST0572,F028,SUB029,4,5,4,5,4,4,Very interactive class.,Positive,2025-01-25
4220,ST0293,F009,SUB018,4,5,5,4,5,5,Very interactive class.,Positive,2025-12-31
4221,ST0543,F008,SUB020,4,4,5,5,4,4,Very interactive class.,Positive,2025-08-06
3814,ST0635,F030,SUB015,4,5,4,4,5,4,Very interactive class.,Positive,2025-09-21
3812,ST0972,F004,SUB011,5,5,5,4,4,5,Very interactive class.,Positive,2025-10-26
2965,ST0937,F029,SUB029,4,4,4,5,4,5,Very interactive class.,Positive,2025-02-11
3801,ST0101,F027,SUB015,5,4,4,4,4,4,Very interactive class.,Positive,2025-09-21
3795,ST0013,F029,SUB015,5,4,5,4,5,4,Very interactive class.,Positive,2025-03-25
3793,ST0875,F020,SUB001,5,5,5,5,5,5,Very interactive class.,Positive,2025-06-11
3775,ST0223,F005,SUB005,4,5,4,4,5,5,Very interactive class.,Positive,2025-02-27
3750,ST0636,F023,SUB005,5,5,4,4,5,5,Very interactive class.,Positive,2025-09-13
3744,ST0268,F013,SUB017,4,5,5,5,4,5,Very interactive class.,Positive,2025-11-27
3742,ST0680,F038,SUB002,4,5,5,4,4,4,Very interactive class.,Positive,2025-04-14
3730,ST0688,F038,SUB025,5,4,5,4,4,5,Very interactive class.,Positive,2025-06-07
3713,ST0987,F035,SUB028,4,5,4,4,4,4,Very interactive class.,Positive,2025-09-15
4236,ST0807,F025,SUB008,4,4,4,5,4,4,Very interactive class.,Positive,2025-05-18
3799,ST0282,F009,SUB002,5,4,4,5,4,5,Very interactive class.,Positive,2025-04-10
1747,ST0272,F032,SUB024,5,5,5,4,4,4,Very interactive class.,Positive,2025-04-28
2964,ST0036,F014,SUB022,5,5,4,5,5,5,Very interactive class.,Positive,2025-09-13
2947,ST0495,F039,SUB025,4,5,4,5,5,4,Very interactive class.,Positive,2025-08-05
2229,ST0061,F022,SUB008,5,5,5,5,5,4,Very interactive class.,Positive,2025-06-12
4544,ST0388,F035,SUB028,5,4,5,4,5,4,Very interactive class.,Positive,2025-09-13
2221,ST0320,F011,SUB020,5,5,4,5,4,4,Very interactive class.,Positive,2025-08-02
2217,ST0242,F018,SUB005,5,4,5,5,5,4,Very interactive class.,Positive,2025-03-29
2211,ST0013,F039,SUB022,5,4,4,5,5,5,Very interactive class.,Positive,2025-03-18
4549,ST0634,F022,SUB024,5,4,5,4,5,4,Very interactive class.,Positive,2025-12-29
2200,ST0457,F013,SUB025,5,5,4,4,5,4,Very interactive class.,Positive,2025-10-17
2196,ST0381,F015,SUB007,4,4,5,5,4,4,Very interactive class.,Positive,2025-05-28
2195,ST0068,F012,SUB008,5,4,4,4,5,5,Very interactive class.,Positive,2025-09-07
2190,ST0206,F034,SUB013,5,5,4,4,4,5,Very interactive class.,Positive,2025-12-05
2173,ST0222,F020,SUB004,5,5,5,4,4,5,Very interactive class.,Positive,2025-05-25
2169,ST0054,F026,SUB015,5,5,5,5,4,5,Very interactive class.,Positive,2025-12-04
2141,ST0124,F038,SUB001,5,5,5,4,4,4,Very interactive class.,Positive,2025-08-31
4560,ST0966,F016,SUB004,5,4,5,5,5,4,Very interactive class.,Positive,2025-08-30
2137,ST0109,F037,SUB003,4,5,4,4,4,5,Very interactive class.,Positive,2025-07-23
2106,ST0900,F012,SUB014,5,4,4,4,5,5,Very interactive class.,Positive,2025-10-26
2103,ST0570,F035,SUB016,4,5,4,5,5,5,Very interactive class.,Positive,2025-04-20
2090,ST0332,F006,SUB008,5,4,4,5,5,4,Very interactive class.,Positive,2025-01-11
2084,ST0389,F040,SUB013,4,5,4,5,5,4,Very interactive class.,Positive,2025-03-06
2232,ST0422,F039,SUB019,4,5,5,5,5,5,Very interactive class.,Positive,2025-07-30
4572,ST0775,F015,SUB006,5,5,4,5,5,4,Very interactive class.,Positive,2025-01-12
2254,ST0637,F035,SUB014,4,5,5,4,4,4,Very interactive class.,Positive,2025-04-28
2281,ST0610,F007,SUB023,5,4,4,4,4,5,Very interactive class.,Positive,2025-12-25
2451,ST0118,F022,SUB022,5,4,4,5,4,4,Very interactive class.,Positive,2025-07-08
2449,ST0041,F026,SUB016,4,5,5,5,4,4,Very interactive class.,Positive,2025-09-12
2444,ST0181,F040,SUB023,5,4,4,5,5,4,Very interactive class.,Positive,2025-03-29
2432,ST0552,F024,SUB024,4,4,5,4,5,5,Very interactive class.,Positive,2025-12-14
4518,ST0980,F034,SUB020,5,5,4,5,5,4,Very interactive class.,Positive,2025-04-04
2414,ST0934,F012,SUB018,5,4,5,5,5,4,Very interactive class.,Positive,2025-11-13
2412,ST0923,F037,SUB013,4,5,5,4,5,4,Very interactive class.,Positive,2025-07-20
2402,ST0106,F002,SUB005,4,4,4,5,4,5,Very interactive class.,Positive,2025-10-31
2382,ST0371,F010,SUB024,4,5,4,4,4,5,Very interactive class.,Positive,2025-01-29
2379,ST0286,F033,SUB008,4,4,4,5,4,5,Very interactive class.,Positive,2025-01-08
4527,ST0876,F007,SUB001,5,5,5,5,5,4,Very interactive class.,Positive,2025-12-17
2348,ST0785,F009,SUB024,5,4,4,5,5,5,Very interactive class.,Positive,2025-04-23
2325,ST0923,F013,SUB005,5,5,4,4,5,4,Very interactive class.,Positive,2025-06-13
2310,ST0729,F006,SUB009,4,5,5,4,4,5,Very interactive class.,Positive,2025-06-29
2308,ST0644,F001,SUB027,4,4,4,4,4,5,Very interactive class.,Positive,2025-09-16
2291,ST0218,F002,SUB018,5,4,5,4,4,4,Very interactive class.,Positive,2025-09-20
2289,ST0022,F021,SUB022,5,5,5,4,4,4,Very interactive class.,Positive,2025-11-21
2286,ST0390,F019,SUB007,5,4,4,5,4,4,Very interactive class.,Positive,2025-10-23
2282,ST0116,F005,SUB014,5,4,5,4,5,4,Very interactive class.,Positive,2025-05-11
2262,ST0162,F024,SUB008,4,4,4,4,4,5,Very interactive class.,Positive,2025-08-19
2455,ST0203,F017,SUB020,4,5,4,5,4,5,Very interactive class.,Positive,2025-01-19
2070,ST0496,F020,SUB012,4,4,5,4,4,5,Very interactive class.,Positive,2025-10-01
4153,ST0645,F027,SUB007,5,5,5,5,4,4,Very interactive class.,Positive,2025-11-03
1863,ST0051,F004,SUB022,5,4,4,5,5,5,Very interactive class.,Positive,2025-08-03
1856,ST0292,F026,SUB012,4,4,5,5,4,5,Very interactive class.,Positive,2025-02-20
1853,ST0120,F037,SUB027,5,5,5,4,4,4,Very interactive class.,Positive,2025-08-24
4611,ST0969,F034,SUB022,5,5,4,4,5,5,Very interactive class.,Positive,2025-06-23
1850,ST0345,F018,SUB015,4,5,4,5,5,5,Very interactive class.,Positive,2025-05-26
1849,ST0415,F002,SUB021,4,5,4,4,5,5,Very interactive class.,Positive,2025-04-19
1839,ST0500,F038,SUB028,5,5,5,4,5,5,Very interactive class.,Positive,2025-05-09
1836,ST0637,F032,SUB019,5,4,4,4,5,4,Very interactive class.,Positive,2025-07-23
4616,ST0656,F037,SUB017,4,4,5,4,5,4,Very interactive class.,Positive,2025-10-01
1830,ST0273,F028,SUB027,4,5,4,5,4,4,Very interactive class.,Positive,2025-02-06
4619,ST0738,F010,SUB009,5,5,4,4,5,5,Very interactive class.,Positive,2025-11-08
1820,ST0874,F011,SUB023,5,4,5,5,4,4,Very interactive class.,Positive,2025-10-09
1812,ST0658,F011,SUB029,4,5,5,5,4,4,Very interactive class.,Positive,2025-11-08
1802,ST0628,F006,SUB029,5,4,5,4,4,4,Very interactive class.,Positive,2025-05-05
1798,ST0023,F030,SUB001,4,5,4,5,4,5,Very interactive class.,Positive,2025-12-18
1794,ST0810,F001,SUB022,4,4,5,5,4,5,Very interactive class.,Positive,2025-12-06
1789,ST0966,F024,SUB017,5,5,4,5,5,5,Very interactive class.,Positive,2025-06-10
4628,ST0111,F007,SUB023,5,4,4,4,5,5,Very interactive class.,Positive,2025-08-26
1754,ST0046,F021,SUB024,5,4,4,4,5,5,Very interactive class.,Positive,2025-09-27
1870,ST0384,F034,SUB027,5,4,5,5,4,4,Very interactive class.,Positive,2025-05-21
2059,ST0917,F013,SUB024,5,4,5,4,4,5,Very interactive class.,Positive,2025-08-16
1883,ST0638,F016,SUB027,5,4,4,4,4,4,Very interactive class.,Positive,2025-10-05
1921,ST0530,F026,SUB021,5,4,5,5,5,4,Very interactive class.,Positive,2025-12-25
2055,ST0606,F040,SUB027,4,4,5,4,4,4,Very interactive class.,Positive,2025-04-27
2042,ST0361,F003,SUB012,5,4,4,4,5,4,Very interactive class.,Positive,2025-11-23
4580,ST0446,F036,SUB023,5,4,4,5,5,5,Very interactive class.,Positive,2025-11-05
2040,ST0273,F036,SUB012,5,4,4,5,5,5,Very interactive class.,Positive,2025-01-31
2027,ST0442,F003,SUB009,4,5,4,5,5,4,Very interactive class.,Positive,2025-04-18
2014,ST0809,F039,SUB029,5,4,5,4,4,4,Very interactive class.,Positive,2025-01-17
2004,ST0620,F039,SUB021,5,5,5,5,5,4,Very interactive class.,Positive,2025-04-27
2001,ST0215,F006,SUB019,4,5,4,5,4,5,Very interactive class.,Positive,2025-05-02
1993,ST0180,F023,SUB003,5,4,4,5,4,5,Very interactive class.,Positive,2025-05-22
1992,ST0786,F016,SUB021,5,5,5,5,4,4,Very interactive class.,Positive,2025-07-24
1958,ST0555,F017,SUB008,5,5,5,5,4,4,Very interactive class.,Positive,2025-06-26
1951,ST0266,F022,SUB024,5,5,4,5,4,5,Very interactive class.,Positive,2025-06-01
1950,ST0017,F020,SUB030,5,5,4,5,5,5,Very interactive class.,Positive,2025-04-12
1932,ST0251,F002,SUB006,4,5,4,4,5,4,Very interactive class.,Positive,2025-11-29
1929,ST0243,F027,SUB022,4,4,4,5,5,5,Very interactive class.,Positive,2025-04-30
1927,ST0311,F023,SUB005,5,4,5,4,4,4,Very interactive class.,Positive,2025-02-16
1924,ST0544,F007,SUB025,5,5,4,5,4,5,Very interactive class.,Positive,2025-06-22
4596,ST0374,F020,SUB005,4,5,5,5,5,4,Very interactive class.,Positive,2025-03-30
1923,ST0436,F018,SUB011,4,5,5,5,5,4,Very interactive class.,Positive,2025-09-25
1900,ST0740,F020,SUB021,4,5,5,4,4,5,Very interactive class.,Positive,2025-01-04
2460,ST0931,F024,SUB023,4,4,4,5,4,5,Very interactive class.,Positive,2025-04-20
2461,ST0477,F017,SUB002,4,4,5,4,4,5,Very interactive class.,Positive,2025-10-20
4507,ST0261,F019,SUB028,4,4,5,5,5,5,Very interactive class.,Positive,2025-02-25
4418,ST0998,F012,SUB016,5,5,5,5,5,5,Very interactive class.,Positive,2025-03-14
2815,ST0996,F010,SUB029,4,4,4,5,5,5,Very interactive class.,Positive,2025-05-29
2813,ST0482,F029,SUB028,4,4,5,4,5,5,Very interactive class.,Positive,2025-03-01
2809,ST0581,F002,SUB025,5,4,4,5,5,4,Very interactive class.,Positive,2025-06-22
2808,ST0830,F034,SUB029,4,4,4,5,5,4,Very interactive class.,Positive,2025-11-10
2802,ST0927,F022,SUB010,5,4,5,5,4,4,Very interactive class.,Positive,2025-03-27
2800,ST0699,F016,SUB016,5,5,4,4,4,4,Very interactive class.,Positive,2025-10-02
2791,ST0486,F038,SUB026,4,4,5,5,5,4,Very interactive class.,Positive,2025-09-19
2771,ST0367,F034,SUB003,5,5,5,5,4,5,Very interactive class.,Positive,2025-07-22
2763,ST0621,F019,SUB024,5,4,5,5,4,4,Very interactive class.,Positive,2025-08-27
2746,ST0927,F016,SUB016,4,4,5,4,4,4,Very interactive class.,Positive,2025-11-30
4434,ST0122,F021,SUB018,5,5,5,4,4,4,Very interactive class.,Positive,2025-03-20
2738,ST0601,F015,SUB024,5,4,5,4,4,5,Very interactive class.,Positive,2025-06-28
4436,ST0628,F005,SUB019,4,5,4,5,4,5,Very interactive class.,Positive,2025-11-09
4441,ST0855,F002,SUB006,4,4,4,4,5,4,Very interactive class.,Positive,2025-12-28
2713,ST0417,F004,SUB010,5,5,5,4,5,5,Very interactive class.,Positive,2025-11-16
2709,ST0478,F024,SUB006,5,4,5,4,4,5,Very interactive class.,Positive,2025-07-31
4445,ST0203,F029,SUB016,4,4,4,4,4,5,Very interactive class.,Positive,2025-08-16
2707,ST0910,F007,SUB023,4,5,4,5,4,5,Very interactive class.,Positive,2025-11-08
2817,ST0066,F027,SUB017,5,4,5,5,4,4,Very interactive class.,Positive,2025-12-20
2706,ST0837,F004,SUB007,5,5,5,5,5,4,Very interactive class.,Positive,2025-08-10
2818,ST0843,F016,SUB014,4,5,4,5,4,4,Very interactive class.,Positive,2025-09-10
2823,ST0914,F036,SUB014,5,5,4,4,5,5,Very interactive class.,Positive,2025-10-19
2946,ST0648,F020,SUB005,4,4,4,4,5,4,Very interactive class.,Positive,2025-05-01
2936,ST0995,F033,SUB029,4,4,4,4,4,4,Very interactive class.,Positive,2025-11-12
2930,ST0124,F022,SUB007,5,4,5,5,5,4,Very interactive class.,Positive,2025-11-29
2922,ST0332,F024,SUB002,5,5,5,5,5,4,Very interactive class.,Positive,2025-07-04
2919,ST0852,F029,SUB008,5,4,5,4,5,4,Very interactive class.,Positive,2025-08-17
2917,ST0976,F032,SUB002,4,5,4,5,5,4,Very interactive class.,Positive,2025-03-13
2916,ST0630,F005,SUB021,4,4,5,4,4,5,Very interactive class.,Positive,2025-09-05
2911,ST0741,F007,SUB010,5,5,4,5,5,5,Very interactive class.,Positive,2025-03-13
2908,ST0801,F027,SUB019,4,5,4,4,4,5,Very interactive class.,Positive,2025-11-16
4399,ST0952,F006,SUB001,5,5,5,5,4,5,Very interactive class.,Positive,2025-07-02
2905,ST0890,F031,SUB028,4,5,5,5,5,5,Very interactive class.,Positive,2025-09-30
2884,ST0538,F007,SUB006,5,4,5,5,4,4,Very interactive class.,Positive,2025-02-02
2865,ST0023,F030,SUB019,5,4,5,5,5,4,Very interactive class.,Positive,2025-09-21
2861,ST0071,F017,SUB005,4,5,4,4,4,5,Very interactive class.,Positive,2025-12-13
2858,ST0427,F021,SUB020,5,4,4,4,5,5,Very interactive class.,Positive,2025-06-19
4409,ST0737,F036,SUB008,5,5,5,4,4,5,Very interactive class.,Positive,2025-09-04
4410,ST0153,F002,SUB009,4,4,5,5,4,5,Very interactive class.,Positive,2025-01-01
2826,ST0219,F027,SUB018,5,5,5,4,4,5,Very interactive class.,Positive,2025-08-29
2825,ST0527,F005,SUB028,5,4,4,5,4,4,Very interactive class.,Positive,2025-03-18
2819,ST0465,F008,SUB030,4,5,4,5,5,4,Very interactive class.,Positive,2025-01-24
2703,ST0824,F036,SUB020,5,5,5,4,4,5,Very interactive class.,Positive,2025-09-16
2701,ST0561,F040,SUB008,5,4,5,5,5,5,Very interactive class.,Positive,2025-11-23
4450,ST0337,F023,SUB016,4,5,4,5,4,4,Very interactive class.,Positive,2025-08-03
2559,ST0526,F025,SUB025,4,4,4,5,4,5,Very interactive class.,Positive,2025-11-29
2550,ST1000,F012,SUB017,4,5,4,5,4,4,Very interactive class.,Positive,2025-08-24
2532,ST0116,F021,SUB013,5,4,5,4,5,4,Very interactive class.,Positive,2025-04-08
2530,ST0277,F036,SUB021,4,4,5,5,4,4,Very interactive class.,Positive,2025-08-25
2518,ST0564,F004,SUB017,4,5,4,5,5,5,Very interactive class.,Positive,2025-04-29
2501,ST0133,F040,SUB030,4,4,5,4,5,4,Very interactive class.,Positive,2025-11-22
4490,ST0526,F038,SUB001,4,5,5,5,5,5,Very interactive class.,Positive,2025-07-12
2488,ST0505,F021,SUB004,5,5,5,4,5,4,Very interactive class.,Positive,2025-05-31
2486,ST0760,F006,SUB007,5,5,5,5,5,4,Very interactive class.,Positive,2025-03-28
4497,ST0645,F015,SUB013,4,5,5,5,4,5,Very interactive class.,Positive,2025-06-11
2484,ST0491,F009,SUB004,5,5,5,5,4,4,Very interactive class.,Positive,2025-09-06
2483,ST0526,F021,SUB022,4,5,5,4,5,4,Very interactive class.,Positive,2025-03-24
2480,ST0569,F024,SUB018,5,4,5,5,4,4,Very interactive class.,Positive,2025-07-19
2476,ST0058,F010,SUB001,5,5,5,4,4,4,Very interactive class.,Positive,2025-01-29
2474,ST0998,F013,SUB017,5,4,5,5,4,5,Very interactive class.,Positive,2025-09-16
4503,ST0185,F005,SUB003,5,4,5,4,4,5,Very interactive class.,Positive,2025-08-12
2471,ST0132,F026,SUB025,5,4,4,5,5,5,Very interactive class.,Positive,2025-07-03
2468,ST0653,F012,SUB016,5,5,5,4,4,4,Very interactive class.,Positive,2025-12-11
2462,ST0655,F028,SUB030,4,4,4,4,5,5,Very interactive class.,Positive,2025-05-26
2582,ST0825,F006,SUB015,4,4,5,4,5,4,Very interactive class.,Positive,2025-12-03
2596,ST0316,F013,SUB030,4,5,5,4,5,5,Very interactive class.,Positive,2025-12-30
2598,ST0292,F036,SUB017,4,4,4,4,4,4,Very interactive class.,Positive,2025-06-23
2599,ST0470,F023,SUB010,5,4,4,4,5,5,Very interactive class.,Positive,2025-02-25
2700,ST0648,F020,SUB022,4,4,4,4,4,5,Very interactive class.,Positive,2025-05-22
2686,ST0292,F037,SUB030,4,5,5,5,5,4,Very interactive class.,Positive,2025-02-08
4454,ST0721,F030,SUB015,4,5,5,4,5,4,Very interactive class.,Positive,2025-02-19
4455,ST0318,F021,SUB016,5,5,4,5,5,4,Very interactive class.,Positive,2025-11-19
4457,ST0807,F018,SUB016,4,4,4,5,4,5,Very interactive class.,Positive,2025-12-12
2664,ST0546,F020,SUB020,5,5,5,5,4,5,Very interactive class.,Positive,2025-04-03
2661,ST0024,F032,SUB019,5,4,4,4,5,4,Very interactive class.,Positive,2025-03-03
2658,ST0453,F033,SUB005,5,5,5,4,5,4,Very interactive class.,Positive,2025-03-20
2657,ST0084,F040,SUB016,4,4,5,4,4,4,Very interactive class.,Positive,2025-12-16
2955,ST0491,F005,SUB002,4,5,4,5,5,4,Very interactive class.,Positive,2025-09-21
2654,ST0959,F011,SUB022,4,5,5,5,4,4,Very interactive class.,Positive,2025-05-29
2652,ST0460,F019,SUB011,4,5,5,5,4,4,Very interactive class.,Positive,2025-11-07
2647,ST0386,F029,SUB016,5,4,4,5,5,4,Very interactive class.,Positive,2025-05-16
2646,ST0019,F023,SUB003,5,5,5,5,5,5,Very interactive class.,Positive,2025-07-16
2644,ST0427,F013,SUB021,4,5,4,4,4,4,Very interactive class.,Positive,2025-02-27
2641,ST1000,F036,SUB029,5,5,5,5,4,5,Very interactive class.,Positive,2025-11-24
2628,ST0556,F005,SUB012,4,5,4,4,5,4,Very interactive class.,Positive,2025-06-02
2616,ST0997,F010,SUB011,4,4,4,5,5,5,Very interactive class.,Positive,2025-03-14
2614,ST0755,F035,SUB007,4,5,4,5,4,5,Very interactive class.,Positive,2025-05-11
2604,ST0723,F024,SUB023,5,5,4,4,5,4,Very interactive class.,Positive,2025-07-06
4464,ST0511,F034,SUB022,4,5,5,4,5,4,Very interactive class.,Positive,2025-10-07
5000,ST0943,F034,SUB026,4,4,5,4,5,5,Very interactive class.,Positive,2025-02-06
