Feedback_ID,Student_ID,Faculty_ID,Subject_ID,Teaching,Communication,Practical,Notes,Interaction,Overall,Comment,Sentiment,Date
1,ST0252,F032,SUB029,4,3,3,3,3,3,Need more examples.,Neutral,2025-03-16
2,ST0368,F029,SUB025,3,3,3,4,3,4,Average teaching experience.,Neutral,2025-06-13
3,ST0354,F038,SUB013,5,5,4,4,4,5,Excellent teaching and explanation.,Positive,2025-05-18
4,ST0719,F019,SUB020,5,4,5,5,4,4,Very interactive class.,Positive,2025-10-05
5,ST0291,F007,SUB011,5,4,4,5,5,4,Very interactive class.,Positive,2025-09-21
6,ST0927,F002,SUB024,5,4,5,4,4,4,Great practical sessions.,Positive,2025-02-12
7,ST0044,F040,SUB030,5,5,5,4,4,5,Great practical sessions.,Positive,2025-09-10
8,ST0940,F027,SUB013,4,5,4,5,5,4,Helpful and supportive faculty.,Positive,2025-10-27
9,ST0195,F012,SUB029,4,4,5,4,5,5,Concepts explained clearly.,Positive,2025-09-07
10,ST1000,F022,SUB012,3,4,3,3,3,4,Satisfactory explanation.,Neutral,2025-03-15
11,ST0795,F027,SUB015,5,4,4,4,5,5,Excellent teaching and explanation.,Positive,2025-12-01
12,ST0754,F025,SUB003,4,4,4,4,3,3,Satisfactory explanation.,Neutral,2025-07-24
13,ST0504,F002,SUB022,5,4,4,4,5,4,Concepts explained clearly.,Positive,2025-10-15
14,ST0414,F011,SUB005,4,4,4,4,5,4,Concepts explained clearly.,Positive,2025-06-25
15,ST0573,F021,SUB001,4,4,4,4,4,4,Satisfactory explanation.,Neutral,2025-03-05
16,ST0626,F001,SUB005,4,4,5,4,4,5,Great practical sessions.,Positive,2025-09-09
17,ST0707,F012,SUB018,4,4,4,5,5,5,Excellent teaching and explanation.,Positive,2025-06-15
18,ST0812,F016,SUB009,4,4,4,4,5,5,Great practical sessions.,Positive,2025-08-10
19,ST0654,F002,SUB025,5,4,4,4,4,4,Very interactive class.,Positive,2025-10-21
20,ST0074,F015,SUB007,3,4,4,4,3,3,Can improve interaction.,Neutral,2025-07-30
21,ST0780,F039,SUB004,4,3,3,3,3,4,Average teaching experience.,Neutral,2025-12-29
22,ST0302,F031,SUB020,3,3,3,3,3,3,Satisfactory explanation.,Neutral,2025-08-14
23,ST0511,F040,SUB012,5,4,4,5,4,5,Concepts explained clearly.,Positive,2025-03-14
24,ST0536,F030,SUB011,2,1,1,2,2,1,Needs improvement in teaching.,Negative,2025-10-08
25,ST0848,F022,SUB023,5,4,5,5,4,4,Great practical sessions.,Positive,2025-12-02
26,ST0065,F002,SUB012,4,4,4,4,5,4,Very interactive class.,Positive,2025-06-26
27,ST0445,F026,SUB005,5,5,4,4,4,4,Helpful and supportive faculty.,Positive,2025-12-30
28,ST0754,F009,SUB018,4,3,3,4,3,4,Average teaching experience.,Neutral,2025-11-09
29,ST0765,F003,SUB022,1,1,2,2,2,2,Practicals were insufficient.,Negative,2025-11-01
30,ST0339,F017,SUB017,5,5,4,4,5,5,Concepts explained clearly.,Positive,2025-08-20
31,ST0336,F020,SUB019,4,5,4,5,4,4,Concepts explained clearly.,Positive,2025-09-17
32,ST0367,F014,SUB003,4,5,5,4,5,4,Concepts explained clearly.,Positive,2025-06-28
33,ST0632,F035,SUB027,1,1,1,2,2,2,Class was not engaging.,Negative,2025-08-12
34,ST0323,F032,SUB010,3,3,4,3,3,4,Class was okay.,Neutral,2025-05-22
35,ST0760,F032,SUB030,5,5,4,5,4,5,Concepts explained clearly.,Positive,2025-11-20
36,ST0375,F030,SUB002,2,1,2,1,1,1,Needs improvement in teaching.,Negative,2025-04-09
37,ST0016,F032,SUB001,2,1,2,1,2,1,Needs better communication.,Negative,2025-04-19
38,ST0796,F019,SUB028,3,4,3,3,3,3,Average teaching experience.,Neutral,2025-10-04
39,ST0546,F018,SUB016,3,4,4,4,4,3,Average teaching experience.,Neutral,2025-11-21
40,ST0773,F009,SUB029,5,4,4,5,4,5,Great practical sessions.,Positive,2025-01-21
41,ST0124,F020,SUB019,4,4,5,4,5,4,Helpful and supportive faculty.,Positive,2025-10-05
42,ST0898,F014,SUB007,5,4,5,4,4,5,Great practical sessions.,Positive,2025-10-21
43,ST0914,F009,SUB001,3,3,3,3,4,3,Need more examples.,Neutral,2025-11-15
44,ST0395,F026,SUB024,4,5,5,4,5,4,Concepts explained clearly.,Positive,2025-08-24
45,ST0191,F020,SUB018,4,5,4,4,5,4,Excellent teaching and explanation.,Positive,2025-02-13
46,ST0364,F025,SUB017,5,4,4,5,5,4,Great practical sessions.,Positive,2025-07-14
47,ST0895,F031,SUB028,4,4,4,4,5,5,Very interactive class.,Positive,2025-09-01
48,ST0831,F011,SUB020,3,4,3,3,4,4,Average teaching experience.,Neutral,2025-10-21
49,ST0004,F001,SUB010,4,5,5,5,4,4,Very interactive class.,Positive,2025-12-13
50,ST0573,F036,SUB027,5,4,5,5,5,5,Great practical sessions.,Positive,2025-09-17
51,ST0319,F031,SUB013,4,4,5,4,5,5,Great practical sessions.,Positive,2025-06-15
52,ST0678,F009,SUB005,4,4,4,4,4,4,Need more examples.,Neutral,2025-11-16
53,ST0725,F008,SUB005,1,1,2,1,1,2,Needs improvement in teaching.,Negative,2025-06-01
54,ST0987,F034,SUB012,5,4,5,4,5,4,Excellent teaching and explanation.,Positive,2025-05-14
55,ST0091,F016,SUB017,4,3,3,3,4,3,Average teaching experience.,Neutral,2025-07-06
56,ST0528,F038,SUB011,4,5,5,4,4,4,Helpful and supportive faculty.,Positive,2025-06-05
57,ST0699,F034,SUB006,4,5,4,4,4,4,Helpful and supportive faculty.,Positive,2025-01-04
58,ST0024,F012,SUB022,4,4,4,4,3,3,Satisfactory explanation.,Neutral,2025-06-16
59,ST0287,F022,SUB024,5,4,4,4,5,4,Helpful and supportive faculty.,Positive,2025-07-02
60,ST0954,F025,SUB024,5,4,4,5,4,5,Very interactive class.,Positive,2025-02-13
61,ST0815,F026,SUB024,5,4,5,5,4,5,Very interactive class.,Positive,2025-05-03
62,ST0866,F002,SUB011,1,1,1,1,1,2,Class was not engaging.,Negative,2025-10-05
63,ST0557,F002,SUB013,5,5,4,4,4,5,Excellent teaching and explanation.,Positive,2025-11-27
64,ST0650,F023,SUB026,4,4,4,4,5,4,Concepts explained clearly.,Positive,2025-05-17
65,ST0718,F026,SUB014,1,2,2,2,1,1,Practicals were insufficient.,Negative,2025-07-07
66,ST0193,F013,SUB015,2,1,1,2,1,1,Needs better communication.,Negative,2025-12-18
67,ST0122,F032,SUB029,5,5,4,4,4,4,Very interactive class.,Positive,2025-09-05
68,ST0892,F009,SUB030,4,4,3,3,3,4,Need more examples.,Neutral,2025-09-09
69,ST0352,F003,SUB026,4,4,5,4,4,5,Concepts explained clearly.,Positive,2025-09-18
70,ST0157,F015,SUB016,5,4,4,5,5,5,Very interactive class.,Positive,2025-11-12
71,ST0643,F040,SUB019,3,4,3,4,3,3,Need more examples.,Neutral,2025-08-02
72,ST0026,F018,SUB009,4,4,4,5,5,4,Concepts explained clearly.,Positive,2025-05-09
73,ST0724,F019,SUB025,5,5,4,4,4,5,Excellent teaching and explanation.,Positive,2025-10-26
74,ST0550,F018,SUB023,4,4,4,3,4,4,Average teaching experience.,Neutral,2025-09-20
75,ST0130,F015,SUB017,1,1,1,2,2,1,Needs improvement in teaching.,Negative,2025-02-28
76,ST0589,F011,SUB013,4,4,5,4,5,5,Great practical sessions.,Positive,2025-02-28
77,ST0304,F037,SUB022,5,4,5,5,5,4,Helpful and supportive faculty.,Positive,2025-04-03
78,ST0532,F002,SUB029,5,5,5,5,4,4,Very interactive class.,Positive,2025-12-18
79,ST0743,F015,SUB009,5,4,5,5,5,4,Very interactive class.,Positive,2025-01-31
80,ST0788,F011,SUB026,5,5,4,4,4,4,Helpful and supportive faculty.,Positive,2025-07-06
81,ST0692,F014,SUB009,4,5,5,4,4,4,Excellent teaching and explanation.,Positive,2025-10-15
82,ST0833,F032,SUB022,4,5,4,4,4,5,Helpful and supportive faculty.,Positive,2025-11-07
83,ST0080,F027,SUB014,5,4,5,5,5,4,Great practical sessions.,Positive,2025-02-19
84,ST0630,F020,SUB027,4,5,4,5,5,4,Helpful and supportive faculty.,Positive,2025-08-13
85,ST0980,F007,SUB019,3,3,4,4,3,4,Class was okay.,Neutral,2025-11-28
86,ST0770,F022,SUB016,4,4,5,5,4,4,Very interactive class.,Positive,2025-01-26
87,ST0091,F032,SUB008,3,3,3,3,4,3,Satisfactory explanation.,Neutral,2025-06-28
88,ST0770,F035,SUB030,5,5,5,4,4,4,Great practical sessions.,Positive,2025-03-12
89,ST0115,F009,SUB005,4,5,4,5,4,5,Helpful and supportive faculty.,Positive,2025-03-13
90,ST0192,F021,SUB020,5,5,4,5,4,5,Concepts explained clearly.,Positive,2025-04-25
91,ST0554,F031,SUB002,5,4,4,4,5,5,Great practical sessions.,Positive,2025-03-13
92,ST0226,F027,SUB022,4,3,4,4,4,4,Class was okay.,Neutral,2025-08-11
93,ST0554,F002,SUB010,3,3,3,4,4,4,Need more examples.,Neutral,2025-04-29
94,ST0670,F021,SUB022,1,2,2,2,1,1,Needs better communication.,Negative,2025-12-01
95,ST0842,F034,SUB016,4,5,5,5,5,4,Excellent teaching and explanation.,Positive,2025-09-18
96,ST0879,F040,SUB028,5,5,4,5,4,5,Concepts explained clearly.,Positive,2025-03-19
97,ST0809,F036,SUB026,4,4,4,5,5,5,Very interactive class.,Positive,2025-02-17
98,ST0480,F016,SUB013,4,4,4,4,4,3,Satisfactory explanation.,Neutral,2025-03-05
99,ST0763,F004,SUB021,3,3,4,3,4,4,Average teaching experience.,Neutral,2025-10-24
100,ST0849,F003,SUB022,4,4,5,4,5,4,Helpful and supportive faculty.,Positive,2025-03-13
101,ST0548,F027,SUB025,4,4,5,5,5,4,Helpful and supportive faculty.,Positive,2025-10-10
102,ST0761,F015,SUB025,4,5,5,5,4,4,Excellent teaching and explanation.,Positive,2025-12-12
103,ST0541,F014,SUB009,5,4,5,4,5,4,Concepts explained clearly.,Positive,2025-01-19
104,ST0908,F003,SUB021,4,3,3,3,4,3,Satisfactory explanation.,Neutral,2025-10-06
105,ST0196,F031,SUB011,5,5,4,4,5,5,Very interactive class.,Positive,2025-11-12
106,ST0052,F011,SUB013,3,3,3,3,3,4,Satisfactory explanation.,Neutral,2025-07-25
107,ST0886,F021,SUB004,5,5,5,5,4,5,Excellent teaching and explanation.,Positive,2025-02-22
108,ST0269,F026,SUB007,5,4,5,5,4,4,Concepts explained clearly.,Positive,2025-04-20
109,ST0100,F014,SUB008,5,5,5,4,5,4,Very interactive class.,Positive,2025-12-17
110,ST0138,F027,SUB005,4,4,5,4,5,4,Great practical sessions.,Positive,2025-06-12
111,ST0850,F035,SUB018,4,4,3,3,3,4,Need more examples.,Neutral,2025-04-16
112,ST0330,F002,SUB013,5,5,4,5,4,4,Excellent teaching and explanation.,Positive,2025-07-04
113,ST0640,F023,SUB028,5,5,4,4,5,5,Concepts explained clearly.,Positive,2025-09-17
114,ST0140,F038,SUB012,5,5,5,5,4,5,Great practical sessions.,Positive,2025-01-27
115,ST0134,F015,SUB014,4,5,4,4,4,5,Very interactive class.,Positive,2025-05-17
116,ST0744,F004,SUB029,3,3,4,3,4,4,Satisfactory explanation.,Neutral,2025-01-19
117,ST0350,F033,SUB015,4,4,4,4,4,4,Can improve interaction.,Neutral,2025-11-15
118,ST0291,F009,SUB026,5,5,4,4,5,4,Helpful and supportive faculty.,Positive,2025-06-10
119,ST0623,F012,SUB026,1,1,1,1,1,2,Class was not engaging.,Negative,2025-02-28
120,ST0128,F025,SUB009,4,4,5,4,5,5,Excellent teaching and explanation.,Positive,2025-09-23
121,ST0889,F025,SUB010,1,2,1,2,2,2,Practicals were insufficient.,Negative,2025-10-25
122,ST0881,F004,SUB018,5,5,4,4,5,5,Very interactive class.,Positive,2025-09-11
123,ST0092,F037,SUB002,4,3,3,4,3,4,Average teaching experience.,Neutral,2025-07-15
124,ST0075,F018,SUB006,5,5,4,4,4,5,Excellent teaching and explanation.,Positive,2025-06-23
125,ST0501,F002,SUB003,4,5,4,5,4,5,Very interactive class.,Positive,2025-09-26
126,ST0372,F015,SUB016,4,5,5,5,4,5,Very interactive class.,Positive,2025-07-04
127,ST0220,F035,SUB014,5,4,4,4,5,5,Excellent teaching and explanation.,Positive,2025-12-30
128,ST0998,F034,SUB006,4,4,5,4,4,5,Helpful and supportive faculty.,Positive,2025-04-26
129,ST0428,F013,SUB026,3,3,3,3,3,4,Average teaching experience.,Neutral,2025-03-30
130,ST0636,F013,SUB030,4,4,4,4,5,5,Great practical sessions.,Positive,2025-02-27
131,ST0710,F022,SUB030,5,5,5,5,4,4,Great practical sessions.,Positive,2025-04-20
132,ST0005,F004,SUB016,4,3,4,4,3,3,Need more examples.,Neutral,2025-01-20
133,ST0519,F034,SUB015,4,3,3,3,4,3,Need more examples.,Neutral,2025-10-05
134,ST0940,F012,SUB012,4,5,4,5,4,4,Very interactive class.,Positive,2025-03-15
135,ST0476,F028,SUB023,1,1,2,2,1,1,Needs improvement in teaching.,Negative,2025-08-27
136,ST0331,F003,SUB024,5,5,4,5,5,5,Excellent teaching and explanation.,Positive,2025-08-09
137,ST0658,F026,SUB015,5,5,4,5,5,5,Very interactive class.,Positive,2025-12-17
138,ST0079,F003,SUB006,4,5,5,4,5,5,Helpful and supportive faculty.,Positive,2025-11-21
139,ST0959,F012,SUB005,5,4,5,5,5,4,Excellent teaching and explanation.,Positive,2025-09-26
140,ST0126,F030,SUB026,2,2,2,1,1,2,Concepts not explained clearly.,Negative,2025-11-13
141,ST0821,F014,SUB026,5,4,4,5,5,4,Very interactive class.,Positive,2025-06-17
142,ST0627,F018,SUB020,5,5,5,5,5,4,Great practical sessions.,Positive,2025-11-01
143,ST0808,F022,SUB006,4,4,5,5,5,4,Concepts explained clearly.,Positive,2025-07-24
144,ST0974,F006,SUB018,3,3,4,4,3,3,Need more examples.,Neutral,2025-11-09
145,ST0012,F011,SUB022,4,4,4,4,3,3,Need more examples.,Neutral,2025-12-11
146,ST0685,F007,SUB006,4,4,3,3,3,3,Average teaching experience.,Neutral,2025-08-14
147,ST0335,F013,SUB018,3,4,3,4,4,4,Average teaching experience.,Neutral,2025-04-13
148,ST0972,F010,SUB007,5,4,4,5,4,4,Great practical sessions.,Positive,2025-02-03
149,ST0187,F002,SUB029,3,4,3,3,4,3,Class was okay.,Neutral,2025-01-07
150,ST0153,F012,SUB020,5,4,5,5,5,5,Concepts explained clearly.,Positive,2025-02-02
151,ST0924,F007,SUB015,5,4,4,4,5,4,Helpful and supportive faculty.,Positive,2025-12-10
152,ST0217,F022,SUB027,5,4,4,5,4,4,Very interactive class.,Positive,2025-05-26
153,ST0525,F028,SUB020,2,1,1,2,1,2,Needs improvement in teaching.,Negative,2025-07-07
154,ST0165,F030,SUB004,4,4,4,4,5,4,Excellent teaching and explanation.,Positive,2025-12-07
155,ST0311,F023,SUB003,5,4,4,5,5,4,Helpful and supportive faculty.,Positive,2025-11-10
156,ST0198,F012,SUB003,4,3,4,4,4,4,Class was okay.,Neutral,2025-01-27
157,ST0249,F028,SUB015,4,5,4,5,5,4,Very interactive class.,Positive,2025-11-14
158,ST0441,F026,SUB013,5,5,4,5,4,4,Concepts explained clearly.,Positive,2025-12-27
159,ST0145,F007,SUB006,4,3,3,4,3,3,Class was okay.,Neutral,2025-07-07
160,ST0674,F039,SUB004,4,5,5,5,4,5,Very interactive class.,Positive,2025-08-12
161,ST0851,F027,SUB003,5,4,4,4,4,4,Very interactive class.,Positive,2025-09-25
162,ST0014,F005,SUB016,5,5,5,5,5,4,Very interactive class.,Positive,2025-03-16
163,ST0645,F021,SUB018,5,5,5,5,4,5,Very interactive class.,Positive,2025-11-13
164,ST0096,F013,SUB006,5,4,5,5,5,4,Great practical sessions.,Positive,2025-12-30
165,ST0672,F021,SUB009,3,4,4,4,4,3,Class was okay.,Neutral,2025-06-12
166,ST0679,F028,SUB019,5,5,4,5,4,5,Excellent teaching and explanation.,Positive,2025-04-14
167,ST0346,F033,SUB017,4,3,4,4,3,4,Class was okay.,Neutral,2025-12-02
168,ST0907,F033,SUB020,4,5,5,4,5,4,Great practical sessions.,Positive,2025-12-31
169,ST0210,F035,SUB022,4,4,3,3,4,3,Class was okay.,Neutral,2025-11-21
170,ST0796,F036,SUB025,5,5,4,4,4,5,Helpful and supportive faculty.,Positive,2025-07-30
171,ST0850,F008,SUB003,4,4,5,4,5,5,Excellent teaching and explanation.,Positive,2025-06-19
172,ST0119,F035,SUB023,5,4,5,4,4,5,Very interactive class.,Positive,2025-01-22
173,ST0272,F012,SUB024,5,4,5,4,4,4,Great practical sessions.,Positive,2025-09-15
174,ST0927,F019,SUB018,3,4,4,4,4,3,Average teaching experience.,Neutral,2025-09-07
175,ST0306,F033,SUB022,2,1,1,1,1,2,Class was not engaging.,Negative,2025-08-04
176,ST0435,F030,SUB022,4,5,4,5,4,4,Very interactive class.,Positive,2025-02-23
177,ST0717,F021,SUB027,4,5,4,5,5,5,Very interactive class.,Positive,2025-05-09
178,ST0396,F022,SUB015,4,5,4,5,4,4,Very interactive class.,Positive,2025-12-25
179,ST0419,F035,SUB011,5,5,5,5,4,5,Concepts explained clearly.,Positive,2025-08-22
180,ST0663,F004,SUB014,4,5,5,4,5,4,Great practical sessions.,Positive,2025-12-28
181,ST0467,F037,SUB007,4,5,4,5,4,4,Excellent teaching and explanation.,Positive,2025-08-21
182,ST0711,F029,SUB006,2,2,2,2,2,1,Practicals were insufficient.,Negative,2025-11-28
183,ST0121,F014,SUB009,4,4,4,5,5,4,Concepts explained clearly.,Positive,2025-08-05
184,ST0430,F013,SUB013,4,4,4,4,5,4,Excellent teaching and explanation.,Positive,2025-01-27
185,ST0136,F021,SUB015,5,5,4,4,5,5,Great practical sessions.,Positive,2025-07-22
186,ST0602,F028,SUB018,4,3,3,3,3,3,Class was okay.,Neutral,2025-09-25
187,ST0078,F012,SUB021,5,5,5,4,4,4,Excellent teaching and explanation.,Positive,2025-07-24
188,ST0076,F018,SUB018,5,4,5,5,5,4,Helpful and supportive faculty.,Positive,2025-09-23
189,ST0080,F010,SUB009,4,4,4,5,4,5,Excellent teaching and explanation.,Positive,2025-07-04
190,ST0492,F013,SUB002,5,4,4,5,4,4,Excellent teaching and explanation.,Positive,2025-08-22
191,ST0399,F029,SUB029,5,5,4,5,4,4,Helpful and supportive faculty.,Positive,2025-11-28
192,ST0793,F005,SUB012,5,5,5,4,4,5,Helpful and supportive faculty.,Positive,2025-02-03
193,ST0066,F013,SUB004,2,2,1,2,1,1,Class was not engaging.,Negative,2025-01-27
194,ST0400,F034,SUB030,3,3,3,4,4,4,Average teaching experience.,Neutral,2025-09-15
195,ST0991,F020,SUB001,3,3,3,4,4,4,Class was okay.,Neutral,2025-03-24
196,ST0833,F018,SUB015,3,4,4,3,3,3,Can improve interaction.,Neutral,2025-05-06
197,ST0658,F030,SUB011,3,4,4,4,4,3,Class was okay.,Neutral,2025-12-06
198,ST0803,F040,SUB009,5,5,4,4,4,4,Helpful and supportive faculty.,Positive,2025-11-02
199,ST0800,F031,SUB022,4,3,4,3,3,3,Average teaching experience.,Neutral,2025-07-19
200,ST0757,F001,SUB014,4,5,4,4,4,4,Very interactive class.,Positive,2025-05-08
201,ST0607,F019,SUB007,4,4,4,5,5,5,Great practical sessions.,Positive,2025-09-25
202,ST0479,F001,SUB002,5,4,5,4,5,5,Helpful and supportive faculty.,Positive,2025-09-03
203,ST0171,F011,SUB020,2,1,1,2,2,1,Needs improvement in teaching.,Negative,2025-07-18
204,ST0131,F034,SUB007,4,3,4,3,4,3,Class was okay.,Neutral,2025-12-19
205,ST0830,F031,SUB023,5,5,4,5,4,5,Concepts explained clearly.,Positive,2025-06-26
206,ST0697,F026,SUB016,5,5,4,5,4,4,Helpful and supportive faculty.,Positive,2025-06-14
207,ST0872,F009,SUB018,4,5,4,4,4,4,Great practical sessions.,Positive,2025-07-14
208,ST0611,F032,SUB023,5,5,5,5,4,5,Great practical sessions.,Positive,2025-10-06
209,ST0324,F002,SUB001,2,1,2,1,1,2,Class was not engaging.,Negative,2025-02-27
210,ST0959,F016,SUB001,5,5,4,5,4,5,Concepts explained clearly.,Positive,2025-12-16
211,ST0394,F017,SUB007,5,5,4,5,5,5,Concepts explained clearly.,Positive,2025-03-01
212,ST0215,F021,SUB028,5,5,5,4,5,5,Concepts explained clearly.,Positive,2025-12-17
213,ST0112,F027,SUB003,4,4,4,5,5,4,Very interactive class.,Positive,2025-07-23
214,ST0047,F025,SUB024,5,4,4,5,4,5,Great practical sessions.,Positive,2025-09-25
215,ST0642,F036,SUB019,4,5,5,4,4,4,Very interactive class.,Positive,2025-12-12
216,ST0193,F035,SUB009,4,4,4,5,5,4,Great practical sessions.,Positive,2025-10-16
217,ST0116,F006,SUB017,1,2,1,1,1,2,Class was not engaging.,Negative,2025-08-18
218,ST0581,F011,SUB002,4,4,4,4,5,4,Great practical sessions.,Positive,2025-09-18
219,ST0874,F038,SUB027,5,4,5,4,5,5,Concepts explained clearly.,Positive,2025-12-31
220,ST0404,F020,SUB015,5,5,5,5,4,5,Concepts explained clearly.,Positive,2025-09-23
221,ST0001,F011,SUB028,4,5,4,5,4,4,Great practical sessions.,Positive,2025-12-19
222,ST0548,F039,SUB005,5,5,4,5,5,4,Excellent teaching and explanation.,Positive,2025-12-10
223,ST0546,F007,SUB003,5,4,4,4,4,5,Helpful and supportive faculty.,Positive,2025-06-29
224,ST0776,F008,SUB020,4,5,5,5,4,4,Very interactive class.,Positive,2025-10-03
225,ST0160,F002,SUB016,5,5,4,5,4,5,Concepts explained clearly.,Positive,2025-11-15
226,ST0155,F020,SUB006,5,5,4,4,4,5,Concepts explained clearly.,Positive,2025-10-27
227,ST0348,F003,SUB025,1,2,1,2,1,1,Practicals were insufficient.,Negative,2025-11-10
228,ST0380,F016,SUB005,5,5,4,5,4,4,Excellent teaching and explanation.,Positive,2025-07-17
229,ST0461,F024,SUB025,5,5,4,5,5,4,Helpful and supportive faculty.,Positive,2025-10-04
230,ST0923,F029,SUB004,4,5,5,5,4,5,Concepts explained clearly.,Positive,2025-07-20
231,ST0203,F009,SUB003,4,5,4,4,5,5,Very interactive class.,Positive,2025-05-27
232,ST0980,F034,SUB006,4,3,3,4,3,3,Average teaching experience.,Neutral,2025-12-04
233,ST0634,F024,SUB030,5,4,5,4,4,5,Excellent teaching and explanation.,Positive,2025-07-28
234,ST0065,F029,SUB010,1,2,2,1,1,1,Concepts not explained clearly.,Negative,2025-09-12
235,ST0102,F031,SUB026,3,4,3,3,4,3,Class was okay.,Neutral,2025-10-24
236,ST0694,F007,SUB011,5,5,4,5,4,4,Concepts explained clearly.,Positive,2025-11-29
237,ST0535,F005,SUB011,4,4,5,5,4,4,Great practical sessions.,Positive,2025-10-27
238,ST0913,F009,SUB025,5,5,4,5,4,4,Very interactive class.,Positive,2025-08-16
239,ST0498,F025,SUB001,3,4,4,3,3,4,Average teaching experience.,Neutral,2025-03-28
240,ST0167,F012,SUB014,4,4,4,4,3,4,Can improve interaction.,Neutral,2025-01-04
241,ST0849,F036,SUB007,1,2,2,1,2,2,Class was not engaging.,Negative,2025-07-12
242,ST0169,F002,SUB027,4,4,4,5,5,5,Very interactive class.,Positive,2025-01-18
243,ST0875,F024,SUB008,4,5,5,4,5,4,Excellent teaching and explanation.,Positive,2025-06-10
244,ST0988,F017,SUB023,5,4,5,4,5,4,Helpful and supportive faculty.,Positive,2025-11-28
245,ST0326,F038,SUB013,4,4,5,5,5,4,Very interactive class.,Positive,2025-09-18
246,ST0605,F014,SUB004,3,4,3,4,4,4,Average teaching experience.,Neutral,2025-02-17
247,ST0032,F001,SUB011,4,5,4,5,5,4,Concepts explained clearly.,Positive,2025-08-31
248,ST0190,F028,SUB016,4,4,4,4,4,5,Excellent teaching and explanation.,Positive,2025-07-24
249,ST0451,F002,SUB012,4,4,5,4,4,4,Great practical sessions.,Positive,2025-08-17
250,ST0602,F011,SUB015,4,5,5,4,4,4,Very interactive class.,Positive,2025-12-12
251,ST0062,F011,SUB022,4,4,5,4,4,5,Great practical sessions.,Positive,2025-08-17
252,ST0301,F027,SUB016,4,5,5,5,4,5,Very interactive class.,Positive,2025-02-09
253,ST0243,F009,SUB025,4,4,4,3,3,4,Class was okay.,Neutral,2025-03-11
254,ST0838,F030,SUB006,3,3,3,4,3,3,Need more examples.,Neutral,2025-12-15
255,ST0405,F012,SUB030,3,4,4,4,4,4,Need more examples.,Neutral,2025-10-23
256,ST0673,F005,SUB001,4,5,4,4,4,4,Very interactive class.,Positive,2025-10-30
257,ST0907,F035,SUB005,4,4,5,4,4,4,Helpful and supportive faculty.,Positive,2025-10-19
258,ST0218,F033,SUB022,5,4,4,5,5,5,Helpful and supportive faculty.,Positive,2025-03-22
259,ST0473,F033,SUB023,4,5,5,5,4,4,Great practical sessions.,Positive,2025-02-28
260,ST0528,F021,SUB004,4,4,4,4,4,4,Excellent teaching and explanation.,Positive,2025-02-06
261,ST0089,F019,SUB008,4,5,5,4,5,5,Very interactive class.,Positive,2025-11-22
262,ST0738,F026,SUB024,5,5,4,5,5,4,Great practical sessions.,Positive,2025-11-27
263,ST0407,F013,SUB012,4,4,4,4,5,4,Helpful and supportive faculty.,Positive,2025-10-11
264,ST0147,F001,SUB012,3,3,3,4,3,3,Need more examples.,Neutral,2025-08-01
265,ST0703,F019,SUB026,5,4,4,5,5,4,Great practical sessions.,Positive,2025-03-14
266,ST0337,F027,SUB009,5,4,5,5,5,5,Concepts explained clearly.,Positive,2025-09-02
267,ST0623,F034,SUB009,5,5,4,5,4,5,Excellent teaching and explanation.,Positive,2025-02-25
268,ST0280,F038,SUB007,5,4,4,5,5,4,Helpful and supportive faculty.,Positive,2025-07-03
269,ST0476,F019,SUB005,5,4,5,4,4,4,Great practical sessions.,Positive,2025-02-06
270,ST0503,F022,SUB022,4,4,5,5,5,5,Great practical sessions.,Positive,2025-08-13
271,ST0216,F026,SUB001,5,5,4,5,5,5,Helpful and supportive faculty.,Positive,2025-05-17
272,ST0527,F005,SUB025,3,4,4,3,4,3,Average teaching experience.,Neutral,2025-05-30
273,ST0612,F037,SUB023,3,4,3,4,3,4,Satisfactory explanation.,Neutral,2025-11-16
274,ST0037,F009,SUB019,4,3,4,3,3,3,Satisfactory explanation.,Neutral,2025-10-16
275,ST0135,F007,SUB001,5,5,4,5,5,4,Great practical sessions.,Positive,2025-04-21
276,ST0780,F008,SUB020,4,5,5,5,4,5,Very interactive class.,Positive,2025-02-06
277,ST0734,F027,SUB027,5,5,4,4,4,4,Concepts explained clearly.,Positive,2025-05-02
278,ST0236,F005,SUB010,4,5,5,5,4,4,Concepts explained clearly.,Positive,2025-11-12
279,ST0858,F012,SUB008,4,3,3,4,4,3,Class was okay.,Neutral,2025-02-19
280,ST0171,F018,SUB006,4,4,4,4,4,4,Excellent teaching and explanation.,Positive,2025-01-26
281,ST0702,F036,SUB022,5,4,4,4,4,4,Excellent teaching and explanation.,Positive,2025-02-14
282,ST0574,F027,SUB021,4,4,4,5,4,4,Helpful and supportive faculty.,Positive,2025-05-11
283,ST0706,F004,SUB007,4,5,5,4,4,5,Very interactive class.,Positive,2025-01-21
284,ST0339,F038,SUB018,5,5,4,4,4,4,Excellent teaching and explanation.,Positive,2025-08-05
285,ST0462,F036,SUB003,4,5,4,4,4,4,Great practical sessions.,Positive,2025-02-03
286,ST0902,F021,SUB026,4,4,3,3,4,3,Class was okay.,Neutral,2025-04-30
287,ST0617,F007,SUB029,4,5,4,5,5,5,Concepts explained clearly.,Positive,2025-10-29
288,ST0722,F013,SUB009,3,3,4,3,4,3,Satisfactory explanation.,Neutral,2025-03-15
289,ST0897,F029,SUB028,3,3,3,3,4,3,Satisfactory explanation.,Neutral,2025-07-20
290,ST0425,F021,SUB023,5,5,5,5,5,5,Concepts explained clearly.,Positive,2025-01-20
291,ST0405,F008,SUB011,4,4,4,3,3,4,Average teaching experience.,Neutral,2025-06-07
292,ST0682,F031,SUB013,5,4,5,5,5,5,Very interactive class.,Positive,2025-07-25
293,ST0268,F009,SUB014,4,5,4,4,4,4,Great practical sessions.,Positive,2025-04-06
294,ST0024,F019,SUB020,4,5,5,4,5,5,Very interactive class.,Positive,2025-03-21
295,ST0630,F005,SUB025,5,4,5,4,4,4,Excellent teaching and explanation.,Positive,2025-02-17
296,ST0210,F025,SUB011,5,4,5,4,4,4,Concepts explained clearly.,Positive,2025-07-05
297,ST0085,F005,SUB018,5,5,5,5,4,4,Very interactive class.,Positive,2025-08-07
298,ST0972,F007,SUB025,4,5,4,5,5,4,Concepts explained clearly.,Positive,2025-08-25
299,ST0930,F005,SUB008,4,4,5,4,5,4,Very interactive class.,Positive,2025-04-13
300,ST0939,F013,SUB023,5,5,5,4,5,5,Very interactive class.,Positive,2025-04-25
301,ST0551,F023,SUB029,4,4,4,4,4,4,Helpful and supportive faculty.,Positive,2025-02-27
302,ST0274,F009,SUB030,5,4,4,5,5,5,Great practical sessions.,Positive,2025-10-31
303,ST0036,F034,SUB006,4,5,5,4,4,4,Great practical sessions.,Positive,2025-07-09
304,ST0594,F014,SUB016,5,4,4,4,5,4,Excellent teaching and explanation.,Positive,2025-10-29
305,ST0208,F027,SUB009,3,3,3,3,4,3,Can improve interaction.,Neutral,2025-02-13
306,ST0581,F007,SUB002,2,1,2,1,2,2,Practicals were insufficient.,Negative,2025-10-10
307,ST0538,F040,SUB019,4,5,5,4,4,5,Excellent teaching and explanation.,Positive,2025-08-09
308,ST0025,F038,SUB001,2,2,1,1,1,2,Needs better communication.,Negative,2025-11-16
309,ST0202,F037,SUB012,5,4,5,5,4,4,Very interactive class.,Positive,2025-05-14
310,ST0104,F001,SUB001,4,5,4,4,5,5,Concepts explained clearly.,Positive,2025-12-09
311,ST0031,F036,SUB030,3,3,3,4,4,3,Class was okay.,Neutral,2025-10-29
312,ST0901,F016,SUB013,3,3,4,4,4,3,Average teaching experience.,Neutral,2025-03-02
313,ST0088,F023,SUB012,4,4,4,5,4,4,Very interactive class.,Positive,2025-06-17
314,ST0411,F001,SUB014,4,3,4,4,4,3,Can improve interaction.,Neutral,2025-03-04
315,ST0912,F029,SUB007,4,5,4,4,4,5,Excellent teaching and explanation.,Positive,2025-05-03
316,ST0253,F014,SUB025,4,5,4,5,4,4,Concepts explained clearly.,Positive,2025-05-28
317,ST0428,F004,SUB030,2,1,1,1,2,1,Concepts not explained clearly.,Negative,2025-11-14
318,ST0001,F033,SUB005,5,5,4,4,5,4,Great practical sessions.,Positive,2025-08-11
319,ST0345,F010,SUB012,3,3,3,4,3,3,Satisfactory explanation.,Neutral,2025-04-24
320,ST0851,F030,SUB028,3,3,3,4,4,4,Need more examples.,Neutral,2025-06-01
321,ST0953,F039,SUB006,5,4,4,4,5,5,Very interactive class.,Positive,2025-03-30
322,ST0775,F002,SUB025,4,4,5,4,5,4,Great practical sessions.,Positive,2025-07-27
323,ST0950,F013,SUB030,2,2,1,2,1,1,Needs improvement in teaching.,Negative,2025-08-05
324,ST0032,F008,SUB001,5,5,4,5,4,5,Great practical sessions.,Positive,2025-11-07
325,ST0813,F002,SUB021,1,1,2,1,2,2,Class was not engaging.,Negative,2025-08-18
326,ST0812,F030,SUB011,3,4,4,3,3,4,Average teaching experience.,Neutral,2025-04-24
327,ST0021,F008,SUB004,4,5,5,4,4,4,Great practical sessions.,Positive,2025-02-14
328,ST0583,F028,SUB014,5,4,4,5,5,4,Helpful and supportive faculty.,Positive,2025-11-08
329,ST0309,F036,SUB004,5,4,5,5,5,5,Very interactive class.,Positive,2025-04-28
330,ST0263,F036,SUB024,4,4,4,4,5,5,Helpful and supportive faculty.,Positive,2025-04-03
331,ST0573,F020,SUB023,4,4,3,4,4,4,Average teaching experience.,Neutral,2025-11-28
332,ST0560,F007,SUB021,5,5,4,5,4,5,Very interactive class.,Positive,2025-09-24
333,ST0564,F028,SUB025,3,3,3,4,4,3,Satisfactory explanation.,Neutral,2025-05-22
334,ST0581,F005,SUB002,4,4,3,3,3,3,Average teaching experience.,Neutral,2025-11-24
335,ST0721,F033,SUB027,5,5,4,4,5,5,Great practical sessions.,Positive,2025-11-07
336,ST0249,F035,SUB026,5,4,4,4,4,4,Very interactive class.,Positive,2025-04-16
337,ST0349,F006,SUB008,4,3,3,4,3,4,Need more examples.,Neutral,2025-03-30
338,ST0195,F002,SUB011,5,5,5,5,4,4,Great practical sessions.,Positive,2025-06-07
339,ST0086,F014,SUB022,3,4,3,3,3,3,Satisfactory explanation.,Neutral,2025-12-14
340,ST0271,F036,SUB020,5,5,5,5,5,5,Concepts explained clearly.,Positive,2025-11-29
341,ST0648,F009,SUB001,2,2,1,1,2,1,Practicals were insufficient.,Negative,2025-12-02
342,ST0552,F036,SUB006,4,3,4,4,3,3,Need more examples.,Neutral,2025-04-22
343,ST0621,F007,SUB013,4,4,5,5,5,4,Concepts explained clearly.,Positive,2025-09-20
344,ST0883,F006,SUB011,5,5,4,5,4,5,Very interactive class.,Positive,2025-11-25
345,ST0023,F036,SUB007,4,4,3,4,3,3,Average teaching experience.,Neutral,2025-03-10
346,ST0824,F013,SUB001,5,5,4,4,4,4,Concepts explained clearly.,Positive,2025-03-30
347,ST0955,F005,SUB009,4,4,4,5,4,5,Great practical sessions.,Positive,2025-06-23
348,ST0128,F003,SUB025,5,5,4,4,5,4,Very interactive class.,Positive,2025-07-22
349,ST0930,F023,SUB021,3,3,4,3,4,4,Class was okay.,Neutral,2025-06-04
350,ST0957,F023,SUB017,5,4,4,4,4,4,Excellent teaching and explanation.,Positive,2025-04-11
351,ST0362,F030,SUB007,4,4,4,4,4,5,Helpful and supportive faculty.,Positive,2025-03-31
352,ST0326,F025,SUB007,1,1,2,1,2,2,Needs improvement in teaching.,Negative,2025-08-13
353,ST0723,F011,SUB026,4,4,4,5,5,4,Concepts explained clearly.,Positive,2025-10-21
354,ST0451,F030,SUB018,1,1,1,2,1,1,Concepts not explained clearly.,Negative,2025-11-14
355,ST0864,F011,SUB021,4,5,4,4,4,4,Excellent teaching and explanation.,Positive,2025-11-18
356,ST0616,F031,SUB028,5,5,5,5,4,4,Excellent teaching and explanation.,Positive,2025-06-19
357,ST0261,F040,SUB018,4,4,4,4,4,4,Concepts explained clearly.,Positive,2025-08-23
358,ST0236,F026,SUB019,5,5,4,4,5,5,Helpful and supportive faculty.,Positive,2025-10-05
359,ST0272,F030,SUB020,4,4,3,4,3,4,Need more examples.,Neutral,2025-07-21
360,ST0030,F001,SUB017,4,4,4,4,5,5,Helpful and supportive faculty.,Positive,2025-11-23
361,ST0989,F027,SUB006,4,4,5,5,4,4,Very interactive class.,Positive,2025-09-24
362,ST0249,F006,SUB021,5,4,4,4,4,4,Concepts explained clearly.,Positive,2025-12-30
363,ST0436,F025,SUB016,4,5,4,5,4,5,Great practical sessions.,Positive,2025-12-23
364,ST0965,F040,SUB025,1,2,2,2,2,1,Class was not engaging.,Negative,2025-10-23
365,ST0027,F008,SUB017,5,4,4,4,5,5,Excellent teaching and explanation.,Positive,2025-11-02
366,ST0351,F038,SUB026,4,5,5,4,4,4,Excellent teaching and explanation.,Positive,2025-05-26
367,ST0005,F032,SUB007,4,4,5,4,5,4,Helpful and supportive faculty.,Positive,2025-11-12
368,ST0002,F020,SUB008,5,5,5,4,4,4,Great practical sessions.,Positive,2025-10-12
369,ST0069,F040,SUB006,5,5,4,5,5,5,Very interactive class.,Positive,2025-11-17
370,ST0822,F023,SUB024,3,4,3,4,3,3,Average teaching experience.,Neutral,2025-11-02
371,ST0797,F039,SUB019,2,2,1,1,2,1,Needs improvement in teaching.,Negative,2025-04-16
372,ST0561,F009,SUB003,4,4,4,3,3,4,Average teaching experience.,Neutral,2025-02-08
373,ST0826,F029,SUB009,5,4,4,5,4,4,Helpful and supportive faculty.,Positive,2025-02-15
374,ST0775,F005,SUB009,4,4,4,5,5,4,Excellent teaching and explanation.,Positive,2025-01-21
375,ST0828,F009,SUB007,3,4,4,3,3,3,Average teaching experience.,Neutral,2025-11-08
376,ST0316,F026,SUB028,4,4,5,5,5,4,Very interactive class.,Positive,2025-06-08
377,ST0949,F018,SUB003,4,4,4,4,5,5,Very interactive class.,Positive,2025-12-31
378,ST0433,F027,SUB019,4,4,5,5,5,5,Helpful and supportive faculty.,Positive,2025-03-04
379,ST0591,F026,SUB024,2,1,1,2,1,1,Needs improvement in teaching.,Negative,2025-12-20
380,ST0122,F026,SUB017,3,3,3,3,4,4,Class was okay.,Neutral,2025-04-11
381,ST0541,F027,SUB009,3,3,4,4,4,4,Need more examples.,Neutral,2025-09-25
382,ST0903,F017,SUB029,4,4,4,4,4,3,Need more examples.,Neutral,2025-06-04
383,ST0080,F027,SUB030,5,5,4,4,4,5,Concepts explained clearly.,Positive,2025-01-09
384,ST0361,F033,SUB029,4,4,4,4,4,5,Very interactive class.,Positive,2025-02-13
385,ST0200,F023,SUB006,5,5,4,4,5,4,Concepts explained clearly.,Positive,2025-10-28
386,ST0267,F014,SUB001,4,4,4,5,4,5,Excellent teaching and explanation.,Positive,2025-03-12
387,ST0155,F021,SUB004,1,1,1,2,1,2,Class was not engaging.,Negative,2025-06-22
388,ST0650,F003,SUB009,2,2,1,2,1,2,Class was not engaging.,Negative,2025-11-24
389,ST0499,F017,SUB023,4,5,4,4,4,5,Great practical sessions.,Positive,2025-10-28
390,ST0994,F040,SUB020,4,5,4,5,5,5,Helpful and supportive faculty.,Positive,2025-12-16
391,ST0494,F011,SUB001,4,4,5,5,4,5,Helpful and supportive faculty.,Positive,2025-04-25
392,ST0509,F040,SUB025,5,5,4,4,5,4,Great practical sessions.,Positive,2025-09-08
393,ST0713,F028,SUB018,1,1,2,1,2,2,Needs better communication.,Negative,2025-03-05
394,ST0077,F016,SUB024,5,5,4,4,4,5,Concepts explained clearly.,Positive,2025-11-07
395,ST0529,F012,SUB023,5,4,4,5,5,4,Great practical sessions.,Positive,2025-07-30
396,ST0194,F026,SUB004,2,2,1,1,1,1,Concepts not explained clearly.,Negative,2025-05-08
397,ST0466,F008,SUB026,5,5,4,4,4,4,Excellent teaching and explanation.,Positive,2025-07-23
398,ST0092,F038,SUB005,5,4,5,5,4,5,Excellent teaching and explanation.,Positive,2025-05-23
399,ST0848,F017,SUB029,4,5,4,4,4,4,Helpful and supportive faculty.,Positive,2025-05-11
400,ST0912,F031,SUB026,5,5,5,5,4,5,Very interactive class.,Positive,2025-07-20
401,ST0632,F039,SUB002,4,4,4,4,4,3,Need more examples.,Neutral,2025-02-21
402,ST0519,F017,SUB014,4,4,4,4,3,3,Can improve interaction.,Neutral,2025-05-31
403,ST0490,F019,SUB025,3,3,4,3,4,3,Need more examples.,Neutral,2025-09-09
404,ST0179,F005,SUB003,4,5,5,4,5,5,Very interactive class.,Positive,2025-05-29
405,ST0529,F014,SUB026,5,5,5,5,5,5,Great practical sessions.,Positive,2025-05-29
406,ST0046,F037,SUB009,5,5,5,4,4,4,Helpful and supportive faculty.,Positive,2025-03-24
407,ST0917,F033,SUB005,2,1,2,2,2,2,Class was not engaging.,Negative,2025-01-03
408,ST0953,F035,SUB027,3,4,4,3,4,4,Satisfactory explanation.,Neutral,2025-01-05
409,ST0098,F015,SUB011,5,5,4,4,4,5,Excellent teaching and explanation.,Positive,2025-09-24
410,ST0681,F037,SUB010,5,4,5,5,4,4,Concepts explained clearly.,Positive,2025-02-09
411,ST0390,F029,SUB025,2,1,1,2,1,1,Concepts not explained clearly.,Negative,2025-07-31
412,ST0059,F013,SUB012,4,5,4,4,4,5,Concepts explained clearly.,Positive,2025-02-03
413,ST0009,F012,SUB016,4,5,4,4,4,4,Helpful and supportive faculty.,Positive,2025-01-31
414,ST0259,F004,SUB009,5,5,4,5,4,4,Great practical sessions.,Positive,2025-01-28
415,ST0585,F038,SUB007,4,4,5,4,5,4,Very interactive class.,Positive,2025-07-04
416,ST0565,F025,SUB010,5,4,4,4,5,4,Great practical sessions.,Positive,2025-05-07
417,ST0438,F027,SUB026,5,4,5,5,4,4,Very interactive class.,Positive,2025-08-15
418,ST0482,F003,SUB013,5,4,5,5,4,5,Concepts explained clearly.,Positive,2025-05-29
419,ST0675,F030,SUB003,1,2,2,1,2,2,Concepts not explained clearly.,Negative,2025-12-04
420,ST0774,F010,SUB013,4,5,5,5,5,4,Very interactive class.,Positive,2025-12-10
421,ST0737,F010,SUB019,4,5,4,5,5,5,Concepts explained clearly.,Positive,2025-03-01
422,ST0123,F028,SUB023,4,3,3,4,3,4,Can improve interaction.,Neutral,2025-12-22
423,ST0045,F019,SUB018,1,1,1,2,2,2,Needs better communication.,Negative,2025-05-20
424,ST0044,F001,SUB010,5,5,4,5,4,5,Concepts explained clearly.,Positive,2025-01-22
425,ST0364,F016,SUB019,4,4,5,4,5,5,Excellent teaching and explanation.,Positive,2025-12-02
426,ST0086,F009,SUB018,4,4,4,4,5,5,Helpful and supportive faculty.,Positive,2025-04-27
427,ST0232,F029,SUB011,5,5,5,4,4,5,Great practical sessions.,Positive,2025-03-26
428,ST0660,F024,SUB027,3,4,4,3,4,4,Satisfactory explanation.,Neutral,2025-08-14
429,ST0477,F006,SUB021,4,5,5,4,5,4,Excellent teaching and explanation.,Positive,2025-02-13
430,ST0458,F003,SUB012,5,5,5,4,4,5,Concepts explained clearly.,Positive,2025-01-07
431,ST0246,F032,SUB013,4,5,5,5,4,5,Great practical sessions.,Positive,2025-10-03
432,ST0598,F013,SUB015,1,2,2,2,1,2,Practicals were insufficient.,Negative,2025-03-04
433,ST0668,F017,SUB002,5,5,4,4,5,5,Helpful and supportive faculty.,Positive,2025-11-24
434,ST0358,F001,SUB001,3,4,4,3,4,4,Need more examples.,Neutral,2025-07-29
435,ST0469,F033,SUB024,2,2,1,2,1,1,Needs improvement in teaching.,Negative,2025-01-14
436,ST0661,F037,SUB001,4,4,5,4,5,5,Excellent teaching and explanation.,Positive,2025-09-01
437,ST0551,F022,SUB007,5,5,5,5,4,4,Helpful and supportive faculty.,Positive,2025-06-10
438,ST0649,F002,SUB001,2,2,1,1,1,2,Needs better communication.,Negative,2025-04-21
439,ST0631,F011,SUB018,4,4,5,4,4,4,Great practical sessions.,Positive,2025-04-07
440,ST0183,F016,SUB004,5,5,5,4,4,5,Very interactive class.,Positive,2025-07-07
441,ST0929,F036,SUB029,5,4,5,5,4,5,Excellent teaching and explanation.,Positive,2025-05-22
442,ST0127,F014,SUB003,5,5,5,5,4,5,Concepts explained clearly.,Positive,2025-10-22
443,ST0369,F017,SUB010,4,5,5,4,5,5,Helpful and supportive faculty.,Positive,2025-03-10
444,ST0638,F036,SUB028,5,4,4,4,5,5,Excellent teaching and explanation.,Positive,2025-12-27
445,ST0177,F014,SUB013,5,4,5,4,4,4,Very interactive class.,Positive,2025-07-03
446,ST0564,F033,SUB012,4,5,5,5,5,4,Concepts explained clearly.,Positive,2025-06-10
447,ST0990,F015,SUB014,4,4,4,5,5,5,Great practical sessions.,Positive,2025-01-02
448,ST0026,F013,SUB024,3,4,4,3,4,4,Satisfactory explanation.,Neutral,2025-04-18
449,ST0308,F018,SUB020,5,5,5,5,5,4,Helpful and supportive faculty.,Positive,2025-05-21
450,ST0419,F027,SUB027,4,5,4,4,5,5,Helpful and supportive faculty.,Positive,2025-08-03
451,ST0551,F023,SUB016,4,4,5,5,4,5,Helpful and supportive faculty.,Positive,2025-08-11
452,ST0326,F029,SUB022,4,4,3,3,4,3,Class was okay.,Neutral,2025-11-17
453,ST0429,F016,SUB021,1,1,1,1,1,1,Needs improvement in teaching.,Negative,2025-06-02
454,ST0373,F035,SUB001,2,2,2,2,1,1,Practicals were insufficient.,Negative,2025-09-20
455,ST0779,F016,SUB014,4,4,4,3,4,3,Class was okay.,Neutral,2025-10-26
456,ST0388,F001,SUB004,4,5,5,4,5,4,Excellent teaching and explanation.,Positive,2025-06-04
457,ST0198,F026,SUB013,4,5,4,5,5,5,Excellent teaching and explanation.,Positive,2025-03-31
458,ST0222,F015,SUB015,5,5,5,4,5,4,Great practical sessions.,Positive,2025-08-07
459,ST0366,F039,SUB021,3,4,3,4,3,3,Can improve interaction.,Neutral,2025-11-11
460,ST0209,F029,SUB001,5,5,5,4,5,4,Excellent teaching and explanation.,Positive,2025-10-09
461,ST0474,F009,SUB004,5,4,5,5,5,5,Excellent teaching and explanation.,Positive,2025-04-15
462,ST0593,F020,SUB009,3,4,4,4,3,4,Can improve interaction.,Neutral,2025-11-03
463,ST0472,F007,SUB023,4,5,5,4,4,4,Concepts explained clearly.,Positive,2025-11-15
464,ST0939,F012,SUB022,4,5,5,5,5,5,Very interactive class.,Positive,2025-04-20
465,ST0691,F039,SUB007,4,5,5,5,4,5,Excellent teaching and explanation.,Positive,2025-10-26
466,ST0984,F023,SUB018,4,4,4,4,5,5,Helpful and supportive faculty.,Positive,2025-05-08
467,ST0535,F037,SUB026,4,5,4,5,5,4,Very interactive class.,Positive,2025-07-10
468,ST0057,F011,SUB001,4,4,4,4,3,3,Can improve interaction.,Neutral,2025-03-05
469,ST0309,F022,SUB024,4,4,4,3,3,4,Can improve interaction.,Neutral,2025-05-08
470,ST0212,F037,SUB007,4,3,3,4,3,4,Class was okay.,Neutral,2025-01-19
471,ST0082,F013,SUB001,3,3,3,3,3,3,Satisfactory explanation.,Neutral,2025-02-16
472,ST0310,F033,SUB001,4,4,4,5,4,4,Great practical sessions.,Positive,2025-10-20
473,ST0675,F006,SUB027,5,5,5,4,4,4,Excellent teaching and explanation.,Positive,2025-02-15
474,ST0633,F010,SUB023,5,4,5,5,4,4,Very interactive class.,Positive,2025-12-21
475,ST0145,F015,SUB030,5,5,4,4,4,4,Great practical sessions.,Positive,2025-05-15
476,ST0487,F035,SUB003,5,4,4,5,5,5,Excellent teaching and explanation.,Positive,2025-02-09
477,ST0239,F033,SUB005,4,5,4,5,5,5,Great practical sessions.,Positive,2025-10-06
478,ST0248,F002,SUB006,5,5,5,4,5,4,Concepts explained clearly.,Positive,2025-03-29
479,ST0555,F036,SUB025,5,4,4,5,5,5,Very interactive class.,Positive,2025-01-20
480,ST0039,F003,SUB021,5,5,4,5,5,5,Excellent teaching and explanation.,Positive,2025-02-15
481,ST0972,F012,SUB027,5,4,4,5,4,5,Great practical sessions.,Positive,2025-01-18
482,ST0591,F030,SUB009,4,3,4,3,4,4,Can improve interaction.,Neutral,2025-02-26
483,ST0387,F031,SUB014,2,2,2,1,2,2,Concepts not explained clearly.,Negative,2025-05-16
484,ST0106,F036,SUB024,4,4,5,5,4,4,Concepts explained clearly.,Positive,2025-04-17
485,ST0535,F004,SUB029,4,4,3,4,3,4,Can improve interaction.,Neutral,2025-01-24
486,ST0111,F003,SUB017,4,4,3,4,3,3,Average teaching experience.,Neutral,2025-11-30
487,ST0211,F038,SUB015,5,5,5,5,5,4,Very interactive class.,Positive,2025-05-17
488,ST0516,F039,SUB029,4,5,5,4,4,4,Concepts explained clearly.,Positive,2025-03-13
489,ST0547,F028,SUB001,4,4,4,5,4,4,Great practical sessions.,Positive,2025-01-01
490,ST0644,F018,SUB009,5,5,4,4,5,4,Concepts explained clearly.,Positive,2025-10-04
491,ST0766,F020,SUB016,5,5,5,4,5,5,Very interactive class.,Positive,2025-01-08
492,ST0232,F027,SUB004,4,5,4,4,5,4,Excellent teaching and explanation.,Positive,2025-03-18
493,ST0307,F023,SUB020,3,4,3,3,3,4,Can improve interaction.,Neutral,2025-01-03
494,ST0797,F030,SUB005,2,1,2,1,2,1,Practicals were insufficient.,Negative,2025-04-28
495,ST0115,F010,SUB013,5,5,4,5,4,4,Concepts explained clearly.,Positive,2025-03-19
496,ST0213,F010,SUB016,5,4,5,5,4,5,Helpful and supportive faculty.,Positive,2025-06-01
497,ST0034,F012,SUB008,1,1,2,2,1,1,Practicals were insufficient.,Negative,2025-11-03
498,ST0468,F025,SUB021,2,2,1,1,1,1,Needs improvement in teaching.,Negative,2025-03-18
499,ST0324,F010,SUB005,3,3,3,3,4,3,Average teaching experience.,Neutral,2025-08-10
500,ST0100,F034,SUB007,5,4,5,4,4,5,Excellent teaching and explanation.,Positive,2025-09-09
501,ST0919,F002,SUB012,5,5,4,4,4,5,Great practical sessions.,Positive,2025-05-28
502,ST0093,F027,SUB012,5,5,5,4,4,5,Very interactive class.,Positive,2025-04-25
503,ST0682,F007,SUB012,5,5,4,5,4,5,Concepts explained clearly.,Positive,2025-11-10
504,ST0331,F012,SUB030,4,5,5,5,5,4,Excellent teaching and explanation.,Positive,2025-11-27
505,ST0808,F028,SUB029,1,2,1,2,1,1,Class was not engaging.,Negative,2025-02-12
506,ST0728,F033,SUB013,4,4,4,5,5,4,Great practical sessions.,Positive,2025-05-26
507,ST0874,F019,SUB007,4,5,4,4,4,4,Very interactive class.,Positive,2025-10-18
508,ST0335,F008,SUB020,5,5,4,5,5,5,Helpful and supportive faculty.,Positive,2025-05-03
509,ST0203,F014,SUB007,4,3,4,3,4,4,Need more examples.,Neutral,2025-02-21
510,ST0991,F031,SUB001,4,3,3,4,4,4,Satisfactory explanation.,Neutral,2025-07-14
511,ST0064,F029,SUB026,5,4,4,4,4,5,Excellent teaching and explanation.,Positive,2025-01-20
512,ST0408,F019,SUB029,4,5,4,4,4,5,Concepts explained clearly.,Positive,2025-04-19
513,ST0653,F037,SUB011,4,3,4,3,3,3,Need more examples.,Neutral,2025-02-08
514,ST0159,F040,SUB020,4,4,5,5,5,5,Very interactive class.,Positive,2025-02-07
515,ST0742,F012,SUB028,4,4,5,5,4,4,Concepts explained clearly.,Positive,2025-05-27
516,ST0330,F030,SUB020,4,5,5,5,4,5,Excellent teaching and explanation.,Positive,2025-02-04
517,ST0599,F035,SUB015,4,5,4,4,4,5,Very interactive class.,Positive,2025-08-15
518,ST0413,F011,SUB024,4,3,3,3,3,4,Class was okay.,Neutral,2025-07-20
519,ST0747,F031,SUB014,4,4,5,4,5,4,Very interactive class.,Positive,2025-01-30
520,ST0736,F023,SUB005,1,2,1,2,1,1,Concepts not explained clearly.,Negative,2025-05-15
521,ST0850,F011,SUB017,5,4,5,4,5,5,Very interactive class.,Positive,2025-12-26
522,ST0856,F026,SUB015,5,4,4,5,4,4,Helpful and supportive faculty.,Positive,2025-05-25
523,ST0884,F038,SUB021,4,4,4,4,4,4,Average teaching experience.,Neutral,2025-09-25
524,ST0956,F029,SUB028,5,5,4,5,4,4,Excellent teaching and explanation.,Positive,2025-04-27
525,ST0404,F022,SUB008,1,1,1,2,2,2,Needs better communication.,Negative,2025-11-15
526,ST0966,F040,SUB015,5,4,4,4,4,4,Helpful and supportive faculty.,Positive,2025-02-25
527,ST0803,F040,SUB003,3,3,4,4,4,4,Class was okay.,Neutral,2025-03-11
528,ST0276,F027,SUB017,4,5,5,4,5,4,Very interactive class.,Positive,2025-01-16
529,ST0417,F007,SUB015,5,5,4,5,5,5,Helpful and supportive faculty.,Positive,2025-04-08
530,ST0706,F037,SUB013,3,3,4,4,4,3,Need more examples.,Neutral,2025-04-30
531,ST0574,F003,SUB010,4,4,5,4,5,5,Very interactive class.,Positive,2025-10-11
532,ST0091,F010,SUB008,5,4,4,5,5,5,Concepts explained clearly.,Positive,2025-11-19
533,ST0181,F040,SUB022,4,4,4,5,4,5,Helpful and supportive faculty.,Positive,2025-10-03
534,ST0147,F003,SUB018,4,3,4,4,3,4,Satisfactory explanation.,Neutral,2025-01-14
535,ST0873,F039,SUB004,4,5,5,4,5,5,Helpful and supportive faculty.,Positive,2025-06-06
536,ST0069,F007,SUB003,4,4,3,4,4,3,Can improve interaction.,Neutral,2025-03-14
537,ST0685,F014,SUB002,2,1,2,1,2,1,Practicals were insufficient.,Negative,2025-10-31
538,ST0046,F029,SUB026,4,5,5,5,4,4,Very interactive class.,Positive,2025-06-07
539,ST0475,F027,SUB026,4,4,4,4,4,3,Need more examples.,Neutral,2025-10-18
540,ST0380,F002,SUB015,3,3,4,3,4,4,Can improve interaction.,Neutral,2025-05-21
541,ST0882,F010,SUB012,4,5,5,5,5,4,Great practical sessions.,Positive,2025-02-19
542,ST0567,F004,SUB023,5,4,5,4,5,4,Very interactive class.,Positive,2025-01-10
543,ST0048,F013,SUB029,5,5,5,5,5,4,Very interactive class.,Positive,2025-07-19
544,ST0328,F024,SUB023,5,4,4,5,5,5,Excellent teaching and explanation.,Positive,2025-05-13
545,ST0594,F030,SUB024,5,4,4,5,4,4,Concepts explained clearly.,Positive,2025-09-08
546,ST0442,F037,SUB006,1,1,2,1,2,1,Needs better communication.,Negative,2025-03-27
547,ST0381,F033,SUB020,4,4,4,4,3,3,Satisfactory explanation.,Neutral,2025-08-11
548,ST0005,F016,SUB028,3,3,3,3,3,4,Average teaching experience.,Neutral,2025-05-19
549,ST0273,F036,SUB010,4,4,5,5,5,4,Very interactive class.,Positive,2025-07-23
550,ST0613,F017,SUB028,5,4,5,5,4,5,Excellent teaching and explanation.,Positive,2025-03-25
551,ST0474,F015,SUB005,5,5,4,4,5,4,Very interactive class.,Positive,2025-02-03
552,ST0231,F013,SUB017,2,1,2,2,2,1,Practicals were insufficient.,Negative,2025-04-11
553,ST0469,F028,SUB023,5,5,4,5,5,5,Excellent teaching and explanation.,Positive,2025-08-19
554,ST0047,F001,SUB020,1,2,2,2,2,1,Needs better communication.,Negative,2025-02-19
555,ST0148,F012,SUB012,3,4,3,3,3,3,Can improve interaction.,Neutral,2025-05-23
556,ST0760,F037,SUB022,4,4,5,5,5,4,Great practical sessions.,Positive,2025-10-13
557,ST0923,F015,SUB021,5,5,4,5,4,4,Great practical sessions.,Positive,2025-07-23
558,ST0793,F019,SUB009,4,3,4,4,4,4,Can improve interaction.,Neutral,2025-01-01
559,ST0515,F012,SUB015,5,4,4,5,4,5,Concepts explained clearly.,Positive,2025-11-19
560,ST0759,F033,SUB016,3,3,4,3,3,4,Can improve interaction.,Neutral,2025-04-22
561,ST0902,F030,SUB030,4,4,4,5,5,5,Concepts explained clearly.,Positive,2025-08-23
562,ST0096,F023,SUB017,4,4,5,4,4,5,Concepts explained clearly.,Positive,2025-09-29
563,ST0215,F035,SUB015,3,3,3,3,4,3,Class was okay.,Neutral,2025-05-29
564,ST0909,F001,SUB009,5,4,5,5,5,4,Very interactive class.,Positive,2025-01-21
565,ST0081,F036,SUB019,4,5,4,5,4,5,Great practical sessions.,Positive,2025-11-14
566,ST0453,F038,SUB012,5,5,5,4,4,4,Great practical sessions.,Positive,2025-04-20
567,ST0400,F009,SUB023,4,4,5,4,4,4,Very interactive class.,Positive,2025-04-13
568,ST0295,F011,SUB017,4,4,4,5,4,4,Great practical sessions.,Positive,2025-03-22
569,ST0790,F013,SUB017,2,1,1,2,2,1,Class was not engaging.,Negative,2025-12-09
570,ST0400,F010,SUB023,4,4,4,5,4,4,Excellent teaching and explanation.,Positive,2025-02-24
571,ST0179,F033,SUB027,4,5,5,5,5,5,Helpful and supportive faculty.,Positive,2025-03-17
572,ST0541,F037,SUB012,5,5,5,4,4,5,Helpful and supportive faculty.,Positive,2025-09-27
573,ST0741,F036,SUB025,5,4,4,5,5,5,Very interactive class.,Positive,2025-04-06
574,ST0477,F039,SUB011,4,4,5,4,5,4,Very interactive class.,Positive,2025-03-21
575,ST0568,F020,SUB005,4,5,5,4,5,5,Excellent teaching and explanation.,Positive,2025-01-01
576,ST0075,F018,SUB022,4,4,5,4,4,5,Great practical sessions.,Positive,2025-06-02
577,ST0753,F011,SUB025,4,4,3,3,4,3,Satisfactory explanation.,Neutral,2025-05-14
578,ST0709,F023,SUB015,3,4,4,3,4,3,Can improve interaction.,Neutral,2025-11-24
579,ST0417,F012,SUB027,1,1,1,1,2,2,Concepts not explained clearly.,Negative,2025-05-01
580,ST0378,F029,SUB006,4,4,5,4,4,4,Helpful and supportive faculty.,Positive,2025-12-27
581,ST0945,F019,SUB005,4,4,4,3,3,3,Can improve interaction.,Neutral,2025-08-21
582,ST0522,F023,SUB016,5,4,4,4,4,4,Very interactive class.,Positive,2025-06-27
583,ST0626,F037,SUB030,4,5,4,5,4,5,Excellent teaching and explanation.,Positive,2025-05-24
584,ST0775,F032,SUB023,4,4,5,5,4,5,Helpful and supportive faculty.,Positive,2025-12-04
585,ST0487,F035,SUB028,4,4,3,4,4,3,Need more examples.,Neutral,2025-08-06
586,ST0773,F030,SUB019,3,4,4,3,3,4,Class was okay.,Neutral,2025-09-13
587,ST0102,F005,SUB011,5,5,5,4,4,5,Helpful and supportive faculty.,Positive,2025-10-11
588,ST0037,F020,SUB019,3,4,4,4,3,4,Can improve interaction.,Neutral,2025-04-24
589,ST0826,F038,SUB011,2,1,1,2,1,2,Class was not engaging.,Negative,2025-06-04
590,ST0373,F009,SUB025,5,4,5,5,4,5,Concepts explained clearly.,Positive,2025-07-28
591,ST0657,F031,SUB021,5,5,4,4,5,5,Excellent teaching and explanation.,Positive,2025-07-22
592,ST0215,F013,SUB002,5,5,4,4,4,4,Helpful and supportive faculty.,Positive,2025-04-05
593,ST0176,F040,SUB002,5,4,4,5,4,4,Very interactive class.,Positive,2025-09-23
594,ST0526,F013,SUB019,4,5,5,5,5,5,Excellent teaching and explanation.,Positive,2025-09-02
595,ST0850,F010,SUB027,1,1,1,2,1,2,Concepts not explained clearly.,Negative,2025-08-29
596,ST0911,F023,SUB010,4,4,5,4,4,5,Helpful and supportive faculty.,Positive,2025-01-14
597,ST0398,F034,SUB004,4,4,4,5,4,4,Great practical sessions.,Positive,2025-11-19
598,ST0724,F039,SUB001,4,5,4,5,4,5,Very interactive class.,Positive,2025-03-09
599,ST0672,F017,SUB013,4,4,4,3,3,3,Can improve interaction.,Neutral,2025-09-29
600,ST0255,F033,SUB028,1,2,1,1,1,1,Class was not engaging.,Negative,2025-05-19
601,ST0274,F005,SUB007,4,4,5,4,4,5,Great practical sessions.,Positive,2025-08-31
602,ST0489,F016,SUB018,5,5,5,4,4,5,Helpful and supportive faculty.,Positive,2025-03-07
603,ST0686,F034,SUB025,4,3,4,3,3,4,Can improve interaction.,Neutral,2025-02-11
604,ST0939,F034,SUB016,4,4,3,3,4,4,Need more examples.,Neutral,2025-08-16
605,ST0270,F001,SUB010,1,1,1,2,2,1,Needs improvement in teaching.,Negative,2025-04-29
606,ST0130,F038,SUB013,4,4,3,4,4,4,Need more examples.,Neutral,2025-08-19
607,ST0306,F007,SUB022,4,4,5,4,5,4,Concepts explained clearly.,Positive,2025-05-02
608,ST0229,F005,SUB014,4,4,5,5,4,5,Helpful and supportive faculty.,Positive,2025-08-04
609,ST0971,F029,SUB021,3,3,4,4,3,4,Can improve interaction.,Neutral,2025-11-16
610,ST0774,F034,SUB013,4,4,4,5,5,4,Great practical sessions.,Positive,2025-09-20
611,ST0955,F004,SUB007,5,5,5,4,4,4,Great practical sessions.,Positive,2025-11-15
612,ST0792,F006,SUB006,2,2,1,1,1,1,Class was not engaging.,Negative,2025-10-19
613,ST0715,F032,SUB001,5,5,4,5,5,4,Helpful and supportive faculty.,Positive,2025-02-01
614,ST0055,F007,SUB016,4,5,5,5,5,4,Great practical sessions.,Positive,2025-05-11
615,ST0647,F006,SUB010,4,4,5,5,4,4,Helpful and supportive faculty.,Positive,2025-06-20
616,ST0056,F028,SUB025,4,3,4,3,3,3,Class was okay.,Neutral,2025-07-10
617,ST0669,F018,SUB005,5,4,5,4,4,4,Great practical sessions.,Positive,2025-09-01
618,ST0158,F021,SUB025,5,5,5,5,5,4,Concepts explained clearly.,Positive,2025-05-23
619,ST0497,F036,SUB003,4,5,4,4,4,4,Great practical sessions.,Positive,2025-02-23
620,ST0243,F032,SUB022,5,5,5,4,5,4,Helpful and supportive faculty.,Positive,2025-05-20
621,ST0425,F016,SUB019,1,2,1,1,1,2,Concepts not explained clearly.,Negative,2025-03-25
622,ST0221,F007,SUB022,3,4,3,4,3,4,Class was okay.,Neutral,2025-11-15
623,ST0681,F011,SUB015,4,5,4,4,4,4,Very interactive class.,Positive,2025-07-11
624,ST0211,F011,SUB028,4,5,4,4,4,4,Concepts explained clearly.,Positive,2025-08-20
625,ST0281,F034,SUB004,5,5,5,4,4,5,Great practical sessions.,Positive,2025-08-21
626,ST0439,F017,SUB020,2,2,1,2,1,1,Needs better communication.,Negative,2025-07-28
627,ST0599,F028,SUB022,5,4,5,5,5,4,Concepts explained clearly.,Positive,2025-10-29
628,ST0198,F026,SUB015,3,4,4,3,4,4,Class was okay.,Neutral,2025-06-24
629,ST0964,F006,SUB016,4,5,5,5,5,5,Helpful and supportive faculty.,Positive,2025-06-01
630,ST0780,F005,SUB010,4,4,3,4,4,3,Satisfactory explanation.,Neutral,2025-02-20
631,ST0887,F005,SUB002,4,5,4,5,4,4,Concepts explained clearly.,Positive,2025-01-01
632,ST0903,F007,SUB020,5,4,4,5,5,5,Excellent teaching and explanation.,Positive,2025-01-18
633,ST0270,F010,SUB015,5,4,4,5,4,4,Very interactive class.,Positive,2025-04-03
634,ST0598,F019,SUB028,3,3,3,4,3,4,Satisfactory explanation.,Neutral,2025-09-11
635,ST0962,F020,SUB011,1,1,1,1,1,2,Class was not engaging.,Negative,2025-11-27
636,ST0505,F025,SUB018,4,4,4,4,4,4,Can improve interaction.,Neutral,2025-01-29
637,ST0144,F034,SUB014,4,5,4,4,4,5,Great practical sessions.,Positive,2025-09-02
638,ST0508,F034,SUB013,5,4,4,4,5,4,Concepts explained clearly.,Positive,2025-05-20
639,ST0027,F003,SUB021,2,2,2,2,1,1,Needs better communication.,Negative,2025-01-06
640,ST0837,F003,SUB006,5,4,4,5,5,5,Excellent teaching and explanation.,Positive,2025-08-02
641,ST0147,F011,SUB017,2,2,1,2,2,2,Needs better communication.,Negative,2025-06-04
642,ST0584,F008,SUB012,5,5,4,5,5,5,Excellent teaching and explanation.,Positive,2025-01-04
643,ST0865,F015,SUB017,4,4,5,4,4,5,Excellent teaching and explanation.,Positive,2025-08-03
644,ST0957,F006,SUB003,4,4,3,3,4,3,Can improve interaction.,Neutral,2025-07-06
645,ST0539,F017,SUB017,4,4,5,5,5,4,Concepts explained clearly.,Positive,2025-11-01
646,ST0704,F023,SUB021,4,3,3,3,3,4,Need more examples.,Neutral,2025-02-28
647,ST0283,F016,SUB019,4,4,4,3,3,3,Average teaching experience.,Neutral,2025-02-18
648,ST0119,F016,SUB020,4,4,4,5,4,4,Very interactive class.,Positive,2025-01-08
649,ST0853,F031,SUB015,3,3,4,4,4,4,Class was okay.,Neutral,2025-10-14
650,ST0360,F009,SUB030,5,5,4,4,5,5,Concepts explained clearly.,Positive,2025-01-13
651,ST0459,F032,SUB026,5,4,4,5,4,4,Excellent teaching and explanation.,Positive,2025-08-30
652,ST0735,F026,SUB024,5,5,5,4,4,4,Excellent teaching and explanation.,Positive,2025-03-19
653,ST0595,F009,SUB011,5,4,4,4,5,4,Concepts explained clearly.,Positive,2025-12-31
654,ST0391,F019,SUB026,2,1,2,1,1,2,Class was not engaging.,Negative,2025-12-17
655,ST0347,F035,SUB011,4,5,5,5,5,4,Great practical sessions.,Positive,2025-02-03
656,ST0194,F029,SUB018,4,4,4,5,4,4,Great practical sessions.,Positive,2025-04-06
657,ST0114,F022,SUB026,3,3,4,4,4,3,Class was okay.,Neutral,2025-07-25
658,ST0002,F023,SUB009,4,4,3,3,4,4,Can improve interaction.,Neutral,2025-12-25
659,ST0836,F015,SUB029,5,4,4,4,5,4,Very interactive class.,Positive,2025-10-27
660,ST0733,F021,SUB018,4,4,4,5,5,4,Excellent teaching and explanation.,Positive,2025-09-25
661,ST0431,F022,SUB022,4,4,5,4,5,4,Helpful and supportive faculty.,Positive,2025-08-23
662,ST0117,F001,SUB001,5,5,5,5,4,4,Very interactive class.,Positive,2025-01-19
663,ST0540,F017,SUB028,2,1,1,1,1,2,Needs improvement in teaching.,Negative,2025-08-17
664,ST0814,F032,SUB004,4,4,5,5,4,4,Very interactive class.,Positive,2025-01-16
665,ST0785,F002,SUB023,4,5,4,4,4,4,Great practical sessions.,Positive,2025-12-11
666,ST0436,F036,SUB022,5,4,4,5,4,5,Very interactive class.,Positive,2025-11-22
667,ST0523,F025,SUB020,2,1,2,2,2,2,Needs better communication.,Negative,2025-03-14
668,ST0046,F020,SUB003,3,3,4,4,3,4,Class was okay.,Neutral,2025-06-04
669,ST0830,F025,SUB024,1,2,1,1,2,2,Practicals were insufficient.,Negative,2025-09-21
670,ST0269,F013,SUB028,3,4,3,3,3,4,Class was okay.,Neutral,2025-03-27
671,ST0018,F011,SUB001,3,4,4,4,4,4,Need more examples.,Neutral,2025-06-26
672,ST0918,F037,SUB022,4,3,3,3,3,3,Class was okay.,Neutral,2025-11-04
673,ST0025,F039,SUB007,4,5,5,5,4,5,Great practical sessions.,Positive,2025-03-14
674,ST0898,F012,SUB015,4,4,3,3,4,3,Average teaching experience.,Neutral,2025-02-22
675,ST0913,F035,SUB005,2,1,2,1,1,1,Needs better communication.,Negative,2025-12-30
676,ST0456,F017,SUB026,4,4,4,4,5,5,Great practical sessions.,Positive,2025-05-14
677,ST0642,F019,SUB004,1,2,1,2,1,1,Class was not engaging.,Negative,2025-03-18
678,ST0376,F022,SUB018,4,4,3,4,4,3,Satisfactory explanation.,Neutral,2025-05-24
679,ST0759,F017,SUB020,4,4,4,5,5,5,Great practical sessions.,Positive,2025-01-24
680,ST0326,F029,SUB003,4,3,4,3,4,3,Class was okay.,Neutral,2025-02-11
681,ST0660,F022,SUB029,2,1,2,1,2,2,Practicals were insufficient.,Negative,2025-05-14
682,ST0735,F038,SUB002,4,3,4,3,4,3,Class was okay.,Neutral,2025-01-10
683,ST0295,F014,SUB023,4,5,4,5,4,4,Helpful and supportive faculty.,Positive,2025-10-10
684,ST0843,F013,SUB022,4,4,4,4,3,3,Can improve interaction.,Neutral,2025-09-10
685,ST0332,F040,SUB020,4,5,4,5,4,5,Concepts explained clearly.,Positive,2025-08-31
686,ST0043,F017,SUB008,5,4,4,5,4,5,Concepts explained clearly.,Positive,2025-07-06
687,ST0151,F002,SUB030,4,4,4,4,5,5,Great practical sessions.,Positive,2025-12-12
688,ST0646,F020,SUB022,4,5,5,4,4,5,Very interactive class.,Positive,2025-05-19
689,ST0312,F015,SUB017,3,4,3,4,4,4,Class was okay.,Neutral,2025-10-05
690,ST0929,F002,SUB026,5,4,4,5,4,4,Very interactive class.,Positive,2025-05-06
691,ST0616,F001,SUB020,5,4,4,5,5,5,Concepts explained clearly.,Positive,2025-07-05
692,ST0865,F013,SUB028,4,5,4,5,4,5,Excellent teaching and explanation.,Positive,2025-08-30
693,ST0367,F025,SUB017,5,5,4,5,4,4,Very interactive class.,Positive,2025-06-25
694,ST0767,F031,SUB017,1,2,1,1,2,1,Concepts not explained clearly.,Negative,2025-03-22
695,ST0884,F015,SUB013,4,4,5,4,5,4,Very interactive class.,Positive,2025-09-08
696,ST0756,F003,SUB012,5,4,5,5,5,4,Excellent teaching and explanation.,Positive,2025-10-06
697,ST0001,F027,SUB005,3,4,4,4,4,4,Need more examples.,Neutral,2025-01-06
698,ST0818,F037,SUB024,5,5,5,4,4,5,Concepts explained clearly.,Positive,2025-01-29
699,ST0402,F040,SUB018,4,5,4,4,5,4,Great practical sessions.,Positive,2025-06-26
700,ST0386,F026,SUB003,5,4,4,4,5,4,Excellent teaching and explanation.,Positive,2025-08-28
701,ST0754,F037,SUB007,2,1,1,1,2,2,Needs better communication.,Negative,2025-02-02
702,ST0364,F005,SUB008,4,3,4,3,4,3,Satisfactory explanation.,Neutral,2025-04-20
703,ST0638,F030,SUB025,3,3,4,4,4,3,Average teaching experience.,Neutral,2025-02-14
704,ST0262,F036,SUB006,5,4,4,4,5,5,Helpful and supportive faculty.,Positive,2025-03-27
705,ST0937,F025,SUB027,3,3,3,3,3,3,Class was okay.,Neutral,2025-03-30
706,ST0495,F002,SUB019,3,3,3,4,3,4,Satisfactory explanation.,Neutral,2025-04-03
707,ST0837,F008,SUB014,2,1,1,2,2,2,Needs improvement in teaching.,Negative,2025-01-19
708,ST0315,F006,SUB025,4,3,3,4,3,3,Class was okay.,Neutral,2025-05-06
709,ST0560,F008,SUB026,1,1,2,2,2,2,Needs improvement in teaching.,Negative,2025-12-22
710,ST0366,F001,SUB021,2,1,1,1,1,2,Concepts not explained clearly.,Negative,2025-11-09
711,ST0104,F007,SUB018,4,4,4,5,5,4,Very interactive class.,Positive,2025-01-14
712,ST0446,F031,SUB009,4,5,5,5,5,5,Helpful and supportive faculty.,Positive,2025-02-27
713,ST0692,F029,SUB027,5,5,4,4,4,4,Great practical sessions.,Positive,2025-05-22
714,ST0321,F028,SUB023,1,1,1,1,2,2,Needs improvement in teaching.,Negative,2025-01-26
715,ST0787,F040,SUB021,4,4,3,3,3,3,Satisfactory explanation.,Neutral,2025-04-16
716,ST0885,F022,SUB004,4,3,3,3,4,3,Can improve interaction.,Neutral,2025-07-30
717,ST0513,F020,SUB028,4,5,4,5,5,4,Very interactive class.,Positive,2025-04-01
718,ST0522,F036,SUB024,4,5,5,4,4,5,Helpful and supportive faculty.,Positive,2025-09-24
719,ST0992,F005,SUB017,5,4,4,4,4,5,Very interactive class.,Positive,2025-02-13
720,ST0987,F002,SUB006,2,1,1,2,1,1,Needs improvement in teaching.,Negative,2025-04-06
721,ST0697,F033,SUB005,3,3,3,3,4,4,Need more examples.,Neutral,2025-02-01
722,ST0053,F027,SUB024,1,1,1,1,2,2,Needs better communication.,Negative,2025-08-09
723,ST0150,F004,SUB022,4,3,4,4,3,4,Average teaching experience.,Neutral,2025-03-07
724,ST0188,F040,SUB012,4,4,5,4,4,5,Very interactive class.,Positive,2025-11-23
725,ST0120,F017,SUB010,5,5,4,5,4,5,Concepts explained clearly.,Positive,2025-02-27
726,ST0618,F008,SUB020,4,5,4,5,5,5,Helpful and supportive faculty.,Positive,2025-09-01
727,ST0900,F008,SUB015,2,2,2,1,2,2,Practicals were insufficient.,Negative,2025-10-23
728,ST0658,F035,SUB004,1,2,2,2,1,1,Needs improvement in teaching.,Negative,2025-03-18
729,ST0515,F006,SUB001,2,1,1,1,1,2,Concepts not explained clearly.,Negative,2025-01-10
730,ST0269,F030,SUB023,5,4,4,4,4,5,Very interactive class.,Positive,2025-12-10
731,ST0566,F027,SUB020,4,4,4,4,4,4,Great practical sessions.,Positive,2025-06-15
732,ST0404,F018,SUB021,4,3,4,3,3,3,Average teaching experience.,Neutral,2025-07-19
733,ST0454,F014,SUB013,4,5,5,4,5,4,Great practical sessions.,Positive,2025-01-12
734,ST0663,F039,SUB016,4,4,4,4,3,4,Satisfactory explanation.,Neutral,2025-01-14
735,ST0863,F031,SUB020,3,3,4,4,4,4,Can improve interaction.,Neutral,2025-01-31
736,ST0151,F027,SUB015,4,5,4,4,4,4,Concepts explained clearly.,Positive,2025-05-22
737,ST0723,F016,SUB007,4,5,4,5,4,5,Helpful and supportive faculty.,Positive,2025-12-01
738,ST0849,F005,SUB029,4,3,4,3,3,4,Class was okay.,Neutral,2025-07-13
739,ST0461,F040,SUB021,3,3,4,4,4,4,Satisfactory explanation.,Neutral,2025-06-23
740,ST0968,F017,SUB028,5,4,5,5,5,5,Very interactive class.,Positive,2025-03-20
741,ST0185,F037,SUB029,4,4,4,5,4,5,Helpful and supportive faculty.,Positive,2025-06-24
742,ST0748,F008,SUB019,2,2,2,1,2,2,Practicals were insufficient.,Negative,2025-02-22
743,ST0547,F007,SUB026,5,5,5,5,5,4,Very interactive class.,Positive,2025-03-04
744,ST0564,F009,SUB005,4,5,5,4,4,4,Helpful and supportive faculty.,Positive,2025-12-21
745,ST0201,F036,SUB013,4,4,5,5,5,5,Helpful and supportive faculty.,Positive,2025-11-16
746,ST0223,F022,SUB027,4,4,3,3,3,4,Need more examples.,Neutral,2025-05-17
747,ST0412,F015,SUB027,1,2,1,2,2,2,Practicals were insufficient.,Negative,2025-04-27
748,ST0656,F032,SUB001,1,2,2,2,2,2,Needs better communication.,Negative,2025-06-13
749,ST0417,F001,SUB008,5,4,4,5,4,4,Excellent teaching and explanation.,Positive,2025-05-07
750,ST0774,F002,SUB023,5,4,5,5,4,4,Helpful and supportive faculty.,Positive,2025-12-10
751,ST0327,F039,SUB007,4,5,4,4,5,5,Great practical sessions.,Positive,2025-09-18
752,ST0522,F035,SUB019,3,3,3,3,4,3,Average teaching experience.,Neutral,2025-10-28
753,ST0486,F019,SUB015,4,5,5,4,5,4,Helpful and supportive faculty.,Positive,2025-03-26
754,ST0212,F016,SUB029,2,2,1,1,1,1,Concepts not explained clearly.,Negative,2025-02-13
755,ST0002,F034,SUB018,4,5,5,4,4,5,Very interactive class.,Positive,2025-08-20
756,ST0829,F032,SUB012,4,4,4,4,4,4,Excellent teaching and explanation.,Positive,2025-06-08
757,ST0096,F019,SUB026,1,2,2,2,2,1,Needs improvement in teaching.,Negative,2025-09-26
758,ST0264,F007,SUB003,5,4,5,4,5,4,Helpful and supportive faculty.,Positive,2025-06-01
759,ST0666,F027,SUB010,4,4,4,5,4,5,Very interactive class.,Positive,2025-05-30
760,ST0346,F030,SUB011,5,5,4,4,5,4,Helpful and supportive faculty.,Positive,2025-10-16
761,ST0168,F014,SUB018,5,5,4,4,5,5,Great practical sessions.,Positive,2025-05-14
762,ST0809,F018,SUB014,2,1,2,2,2,2,Practicals were insufficient.,Negative,2025-11-25
763,ST0963,F024,SUB017,5,4,4,4,4,4,Concepts explained clearly.,Positive,2025-05-06
764,ST0091,F005,SUB007,4,5,4,5,5,4,Very interactive class.,Positive,2025-10-25
765,ST0931,F027,SUB005,2,2,1,2,1,2,Concepts not explained clearly.,Negative,2025-07-05
766,ST0942,F038,SUB023,3,3,3,3,4,3,Satisfactory explanation.,Neutral,2025-02-24
767,ST0919,F003,SUB019,4,3,3,4,4,4,Satisfactory explanation.,Neutral,2025-04-12
768,ST0889,F027,SUB024,5,4,4,5,4,4,Very interactive class.,Positive,2025-01-09
769,ST0275,F001,SUB006,4,4,4,4,3,3,Satisfactory explanation.,Neutral,2025-08-21
770,ST0190,F012,SUB016,5,5,5,5,4,5,Great practical sessions.,Positive,2025-06-01
771,ST0912,F033,SUB011,5,4,4,4,4,4,Excellent teaching and explanation.,Positive,2025-09-12
772,ST0451,F019,SUB013,3,3,3,4,3,4,Class was okay.,Neutral,2025-07-13
773,ST0005,F040,SUB003,5,5,4,4,4,4,Helpful and supportive faculty.,Positive,2025-03-16
774,ST0884,F030,SUB021,4,5,4,4,4,4,Great practical sessions.,Positive,2025-06-12
775,ST0255,F018,SUB027,4,4,4,5,5,5,Concepts explained clearly.,Positive,2025-08-15
776,ST0141,F002,SUB001,4,3,4,4,3,4,Can improve interaction.,Neutral,2025-05-09
777,ST0318,F035,SUB013,1,1,2,2,1,1,Class was not engaging.,Negative,2025-12-29
778,ST0989,F017,SUB027,4,4,4,4,4,3,Can improve interaction.,Neutral,2025-02-18
779,ST0086,F023,SUB030,3,3,4,4,3,4,Average teaching experience.,Neutral,2025-09-05
780,ST0375,F004,SUB022,2,2,1,1,2,1,Needs better communication.,Negative,2025-03-05
781,ST0606,F017,SUB011,4,4,5,5,4,4,Very interactive class.,Positive,2025-10-24
782,ST0213,F004,SUB030,5,5,5,4,5,5,Very interactive class.,Positive,2025-10-15
783,ST0003,F027,SUB021,5,4,4,4,5,4,Excellent teaching and explanation.,Positive,2025-03-24
784,ST0485,F019,SUB025,4,5,5,4,4,5,Very interactive class.,Positive,2025-08-21
785,ST0993,F026,SUB025,5,5,4,5,5,4,Very interactive class.,Positive,2025-02-05
786,ST0232,F016,SUB010,4,4,5,5,4,5,Great practical sessions.,Positive,2025-10-03
787,ST0347,F025,SUB006,5,4,4,5,4,5,Great practical sessions.,Positive,2025-05-20
788,ST0834,F030,SUB030,4,5,5,4,4,5,Excellent teaching and explanation.,Positive,2025-01-05
789,ST0724,F009,SUB010,3,3,3,3,4,4,Need more examples.,Neutral,2025-07-20
790,ST0054,F016,SUB014,3,3,4,3,3,4,Class was okay.,Neutral,2025-03-31
791,ST0426,F025,SUB003,3,4,3,3,3,4,Need more examples.,Neutral,2025-04-28
792,ST0571,F022,SUB017,5,5,4,5,5,4,Great practical sessions.,Positive,2025-07-23
793,ST0038,F020,SUB028,4,4,4,4,5,5,Great practical sessions.,Positive,2025-03-16
794,ST0495,F004,SUB015,1,2,2,1,1,1,Needs better communication.,Negative,2025-10-13
795,ST0632,F031,SUB023,4,5,5,5,5,5,Concepts explained clearly.,Positive,2025-05-06
796,ST0714,F002,SUB008,5,4,4,4,5,4,Excellent teaching and explanation.,Positive,2025-12-21
797,ST0629,F012,SUB027,3,4,3,3,4,4,Average teaching experience.,Neutral,2025-08-07
798,ST0375,F003,SUB029,4,4,4,3,3,3,Satisfactory explanation.,Neutral,2025-01-14
799,ST0100,F005,SUB001,4,5,4,5,5,5,Great practical sessions.,Positive,2025-07-08
800,ST0532,F033,SUB015,3,4,3,4,4,4,Class was okay.,Neutral,2025-09-11
801,ST0698,F014,SUB018,1,2,2,1,1,2,Needs improvement in teaching.,Negative,2025-04-30
802,ST0382,F035,SUB020,5,5,4,4,5,5,Helpful and supportive faculty.,Positive,2025-01-19
803,ST0530,F015,SUB021,4,5,5,4,4,5,Excellent teaching and explanation.,Positive,2025-02-17
804,ST0875,F038,SUB029,2,1,2,1,2,1,Needs improvement in teaching.,Negative,2025-10-11
805,ST0373,F013,SUB025,4,5,5,4,5,5,Helpful and supportive faculty.,Positive,2025-06-14
806,ST0912,F006,SUB013,4,5,4,5,5,5,Helpful and supportive faculty.,Positive,2025-07-23
807,ST0268,F016,SUB021,4,4,4,5,5,4,Great practical sessions.,Positive,2025-10-19
808,ST0992,F016,SUB024,3,4,4,4,3,4,Need more examples.,Neutral,2025-10-29
809,ST0083,F004,SUB027,1,2,2,2,1,2,Needs improvement in teaching.,Negative,2025-09-05
810,ST0745,F031,SUB016,1,1,1,1,2,2,Needs better communication.,Negative,2025-11-16
811,ST0391,F020,SUB020,4,4,3,4,3,4,Need more examples.,Neutral,2025-01-03
812,ST0306,F005,SUB023,4,5,4,4,4,4,Very interactive class.,Positive,2025-07-26
813,ST0716,F022,SUB009,4,3,3,4,3,4,Can improve interaction.,Neutral,2025-01-27
814,ST0694,F013,SUB015,4,3,4,3,4,3,Can improve interaction.,Neutral,2025-10-31
815,ST0648,F032,SUB008,2,2,2,1,2,2,Concepts not explained clearly.,Negative,2025-05-03
816,ST0727,F034,SUB013,4,4,4,4,4,3,Need more examples.,Neutral,2025-07-11
817,ST0384,F027,SUB002,5,4,4,5,5,4,Great practical sessions.,Positive,2025-09-26
818,ST0477,F019,SUB002,5,4,4,4,5,4,Very interactive class.,Positive,2025-12-15
819,ST0133,F016,SUB026,2,1,1,2,2,1,Class was not engaging.,Negative,2025-03-20
820,ST0607,F018,SUB030,5,4,5,5,4,4,Concepts explained clearly.,Positive,2025-03-01
821,ST0649,F040,SUB003,4,3,4,4,4,3,Can improve interaction.,Neutral,2025-12-23
822,ST0623,F003,SUB017,5,5,5,5,5,5,Great practical sessions.,Positive,2025-10-19
823,ST0492,F012,SUB028,4,5,5,4,4,5,Very interactive class.,Positive,2025-02-22
824,ST0050,F034,SUB005,4,5,5,4,4,4,Helpful and supportive faculty.,Positive,2025-10-07
825,ST0408,F023,SUB008,5,5,5,5,5,5,Great practical sessions.,Positive,2025-10-24
826,ST0147,F004,SUB022,5,4,5,4,5,4,Very interactive class.,Positive,2025-05-02
827,ST0120,F022,SUB016,4,5,4,4,5,5,Very interactive class.,Positive,2025-05-20
828,ST0308,F015,SUB026,4,4,4,4,4,3,Average teaching experience.,Neutral,2025-09-26
829,ST0309,F011,SUB007,3,3,3,3,3,3,Need more examples.,Neutral,2025-04-06
830,ST0217,F016,SUB030,3,3,3,4,3,3,Satisfactory explanation.,Neutral,2025-03-26
831,ST0647,F009,SUB020,5,5,4,5,4,4,Great practical sessions.,Positive,2025-05-01
832,ST0143,F040,SUB010,4,5,4,5,4,4,Concepts explained clearly.,Positive,2025-04-27
833,ST0781,F018,SUB009,2,2,2,2,1,2,Practicals were insufficient.,Negative,2025-05-01
834,ST0481,F025,SUB001,4,3,3,3,4,3,Need more examples.,Neutral,2025-07-16
835,ST0742,F024,SUB020,4,5,5,4,4,5,Concepts explained clearly.,Positive,2025-06-17
836,ST0454,F028,SUB019,5,5,5,4,5,4,Helpful and supportive faculty.,Positive,2025-09-21
837,ST0314,F008,SUB011,5,4,5,4,5,4,Helpful and supportive faculty.,Positive,2025-07-15
838,ST0916,F007,SUB006,5,4,5,4,5,4,Excellent teaching and explanation.,Positive,2025-12-07
839,ST0624,F040,SUB021,4,4,4,3,4,3,Can improve interaction.,Neutral,2025-08-15
840,ST0352,F017,SUB001,4,5,5,5,5,5,Concepts explained clearly.,Positive,2025-11-16
841,ST0730,F032,SUB030,5,5,5,4,4,5,Very interactive class.,Positive,2025-07-08
842,ST0154,F006,SUB005,5,4,5,4,4,5,Very interactive class.,Positive,2025-02-21
843,ST0006,F034,SUB008,5,5,4,4,4,5,Helpful and supportive faculty.,Positive,2025-11-01
844,ST0971,F039,SUB019,4,4,5,5,5,4,Concepts explained clearly.,Positive,2025-01-02
845,ST0450,F039,SUB022,4,4,3,3,4,4,Average teaching experience.,Neutral,2025-09-05
846,ST0906,F036,SUB001,1,1,2,1,2,1,Practicals were insufficient.,Negative,2025-07-16
847,ST0698,F007,SUB005,5,5,4,4,5,4,Excellent teaching and explanation.,Positive,2025-04-12
848,ST0095,F020,SUB004,1,1,1,1,2,2,Needs better communication.,Negative,2025-10-16
849,ST0405,F028,SUB009,3,4,4,4,4,4,Can improve interaction.,Neutral,2025-09-14
850,ST0981,F011,SUB020,1,2,2,2,2,2,Class was not engaging.,Negative,2025-10-16
851,ST0123,F008,SUB019,3,3,4,3,3,4,Need more examples.,Neutral,2025-05-14
852,ST0830,F003,SUB014,5,5,5,5,4,4,Great practical sessions.,Positive,2025-12-21
853,ST0265,F015,SUB005,5,5,5,5,5,5,Excellent teaching and explanation.,Positive,2025-09-20
854,ST0186,F003,SUB019,4,4,4,3,3,3,Satisfactory explanation.,Neutral,2025-08-01
855,ST0846,F025,SUB030,4,3,4,3,4,3,Can improve interaction.,Neutral,2025-05-29
856,ST0369,F013,SUB018,5,4,5,5,4,5,Very interactive class.,Positive,2025-04-10
857,ST0650,F005,SUB014,5,5,4,4,5,5,Great practical sessions.,Positive,2025-02-15
858,ST0251,F008,SUB027,4,5,4,4,4,5,Excellent teaching and explanation.,Positive,2025-04-27
859,ST0517,F022,SUB011,4,5,4,5,4,4,Excellent teaching and explanation.,Positive,2025-07-06
860,ST0236,F031,SUB019,2,2,2,1,1,1,Needs improvement in teaching.,Negative,2025-11-24
861,ST0072,F034,SUB005,3,4,4,3,4,4,Class was okay.,Neutral,2025-07-25
862,ST0458,F002,SUB028,4,4,4,4,4,4,Average teaching experience.,Neutral,2025-10-11
863,ST0708,F002,SUB013,5,5,5,5,5,4,Very interactive class.,Positive,2025-11-16
864,ST0428,F012,SUB003,4,4,5,4,4,5,Helpful and supportive faculty.,Positive,2025-04-06
865,ST0439,F030,SUB026,5,5,4,4,5,5,Concepts explained clearly.,Positive,2025-03-22
866,ST0548,F012,SUB013,4,4,4,3,4,3,Class was okay.,Neutral,2025-11-21
867,ST0473,F001,SUB012,1,2,2,2,2,1,Needs improvement in teaching.,Negative,2025-04-04
868,ST0690,F016,SUB007,4,4,4,4,5,5,Concepts explained clearly.,Positive,2025-07-11
869,ST0123,F011,SUB006,3,4,3,4,3,4,Satisfactory explanation.,Neutral,2025-08-06
870,ST0302,F020,SUB026,4,4,3,4,4,4,Average teaching experience.,Neutral,2025-02-21
871,ST0020,F029,SUB027,3,3,3,4,4,3,Satisfactory explanation.,Neutral,2025-03-02
872,ST0693,F015,SUB004,4,5,5,5,4,4,Very interactive class.,Positive,2025-05-17
873,ST0465,F013,SUB019,5,5,5,4,4,5,Concepts explained clearly.,Positive,2025-07-26
874,ST0391,F037,SUB010,5,4,5,5,5,5,Great practical sessions.,Positive,2025-08-20
875,ST0496,F037,SUB016,4,5,5,4,5,4,Very interactive class.,Positive,2025-03-18
876,ST0432,F040,SUB012,5,5,5,5,5,5,Great practical sessions.,Positive,2025-04-05
877,ST0489,F040,SUB011,5,4,5,5,4,4,Concepts explained clearly.,Positive,2025-02-17
878,ST0757,F001,SUB023,4,3,3,3,3,3,Average teaching experience.,Neutral,2025-10-27
879,ST0387,F040,SUB005,2,2,1,1,2,1,Needs better communication.,Negative,2025-02-21
880,ST0388,F031,SUB002,4,5,5,5,4,4,Very interactive class.,Positive,2025-09-18
881,ST0880,F035,SUB006,5,5,5,4,4,4,Excellent teaching and explanation.,Positive,2025-04-25
882,ST0480,F038,SUB017,4,4,3,4,4,4,Need more examples.,Neutral,2025-09-03
883,ST0449,F016,SUB022,3,4,4,3,4,3,Need more examples.,Neutral,2025-04-03
884,ST0985,F025,SUB017,4,4,5,5,4,4,Concepts explained clearly.,Positive,2025-08-14
885,ST0706,F020,SUB026,4,4,3,4,4,4,Average teaching experience.,Neutral,2025-05-25
886,ST0152,F001,SUB025,4,4,3,4,4,3,Satisfactory explanation.,Neutral,2025-06-11
887,ST0451,F016,SUB019,5,4,5,5,5,5,Excellent teaching and explanation.,Positive,2025-12-24
888,ST0667,F017,SUB028,2,2,2,1,1,2,Practicals were insufficient.,Negative,2025-12-15
889,ST0099,F026,SUB019,5,4,5,4,4,5,Great practical sessions.,Positive,2025-08-29
890,ST0130,F033,SUB013,4,4,4,5,5,4,Excellent teaching and explanation.,Positive,2025-12-16
891,ST0654,F014,SUB029,4,5,5,5,5,4,Excellent teaching and explanation.,Positive,2025-01-09
892,ST0025,F012,SUB006,1,2,2,1,2,2,Needs better communication.,Negative,2025-05-17
893,ST0457,F013,SUB029,3,4,4,4,4,3,Need more examples.,Neutral,2025-02-28
894,ST0621,F037,SUB015,5,4,5,5,5,4,Very interactive class.,Positive,2025-07-01
895,ST0979,F032,SUB025,5,4,4,5,5,5,Concepts explained clearly.,Positive,2025-09-12
896,ST0493,F025,SUB006,5,4,4,5,4,5,Very interactive class.,Positive,2025-10-16
897,ST0281,F021,SUB021,5,4,5,4,4,4,Excellent teaching and explanation.,Positive,2025-08-07
898,ST0303,F023,SUB012,5,5,5,4,4,5,Helpful and supportive faculty.,Positive,2025-03-29
899,ST0150,F011,SUB025,5,5,4,4,4,4,Very interactive class.,Positive,2025-04-23
900,ST0870,F014,SUB024,5,4,5,4,5,4,Excellent teaching and explanation.,Positive,2025-03-23
901,ST0259,F028,SUB022,2,1,2,2,2,2,Needs improvement in teaching.,Negative,2025-01-16
902,ST0822,F035,SUB026,4,4,4,3,4,4,Average teaching experience.,Neutral,2025-10-07
903,ST0376,F033,SUB014,4,5,5,5,5,4,Excellent teaching and explanation.,Positive,2025-09-24
904,ST0730,F016,SUB024,4,3,3,3,3,4,Satisfactory explanation.,Neutral,2025-01-30
905,ST0823,F013,SUB012,4,4,4,4,5,4,Helpful and supportive faculty.,Positive,2025-04-28
906,ST0685,F008,SUB017,4,4,4,4,4,5,Excellent teaching and explanation.,Positive,2025-09-10
907,ST0867,F035,SUB027,5,4,5,4,4,5,Great practical sessions.,Positive,2025-11-07
908,ST0419,F016,SUB020,5,4,4,4,5,4,Very interactive class.,Positive,2025-04-13
909,ST0831,F011,SUB019,5,5,4,5,5,5,Excellent teaching and explanation.,Positive,2025-05-30
910,ST0302,F014,SUB019,1,2,2,2,2,1,Needs improvement in teaching.,Negative,2025-08-25
911,ST0071,F009,SUB021,4,5,5,4,4,5,Helpful and supportive faculty.,Positive,2025-10-27
912,ST0369,F011,SUB025,3,3,4,3,4,3,Can improve interaction.,Neutral,2025-09-07
913,ST0836,F040,SUB024,4,4,5,4,4,4,Great practical sessions.,Positive,2025-11-21
914,ST0772,F015,SUB022,4,5,4,5,4,5,Excellent teaching and explanation.,Positive,2025-06-29
915,ST0198,F032,SUB020,5,5,5,5,4,4,Excellent teaching and explanation.,Positive,2025-12-22
916,ST0611,F015,SUB012,1,2,2,2,2,2,Needs better communication.,Negative,2025-06-14
917,ST0505,F019,SUB009,3,3,3,4,4,4,Class was okay.,Neutral,2025-09-09
918,ST0465,F024,SUB001,3,3,3,4,3,3,Can improve interaction.,Neutral,2025-07-09
919,ST0815,F035,SUB003,3,4,4,4,4,3,Average teaching experience.,Neutral,2025-08-26
920,ST0559,F019,SUB028,3,3,3,3,4,3,Class was okay.,Neutral,2025-10-18
921,ST0274,F016,SUB002,4,4,4,4,5,4,Very interactive class.,Positive,2025-09-02
922,ST0289,F015,SUB017,5,5,5,4,4,4,Excellent teaching and explanation.,Positive,2025-05-09
923,ST0589,F032,SUB010,5,5,5,4,4,5,Very interactive class.,Positive,2025-05-14
924,ST0696,F038,SUB022,5,5,4,5,5,4,Very interactive class.,Positive,2025-11-16
925,ST0525,F005,SUB030,4,4,5,4,5,5,Excellent teaching and explanation.,Positive,2025-10-15
926,ST0484,F011,SUB022,4,5,4,4,5,5,Concepts explained clearly.,Positive,2025-03-12
927,ST0286,F019,SUB010,3,4,3,4,3,3,Satisfactory explanation.,Neutral,2025-08-13
928,ST0597,F009,SUB002,3,4,3,4,4,4,Average teaching experience.,Neutral,2025-07-25
929,ST0758,F014,SUB019,4,5,4,5,4,5,Helpful and supportive faculty.,Positive,2025-10-20
930,ST0555,F040,SUB022,4,5,4,5,4,5,Helpful and supportive faculty.,Positive,2025-10-13
931,ST0996,F039,SUB005,4,5,5,5,4,4,Very interactive class.,Positive,2025-04-16
932,ST0603,F023,SUB017,4,4,4,5,5,4,Helpful and supportive faculty.,Positive,2025-03-17
933,ST0400,F012,SUB019,4,4,5,5,5,5,Excellent teaching and explanation.,Positive,2025-01-12
934,ST0298,F008,SUB020,5,5,5,4,4,4,Concepts explained clearly.,Positive,2025-10-21
935,ST0141,F035,SUB030,5,4,4,5,5,4,Helpful and supportive faculty.,Positive,2025-03-16
936,ST0277,F030,SUB017,5,5,5,5,5,5,Concepts explained clearly.,Positive,2025-01-26
937,ST0016,F034,SUB017,4,3,3,4,3,3,Can improve interaction.,Neutral,2025-08-18
938,ST0566,F033,SUB022,4,3,3,4,3,3,Can improve interaction.,Neutral,2025-07-27
939,ST0212,F029,SUB010,5,5,5,4,4,4,Great practical sessions.,Positive,2025-11-12
940,ST0626,F035,SUB011,5,4,4,5,4,4,Concepts explained clearly.,Positive,2025-05-25
941,ST0645,F015,SUB016,4,4,4,3,4,3,Can improve interaction.,Neutral,2025-03-18
942,ST0573,F008,SUB024,3,4,4,4,4,3,Satisfactory explanation.,Neutral,2025-08-06
943,ST0157,F002,SUB013,2,2,1,2,2,2,Needs better communication.,Negative,2025-03-02
944,ST0241,F019,SUB005,3,3,3,4,3,3,Class was okay.,Neutral,2025-03-07
945,ST0416,F006,SUB022,4,4,4,5,4,5,Very interactive class.,Positive,2025-03-30
946,ST0587,F025,SUB021,5,5,4,4,5,5,Great practical sessions.,Positive,2025-07-20
947,ST0596,F029,SUB012,4,4,4,5,5,5,Concepts explained clearly.,Positive,2025-05-06
948,ST0894,F033,SUB029,5,4,4,4,4,4,Very interactive class.,Positive,2025-09-04
949,ST0066,F028,SUB003,4,3,3,4,3,4,Satisfactory explanation.,Neutral,2025-09-06
950,ST0477,F008,SUB003,4,3,4,4,4,4,Need more examples.,Neutral,2025-01-08
951,ST0234,F020,SUB012,5,4,5,5,5,5,Excellent teaching and explanation.,Positive,2025-02-15
952,ST0114,F036,SUB026,5,4,4,4,5,4,Helpful and supportive faculty.,Positive,2025-08-12
953,ST0495,F021,SUB010,1,2,2,2,1,2,Needs improvement in teaching.,Negative,2025-03-07
954,ST0951,F005,SUB026,5,4,5,5,5,4,Concepts explained clearly.,Positive,2025-12-20
955,ST0846,F039,SUB006,4,5,5,4,5,5,Helpful and supportive faculty.,Positive,2025-10-15
956,ST0951,F021,SUB022,3,3,3,4,3,4,Need more examples.,Neutral,2025-11-15
957,ST0400,F024,SUB014,5,4,5,4,5,4,Great practical sessions.,Positive,2025-05-29
958,ST0884,F016,SUB028,5,4,4,5,4,5,Concepts explained clearly.,Positive,2025-03-09
959,ST0469,F015,SUB021,4,3,3,3,4,4,Satisfactory explanation.,Neutral,2025-03-29
960,ST0476,F006,SUB010,4,4,5,5,5,4,Excellent teaching and explanation.,Positive,2025-12-22
961,ST0055,F034,SUB027,1,2,2,1,1,2,Needs better communication.,Negative,2025-02-05
962,ST0941,F009,SUB026,5,4,5,5,5,4,Very interactive class.,Positive,2025-05-09
963,ST0891,F040,SUB007,5,4,4,4,4,5,Great practical sessions.,Positive,2025-03-18
964,ST0212,F026,SUB022,3,3,3,3,3,4,Can improve interaction.,Neutral,2025-04-24
965,ST0192,F040,SUB030,2,1,2,2,2,2,Needs improvement in teaching.,Negative,2025-02-16
966,ST0740,F008,SUB026,4,4,4,5,5,5,Helpful and supportive faculty.,Positive,2025-12-15
967,ST0971,F020,SUB011,5,5,5,4,5,4,Helpful and supportive faculty.,Positive,2025-07-02
968,ST0752,F027,SUB017,5,4,4,4,4,4,Helpful and supportive faculty.,Positive,2025-11-15
969,ST0626,F015,SUB014,4,4,5,4,4,5,Very interactive class.,Positive,2025-02-10
970,ST0386,F002,SUB007,4,4,4,5,4,5,Very interactive class.,Positive,2025-03-13
971,ST0814,F024,SUB009,4,4,4,4,4,5,Helpful and supportive faculty.,Positive,2025-01-20
972,ST0856,F031,SUB008,4,4,3,3,4,3,Need more examples.,Neutral,2025-11-19
973,ST0563,F024,SUB002,5,5,4,4,5,5,Concepts explained clearly.,Positive,2025-01-03
974,ST0686,F034,SUB027,5,5,5,4,5,5,Very interactive class.,Positive,2025-06-06
975,ST0240,F033,SUB013,5,4,5,5,4,4,Excellent teaching and explanation.,Positive,2025-02-26
976,ST0847,F033,SUB021,3,3,4,3,4,4,Can improve interaction.,Neutral,2025-11-04
977,ST0438,F017,SUB004,4,4,4,4,5,4,Great practical sessions.,Positive,2025-05-04
978,ST0134,F014,SUB008,4,5,5,5,5,5,Helpful and supportive faculty.,Positive,2025-04-27
979,ST0084,F003,SUB007,4,5,4,5,5,5,Excellent teaching and explanation.,Positive,2025-05-19
980,ST0728,F029,SUB009,5,5,4,4,5,5,Concepts explained clearly.,Positive,2025-05-18
981,ST0226,F017,SUB011,5,4,4,5,4,4,Helpful and supportive faculty.,Positive,2025-03-23
982,ST0876,F039,SUB012,2,2,1,2,2,1,Concepts not explained clearly.,Negative,2025-03-23
983,ST0973,F021,SUB005,3,3,3,3,4,4,Need more examples.,Neutral,2025-01-06
984,ST0744,F002,SUB010,4,5,4,5,4,4,Excellent teaching and explanation.,Positive,2025-01-06
985,ST0289,F023,SUB012,5,5,4,4,5,4,Concepts explained clearly.,Positive,2025-10-07
986,ST0058,F028,SUB018,4,4,3,3,3,3,Average teaching experience.,Neutral,2025-12-17
987,ST0412,F014,SUB025,4,5,4,4,4,4,Great practical sessions.,Positive,2025-07-18
988,ST0677,F004,SUB018,4,5,4,4,5,4,Great practical sessions.,Positive,2025-06-03
989,ST0562,F021,SUB015,2,1,1,2,1,2,Concepts not explained clearly.,Negative,2025-07-18
990,ST0100,F022,SUB019,5,5,5,4,5,4,Helpful and supportive faculty.,Positive,2025-10-02
991,ST0613,F023,SUB011,4,4,3,3,4,3,Satisfactory explanation.,Neutral,2025-11-06
992,ST0278,F001,SUB006,5,4,4,4,5,5,Concepts explained clearly.,Positive,2025-01-27
993,ST0641,F004,SUB016,4,3,4,4,3,3,Can improve interaction.,Neutral,2025-11-26
994,ST0634,F012,SUB009,2,1,2,2,1,2,Concepts not explained clearly.,Negative,2025-04-04
995,ST0697,F032,SUB005,5,4,4,4,5,4,Concepts explained clearly.,Positive,2025-10-09
996,ST0516,F032,SUB014,2,1,2,2,1,1,Concepts not explained clearly.,Negative,2025-11-21
997,ST0261,F033,SUB029,4,5,4,5,5,5,Helpful and supportive faculty.,Positive,2025-04-11
998,ST0906,F033,SUB028,4,4,5,4,5,4,Very interactive class.,Positive,2025-05-05
999,ST0750,F024,SUB014,3,4,3,3,3,3,Satisfactory explanation.,Neutral,2025-10-14
1000,ST0683,F034,SUB001,4,4,4,4,5,5,Helpful and supportive faculty.,Positive,2025-01-13
1001,ST0911,F033,SUB024,4,4,5,5,4,4,Helpful and supportive faculty.,Positive,2025-05-25
1002,ST0179,F033,SUB017,3,3,4,4,4,4,Average teaching experience.,Neutral,2025-05-21
1003,ST0027,F024,SUB012,4,4,4,3,4,4,Need more examples.,Neutral,2025-12-03
1004,ST0246,F005,SUB026,5,4,4,5,5,5,Concepts explained clearly.,Positive,2025-11-19
1005,ST0300,F040,SUB027,4,4,5,4,5,4,Excellent teaching and explanation.,Positive,2025-04-15
1006,ST0339,F004,SUB007,1,1,2,2,1,2,Practicals were insufficient.,Negative,2025-05-19
1007,ST0790,F018,SUB030,3,4,4,4,4,3,Class was okay.,Neutral,2025-08-31
1008,ST0023,F014,SUB013,2,2,1,1,1,1,Needs better communication.,Negative,2025-12-10
1009,ST0970,F017,SUB010,3,4,4,3,4,4,Need more examples.,Neutral,2025-09-10
1010,ST0813,F023,SUB024,5,5,5,4,5,5,Very interactive class.,Positive,2025-10-21
1011,ST0191,F021,SUB013,3,4,4,3,3,3,Average teaching experience.,Neutral,2025-08-20
1012,ST0447,F011,SUB017,1,1,2,1,2,2,Concepts not explained clearly.,Negative,2025-11-17
1013,ST0205,F030,SUB025,4,3,3,3,4,4,Need more examples.,Neutral,2025-04-02
1014,ST0788,F033,SUB025,3,3,4,4,3,3,Can improve interaction.,Neutral,2025-12-14
1015,ST0772,F025,SUB015,4,3,4,3,3,4,Class was okay.,Neutral,2025-11-17
1016,ST0009,F030,SUB017,4,4,5,5,4,4,Great practical sessions.,Positive,2025-05-29
1017,ST0413,F040,SUB018,1,2,1,1,1,1,Concepts not explained clearly.,Negative,2025-09-09
1018,ST0338,F015,SUB021,4,5,4,4,5,4,Great practical sessions.,Positive,2025-04-02
1019,ST0425,F021,SUB003,5,4,4,4,5,4,Concepts explained clearly.,Positive,2025-10-19
1020,ST0632,F012,SUB004,1,2,2,2,2,2,Needs improvement in teaching.,Negative,2025-07-22
1021,ST0889,F001,SUB009,3,3,3,4,4,3,Class was okay.,Neutral,2025-06-08
1022,ST0921,F010,SUB001,4,4,4,4,4,5,Excellent teaching and explanation.,Positive,2025-08-04
1023,ST0639,F031,SUB012,5,4,4,5,5,4,Great practical sessions.,Positive,2025-04-30
1024,ST0675,F008,SUB004,5,4,5,4,4,5,Helpful and supportive faculty.,Positive,2025-09-29
1025,ST0219,F017,SUB028,5,5,5,5,4,5,Very interactive class.,Positive,2025-05-05
1026,ST0293,F013,SUB021,4,3,3,3,4,3,Average teaching experience.,Neutral,2025-05-03
1027,ST0207,F024,SUB010,5,5,4,4,5,4,Helpful and supportive faculty.,Positive,2025-04-06
1028,ST0272,F012,SUB001,4,4,5,5,5,4,Very interactive class.,Positive,2025-08-19
1029,ST0883,F009,SUB003,5,5,5,5,5,5,Very interactive class.,Positive,2025-07-18
1030,ST0405,F023,SUB024,3,4,4,3,3,4,Satisfactory explanation.,Neutral,2025-02-22
1031,ST0785,F022,SUB017,5,5,5,4,5,4,Excellent teaching and explanation.,Positive,2025-09-20
1032,ST0811,F023,SUB026,4,4,4,5,4,5,Helpful and supportive faculty.,Positive,2025-11-29
1033,ST0792,F008,SUB013,4,3,4,4,4,3,Average teaching experience.,Neutral,2025-04-24
1034,ST0379,F007,SUB007,1,1,1,1,2,1,Concepts not explained clearly.,Negative,2025-05-20
1035,ST0458,F014,SUB021,5,4,5,5,4,5,Concepts explained clearly.,Positive,2025-07-23
1036,ST0202,F032,SUB007,5,4,5,5,4,5,Excellent teaching and explanation.,Positive,2025-05-23
1037,ST0369,F011,SUB024,4,5,5,4,5,5,Concepts explained clearly.,Positive,2025-12-16
1038,ST0939,F033,SUB017,5,5,4,5,5,5,Concepts explained clearly.,Positive,2025-10-28
1039,ST0193,F026,SUB027,5,4,5,5,5,5,Great practical sessions.,Positive,2025-07-18
1040,ST0945,F005,SUB015,5,5,5,4,5,4,Helpful and supportive faculty.,Positive,2025-03-21
1041,ST0405,F024,SUB023,5,4,4,5,4,5,Concepts explained clearly.,Positive,2025-05-18
1042,ST0878,F001,SUB022,1,1,1,1,2,1,Needs better communication.,Negative,2025-06-30
1043,ST0185,F030,SUB003,2,1,2,1,1,1,Needs better communication.,Negative,2025-09-17
1044,ST0314,F025,SUB021,4,5,4,5,5,5,Helpful and supportive faculty.,Positive,2025-09-17
1045,ST0360,F016,SUB019,1,2,2,2,2,2,Class was not engaging.,Negative,2025-03-16
1046,ST0300,F007,SUB014,4,4,4,4,4,5,Very interactive class.,Positive,2025-02-26
1047,ST0208,F031,SUB024,5,4,5,5,4,5,Helpful and supportive faculty.,Positive,2025-04-30
1048,ST0313,F011,SUB018,5,5,5,5,4,5,Excellent teaching and explanation.,Positive,2025-08-20
1049,ST0987,F001,SUB008,5,5,5,4,5,5,Helpful and supportive faculty.,Positive,2025-01-26
1050,ST0835,F024,SUB014,4,4,4,5,5,5,Helpful and supportive faculty.,Positive,2025-10-19
1051,ST0958,F019,SUB008,4,5,4,4,5,5,Very interactive class.,Positive,2025-06-19
1052,ST0334,F005,SUB029,4,3,3,4,3,4,Satisfactory explanation.,Neutral,2025-11-05
1053,ST0313,F037,SUB011,2,1,2,1,2,2,Class was not engaging.,Negative,2025-05-20
1054,ST0372,F031,SUB003,4,5,5,5,4,4,Excellent teaching and explanation.,Positive,2025-12-10
1055,ST0629,F037,SUB026,5,5,5,5,4,4,Excellent teaching and explanation.,Positive,2025-08-04
1056,ST0373,F023,SUB014,5,4,4,5,4,5,Very interactive class.,Positive,2025-02-16
1057,ST0163,F035,SUB023,3,4,3,4,3,4,Satisfactory explanation.,Neutral,2025-11-13
1058,ST0295,F038,SUB022,4,5,4,5,5,5,Concepts explained clearly.,Positive,2025-02-02
1059,ST0522,F021,SUB020,4,5,5,5,4,4,Great practical sessions.,Positive,2025-04-18
1060,ST0629,F004,SUB013,2,2,2,1,2,2,Practicals were insufficient.,Negative,2025-02-17
1061,ST0198,F029,SUB026,4,4,4,5,4,5,Very interactive class.,Positive,2025-03-27
1062,ST0244,F027,SUB030,5,5,5,5,5,4,Excellent teaching and explanation.,Positive,2025-10-26
1063,ST0002,F024,SUB014,3,4,3,3,3,4,Can improve interaction.,Neutral,2025-01-08
1064,ST0713,F022,SUB004,5,5,5,5,4,5,Helpful and supportive faculty.,Positive,2025-07-28
1065,ST0190,F007,SUB005,5,5,5,5,5,5,Helpful and supportive faculty.,Positive,2025-01-16
1066,ST0633,F034,SUB012,4,5,4,5,4,4,Great practical sessions.,Positive,2025-02-24
1067,ST0083,F035,SUB006,4,3,4,3,3,3,Need more examples.,Neutral,2025-06-30
1068,ST0614,F035,SUB012,3,4,4,3,3,3,Class was okay.,Neutral,2025-09-14
1069,ST0282,F026,SUB013,5,4,5,4,5,5,Concepts explained clearly.,Positive,2025-08-27
1070,ST0415,F002,SUB007,5,4,4,5,5,4,Concepts explained clearly.,Positive,2025-06-28
1071,ST0806,F005,SUB014,1,1,2,2,1,1,Practicals were insufficient.,Negative,2025-07-16
1072,ST0877,F034,SUB019,5,4,5,4,5,5,Excellent teaching and explanation.,Positive,2025-03-03
1073,ST0886,F015,SUB030,4,4,5,4,5,4,Excellent teaching and explanation.,Positive,2025-12-11
1074,ST0796,F040,SUB021,4,5,4,4,5,5,Concepts explained clearly.,Positive,2025-10-05
1075,ST0626,F028,SUB030,5,4,4,4,4,4,Excellent teaching and explanation.,Positive,2025-09-08
1076,ST0936,F035,SUB010,4,4,5,5,4,4,Very interactive class.,Positive,2025-03-09
1077,ST0667,F006,SUB001,5,4,5,4,4,5,Very interactive class.,Positive,2025-10-28
1078,ST0246,F007,SUB028,4,4,4,5,5,4,Concepts explained clearly.,Positive,2025-07-17
1079,ST0426,F027,SUB020,5,4,5,5,4,4,Great practical sessions.,Positive,2025-04-16
1080,ST0958,F019,SUB009,4,5,4,5,5,4,Very interactive class.,Positive,2025-05-28
1081,ST0431,F013,SUB015,4,4,4,4,4,4,Average teaching experience.,Neutral,2025-07-25
1082,ST0908,F003,SUB021,4,4,4,5,5,5,Helpful and supportive faculty.,Positive,2025-02-06
1083,ST0901,F030,SUB005,5,5,4,5,4,4,Excellent teaching and explanation.,Positive,2025-01-15
1084,ST0733,F024,SUB021,3,4,4,4,3,4,Average teaching experience.,Neutral,2025-03-23
1085,ST0500,F007,SUB003,4,5,5,4,5,5,Great practical sessions.,Positive,2025-06-11
1086,ST0911,F027,SUB006,4,5,5,4,5,5,Helpful and supportive faculty.,Positive,2025-05-03
1087,ST0148,F017,SUB025,3,3,4,3,4,3,Satisfactory explanation.,Neutral,2025-09-16
1088,ST0041,F030,SUB021,4,4,4,5,5,4,Concepts explained clearly.,Positive,2025-03-18
1089,ST0237,F040,SUB029,4,4,5,5,5,4,Very interactive class.,Positive,2025-01-10
1090,ST0662,F038,SUB009,5,4,4,4,4,4,Concepts explained clearly.,Positive,2025-11-05
1091,ST0362,F019,SUB021,4,4,4,4,3,3,Average teaching experience.,Neutral,2025-12-20
1092,ST0193,F020,SUB009,4,5,5,4,5,4,Very interactive class.,Positive,2025-11-13
1093,ST0477,F008,SUB015,4,4,4,3,4,3,Average teaching experience.,Neutral,2025-12-29
1094,ST0865,F038,SUB014,4,4,5,5,5,5,Excellent teaching and explanation.,Positive,2025-01-11
1095,ST0537,F010,SUB012,2,1,2,2,2,2,Practicals were insufficient.,Negative,2025-10-22
1096,ST0732,F020,SUB022,5,5,4,5,5,4,Concepts explained clearly.,Positive,2025-10-18
1097,ST0031,F029,SUB018,4,4,3,4,3,4,Need more examples.,Neutral,2025-09-24
1098,ST0427,F034,SUB022,3,4,3,3,4,3,Can improve interaction.,Neutral,2025-03-28
1099,ST0281,F034,SUB019,5,4,4,4,4,5,Excellent teaching and explanation.,Positive,2025-03-15
1100,ST0584,F027,SUB017,4,4,5,5,4,4,Helpful and supportive faculty.,Positive,2025-02-27
1101,ST0181,F003,SUB025,4,4,4,4,5,5,Very interactive class.,Positive,2025-06-29
1102,ST0474,F006,SUB001,4,5,5,4,5,4,Great practical sessions.,Positive,2025-07-12
1103,ST0393,F036,SUB018,4,5,5,5,4,5,Excellent teaching and explanation.,Positive,2025-07-09
1104,ST0592,F038,SUB023,5,4,5,5,4,4,Concepts explained clearly.,Positive,2025-01-13
1105,ST0923,F038,SUB015,3,4,3,3,4,3,Can improve interaction.,Neutral,2025-01-31
1106,ST0046,F023,SUB019,3,4,3,3,3,4,Need more examples.,Neutral,2025-03-30
1107,ST0285,F006,SUB003,5,5,5,4,5,4,Concepts explained clearly.,Positive,2025-04-10
1108,ST0485,F027,SUB019,4,5,5,5,5,5,Concepts explained clearly.,Positive,2025-03-08
1109,ST0494,F036,SUB026,1,1,2,1,1,1,Class was not engaging.,Negative,2025-12-27
1110,ST0672,F033,SUB005,4,4,4,3,4,4,Average teaching experience.,Neutral,2025-10-20
1111,ST0092,F027,SUB023,4,4,4,3,3,4,Satisfactory explanation.,Neutral,2025-07-21
1112,ST0263,F032,SUB017,4,5,5,5,4,4,Helpful and supportive faculty.,Positive,2025-02-10
1113,ST0293,F024,SUB004,5,4,4,5,4,5,Concepts explained clearly.,Positive,2025-04-12
1114,ST0426,F019,SUB026,5,4,4,4,4,5,Excellent teaching and explanation.,Positive,2025-01-13
1115,ST0511,F036,SUB010,4,4,4,4,4,3,Satisfactory explanation.,Neutral,2025-03-16
1116,ST0387,F007,SUB029,4,5,4,5,4,4,Great practical sessions.,Positive,2025-09-09
1117,ST0054,F004,SUB022,5,4,4,4,4,4,Helpful and supportive faculty.,Positive,2025-09-30
1118,ST0673,F008,SUB008,4,4,3,4,3,3,Average teaching experience.,Neutral,2025-09-19
1119,ST0219,F026,SUB005,4,3,4,3,3,4,Average teaching experience.,Neutral,2025-09-09
1120,ST0609,F012,SUB004,3,4,4,3,4,3,Satisfactory explanation.,Neutral,2025-07-17
1121,ST0982,F010,SUB007,3,4,3,4,4,3,Satisfactory explanation.,Neutral,2025-10-24
1122,ST0963,F020,SUB026,4,3,3,3,3,4,Can improve interaction.,Neutral,2025-07-20
1123,ST0690,F035,SUB005,4,4,4,5,4,4,Great practical sessions.,Positive,2025-12-12
1124,ST0586,F027,SUB025,1,2,2,2,2,1,Needs improvement in teaching.,Negative,2025-04-23
1125,ST0752,F029,SUB023,2,1,2,1,1,1,Practicals were insufficient.,Negative,2025-05-01
1126,ST0108,F008,SUB001,4,5,4,4,4,4,Excellent teaching and explanation.,Positive,2025-06-26
1127,ST0122,F026,SUB007,4,4,4,4,3,3,Can improve interaction.,Neutral,2025-10-26
1128,ST0989,F021,SUB003,4,5,5,5,5,5,Concepts explained clearly.,Positive,2025-10-08
1129,ST0121,F026,SUB029,2,2,1,1,2,2,Concepts not explained clearly.,Negative,2025-10-25
1130,ST0114,F033,SUB024,2,1,1,2,2,2,Needs improvement in teaching.,Negative,2025-07-24
1131,ST0983,F006,SUB010,4,4,3,3,3,3,Can improve interaction.,Neutral,2025-06-03
1132,ST0398,F004,SUB027,5,5,5,5,4,5,Great practical sessions.,Positive,2025-12-26
1133,ST0494,F037,SUB013,5,5,4,5,5,5,Great practical sessions.,Positive,2025-05-12
1134,ST0972,F039,SUB017,3,3,3,3,3,4,Class was okay.,Neutral,2025-03-24
1135,ST0958,F022,SUB026,2,2,2,1,1,2,Needs improvement in teaching.,Negative,2025-03-11
1136,ST0978,F031,SUB020,1,1,2,2,2,1,Practicals were insufficient.,Negative,2025-10-07
1137,ST0400,F036,SUB029,5,5,5,4,5,5,Concepts explained clearly.,Positive,2025-09-28
1138,ST0043,F007,SUB013,3,3,4,3,4,4,Can improve interaction.,Neutral,2025-07-01
1139,ST0018,F015,SUB012,4,4,5,5,5,4,Helpful and supportive faculty.,Positive,2025-01-07
1140,ST0634,F002,SUB019,3,4,3,3,4,4,Need more examples.,Neutral,2025-12-13
1141,ST0973,F010,SUB025,5,5,5,4,4,4,Very interactive class.,Positive,2025-11-17
1142,ST0233,F015,SUB018,5,5,4,5,5,5,Great practical sessions.,Positive,2025-12-21
1143,ST0433,F029,SUB019,4,4,4,5,5,4,Great practical sessions.,Positive,2025-07-02
1144,ST0250,F028,SUB030,4,5,4,4,4,5,Helpful and supportive faculty.,Positive,2025-03-23
1145,ST0833,F016,SUB011,5,5,4,4,5,5,Very interactive class.,Positive,2025-08-04
1146,ST0301,F036,SUB026,4,4,4,3,3,3,Class was okay.,Neutral,2025-03-09
1147,ST0643,F031,SUB026,4,5,4,5,5,4,Concepts explained clearly.,Positive,2025-01-17
1148,ST0692,F012,SUB018,4,4,4,4,5,5,Excellent teaching and explanation.,Positive,2025-08-27
1149,ST0246,F013,SUB021,2,2,1,2,2,1,Needs improvement in teaching.,Negative,2025-12-10
1150,ST0880,F040,SUB029,5,4,4,5,4,5,Very interactive class.,Positive,2025-12-18
1151,ST0081,F005,SUB015,4,4,5,5,4,4,Helpful and supportive faculty.,Positive,2025-12-31
1152,ST0603,F018,SUB011,5,5,5,5,5,4,Very interactive class.,Positive,2025-11-01
1153,ST0125,F012,SUB025,4,5,4,4,4,4,Very interactive class.,Positive,2025-10-02
1154,ST0001,F019,SUB002,1,1,1,2,1,1,Class was not engaging.,Negative,2025-11-15
1155,ST0803,F003,SUB013,4,4,4,3,3,3,Can improve interaction.,Neutral,2025-08-04
1156,ST0947,F033,SUB014,5,4,4,4,4,4,Excellent teaching and explanation.,Positive,2025-02-16
1157,ST0461,F014,SUB027,5,4,5,5,4,4,Very interactive class.,Positive,2025-04-02
1158,ST0874,F004,SUB022,1,2,1,2,2,2,Needs better communication.,Negative,2025-09-13
1159,ST0918,F001,SUB005,4,5,5,5,4,4,Helpful and supportive faculty.,Positive,2025-07-25
1160,ST0129,F016,SUB006,3,3,3,3,4,4,Class was okay.,Neutral,2025-10-13
1161,ST0241,F013,SUB022,5,5,5,5,4,4,Great practical sessions.,Positive,2025-11-08
1162,ST0409,F036,SUB016,4,4,4,5,5,5,Very interactive class.,Positive,2025-04-18
1163,ST0843,F028,SUB001,5,4,5,4,5,4,Concepts explained clearly.,Positive,2025-04-26
1164,ST0501,F024,SUB012,4,4,3,4,4,3,Satisfactory explanation.,Neutral,2025-04-18
1165,ST0801,F018,SUB014,5,5,4,5,5,5,Concepts explained clearly.,Positive,2025-03-20
1166,ST0107,F001,SUB007,4,4,5,4,4,4,Concepts explained clearly.,Positive,2025-12-02
1167,ST0744,F033,SUB029,5,5,4,5,4,4,Concepts explained clearly.,Positive,2025-11-29
1168,ST0022,F012,SUB006,4,5,5,4,4,4,Concepts explained clearly.,Positive,2025-09-21
1169,ST0253,F013,SUB014,4,5,4,5,5,5,Concepts explained clearly.,Positive,2025-11-25
1170,ST0654,F019,SUB005,4,5,4,4,5,4,Concepts explained clearly.,Positive,2025-05-01
1171,ST0634,F014,SUB025,3,4,4,3,4,3,Satisfactory explanation.,Neutral,2025-11-03
1172,ST0325,F010,SUB017,4,5,4,5,4,4,Very interactive class.,Positive,2025-12-31
1173,ST0085,F019,SUB024,4,4,5,4,4,5,Very interactive class.,Positive,2025-01-22
1174,ST0192,F035,SUB011,3,4,4,3,3,4,Average teaching experience.,Neutral,2025-07-08
1175,ST0066,F001,SUB028,3,4,4,3,4,3,Average teaching experience.,Neutral,2025-01-17
1176,ST0800,F007,SUB030,5,4,4,5,4,4,Helpful and supportive faculty.,Positive,2025-04-06
1177,ST0646,F033,SUB018,3,3,4,3,3,3,Need more examples.,Neutral,2025-09-03
1178,ST0897,F010,SUB008,3,3,3,3,4,3,Average teaching experience.,Neutral,2025-09-29
1179,ST0337,F029,SUB003,4,4,4,5,4,4,Excellent teaching and explanation.,Positive,2025-01-22
1180,ST0586,F003,SUB006,5,4,5,5,4,4,Concepts explained clearly.,Positive,2025-03-01
1181,ST0042,F008,SUB015,4,5,5,4,4,5,Great practical sessions.,Positive,2025-04-07
1182,ST0186,F034,SUB006,1,2,1,1,1,2,Concepts not explained clearly.,Negative,2025-09-01
1183,ST0660,F012,SUB027,3,4,3,3,4,3,Average teaching experience.,Neutral,2025-03-11
1184,ST0545,F015,SUB006,1,2,2,2,1,1,Needs improvement in teaching.,Negative,2025-02-03
1185,ST0253,F015,SUB018,2,1,2,2,1,2,Needs improvement in teaching.,Negative,2025-05-30
1186,ST0955,F002,SUB015,4,3,4,3,4,3,Average teaching experience.,Neutral,2025-03-14
1187,ST0588,F002,SUB026,4,4,4,5,5,4,Great practical sessions.,Positive,2025-06-13
1188,ST0062,F022,SUB003,4,4,5,4,5,5,Very interactive class.,Positive,2025-09-13
1189,ST0622,F022,SUB030,4,3,3,3,4,4,Need more examples.,Neutral,2025-08-18
1190,ST0814,F025,SUB026,4,5,4,5,5,4,Concepts explained clearly.,Positive,2025-03-01
1191,ST0077,F005,SUB010,2,1,1,2,2,1,Practicals were insufficient.,Negative,2025-10-29
1192,ST0789,F036,SUB021,5,4,4,5,5,4,Very interactive class.,Positive,2025-02-02
1193,ST0540,F026,SUB005,4,4,4,4,4,5,Concepts explained clearly.,Positive,2025-12-10
1194,ST0640,F026,SUB020,4,4,3,4,3,4,Satisfactory explanation.,Neutral,2025-12-31
1195,ST0699,F035,SUB014,5,5,5,4,5,5,Very interactive class.,Positive,2025-10-07
1196,ST0516,F012,SUB007,5,4,4,4,5,4,Great practical sessions.,Positive,2025-07-24
1197,ST0859,F007,SUB007,4,4,4,5,4,4,Very interactive class.,Positive,2025-10-11
1198,ST0069,F007,SUB009,5,5,4,4,4,4,Excellent teaching and explanation.,Positive,2025-11-01
1199,ST0491,F027,SUB003,5,5,5,4,4,5,Great practical sessions.,Positive,2025-11-14
1200,ST0376,F023,SUB025,4,5,5,5,5,4,Great practical sessions.,Positive,2025-03-07
1201,ST0413,F004,SUB008,1,1,2,1,2,2,Needs better communication.,Negative,2025-10-11
1202,ST0444,F025,SUB027,5,4,5,4,5,4,Very interactive class.,Positive,2025-11-17
1203,ST0150,F010,SUB028,4,3,3,4,3,3,Average teaching experience.,Neutral,2025-06-21
1204,ST0799,F032,SUB020,3,3,4,4,4,3,Need more examples.,Neutral,2025-07-08
1205,ST0746,F030,SUB002,4,4,4,5,5,4,Concepts explained clearly.,Positive,2025-11-14
1206,ST0510,F001,SUB029,4,4,3,3,3,3,Satisfactory explanation.,Neutral,2025-08-05
1207,ST0140,F007,SUB025,3,4,4,3,3,3,Can improve interaction.,Neutral,2025-04-14
1208,ST0939,F001,SUB018,5,4,4,4,5,5,Concepts explained clearly.,Positive,2025-03-09
1209,ST0252,F023,SUB025,4,5,5,5,4,5,Helpful and supportive faculty.,Positive,2025-07-23
1210,ST0597,F039,SUB028,4,5,5,5,4,5,Great practical sessions.,Positive,2025-05-06
1211,ST0794,F037,SUB015,4,4,4,3,3,3,Need more examples.,Neutral,2025-10-26
1212,ST0961,F035,SUB019,5,4,4,4,4,5,Great practical sessions.,Positive,2025-01-21
1213,ST0399,F010,SUB019,1,2,1,1,1,1,Practicals were insufficient.,Negative,2025-06-01
1214,ST0212,F004,SUB010,1,2,1,2,1,1,Class was not engaging.,Negative,2025-08-18
1215,ST0760,F026,SUB023,5,4,5,4,5,4,Helpful and supportive faculty.,Positive,2025-10-20
1216,ST0396,F022,SUB011,5,5,4,4,5,5,Concepts explained clearly.,Positive,2025-10-09
1217,ST0953,F014,SUB022,4,4,4,4,3,4,Class was okay.,Neutral,2025-09-02
1218,ST0179,F034,SUB019,3,4,3,4,3,4,Satisfactory explanation.,Neutral,2025-08-25
1219,ST0595,F039,SUB019,4,4,4,5,4,4,Excellent teaching and explanation.,Positive,2025-07-01
1220,ST0627,F024,SUB011,3,3,4,3,3,3,Class was okay.,Neutral,2025-06-04
1221,ST0985,F039,SUB022,1,2,2,2,1,1,Needs improvement in teaching.,Negative,2025-10-05
1222,ST0347,F009,SUB029,5,4,5,5,5,4,Very interactive class.,Positive,2025-12-14
1223,ST0794,F035,SUB001,4,4,4,4,5,5,Concepts explained clearly.,Positive,2025-10-11
1224,ST0363,F031,SUB013,4,4,5,5,4,4,Concepts explained clearly.,Positive,2025-08-07
1225,ST0909,F038,SUB019,5,4,4,4,4,5,Very interactive class.,Positive,2025-03-09
1226,ST0019,F024,SUB004,4,3,3,4,3,4,Class was okay.,Neutral,2025-02-15
1227,ST0775,F015,SUB004,4,4,4,4,4,5,Helpful and supportive faculty.,Positive,2025-05-26
1228,ST0523,F030,SUB006,4,3,4,3,3,3,Average teaching experience.,Neutral,2025-05-31
1229,ST0406,F014,SUB019,4,5,4,5,4,4,Very interactive class.,Positive,2025-09-03
1230,ST0875,F018,SUB007,3,3,4,3,4,4,Class was okay.,Neutral,2025-11-10
1231,ST0117,F008,SUB023,4,4,5,5,5,5,Great practical sessions.,Positive,2025-10-03
1232,ST0140,F011,SUB016,5,5,5,5,4,4,Great practical sessions.,Positive,2025-09-22
1233,ST0101,F032,SUB008,4,4,5,5,5,4,Concepts explained clearly.,Positive,2025-09-27
1234,ST0222,F005,SUB018,4,4,4,4,5,5,Excellent teaching and explanation.,Positive,2025-12-29
1235,ST0551,F007,SUB008,4,5,5,4,4,4,Excellent teaching and explanation.,Positive,2025-07-09
1236,ST0887,F039,SUB019,4,4,5,4,5,5,Helpful and supportive faculty.,Positive,2025-04-02
1237,ST0394,F010,SUB022,4,5,4,4,4,4,Excellent teaching and explanation.,Positive,2025-08-25
1238,ST0133,F002,SUB012,3,4,4,3,3,3,Need more examples.,Neutral,2025-02-22
1239,ST0791,F040,SUB026,4,5,4,5,5,5,Very interactive class.,Positive,2025-12-01
1240,ST0981,F015,SUB008,3,3,4,4,4,3,Class was okay.,Neutral,2025-10-07
1241,ST0208,F025,SUB029,4,4,5,4,5,5,Very interactive class.,Positive,2025-07-24
1242,ST0180,F009,SUB012,5,4,4,4,5,5,Helpful and supportive faculty.,Positive,2025-04-10
1243,ST0460,F018,SUB013,4,4,5,5,4,5,Concepts explained clearly.,Positive,2025-08-04
1244,ST0007,F002,SUB030,5,4,4,5,4,5,Helpful and supportive faculty.,Positive,2025-09-11
1245,ST0094,F009,SUB025,4,4,4,5,5,4,Great practical sessions.,Positive,2025-06-26
1246,ST0121,F010,SUB023,5,4,5,5,5,5,Helpful and supportive faculty.,Positive,2025-04-19
1247,ST0465,F012,SUB004,2,2,1,2,1,1,Concepts not explained clearly.,Negative,2025-10-13
1248,ST0799,F032,SUB001,4,4,5,5,5,4,Excellent teaching and explanation.,Positive,2025-11-21
1249,ST0604,F031,SUB009,4,5,4,4,4,4,Excellent teaching and explanation.,Positive,2025-08-23
1250,ST0198,F037,SUB006,4,5,5,5,5,5,Helpful and supportive faculty.,Positive,2025-09-09
1251,ST0698,F013,SUB010,5,4,5,4,4,4,Excellent teaching and explanation.,Positive,2025-04-05
1252,ST0235,F035,SUB025,5,5,4,4,4,4,Helpful and supportive faculty.,Positive,2025-04-23
1253,ST0817,F007,SUB002,3,3,4,4,4,4,Need more examples.,Neutral,2025-08-14
1254,ST0023,F031,SUB020,5,5,5,4,5,5,Helpful and supportive faculty.,Positive,2025-06-10
1255,ST0071,F038,SUB029,4,4,4,4,4,5,Great practical sessions.,Positive,2025-10-13
1256,ST0193,F003,SUB020,5,4,4,5,5,5,Excellent teaching and explanation.,Positive,2025-11-26
1257,ST0330,F026,SUB007,5,5,5,4,5,5,Very interactive class.,Positive,2025-09-17
1258,ST0735,F029,SUB028,5,4,4,4,4,5,Great practical sessions.,Positive,2025-01-13
1259,ST0129,F027,SUB002,5,5,5,5,5,5,Very interactive class.,Positive,2025-11-24
1260,ST0305,F036,SUB025,2,2,1,2,1,1,Needs better communication.,Negative,2025-04-01
1261,ST0965,F018,SUB007,5,4,5,5,4,5,Concepts explained clearly.,Positive,2025-05-15
1262,ST0007,F013,SUB019,3,3,3,4,4,4,Can improve interaction.,Neutral,2025-06-29
1263,ST0239,F006,SUB010,4,4,3,4,4,3,Can improve interaction.,Neutral,2025-11-11
1264,ST0546,F008,SUB006,4,5,5,5,5,4,Very interactive class.,Positive,2025-10-16
1265,ST0417,F002,SUB016,3,3,4,4,4,3,Satisfactory explanation.,Neutral,2025-07-06
1266,ST0900,F017,SUB013,5,5,4,4,5,5,Helpful and supportive faculty.,Positive,2025-11-05
1267,ST0860,F029,SUB026,4,4,4,4,4,5,Helpful and supportive faculty.,Positive,2025-07-22
1268,ST0916,F006,SUB002,3,3,3,4,4,3,Class was okay.,Neutral,2025-09-29
1269,ST0729,F002,SUB018,5,5,4,5,5,4,Concepts explained clearly.,Positive,2025-02-06
1270,ST0155,F021,SUB018,4,5,5,4,5,4,Excellent teaching and explanation.,Positive,2025-02-25
1271,ST0696,F031,SUB015,5,5,5,4,5,4,Very interactive class.,Positive,2025-07-19
1272,ST0025,F012,SUB004,1,2,1,1,2,2,Needs improvement in teaching.,Negative,2025-05-10
1273,ST0305,F029,SUB007,4,4,3,3,3,4,Can improve interaction.,Neutral,2025-01-22
1274,ST0055,F006,SUB028,5,4,4,5,4,5,Excellent teaching and explanation.,Positive,2025-08-17
1275,ST0658,F032,SUB022,2,2,2,2,2,1,Concepts not explained clearly.,Negative,2025-06-07
1276,ST0129,F006,SUB006,4,3,3,3,4,4,Class was okay.,Neutral,2025-10-14
1277,ST0293,F014,SUB022,4,4,5,5,4,5,Concepts explained clearly.,Positive,2025-08-14
1278,ST0819,F001,SUB009,3,3,3,4,3,3,Class was okay.,Neutral,2025-04-24
1279,ST0704,F028,SUB003,4,3,3,3,4,4,Class was okay.,Neutral,2025-08-01
1280,ST0152,F017,SUB023,4,4,4,4,4,5,Excellent teaching and explanation.,Positive,2025-02-03
1281,ST0070,F022,SUB028,4,4,4,4,4,4,Helpful and supportive faculty.,Positive,2025-03-01
1282,ST0453,F014,SUB001,1,1,2,1,2,1,Needs better communication.,Negative,2025-08-21
1283,ST0184,F018,SUB023,4,4,4,4,5,5,Concepts explained clearly.,Positive,2025-11-23
1284,ST0237,F034,SUB026,5,4,5,5,4,5,Helpful and supportive faculty.,Positive,2025-09-02
1285,ST0625,F033,SUB011,2,2,2,1,2,2,Needs improvement in teaching.,Negative,2025-03-31
1286,ST0833,F030,SUB001,5,4,4,5,4,4,Helpful and supportive faculty.,Positive,2025-12-12
1287,ST0977,F015,SUB021,5,5,5,5,5,5,Helpful and supportive faculty.,Positive,2025-01-22
1288,ST0878,F022,SUB020,5,5,5,5,4,5,Excellent teaching and explanation.,Positive,2025-04-20
1289,ST0319,F008,SUB029,3,4,4,3,3,4,Need more examples.,Neutral,2025-10-21
1290,ST0556,F023,SUB001,4,4,4,3,3,4,Need more examples.,Neutral,2025-09-09
1291,ST0308,F026,SUB030,4,4,4,5,5,4,Excellent teaching and explanation.,Positive,2025-04-24
1292,ST0037,F031,SUB014,5,5,4,4,4,4,Excellent teaching and explanation.,Positive,2025-03-13
1293,ST0726,F023,SUB020,5,5,5,5,5,5,Excellent teaching and explanation.,Positive,2025-06-07
1294,ST0423,F017,SUB023,5,4,4,5,5,4,Helpful and supportive faculty.,Positive,2025-11-28
1295,ST0340,F023,SUB026,3,4,3,4,4,4,Class was okay.,Neutral,2025-02-06
1296,ST0160,F026,SUB006,4,5,5,4,4,5,Very interactive class.,Positive,2025-03-02
1297,ST0660,F027,SUB016,5,4,4,4,5,4,Great practical sessions.,Positive,2025-06-27
1298,ST0289,F037,SUB026,1,2,2,2,1,2,Class was not engaging.,Negative,2025-07-22
1299,ST0889,F030,SUB002,3,4,4,3,4,3,Average teaching experience.,Neutral,2025-01-28
1300,ST0100,F011,SUB027,3,4,3,3,3,3,Need more examples.,Neutral,2025-06-29
1301,ST0072,F039,SUB002,5,5,4,5,4,5,Excellent teaching and explanation.,Positive,2025-12-10
1302,ST0677,F021,SUB017,4,5,4,5,4,5,Excellent teaching and explanation.,Positive,2025-11-25
1303,ST0140,F016,SUB020,4,5,5,4,5,5,Helpful and supportive faculty.,Positive,2025-11-16
1304,ST0043,F028,SUB018,4,5,4,5,5,5,Helpful and supportive faculty.,Positive,2025-10-09
1305,ST0492,F030,SUB025,5,4,5,5,5,4,Very interactive class.,Positive,2025-10-11
1306,ST0217,F010,SUB004,4,4,3,4,3,3,Satisfactory explanation.,Neutral,2025-01-16
1307,ST0345,F025,SUB008,4,3,3,4,3,4,Average teaching experience.,Neutral,2025-12-29
1308,ST0485,F038,SUB004,2,2,1,2,1,1,Practicals were insufficient.,Negative,2025-08-22
1309,ST0363,F003,SUB003,5,5,4,4,5,5,Great practical sessions.,Positive,2025-06-05
1310,ST0815,F009,SUB013,5,4,4,5,5,4,Excellent teaching and explanation.,Positive,2025-03-01
1311,ST0510,F019,SUB030,4,3,3,3,3,4,Can improve interaction.,Neutral,2025-05-08
1312,ST0568,F029,SUB002,5,5,4,4,4,5,Concepts explained clearly.,Positive,2025-04-02
1313,ST0625,F004,SUB027,5,4,4,5,4,5,Great practical sessions.,Positive,2025-04-11
1314,ST0099,F030,SUB029,1,2,2,1,2,1,Needs improvement in teaching.,Negative,2025-03-29
1315,ST0291,F033,SUB015,3,4,4,4,4,3,Can improve interaction.,Neutral,2025-04-08
1316,ST0420,F018,SUB013,5,4,4,5,5,4,Very interactive class.,Positive,2025-01-19
1317,ST0826,F008,SUB028,2,1,2,2,1,1,Practicals were insufficient.,Negative,2025-11-06
1318,ST0037,F030,SUB018,4,5,5,4,4,4,Helpful and supportive faculty.,Positive,2025-07-09
1319,ST0618,F021,SUB025,5,5,5,5,4,4,Great practical sessions.,Positive,2025-07-27
1320,ST0778,F001,SUB024,4,4,4,4,3,3,Need more examples.,Neutral,2025-11-04
1321,ST0918,F019,SUB024,3,3,4,4,4,4,Can improve interaction.,Neutral,2025-10-28
1322,ST0247,F025,SUB026,3,3,3,4,3,4,Average teaching experience.,Neutral,2025-10-29
1323,ST0668,F008,SUB007,5,5,4,5,4,4,Excellent teaching and explanation.,Positive,2025-01-25
1324,ST0525,F013,SUB020,4,4,5,5,5,4,Helpful and supportive faculty.,Positive,2025-03-30
1325,ST0995,F028,SUB005,5,5,5,5,5,4,Concepts explained clearly.,Positive,2025-11-21
1326,ST0485,F027,SUB020,1,2,2,1,1,1,Needs improvement in teaching.,Negative,2025-03-10
1327,ST0871,F004,SUB007,4,4,3,3,3,4,Class was okay.,Neutral,2025-02-19
1328,ST0442,F024,SUB012,4,3,3,3,4,3,Need more examples.,Neutral,2025-09-14
1329,ST0497,F039,SUB010,5,5,5,5,4,4,Great practical sessions.,Positive,2025-08-23
1330,ST0972,F036,SUB004,4,3,4,4,4,4,Satisfactory explanation.,Neutral,2025-09-26
1331,ST0113,F028,SUB020,5,5,4,4,5,5,Helpful and supportive faculty.,Positive,2025-11-14
1332,ST0733,F029,SUB024,4,5,5,5,4,4,Helpful and supportive faculty.,Positive,2025-05-12
1333,ST0872,F019,SUB010,3,4,3,3,4,3,Can improve interaction.,Neutral,2025-02-05
1334,ST0599,F031,SUB007,4,3,3,3,3,4,Class was okay.,Neutral,2025-09-29
1335,ST0720,F010,SUB013,4,5,5,4,4,5,Very interactive class.,Positive,2025-12-01
1336,ST0216,F029,SUB006,3,3,4,4,3,4,Average teaching experience.,Neutral,2025-11-14
1337,ST0152,F012,SUB030,4,5,5,4,5,4,Very interactive class.,Positive,2025-12-04
1338,ST0773,F027,SUB022,5,4,4,5,4,5,Very interactive class.,Positive,2025-12-25
1339,ST0316,F027,SUB002,4,5,5,5,5,5,Excellent teaching and explanation.,Positive,2025-12-09
1340,ST0035,F023,SUB018,1,2,1,1,2,2,Practicals were insufficient.,Negative,2025-12-07
1341,ST0519,F013,SUB024,4,5,5,4,4,4,Helpful and supportive faculty.,Positive,2025-11-05
1342,ST0281,F034,SUB015,1,1,1,2,2,1,Needs improvement in teaching.,Negative,2025-10-09
1343,ST0637,F038,SUB006,4,4,4,4,4,4,Concepts explained clearly.,Positive,2025-10-30
1344,ST0151,F002,SUB015,2,2,1,1,1,2,Practicals were insufficient.,Negative,2025-05-05
1345,ST0696,F001,SUB013,5,4,5,4,5,5,Concepts explained clearly.,Positive,2025-05-29
1346,ST0630,F018,SUB017,5,5,4,5,5,4,Great practical sessions.,Positive,2025-09-20
1347,ST0047,F004,SUB011,5,4,5,5,5,5,Excellent teaching and explanation.,Positive,2025-02-11
1348,ST0569,F033,SUB004,1,1,2,1,2,2,Class was not engaging.,Negative,2025-10-22
1349,ST0466,F024,SUB022,3,4,3,3,4,3,Average teaching experience.,Neutral,2025-09-05
1350,ST0152,F028,SUB029,5,4,5,5,5,4,Great practical sessions.,Positive,2025-02-03
1351,ST0885,F015,SUB030,4,4,4,4,5,4,Excellent teaching and explanation.,Positive,2025-03-24
1352,ST0528,F021,SUB012,5,4,5,5,4,5,Helpful and supportive faculty.,Positive,2025-08-26
1353,ST0808,F039,SUB005,4,4,4,4,4,5,Excellent teaching and explanation.,Positive,2025-10-05
1354,ST0193,F029,SUB012,4,5,4,5,4,4,Helpful and supportive faculty.,Positive,2025-02-15
1355,ST0612,F004,SUB011,2,2,2,2,2,2,Class was not engaging.,Negative,2025-01-04
1356,ST0308,F021,SUB007,5,4,5,4,4,4,Great practical sessions.,Positive,2025-06-21
1357,ST0804,F017,SUB001,4,4,4,4,4,5,Great practical sessions.,Positive,2025-08-20
1358,ST0074,F013,SUB011,4,4,4,4,3,4,Satisfactory explanation.,Neutral,2025-01-05
1359,ST0617,F021,SUB014,1,2,1,2,2,2,Needs improvement in teaching.,Negative,2025-03-03
1360,ST0477,F025,SUB018,4,5,4,4,5,4,Concepts explained clearly.,Positive,2025-08-24
1361,ST0065,F025,SUB021,5,4,4,5,4,5,Excellent teaching and explanation.,Positive,2025-01-16
1362,ST0441,F021,SUB020,2,2,2,2,2,2,Needs improvement in teaching.,Negative,2025-06-29
1363,ST0391,F011,SUB021,5,5,5,4,5,5,Excellent teaching and explanation.,Positive,2025-10-08
1364,ST0705,F029,SUB017,5,4,4,4,4,5,Great practical sessions.,Positive,2025-09-23
1365,ST0150,F007,SUB002,5,4,5,4,4,5,Excellent teaching and explanation.,Positive,2025-03-07
1366,ST0644,F014,SUB022,3,3,3,3,3,3,Can improve interaction.,Neutral,2025-06-26
1367,ST0496,F036,SUB001,2,1,2,1,1,1,Needs better communication.,Negative,2025-09-06
1368,ST0991,F033,SUB004,3,3,3,3,4,3,Satisfactory explanation.,Neutral,2025-01-19
1369,ST0341,F031,SUB011,5,5,4,4,5,5,Concepts explained clearly.,Positive,2025-01-16
1370,ST0094,F032,SUB016,5,4,4,4,5,4,Concepts explained clearly.,Positive,2025-03-16
1371,ST0483,F031,SUB030,3,4,3,4,4,3,Can improve interaction.,Neutral,2025-11-05
1372,ST0536,F020,SUB024,5,4,4,5,5,4,Excellent teaching and explanation.,Positive,2025-10-29
1373,ST0596,F031,SUB026,5,5,5,4,4,4,Excellent teaching and explanation.,Positive,2025-09-27
1374,ST0088,F004,SUB003,5,4,5,4,5,5,Concepts explained clearly.,Positive,2025-08-28
1375,ST0432,F016,SUB017,4,5,4,4,5,4,Helpful and supportive faculty.,Positive,2025-06-24
1376,ST0063,F021,SUB010,4,4,5,4,5,4,Great practical sessions.,Positive,2025-12-22
1377,ST0685,F031,SUB005,4,5,4,5,5,5,Very interactive class.,Positive,2025-12-28
1378,ST0406,F012,SUB018,4,5,5,4,4,4,Concepts explained clearly.,Positive,2025-08-12
1379,ST0677,F001,SUB020,5,4,4,5,4,4,Excellent teaching and explanation.,Positive,2025-01-28
1380,ST0209,F039,SUB006,4,4,5,5,4,4,Helpful and supportive faculty.,Positive,2025-09-19
1381,ST0647,F015,SUB030,4,5,4,5,5,4,Concepts explained clearly.,Positive,2025-05-29
1382,ST0858,F003,SUB003,4,4,3,4,4,4,Can improve interaction.,Neutral,2025-06-14
1383,ST0791,F039,SUB015,4,4,4,4,5,5,Concepts explained clearly.,Positive,2025-06-18
1384,ST0498,F015,SUB017,4,5,5,4,4,4,Very interactive class.,Positive,2025-03-06
1385,ST0171,F014,SUB013,4,4,4,4,4,4,Average teaching experience.,Neutral,2025-08-05
1386,ST0064,F019,SUB027,4,4,4,4,4,4,Class was okay.,Neutral,2025-03-14
1387,ST0126,F025,SUB009,5,4,4,5,5,4,Helpful and supportive faculty.,Positive,2025-07-31
1388,ST0079,F011,SUB006,5,4,4,4,4,5,Great practical sessions.,Positive,2025-04-09
1389,ST0921,F021,SUB004,2,1,2,2,1,1,Needs improvement in teaching.,Negative,2025-06-19
1390,ST0091,F017,SUB003,3,3,4,4,4,3,Satisfactory explanation.,Neutral,2025-06-29
1391,ST0462,F026,SUB026,4,5,4,5,4,5,Excellent teaching and explanation.,Positive,2025-06-26
1392,ST0805,F007,SUB013,4,4,5,5,5,4,Concepts explained clearly.,Positive,2025-07-19
1393,ST0327,F013,SUB030,4,4,4,3,3,3,Need more examples.,Neutral,2025-08-19
1394,ST0429,F016,SUB021,5,4,4,4,5,5,Great practical sessions.,Positive,2025-09-11
1395,ST0344,F009,SUB024,4,4,4,3,3,3,Need more examples.,Neutral,2025-07-09
1396,ST0512,F005,SUB016,4,3,3,3,4,4,Average teaching experience.,Neutral,2025-10-04
1397,ST0301,F039,SUB017,4,5,5,5,4,5,Helpful and supportive faculty.,Positive,2025-12-21
1398,ST0834,F024,SUB019,3,3,4,3,4,4,Can improve interaction.,Neutral,2025-01-07
1399,ST0537,F019,SUB023,5,4,5,4,4,4,Excellent teaching and explanation.,Positive,2025-12-10
1400,ST0313,F013,SUB024,4,4,5,5,4,5,Great practical sessions.,Positive,2025-04-07
1401,ST0193,F025,SUB026,3,3,4,4,4,4,Class was okay.,Neutral,2025-07-29
1402,ST0416,F011,SUB017,3,3,4,4,4,4,Average teaching experience.,Neutral,2025-05-24
1403,ST0005,F037,SUB004,5,4,4,5,5,4,Very interactive class.,Positive,2025-05-21
1404,ST0383,F024,SUB018,4,4,3,4,3,3,Can improve interaction.,Neutral,2025-09-02
1405,ST0642,F014,SUB018,5,5,4,4,4,4,Excellent teaching and explanation.,Positive,2025-02-18
1406,ST0702,F026,SUB002,4,4,3,3,3,3,Average teaching experience.,Neutral,2025-08-08
1407,ST0193,F003,SUB001,5,4,5,5,4,4,Excellent teaching and explanation.,Positive,2025-08-15
1408,ST0328,F004,SUB014,1,1,2,2,1,2,Needs improvement in teaching.,Negative,2025-01-23
1409,ST0639,F006,SUB005,1,1,1,1,1,2,Concepts not explained clearly.,Negative,2025-04-06
1410,ST0586,F019,SUB011,5,4,5,5,5,4,Excellent teaching and explanation.,Positive,2025-06-11
1411,ST0517,F004,SUB005,2,1,2,2,1,2,Needs improvement in teaching.,Negative,2025-05-21
1412,ST0144,F029,SUB001,5,5,5,5,5,4,Helpful and supportive faculty.,Positive,2025-01-24
1413,ST0444,F031,SUB008,4,3,3,3,3,4,Satisfactory explanation.,Neutral,2025-04-18
1414,ST0702,F019,SUB002,4,5,4,4,5,4,Great practical sessions.,Positive,2025-06-10
1415,ST0269,F029,SUB017,4,5,4,5,5,5,Concepts explained clearly.,Positive,2025-08-11
1416,ST0006,F037,SUB004,5,4,4,4,4,4,Excellent teaching and explanation.,Positive,2025-01-17
1417,ST0189,F003,SUB001,4,5,5,5,4,4,Concepts explained clearly.,Positive,2025-01-19
1418,ST0326,F018,SUB012,4,4,4,5,4,4,Helpful and supportive faculty.,Positive,2025-11-21
1419,ST0862,F012,SUB014,4,5,5,4,5,5,Excellent teaching and explanation.,Positive,2025-03-13
1420,ST0166,F012,SUB002,4,3,3,4,4,4,Need more examples.,Neutral,2025-06-14
1421,ST0405,F002,SUB016,5,5,5,5,5,5,Helpful and supportive faculty.,Positive,2025-11-25
1422,ST0775,F036,SUB004,3,4,4,4,3,3,Satisfactory explanation.,Neutral,2025-03-31
1423,ST0946,F014,SUB005,3,3,4,3,3,3,Can improve interaction.,Neutral,2025-01-12
1424,ST0060,F025,SUB017,2,2,2,1,2,1,Needs better communication.,Negative,2025-12-02
1425,ST0966,F014,SUB004,4,4,5,5,5,5,Concepts explained clearly.,Positive,2025-09-06
1426,ST0513,F023,SUB023,2,2,1,2,2,1,Practicals were insufficient.,Negative,2025-04-11
1427,ST0432,F035,SUB002,5,4,5,4,4,5,Excellent teaching and explanation.,Positive,2025-05-16
1428,ST0750,F039,SUB020,5,5,5,4,5,4,Very interactive class.,Positive,2025-03-28
1429,ST0885,F018,SUB004,3,4,4,4,3,4,Need more examples.,Neutral,2025-02-25
1430,ST0522,F005,SUB002,4,4,4,5,4,5,Very interactive class.,Positive,2025-01-02
1431,ST0228,F012,SUB024,5,5,5,4,5,4,Excellent teaching and explanation.,Positive,2025-11-25
1432,ST0768,F003,SUB007,3,4,3,4,4,4,Average teaching experience.,Neutral,2025-01-31
1433,ST0883,F014,SUB009,5,5,5,5,5,5,Very interactive class.,Positive,2025-08-22
1434,ST0021,F008,SUB021,5,4,4,5,5,5,Excellent teaching and explanation.,Positive,2025-02-16
1435,ST0076,F040,SUB017,4,5,5,5,4,5,Great practical sessions.,Positive,2025-03-11
1436,ST0921,F001,SUB009,4,4,5,5,5,4,Great practical sessions.,Positive,2025-11-03
1437,ST0756,F009,SUB004,3,4,3,3,4,4,Satisfactory explanation.,Neutral,2025-12-21
1438,ST0585,F032,SUB019,3,4,3,4,3,3,Satisfactory explanation.,Neutral,2025-09-04
1439,ST0175,F019,SUB003,3,4,4,3,3,3,Class was okay.,Neutral,2025-10-18
1440,ST0608,F001,SUB027,4,5,4,4,4,5,Very interactive class.,Positive,2025-06-24
1441,ST0549,F005,SUB026,1,1,2,1,2,2,Class was not engaging.,Negative,2025-07-29
1442,ST0993,F038,SUB028,5,5,5,4,4,4,Helpful and supportive faculty.,Positive,2025-01-13
1443,ST0753,F008,SUB002,1,1,2,1,1,2,Class was not engaging.,Negative,2025-10-09
1444,ST0152,F035,SUB016,5,5,4,5,4,4,Very interactive class.,Positive,2025-04-21
1445,ST0947,F022,SUB018,4,3,3,4,4,3,Satisfactory explanation.,Neutral,2025-12-31
1446,ST0177,F038,SUB013,4,5,4,4,5,5,Great practical sessions.,Positive,2025-11-07
1447,ST0764,F032,SUB014,4,4,5,4,4,4,Helpful and supportive faculty.,Positive,2025-08-14
1448,ST0139,F035,SUB003,4,5,5,4,4,5,Very interactive class.,Positive,2025-07-06
1449,ST0971,F028,SUB014,3,4,4,3,3,4,Average teaching experience.,Neutral,2025-02-26
1450,ST0593,F025,SUB003,5,5,5,5,5,4,Excellent teaching and explanation.,Positive,2025-09-27
1451,ST0539,F001,SUB016,4,3,3,3,4,3,Can improve interaction.,Neutral,2025-12-13
1452,ST0671,F018,SUB028,3,4,3,4,3,4,Average teaching experience.,Neutral,2025-11-13
1453,ST0820,F007,SUB002,4,5,5,5,4,4,Excellent teaching and explanation.,Positive,2025-09-12
1454,ST0116,F027,SUB030,5,4,5,4,4,4,Helpful and supportive faculty.,Positive,2025-06-28
1455,ST0671,F006,SUB024,2,1,1,1,2,2,Practicals were insufficient.,Negative,2025-02-14
1456,ST0282,F026,SUB005,1,2,2,1,1,2,Class was not engaging.,Negative,2025-03-09
1457,ST0577,F007,SUB024,4,4,5,4,4,5,Excellent teaching and explanation.,Positive,2025-10-14
1458,ST0671,F018,SUB026,5,5,5,4,4,5,Excellent teaching and explanation.,Positive,2025-02-05
1459,ST0114,F008,SUB021,3,3,4,3,4,3,Average teaching experience.,Neutral,2025-10-03
1460,ST0655,F040,SUB018,2,1,2,2,2,1,Practicals were insufficient.,Negative,2025-07-23
1461,ST0770,F012,SUB026,5,5,5,4,5,4,Excellent teaching and explanation.,Positive,2025-09-05
1462,ST0600,F033,SUB027,4,4,5,5,5,4,Great practical sessions.,Positive,2025-10-25
1463,ST0659,F003,SUB016,4,3,3,3,3,3,Average teaching experience.,Neutral,2025-01-02
1464,ST0726,F009,SUB009,5,4,4,4,4,4,Great practical sessions.,Positive,2025-01-04
1465,ST0604,F001,SUB006,1,2,2,2,1,2,Needs improvement in teaching.,Negative,2025-03-18
1466,ST0979,F018,SUB021,4,4,5,4,4,5,Very interactive class.,Positive,2025-12-10
1467,ST0312,F030,SUB011,4,3,3,3,3,4,Can improve interaction.,Neutral,2025-11-12
1468,ST0862,F013,SUB012,5,5,4,4,5,5,Helpful and supportive faculty.,Positive,2025-02-17
1469,ST0157,F025,SUB017,4,5,5,5,4,4,Very interactive class.,Positive,2025-04-23
1470,ST0451,F035,SUB023,5,4,4,4,5,4,Excellent teaching and explanation.,Positive,2025-03-19
1471,ST0878,F035,SUB029,1,2,1,1,2,1,Needs better communication.,Negative,2025-03-31
1472,ST0617,F013,SUB011,3,4,4,3,4,4,Can improve interaction.,Neutral,2025-06-11
1473,ST0064,F039,SUB003,3,4,3,4,3,4,Class was okay.,Neutral,2025-07-14
1474,ST0036,F031,SUB002,4,5,4,5,5,5,Excellent teaching and explanation.,Positive,2025-08-24
1475,ST0234,F003,SUB008,1,1,2,2,1,1,Needs improvement in teaching.,Negative,2025-06-19
1476,ST0605,F027,SUB003,4,5,4,4,5,4,Concepts explained clearly.,Positive,2025-11-12
1477,ST0364,F038,SUB023,4,5,4,4,4,4,Very interactive class.,Positive,2025-10-03
1478,ST0062,F037,SUB001,5,4,4,4,4,5,Concepts explained clearly.,Positive,2025-10-20
1479,ST0379,F039,SUB013,5,4,4,4,5,5,Concepts explained clearly.,Positive,2025-05-09
1480,ST0955,F019,SUB020,4,5,5,5,4,4,Very interactive class.,Positive,2025-10-04
1481,ST0250,F026,SUB018,4,4,5,5,5,5,Very interactive class.,Positive,2025-02-22
1482,ST0062,F015,SUB020,2,2,2,2,1,2,Concepts not explained clearly.,Negative,2025-04-30
1483,ST0058,F036,SUB024,3,4,3,3,4,4,Class was okay.,Neutral,2025-01-23
1484,ST0428,F038,SUB009,4,4,3,4,4,4,Average teaching experience.,Neutral,2025-02-24
1485,ST0099,F015,SUB020,4,4,4,4,5,4,Excellent teaching and explanation.,Positive,2025-05-03
1486,ST0097,F020,SUB027,3,4,4,4,4,4,Average teaching experience.,Neutral,2025-05-27
1487,ST0435,F010,SUB019,5,5,4,5,5,5,Helpful and supportive faculty.,Positive,2025-06-22
1488,ST0115,F013,SUB026,4,4,4,4,5,4,Great practical sessions.,Positive,2025-02-05
1489,ST0355,F009,SUB007,5,5,4,5,5,4,Helpful and supportive faculty.,Positive,2025-08-21
1490,ST0363,F002,SUB018,1,1,1,1,2,1,Needs improvement in teaching.,Negative,2025-04-16
1491,ST0450,F032,SUB017,5,4,5,5,5,5,Concepts explained clearly.,Positive,2025-05-03
1492,ST0219,F021,SUB025,1,2,1,2,1,2,Class was not engaging.,Negative,2025-01-20
1493,ST0258,F007,SUB027,1,1,1,2,2,2,Concepts not explained clearly.,Negative,2025-09-07
1494,ST0004,F035,SUB017,2,2,1,2,2,2,Needs better communication.,Negative,2025-12-29
1495,ST0845,F020,SUB004,5,5,4,5,4,4,Great practical sessions.,Positive,2025-03-01
1496,ST0966,F005,SUB015,5,4,5,4,5,4,Concepts explained clearly.,Positive,2025-08-05
1497,ST0259,F005,SUB030,4,4,5,5,4,5,Concepts explained clearly.,Positive,2025-06-21
1498,ST0037,F004,SUB030,3,3,4,4,4,4,Can improve interaction.,Neutral,2025-01-27
1499,ST0242,F038,SUB021,4,4,5,4,5,5,Excellent teaching and explanation.,Positive,2025-06-09
1500,ST0859,F036,SUB024,2,2,2,1,2,1,Concepts not explained clearly.,Negative,2025-02-25
1501,ST0760,F028,SUB027,5,5,5,5,4,4,Great practical sessions.,Positive,2025-09-06
1502,ST0025,F037,SUB011,2,2,1,2,2,2,Needs better communication.,Negative,2025-09-04
1503,ST0619,F010,SUB026,5,5,5,4,4,5,Concepts explained clearly.,Positive,2025-06-12
1504,ST0484,F005,SUB003,3,4,3,4,4,4,Can improve interaction.,Neutral,2025-08-29
1505,ST0270,F016,SUB014,4,4,4,5,4,5,Concepts explained clearly.,Positive,2025-12-30
1506,ST0716,F013,SUB012,5,4,5,5,5,4,Helpful and supportive faculty.,Positive,2025-01-28
1507,ST0398,F040,SUB024,1,2,1,1,1,1,Practicals were insufficient.,Negative,2025-08-18
1508,ST0301,F029,SUB017,4,5,5,4,4,4,Helpful and supportive faculty.,Positive,2025-10-03
1509,ST0724,F021,SUB026,2,2,2,2,1,1,Needs improvement in teaching.,Negative,2025-05-14
1510,ST0447,F017,SUB007,4,5,5,4,5,4,Concepts explained clearly.,Positive,2025-08-01
1511,ST0543,F034,SUB013,5,4,4,4,4,5,Very interactive class.,Positive,2025-01-18
1512,ST0619,F040,SUB001,4,4,4,4,4,5,Concepts explained clearly.,Positive,2025-03-02
1513,ST0832,F017,SUB025,5,4,4,5,4,4,Very interactive class.,Positive,2025-09-13
1514,ST0769,F007,SUB002,3,4,3,4,3,3,Can improve interaction.,Neutral,2025-04-16
1515,ST0140,F025,SUB015,5,4,5,5,4,4,Excellent teaching and explanation.,Positive,2025-04-24
1516,ST0629,F040,SUB005,4,4,3,4,3,4,Average teaching experience.,Neutral,2025-04-05
1517,ST0912,F030,SUB019,4,4,5,4,4,4,Concepts explained clearly.,Positive,2025-02-23
1518,ST0235,F030,SUB018,2,2,1,1,1,1,Needs improvement in teaching.,Negative,2025-04-20
1519,ST0864,F034,SUB017,4,5,4,4,4,4,Great practical sessions.,Positive,2025-01-04
1520,ST0361,F026,SUB007,4,4,4,5,5,4,Great practical sessions.,Positive,2025-03-13
1521,ST0755,F002,SUB028,5,4,4,4,5,5,Great practical sessions.,Positive,2025-03-11
1522,ST0846,F030,SUB027,4,5,5,5,4,5,Excellent teaching and explanation.,Positive,2025-03-01
1523,ST0888,F015,SUB009,4,4,3,3,4,3,Need more examples.,Neutral,2025-12-03
1524,ST0498,F015,SUB016,4,5,4,5,4,4,Excellent teaching and explanation.,Positive,2025-06-22
1525,ST0148,F023,SUB003,3,3,4,4,3,3,Class was okay.,Neutral,2025-11-24
1526,ST0529,F003,SUB026,2,2,1,2,1,1,Concepts not explained clearly.,Negative,2025-02-15
1527,ST0439,F014,SUB009,5,4,5,5,5,5,Concepts explained clearly.,Positive,2025-02-03
1528,ST0438,F012,SUB014,5,5,4,5,5,4,Great practical sessions.,Positive,2025-10-07
1529,ST0648,F036,SUB011,5,4,5,4,4,4,Helpful and supportive faculty.,Positive,2025-07-14
1530,ST0469,F021,SUB007,5,5,5,4,5,5,Excellent teaching and explanation.,Positive,2025-09-18
1531,ST0693,F010,SUB001,3,4,3,3,3,3,Class was okay.,Neutral,2025-12-27
1532,ST0372,F021,SUB024,4,4,5,5,4,4,Concepts explained clearly.,Positive,2025-06-01
1533,ST0481,F013,SUB004,3,4,4,3,4,4,Can improve interaction.,Neutral,2025-09-13
1534,ST0858,F010,SUB014,4,4,4,3,3,3,Class was okay.,Neutral,2025-02-25
1535,ST0546,F019,SUB004,2,1,1,2,2,2,Class was not engaging.,Negative,2025-06-07
1536,ST0373,F027,SUB009,4,4,4,4,4,4,Concepts explained clearly.,Positive,2025-05-29
1537,ST0743,F005,SUB010,3,3,3,3,4,4,Can improve interaction.,Neutral,2025-03-03
1538,ST0959,F002,SUB003,5,5,5,4,4,4,Very interactive class.,Positive,2025-10-06
1539,ST0215,F004,SUB023,5,4,5,4,5,4,Concepts explained clearly.,Positive,2025-10-16
1540,ST0193,F023,SUB027,4,3,3,3,3,3,Can improve interaction.,Neutral,2025-11-09
1541,ST0043,F012,SUB024,2,1,1,2,2,2,Concepts not explained clearly.,Negative,2025-06-20
1542,ST0553,F026,SUB015,3,4,3,3,4,4,Class was okay.,Neutral,2025-07-10
1543,ST0229,F030,SUB005,2,1,2,2,1,1,Needs improvement in teaching.,Negative,2025-04-18
1544,ST0303,F027,SUB022,4,3,4,3,3,3,Can improve interaction.,Neutral,2025-08-03
1545,ST0921,F026,SUB015,4,4,5,5,4,4,Helpful and supportive faculty.,Positive,2025-09-08
1546,ST0281,F006,SUB005,5,4,4,4,4,4,Excellent teaching and explanation.,Positive,2025-03-16
1547,ST0131,F020,SUB028,5,4,4,5,4,5,Very interactive class.,Positive,2025-06-24
1548,ST0719,F033,SUB004,1,2,2,2,1,1,Needs better communication.,Negative,2025-02-28
1549,ST0529,F014,SUB015,5,5,5,4,4,4,Great practical sessions.,Positive,2025-04-14
1550,ST0978,F019,SUB012,4,5,4,4,4,4,Excellent teaching and explanation.,Positive,2025-04-30
1551,ST0630,F020,SUB019,5,4,4,5,4,5,Excellent teaching and explanation.,Positive,2025-04-28
1552,ST0747,F010,SUB022,2,2,2,1,1,1,Class was not engaging.,Negative,2025-06-16
1553,ST0663,F027,SUB028,4,4,4,3,4,4,Can improve interaction.,Neutral,2025-11-24
1554,ST0268,F024,SUB024,3,4,3,3,4,3,Average teaching experience.,Neutral,2025-04-22
1555,ST0210,F022,SUB014,3,3,3,3,3,4,Class was okay.,Neutral,2025-11-24
1556,ST0687,F017,SUB015,4,5,4,5,4,5,Great practical sessions.,Positive,2025-12-24
1557,ST0912,F008,SUB027,5,4,5,5,4,5,Helpful and supportive faculty.,Positive,2025-11-10
1558,ST0183,F014,SUB011,1,1,1,1,2,2,Needs better communication.,Negative,2025-04-14
1559,ST0538,F016,SUB006,5,5,4,4,5,5,Excellent teaching and explanation.,Positive,2025-05-11
1560,ST0949,F010,SUB020,4,5,4,4,4,5,Helpful and supportive faculty.,Positive,2025-02-25
1561,ST0110,F010,SUB005,4,4,5,5,5,5,Excellent teaching and explanation.,Positive,2025-01-17
1562,ST0513,F028,SUB007,4,5,4,4,5,5,Concepts explained clearly.,Positive,2025-11-24
1563,ST0148,F014,SUB026,4,4,5,4,5,4,Great practical sessions.,Positive,2025-03-02
1564,ST0688,F003,SUB011,4,3,3,4,3,4,Class was okay.,Neutral,2025-12-28
1565,ST0915,F016,SUB001,4,4,5,4,4,5,Helpful and supportive faculty.,Positive,2025-05-28
1566,ST0336,F006,SUB004,5,5,4,5,4,4,Concepts explained clearly.,Positive,2025-01-14
1567,ST0221,F011,SUB008,5,5,5,4,4,4,Very interactive class.,Positive,2025-05-17
1568,ST0496,F018,SUB012,2,1,2,2,2,1,Needs improvement in teaching.,Negative,2025-05-23
1569,ST0645,F004,SUB027,3,4,4,4,3,3,Can improve interaction.,Neutral,2025-05-06
1570,ST0897,F015,SUB025,4,5,4,5,5,5,Helpful and supportive faculty.,Positive,2025-04-26
1571,ST0379,F040,SUB024,4,4,4,5,4,5,Very interactive class.,Positive,2025-11-02
1572,ST0234,F017,SUB030,3,3,3,3,4,4,Average teaching experience.,Neutral,2025-12-31
1573,ST0296,F018,SUB014,4,4,5,4,4,4,Helpful and supportive faculty.,Positive,2025-06-16
1574,ST0717,F032,SUB005,4,4,3,4,4,3,Class was okay.,Neutral,2025-01-17
1575,ST0819,F001,SUB005,4,4,5,4,5,5,Helpful and supportive faculty.,Positive,2025-11-01
1576,ST0424,F021,SUB016,5,5,5,4,5,5,Very interactive class.,Positive,2025-05-04
1577,ST0354,F007,SUB011,4,4,4,4,4,5,Very interactive class.,Positive,2025-02-27
1578,ST0297,F038,SUB001,5,4,5,5,4,5,Very interactive class.,Positive,2025-12-22
1579,ST0652,F017,SUB023,2,1,2,1,2,1,Class was not engaging.,Negative,2025-05-27
1580,ST0114,F039,SUB003,5,4,5,4,4,4,Excellent teaching and explanation.,Positive,2025-05-25
1581,ST0261,F023,SUB022,4,3,4,3,4,3,Need more examples.,Neutral,2025-09-30
1582,ST0543,F027,SUB012,5,5,4,4,4,4,Great practical sessions.,Positive,2025-05-28
1583,ST0782,F021,SUB015,5,4,5,4,4,4,Excellent teaching and explanation.,Positive,2025-08-02
1584,ST0873,F035,SUB004,1,1,1,1,1,2,Practicals were insufficient.,Negative,2025-08-10
1585,ST0354,F020,SUB011,1,1,1,1,2,2,Needs better communication.,Negative,2025-02-21
1586,ST0194,F019,SUB029,5,5,4,4,4,4,Very interactive class.,Positive,2025-04-06
1587,ST0689,F005,SUB017,4,4,3,4,3,4,Need more examples.,Neutral,2025-11-06
1588,ST0755,F009,SUB011,4,4,5,4,4,5,Helpful and supportive faculty.,Positive,2025-01-10
1589,ST0965,F009,SUB007,5,4,5,4,5,5,Concepts explained clearly.,Positive,2025-11-07
1590,ST0400,F027,SUB019,4,3,4,3,3,3,Can improve interaction.,Neutral,2025-09-15
1591,ST0919,F006,SUB017,1,1,1,1,2,1,Needs improvement in teaching.,Negative,2025-10-16
1592,ST0037,F012,SUB005,4,4,4,3,3,3,Can improve interaction.,Neutral,2025-09-25
1593,ST0468,F015,SUB010,1,2,1,1,1,1,Practicals were insufficient.,Negative,2025-03-30
1594,ST0930,F037,SUB027,5,5,4,5,5,4,Helpful and supportive faculty.,Positive,2025-08-05
1595,ST0097,F014,SUB005,5,5,4,5,5,5,Helpful and supportive faculty.,Positive,2025-09-05
1596,ST0645,F019,SUB016,4,5,4,4,5,5,Helpful and supportive faculty.,Positive,2025-10-21
1597,ST0296,F024,SUB015,4,5,5,5,4,5,Concepts explained clearly.,Positive,2025-12-25
1598,ST0518,F022,SUB021,4,3,4,4,4,3,Need more examples.,Neutral,2025-04-20
1599,ST0028,F010,SUB013,4,4,5,5,5,5,Excellent teaching and explanation.,Positive,2025-11-06
1600,ST0617,F014,SUB009,4,4,5,4,4,4,Great practical sessions.,Positive,2025-04-03
1601,ST0425,F020,SUB012,4,3,3,4,4,4,Class was okay.,Neutral,2025-12-14
1602,ST0653,F009,SUB023,5,4,4,4,4,4,Helpful and supportive faculty.,Positive,2025-03-16
1603,ST0898,F031,SUB008,5,4,5,4,5,5,Great practical sessions.,Positive,2025-07-08
1604,ST0705,F033,SUB021,3,3,4,3,3,3,Need more examples.,Neutral,2025-10-30
1605,ST0635,F028,SUB020,3,3,3,4,4,4,Class was okay.,Neutral,2025-07-08
1606,ST0493,F038,SUB011,3,3,3,3,4,4,Satisfactory explanation.,Neutral,2025-04-10
1607,ST0640,F022,SUB013,4,5,5,4,5,5,Excellent teaching and explanation.,Positive,2025-06-28
1608,ST0952,F021,SUB015,3,4,4,4,3,3,Can improve interaction.,Neutral,2025-07-05
1609,ST0032,F021,SUB011,3,4,3,3,4,4,Can improve interaction.,Neutral,2025-10-02
1610,ST0456,F011,SUB005,5,5,5,4,5,5,Very interactive class.,Positive,2025-05-27
1611,ST0619,F023,SUB015,4,5,5,5,5,4,Very interactive class.,Positive,2025-07-23
1612,ST0324,F009,SUB004,5,5,4,5,5,4,Great practical sessions.,Positive,2025-06-04
1613,ST0153,F018,SUB029,4,4,4,5,5,5,Excellent teaching and explanation.,Positive,2025-07-02
1614,ST0318,F021,SUB030,5,4,5,4,5,4,Concepts explained clearly.,Positive,2025-02-18
1615,ST0430,F037,SUB022,4,5,4,4,4,5,Very interactive class.,Positive,2025-04-07
1616,ST0685,F015,SUB024,5,5,4,4,5,5,Very interactive class.,Positive,2025-02-09
1617,ST0283,F020,SUB030,4,5,5,5,5,4,Excellent teaching and explanation.,Positive,2025-10-23
1618,ST0901,F015,SUB021,4,5,4,4,4,5,Very interactive class.,Positive,2025-12-19
1619,ST0371,F002,SUB012,1,1,2,1,1,1,Concepts not explained clearly.,Negative,2025-04-20
1620,ST0804,F022,SUB028,3,4,3,3,3,3,Satisfactory explanation.,Neutral,2025-07-30
1621,ST0635,F034,SUB011,5,4,5,5,4,4,Very interactive class.,Positive,2025-01-22
1622,ST0577,F003,SUB008,5,4,5,4,5,5,Great practical sessions.,Positive,2025-09-22
1623,ST0315,F032,SUB017,4,5,5,4,4,4,Great practical sessions.,Positive,2025-11-26
1624,ST0898,F026,SUB022,3,3,3,3,3,4,Class was okay.,Neutral,2025-11-14
1625,ST0493,F012,SUB029,4,4,4,5,4,4,Helpful and supportive faculty.,Positive,2025-11-27
1626,ST0421,F023,SUB012,3,4,3,4,3,3,Class was okay.,Neutral,2025-01-26
1627,ST0572,F029,SUB014,4,4,5,4,4,5,Concepts explained clearly.,Positive,2025-05-20
1628,ST0392,F021,SUB017,4,3,4,4,3,3,Average teaching experience.,Neutral,2025-08-30
1629,ST1000,F023,SUB018,5,4,5,5,4,5,Very interactive class.,Positive,2025-05-04
1630,ST0674,F026,SUB002,4,3,3,4,3,3,Average teaching experience.,Neutral,2025-05-08
1631,ST0673,F022,SUB004,5,4,4,4,5,4,Concepts explained clearly.,Positive,2025-10-19
1632,ST0984,F035,SUB008,5,5,5,5,5,5,Great practical sessions.,Positive,2025-02-18
1633,ST0837,F034,SUB017,5,5,4,4,5,5,Concepts explained clearly.,Positive,2025-07-26
1634,ST0200,F011,SUB026,5,4,4,4,4,5,Great practical sessions.,Positive,2025-07-17
1635,ST0526,F034,SUB005,4,4,4,3,3,4,Satisfactory explanation.,Neutral,2025-06-14
1636,ST0141,F016,SUB024,5,4,4,5,4,4,Great practical sessions.,Positive,2025-11-16
1637,ST0340,F004,SUB029,4,4,4,4,5,5,Excellent teaching and explanation.,Positive,2025-08-27
1638,ST0613,F009,SUB017,4,3,3,4,3,4,Need more examples.,Neutral,2025-10-17
1639,ST0421,F017,SUB001,5,5,5,5,4,5,Excellent teaching and explanation.,Positive,2025-05-01
1640,ST0334,F028,SUB029,4,3,4,3,4,3,Class was okay.,Neutral,2025-12-04
1641,ST0141,F031,SUB017,3,3,3,4,4,3,Class was okay.,Neutral,2025-05-31
1642,ST0281,F023,SUB005,2,2,2,2,2,1,Needs better communication.,Negative,2025-10-04
1643,ST0125,F020,SUB016,5,5,4,5,4,4,Excellent teaching and explanation.,Positive,2025-05-15
1644,ST0766,F040,SUB006,4,5,4,5,5,4,Great practical sessions.,Positive,2025-11-01
1645,ST0030,F009,SUB014,3,3,3,4,4,3,Average teaching experience.,Neutral,2025-11-14
1646,ST0011,F017,SUB011,3,3,4,3,3,3,Can improve interaction.,Neutral,2025-09-18
1647,ST0961,F031,SUB012,5,5,4,5,4,4,Great practical sessions.,Positive,2025-01-08
1648,ST0096,F008,SUB003,4,4,5,5,5,5,Great practical sessions.,Positive,2025-04-19
1649,ST0963,F016,SUB029,3,3,3,3,4,3,Class was okay.,Neutral,2025-11-11
1650,ST0762,F033,SUB001,4,5,4,4,5,5,Concepts explained clearly.,Positive,2025-03-03
1651,ST0581,F012,SUB002,3,3,3,4,3,3,Average teaching experience.,Neutral,2025-11-01
1652,ST0179,F008,SUB002,5,4,4,5,4,5,Excellent teaching and explanation.,Positive,2025-09-14
1653,ST0789,F032,SUB028,5,4,5,5,4,4,Excellent teaching and explanation.,Positive,2025-04-22
1654,ST0826,F005,SUB015,1,1,1,1,2,2,Needs better communication.,Negative,2025-10-09
1655,ST0640,F030,SUB001,5,5,4,5,4,5,Concepts explained clearly.,Positive,2025-04-05
1656,ST0557,F016,SUB010,5,5,4,4,5,5,Great practical sessions.,Positive,2025-02-01
1657,ST0323,F007,SUB026,4,4,4,4,4,5,Concepts explained clearly.,Positive,2025-02-05
1658,ST0593,F016,SUB030,5,5,4,5,5,4,Great practical sessions.,Positive,2025-06-17
1659,ST0484,F007,SUB004,5,4,4,5,4,5,Helpful and supportive faculty.,Positive,2025-10-15
1660,ST0374,F015,SUB002,2,1,2,2,1,1,Concepts not explained clearly.,Negative,2025-08-06
1661,ST0095,F015,SUB008,4,5,5,5,5,5,Concepts explained clearly.,Positive,2025-08-25
1662,ST0659,F007,SUB002,5,4,5,4,4,5,Great practical sessions.,Positive,2025-01-05
1663,ST0257,F010,SUB019,4,4,3,3,4,3,Class was okay.,Neutral,2025-07-26
1664,ST0205,F010,SUB026,5,5,4,4,5,5,Great practical sessions.,Positive,2025-06-10
1665,ST0089,F037,SUB016,3,4,3,3,3,3,Average teaching experience.,Neutral,2025-01-17
1666,ST0709,F036,SUB025,4,5,4,5,4,5,Excellent teaching and explanation.,Positive,2025-03-30
1667,ST0776,F037,SUB028,4,4,4,5,5,4,Excellent teaching and explanation.,Positive,2025-07-03
1668,ST0207,F024,SUB029,5,4,5,4,5,4,Great practical sessions.,Positive,2025-03-07
1669,ST0791,F011,SUB012,5,4,5,5,5,5,Very interactive class.,Positive,2025-12-12
1670,ST0101,F032,SUB027,1,1,2,1,2,2,Needs improvement in teaching.,Negative,2025-04-25
1671,ST0280,F032,SUB017,5,5,5,5,4,4,Excellent teaching and explanation.,Positive,2025-12-13
1672,ST0075,F034,SUB010,3,4,4,3,4,3,Need more examples.,Neutral,2025-04-05
1673,ST0975,F025,SUB011,3,4,3,4,3,4,Class was okay.,Neutral,2025-07-16
1674,ST0856,F016,SUB016,4,4,4,4,4,4,Satisfactory explanation.,Neutral,2025-03-01
1675,ST0054,F033,SUB010,4,4,3,3,4,4,Can improve interaction.,Neutral,2025-05-15
1676,ST0638,F026,SUB017,2,1,2,2,1,1,Needs better communication.,Negative,2025-05-23
1677,ST0942,F001,SUB013,4,5,5,4,4,5,Very interactive class.,Positive,2025-10-02
1678,ST0244,F023,SUB025,5,5,4,4,4,4,Very interactive class.,Positive,2025-09-05
1679,ST0363,F023,SUB020,5,5,5,5,4,5,Helpful and supportive faculty.,Positive,2025-02-23
1680,ST0981,F009,SUB014,3,3,4,4,4,4,Average teaching experience.,Neutral,2025-02-01
1681,ST0073,F033,SUB009,4,5,4,4,4,4,Very interactive class.,Positive,2025-05-19
1682,ST0594,F013,SUB019,4,4,5,4,4,4,Very interactive class.,Positive,2025-09-06
1683,ST0235,F027,SUB009,4,5,5,4,4,5,Concepts explained clearly.,Positive,2025-12-03
1684,ST0006,F006,SUB008,4,4,4,3,3,4,Class was okay.,Neutral,2025-09-12
1685,ST0200,F032,SUB007,4,4,4,3,3,3,Satisfactory explanation.,Neutral,2025-06-15
1686,ST0441,F017,SUB019,4,4,5,4,4,4,Concepts explained clearly.,Positive,2025-07-15
1687,ST0487,F028,SUB030,4,5,5,5,5,5,Concepts explained clearly.,Positive,2025-12-11
1688,ST0314,F011,SUB006,5,4,5,5,4,4,Very interactive class.,Positive,2025-05-26
1689,ST0127,F022,SUB016,4,4,4,3,3,3,Need more examples.,Neutral,2025-12-24
1690,ST0233,F005,SUB026,1,2,1,1,2,2,Needs better communication.,Negative,2025-06-27
1691,ST0082,F020,SUB002,5,5,4,5,4,4,Helpful and supportive faculty.,Positive,2025-01-11
1692,ST0491,F026,SUB003,4,4,4,4,5,4,Helpful and supportive faculty.,Positive,2025-03-24
1693,ST0267,F037,SUB009,5,5,5,5,4,5,Excellent teaching and explanation.,Positive,2025-06-17
1694,ST0888,F032,SUB008,3,4,4,3,3,4,Class was okay.,Neutral,2025-08-01
1695,ST0627,F035,SUB028,4,5,5,4,4,4,Great practical sessions.,Positive,2025-11-12
1696,ST0947,F030,SUB024,5,5,5,5,4,5,Excellent teaching and explanation.,Positive,2025-08-02
1697,ST0474,F036,SUB030,3,4,3,3,3,3,Class was okay.,Neutral,2025-09-06
1698,ST0479,F023,SUB007,4,5,4,5,5,4,Great practical sessions.,Positive,2025-11-21
1699,ST0952,F005,SUB003,3,3,3,3,4,4,Class was okay.,Neutral,2025-09-22
1700,ST0965,F035,SUB024,5,4,5,4,5,5,Helpful and supportive faculty.,Positive,2025-07-05
1701,ST0849,F038,SUB012,4,3,3,3,4,4,Need more examples.,Neutral,2025-10-10
1702,ST0138,F029,SUB016,4,4,5,5,5,5,Concepts explained clearly.,Positive,2025-02-23
1703,ST0818,F032,SUB001,4,4,4,4,4,4,Excellent teaching and explanation.,Positive,2025-10-09
1704,ST0600,F026,SUB002,3,4,3,4,4,4,Need more examples.,Neutral,2025-12-27
1705,ST0194,F017,SUB012,5,4,5,4,5,5,Excellent teaching and explanation.,Positive,2025-11-08
1706,ST0175,F036,SUB013,5,5,4,5,4,5,Helpful and supportive faculty.,Positive,2025-11-12
1707,ST0448,F032,SUB024,5,4,5,4,5,4,Excellent teaching and explanation.,Positive,2025-06-13
1708,ST0431,F040,SUB001,4,5,4,4,4,5,Concepts explained clearly.,Positive,2025-12-23
1709,ST0758,F009,SUB012,5,5,5,4,5,4,Very interactive class.,Positive,2025-06-10
1710,ST0020,F011,SUB018,4,5,5,4,4,4,Excellent teaching and explanation.,Positive,2025-09-24
1711,ST0346,F028,SUB016,4,5,5,4,5,5,Helpful and supportive faculty.,Positive,2025-02-07
1712,ST0741,F034,SUB012,2,1,2,1,2,2,Needs improvement in teaching.,Negative,2025-12-20
1713,ST0485,F033,SUB022,4,3,3,3,3,4,Class was okay.,Neutral,2025-03-29
1714,ST0854,F037,SUB014,5,5,5,4,4,5,Very interactive class.,Positive,2025-05-07
1715,ST0942,F032,SUB019,4,3,4,4,4,3,Can improve interaction.,Neutral,2025-04-16
1716,ST0254,F027,SUB030,5,4,5,4,5,5,Great practical sessions.,Positive,2025-11-19
1717,ST0921,F018,SUB018,4,5,4,4,5,4,Concepts explained clearly.,Positive,2025-02-07
1718,ST0717,F026,SUB012,4,5,5,4,5,5,Great practical sessions.,Positive,2025-05-02
1719,ST0474,F015,SUB015,3,3,3,3,3,3,Average teaching experience.,Neutral,2025-12-25
1720,ST0690,F039,SUB030,5,5,4,4,4,5,Very interactive class.,Positive,2025-09-17
1721,ST0601,F016,SUB007,4,3,3,3,3,3,Satisfactory explanation.,Neutral,2025-09-02
1722,ST0589,F020,SUB017,4,4,4,4,4,5,Concepts explained clearly.,Positive,2025-06-01
1723,ST0382,F026,SUB007,3,3,4,4,3,3,Satisfactory explanation.,Neutral,2025-12-28
1724,ST0750,F016,SUB007,4,4,5,5,4,4,Great practical sessions.,Positive,2025-03-11
1725,ST0316,F018,SUB026,4,4,5,5,5,4,Excellent teaching and explanation.,Positive,2025-07-09
1726,ST0125,F013,SUB006,4,4,4,4,4,3,Can improve interaction.,Neutral,2025-02-21
1727,ST0593,F009,SUB004,2,2,1,2,1,1,Class was not engaging.,Negative,2025-05-07
1728,ST0498,F039,SUB029,5,5,5,5,5,5,Great practical sessions.,Positive,2025-07-04
1729,ST0354,F021,SUB029,5,5,4,5,4,5,Great practical sessions.,Positive,2025-10-06
1730,ST0047,F013,SUB001,3,4,4,4,3,3,Can improve interaction.,Neutral,2025-11-08
1731,ST0175,F023,SUB013,3,3,4,4,4,3,Class was okay.,Neutral,2025-02-09
1732,ST0753,F016,SUB014,4,4,4,4,4,4,Very interactive class.,Positive,2025-05-08
1733,ST0408,F009,SUB019,5,5,4,4,4,5,Very interactive class.,Positive,2025-08-14
1734,ST0085,F040,SUB001,2,2,1,1,2,2,Class was not engaging.,Negative,2025-07-08
1735,ST0935,F018,SUB030,5,4,5,4,5,4,Concepts explained clearly.,Positive,2025-07-22
1736,ST0647,F036,SUB006,4,4,5,5,5,5,Excellent teaching and explanation.,Positive,2025-10-12
1737,ST0003,F026,SUB016,3,4,4,4,4,4,Can improve interaction.,Neutral,2025-02-13
1738,ST0024,F022,SUB011,5,5,4,5,5,4,Very interactive class.,Positive,2025-02-13
1739,ST0548,F022,SUB021,4,5,4,5,4,5,Very interactive class.,Positive,2025-09-23
1740,ST0616,F012,SUB006,4,5,5,4,5,5,Very interactive class.,Positive,2025-08-30
1741,ST0237,F024,SUB020,4,4,5,5,5,5,Concepts explained clearly.,Positive,2025-07-20
1742,ST0127,F038,SUB008,3,3,4,4,3,3,Class was okay.,Neutral,2025-11-17
1743,ST0214,F010,SUB023,2,2,2,2,2,1,Practicals were insufficient.,Negative,2025-12-13
1744,ST0445,F020,SUB011,4,3,3,3,4,4,Class was okay.,Neutral,2025-06-05
1745,ST0899,F005,SUB014,4,5,4,4,5,5,Excellent teaching and explanation.,Positive,2025-10-15
1746,ST0088,F009,SUB030,5,4,4,5,5,5,Great practical sessions.,Positive,2025-12-20
1747,ST0272,F032,SUB024,5,5,5,4,4,4,Very interactive class.,Positive,2025-04-28
1748,ST0313,F035,SUB022,1,2,1,1,1,2,Class was not engaging.,Negative,2025-10-26
1749,ST0503,F038,SUB003,5,4,4,4,5,4,Very interactive class.,Positive,2025-12-29
1750,ST0106,F010,SUB030,2,2,2,2,1,2,Needs better communication.,Negative,2025-10-17
1751,ST0447,F027,SUB002,5,5,4,5,4,4,Helpful and supportive faculty.,Positive,2025-10-20
1752,ST0885,F010,SUB006,2,2,2,2,2,2,Concepts not explained clearly.,Negative,2025-11-05
1753,ST0849,F029,SUB019,2,1,2,2,1,1,Concepts not explained clearly.,Negative,2025-06-27
1754,ST0046,F021,SUB024,5,4,4,4,5,5,Very interactive class.,Positive,2025-09-27
1755,ST0877,F017,SUB008,5,5,4,4,5,4,Excellent teaching and explanation.,Positive,2025-04-01
1756,ST0077,F026,SUB028,4,4,4,4,3,4,Average teaching experience.,Neutral,2025-07-22
1757,ST0871,F031,SUB026,4,3,4,3,3,4,Average teaching experience.,Neutral,2025-01-07
1758,ST0416,F009,SUB023,2,1,1,1,2,2,Needs better communication.,Negative,2025-09-28
1759,ST0773,F011,SUB013,4,4,4,4,4,4,Concepts explained clearly.,Positive,2025-09-10
1760,ST0985,F017,SUB028,5,4,5,4,4,5,Great practical sessions.,Positive,2025-06-12
1761,ST0316,F009,SUB001,5,4,5,5,4,5,Excellent teaching and explanation.,Positive,2025-07-19
1762,ST0595,F034,SUB019,3,4,3,4,4,4,Need more examples.,Neutral,2025-10-05
1763,ST0696,F040,SUB013,3,4,3,4,3,4,Need more examples.,Neutral,2025-10-10
1764,ST0939,F007,SUB014,3,4,3,4,4,4,Average teaching experience.,Neutral,2025-01-28
1765,ST0288,F036,SUB011,5,5,5,5,4,5,Helpful and supportive faculty.,Positive,2025-02-25
1766,ST0597,F004,SUB022,5,5,4,4,5,5,Excellent teaching and explanation.,Positive,2025-05-17
1767,ST0927,F009,SUB019,5,5,4,5,5,4,Excellent teaching and explanation.,Positive,2025-08-16
1768,ST0020,F011,SUB029,4,4,5,4,4,4,Helpful and supportive faculty.,Positive,2025-04-15
1769,ST0452,F004,SUB028,4,5,5,4,5,5,Concepts explained clearly.,Positive,2025-06-11
1770,ST0641,F022,SUB017,5,4,5,4,4,4,Excellent teaching and explanation.,Positive,2025-12-18
1771,ST0420,F011,SUB009,5,4,4,4,5,4,Excellent teaching and explanation.,Positive,2025-03-29
1772,ST0665,F023,SUB001,5,5,5,5,5,4,Great practical sessions.,Positive,2025-09-13
1773,ST0566,F007,SUB016,4,3,3,4,4,4,Average teaching experience.,Neutral,2025-04-21
1774,ST0615,F037,SUB012,5,5,4,4,5,4,Concepts explained clearly.,Positive,2025-01-08
1775,ST0951,F010,SUB024,5,5,5,5,5,4,Excellent teaching and explanation.,Positive,2025-02-14
1776,ST0687,F007,SUB028,5,4,4,5,4,4,Concepts explained clearly.,Positive,2025-08-13
1777,ST0500,F015,SUB028,4,4,4,5,5,4,Excellent teaching and explanation.,Positive,2025-12-16
1778,ST0068,F020,SUB027,3,4,3,4,3,3,Need more examples.,Neutral,2025-03-24
1779,ST0778,F029,SUB012,4,5,4,5,5,4,Helpful and supportive faculty.,Positive,2025-08-22
1780,ST0290,F015,SUB007,5,5,4,4,4,5,Excellent teaching and explanation.,Positive,2025-02-22
1781,ST0684,F031,SUB022,3,4,3,4,4,4,Can improve interaction.,Neutral,2025-11-14
1782,ST0266,F032,SUB029,4,3,4,3,4,3,Can improve interaction.,Neutral,2025-08-08
1783,ST0012,F027,SUB026,5,4,4,4,4,4,Concepts explained clearly.,Positive,2025-10-15
1784,ST0202,F033,SUB011,1,2,1,2,2,1,Class was not engaging.,Negative,2025-12-08
1785,ST0180,F007,SUB013,5,5,5,4,4,5,Excellent teaching and explanation.,Positive,2025-09-24
1786,ST0082,F010,SUB026,3,3,4,3,4,4,Can improve interaction.,Neutral,2025-09-25
1787,ST0806,F035,SUB009,4,5,5,4,5,4,Helpful and supportive faculty.,Positive,2025-05-27
1788,ST0764,F003,SUB019,3,4,3,4,3,4,Average teaching experience.,Neutral,2025-02-28
1789,ST0966,F024,SUB017,5,5,4,5,5,5,Very interactive class.,Positive,2025-06-10
1790,ST0245,F031,SUB003,4,5,4,5,4,5,Excellent teaching and explanation.,Positive,2025-12-24
1791,ST0715,F001,SUB010,4,3,3,3,4,3,Class was okay.,Neutral,2025-01-27
1792,ST0303,F005,SUB023,3,4,4,3,3,3,Satisfactory explanation.,Neutral,2025-12-04
1793,ST0550,F007,SUB029,4,4,3,3,3,4,Can improve interaction.,Neutral,2025-02-02
1794,ST0810,F001,SUB022,4,4,5,5,4,5,Very interactive class.,Positive,2025-12-06
1795,ST0827,F019,SUB025,4,4,4,4,5,5,Helpful and supportive faculty.,Positive,2025-10-22
1796,ST0820,F021,SUB008,4,4,4,3,3,3,Can improve interaction.,Neutral,2025-12-10
1797,ST0416,F013,SUB012,3,3,3,3,3,3,Satisfactory explanation.,Neutral,2025-10-19
1798,ST0023,F030,SUB001,4,5,4,5,4,5,Very interactive class.,Positive,2025-12-18
1799,ST0155,F028,SUB005,5,5,4,5,5,4,Excellent teaching and explanation.,Positive,2025-06-22
1800,ST0697,F013,SUB027,3,3,4,3,4,3,Need more examples.,Neutral,2025-03-16
1801,ST0419,F022,SUB005,5,5,5,4,5,4,Great practical sessions.,Positive,2025-07-05
1802,ST0628,F006,SUB029,5,4,5,4,4,4,Very interactive class.,Positive,2025-05-05
1803,ST0052,F019,SUB028,3,4,4,3,4,4,Class was okay.,Neutral,2025-07-29
1804,ST0729,F024,SUB028,4,4,4,4,4,4,Great practical sessions.,Positive,2025-04-28
1805,ST0918,F024,SUB021,4,4,3,4,3,4,Need more examples.,Neutral,2025-02-21
1806,ST0850,F012,SUB005,5,4,4,4,4,5,Great practical sessions.,Positive,2025-06-10
1807,ST0627,F025,SUB001,2,2,2,1,1,1,Practicals were insufficient.,Negative,2025-02-28
1808,ST0578,F023,SUB023,4,4,3,3,3,4,Need more examples.,Neutral,2025-07-16
1809,ST0842,F026,SUB017,4,4,5,4,4,4,Great practical sessions.,Positive,2025-01-22
1810,ST0497,F010,SUB017,4,4,5,5,4,5,Helpful and supportive faculty.,Positive,2025-01-01
1811,ST0148,F024,SUB011,5,5,5,4,5,4,Excellent teaching and explanation.,Positive,2025-08-25
1812,ST0658,F011,SUB029,4,5,5,5,4,4,Very interactive class.,Positive,2025-11-08
1813,ST0060,F007,SUB004,2,2,1,1,1,1,Concepts not explained clearly.,Negative,2025-07-11
1814,ST0397,F037,SUB019,4,5,4,5,4,4,Great practical sessions.,Positive,2025-11-01
1815,ST0665,F031,SUB016,5,4,4,4,5,5,Great practical sessions.,Positive,2025-01-05
1816,ST0222,F018,SUB025,5,5,4,4,5,5,Helpful and supportive faculty.,Positive,2025-05-18
1817,ST0259,F013,SUB001,5,5,5,4,4,4,Concepts explained clearly.,Positive,2025-04-16
1818,ST0756,F011,SUB003,5,5,5,5,4,5,Concepts explained clearly.,Positive,2025-09-04
1819,ST0757,F008,SUB009,4,4,4,5,4,4,Excellent teaching and explanation.,Positive,2025-03-12
1820,ST0874,F011,SUB023,5,4,5,5,4,4,Very interactive class.,Positive,2025-10-09
1821,ST0454,F021,SUB014,3,4,3,4,3,3,Need more examples.,Neutral,2025-01-11
1822,ST0720,F035,SUB007,2,2,1,2,1,1,Practicals were insufficient.,Negative,2025-09-22
1823,ST0473,F019,SUB009,3,4,4,3,4,3,Average teaching experience.,Neutral,2025-01-26
1824,ST0458,F023,SUB005,4,4,4,4,3,3,Satisfactory explanation.,Neutral,2025-05-28
1825,ST0790,F029,SUB018,4,5,5,5,5,4,Great practical sessions.,Positive,2025-09-26
1826,ST0846,F028,SUB001,1,2,1,1,2,1,Class was not engaging.,Negative,2025-09-17
1827,ST0393,F024,SUB020,5,5,4,5,5,5,Helpful and supportive faculty.,Positive,2025-04-24
1828,ST0941,F007,SUB004,5,5,5,4,4,5,Concepts explained clearly.,Positive,2025-02-22
1829,ST0364,F018,SUB014,5,5,4,5,5,4,Excellent teaching and explanation.,Positive,2025-11-15
1830,ST0273,F028,SUB027,4,5,4,5,4,4,Very interactive class.,Positive,2025-02-06
1831,ST0849,F011,SUB005,5,5,5,4,4,5,Helpful and supportive faculty.,Positive,2025-11-18
1832,ST0702,F011,SUB005,5,5,5,5,5,5,Great practical sessions.,Positive,2025-04-26
1833,ST0440,F024,SUB018,2,2,1,2,2,2,Class was not engaging.,Negative,2025-05-10
1834,ST0750,F022,SUB017,3,4,3,4,3,4,Need more examples.,Neutral,2025-10-09
1835,ST0697,F039,SUB029,4,3,3,3,3,3,Can improve interaction.,Neutral,2025-01-13
1836,ST0637,F032,SUB019,5,4,4,4,5,4,Very interactive class.,Positive,2025-07-23
1837,ST0195,F017,SUB030,5,5,4,4,5,5,Helpful and supportive faculty.,Positive,2025-08-12
1838,ST0377,F007,SUB019,5,5,4,4,4,5,Helpful and supportive faculty.,Positive,2025-09-19
1839,ST0500,F038,SUB028,5,5,5,4,5,5,Very interactive class.,Positive,2025-05-09
1840,ST0078,F010,SUB029,5,5,4,5,4,4,Great practical sessions.,Positive,2025-12-30
1841,ST0460,F024,SUB020,5,4,5,5,5,4,Excellent teaching and explanation.,Positive,2025-01-26
1842,ST0707,F002,SUB027,5,4,4,5,4,4,Excellent teaching and explanation.,Positive,2025-01-20
1843,ST0292,F026,SUB022,4,3,3,4,3,3,Can improve interaction.,Neutral,2025-04-06
1844,ST0800,F006,SUB030,4,4,3,3,4,3,Need more examples.,Neutral,2025-06-05
1845,ST0332,F013,SUB027,4,5,5,4,4,5,Concepts explained clearly.,Positive,2025-03-23
1846,ST0119,F033,SUB014,5,5,5,4,5,4,Excellent teaching and explanation.,Positive,2025-07-11
1847,ST0733,F036,SUB003,4,5,4,5,4,5,Excellent teaching and explanation.,Positive,2025-05-28
1848,ST0794,F007,SUB027,4,3,3,4,3,3,Average teaching experience.,Neutral,2025-07-21
1849,ST0415,F002,SUB021,4,5,4,4,5,5,Very interactive class.,Positive,2025-04-19
1850,ST0345,F018,SUB015,4,5,4,5,5,5,Very interactive class.,Positive,2025-05-26
1851,ST0323,F025,SUB025,1,1,2,2,1,2,Needs improvement in teaching.,Negative,2025-01-22
1852,ST0753,F017,SUB029,4,4,5,4,4,5,Helpful and supportive faculty.,Positive,2025-04-13
1853,ST0120,F037,SUB027,5,5,5,4,4,4,Very interactive class.,Positive,2025-08-24
1854,ST0586,F004,SUB015,4,4,5,5,4,5,Excellent teaching and explanation.,Positive,2025-03-06
1855,ST0873,F037,SUB027,5,5,4,4,4,4,Great practical sessions.,Positive,2025-06-03
1856,ST0292,F026,SUB012,4,4,5,5,4,5,Very interactive class.,Positive,2025-02-20
1857,ST0290,F032,SUB019,4,3,3,4,4,4,Satisfactory explanation.,Neutral,2025-04-27
1858,ST0397,F030,SUB020,4,4,4,5,5,5,Great practical sessions.,Positive,2025-08-17
1859,ST0590,F001,SUB001,1,1,1,1,2,2,Needs improvement in teaching.,Negative,2025-12-31
1860,ST0923,F022,SUB025,3,4,3,4,4,4,Satisfactory explanation.,Neutral,2025-07-23
1861,ST0387,F019,SUB008,2,1,1,2,2,2,Needs better communication.,Negative,2025-02-12
1862,ST0918,F038,SUB026,5,5,5,4,4,5,Great practical sessions.,Positive,2025-05-07
1863,ST0051,F004,SUB022,5,4,4,5,5,5,Very interactive class.,Positive,2025-08-03
1864,ST0571,F023,SUB017,4,4,4,5,4,4,Helpful and supportive faculty.,Positive,2025-01-12
1865,ST0897,F010,SUB003,4,5,4,5,5,4,Concepts explained clearly.,Positive,2025-05-02
1866,ST0081,F028,SUB024,1,1,1,1,1,2,Needs better communication.,Negative,2025-03-22
1867,ST0462,F040,SUB025,4,4,4,5,4,5,Concepts explained clearly.,Positive,2025-10-12
1868,ST0311,F030,SUB018,5,5,5,5,4,5,Excellent teaching and explanation.,Positive,2025-04-26
1869,ST0879,F014,SUB006,5,4,5,4,5,5,Concepts explained clearly.,Positive,2025-04-11
1870,ST0384,F034,SUB027,5,4,5,5,4,4,Very interactive class.,Positive,2025-05-21
1871,ST0256,F011,SUB011,2,2,1,1,1,1,Needs improvement in teaching.,Negative,2025-04-17
1872,ST0939,F002,SUB017,3,3,3,4,4,3,Need more examples.,Neutral,2025-08-25
1873,ST0792,F039,SUB022,3,4,3,4,3,3,Need more examples.,Neutral,2025-06-11
1874,ST0385,F039,SUB014,4,3,3,4,4,4,Satisfactory explanation.,Neutral,2025-04-28
1875,ST0681,F007,SUB021,4,5,4,5,4,4,Concepts explained clearly.,Positive,2025-06-05
1876,ST0851,F036,SUB013,3,3,3,3,4,4,Average teaching experience.,Neutral,2025-07-17
1877,ST0767,F035,SUB025,5,4,4,4,5,5,Concepts explained clearly.,Positive,2025-04-04
1878,ST0537,F028,SUB030,4,5,5,4,4,4,Helpful and supportive faculty.,Positive,2025-06-20
1879,ST0105,F021,SUB010,5,4,5,4,5,5,Concepts explained clearly.,Positive,2025-11-17
1880,ST0236,F019,SUB018,5,5,4,5,5,4,Great practical sessions.,Positive,2025-04-05
1881,ST0849,F012,SUB020,4,5,4,5,5,4,Concepts explained clearly.,Positive,2025-02-20
1882,ST0647,F008,SUB014,5,4,4,4,4,4,Great practical sessions.,Positive,2025-06-02
1883,ST0638,F016,SUB027,5,4,4,4,4,4,Very interactive class.,Positive,2025-10-05
1884,ST0495,F018,SUB028,5,5,5,4,5,4,Helpful and supportive faculty.,Positive,2025-05-14
1885,ST0555,F039,SUB002,1,2,2,2,2,1,Practicals were insufficient.,Negative,2025-04-01
1886,ST0600,F015,SUB017,3,4,3,3,4,4,Average teaching experience.,Neutral,2025-05-24
1887,ST0854,F007,SUB024,5,5,5,4,5,5,Concepts explained clearly.,Positive,2025-11-27
1888,ST0547,F032,SUB009,4,4,5,4,5,5,Concepts explained clearly.,Positive,2025-03-14
1889,ST0572,F017,SUB013,4,3,4,4,4,4,Class was okay.,Neutral,2025-02-06
1890,ST0613,F031,SUB023,4,5,5,5,4,4,Helpful and supportive faculty.,Positive,2025-09-18
1891,ST0123,F033,SUB023,1,1,1,1,2,1,Needs improvement in teaching.,Negative,2025-07-07
1892,ST0034,F016,SUB028,3,4,3,3,3,3,Average teaching experience.,Neutral,2025-06-09
1893,ST0110,F023,SUB030,4,5,4,4,4,5,Great practical sessions.,Positive,2025-06-18
1894,ST0867,F027,SUB030,4,5,4,5,5,5,Helpful and supportive faculty.,Positive,2025-07-01
1895,ST0933,F023,SUB029,4,4,5,4,5,4,Great practical sessions.,Positive,2025-12-31
1896,ST0097,F036,SUB022,5,4,5,5,4,5,Helpful and supportive faculty.,Positive,2025-11-05
1897,ST0944,F028,SUB011,4,4,4,3,3,4,Can improve interaction.,Neutral,2025-12-26
1898,ST0088,F026,SUB020,4,4,4,5,5,5,Concepts explained clearly.,Positive,2025-09-04
1899,ST0277,F011,SUB017,5,4,5,4,4,5,Helpful and supportive faculty.,Positive,2025-11-03
1900,ST0740,F020,SUB021,4,5,5,4,4,5,Very interactive class.,Positive,2025-01-04
1901,ST0013,F040,SUB030,2,1,2,1,1,1,Class was not engaging.,Negative,2025-05-28
1902,ST0192,F002,SUB016,3,3,3,3,4,4,Satisfactory explanation.,Neutral,2025-11-20
1903,ST0308,F013,SUB016,4,5,4,5,4,4,Great practical sessions.,Positive,2025-07-02
1904,ST0693,F008,SUB025,5,4,5,4,4,4,Excellent teaching and explanation.,Positive,2025-05-11
1905,ST0015,F029,SUB011,2,1,1,1,2,1,Needs better communication.,Negative,2025-11-10
1906,ST0355,F003,SUB028,5,5,5,5,4,4,Great practical sessions.,Positive,2025-05-03
1907,ST0830,F011,SUB021,5,4,4,5,4,4,Excellent teaching and explanation.,Positive,2025-12-13
1908,ST0121,F030,SUB006,1,1,1,2,1,2,Practicals were insufficient.,Negative,2025-08-31
1909,ST0790,F016,SUB016,4,4,3,4,4,3,Need more examples.,Neutral,2025-04-28
1910,ST0349,F035,SUB013,2,1,2,2,1,2,Class was not engaging.,Negative,2025-02-13
1911,ST0522,F017,SUB021,2,2,1,2,1,1,Needs improvement in teaching.,Negative,2025-04-07
1912,ST0101,F017,SUB021,4,4,5,5,5,4,Helpful and supportive faculty.,Positive,2025-05-12
1913,ST0297,F007,SUB021,4,4,4,5,4,4,Great practical sessions.,Positive,2025-10-31
1914,ST0283,F027,SUB029,4,5,5,5,4,5,Helpful and supportive faculty.,Positive,2025-11-15
1915,ST0702,F009,SUB007,4,5,4,5,4,5,Concepts explained clearly.,Positive,2025-04-27
1916,ST0867,F032,SUB012,4,3,4,4,3,3,Satisfactory explanation.,Neutral,2025-11-24
1917,ST0036,F034,SUB006,5,5,4,4,4,5,Helpful and supportive faculty.,Positive,2025-09-29
1918,ST0933,F017,SUB009,5,4,4,5,5,5,Excellent teaching and explanation.,Positive,2025-05-25
1919,ST0716,F012,SUB019,4,4,4,4,5,5,Excellent teaching and explanation.,Positive,2025-07-27
1920,ST0444,F019,SUB007,5,5,5,4,5,5,Concepts explained clearly.,Positive,2025-01-19
1921,ST0530,F026,SUB021,5,4,5,5,5,4,Very interactive class.,Positive,2025-12-25
1922,ST0344,F005,SUB018,3,3,3,4,3,3,Satisfactory explanation.,Neutral,2025-08-14
1923,ST0436,F018,SUB011,4,5,5,5,5,4,Very interactive class.,Positive,2025-09-25
1924,ST0544,F007,SUB025,5,5,4,5,4,5,Very interactive class.,Positive,2025-06-22
1925,ST0589,F021,SUB002,3,3,4,4,3,4,Need more examples.,Neutral,2025-03-04
1926,ST0588,F010,SUB001,2,2,1,1,2,1,Needs improvement in teaching.,Negative,2025-01-08
1927,ST0311,F023,SUB005,5,4,5,4,4,4,Very interactive class.,Positive,2025-02-16
1928,ST0372,F010,SUB014,1,2,1,2,1,2,Concepts not explained clearly.,Negative,2025-11-02
1929,ST0243,F027,SUB022,4,4,4,5,5,5,Very interactive class.,Positive,2025-04-30
1930,ST0209,F039,SUB009,3,4,3,3,3,3,Average teaching experience.,Neutral,2025-06-14
1931,ST0993,F022,SUB021,4,4,3,4,4,3,Can improve interaction.,Neutral,2025-07-09
1932,ST0251,F002,SUB006,4,5,4,4,5,4,Very interactive class.,Positive,2025-11-29
1933,ST0499,F003,SUB026,4,4,3,4,3,4,Can improve interaction.,Neutral,2025-09-07
1934,ST0152,F021,SUB030,5,4,4,5,5,5,Great practical sessions.,Positive,2025-04-24
1935,ST0758,F013,SUB003,4,4,4,5,4,5,Concepts explained clearly.,Positive,2025-05-19
1936,ST0105,F018,SUB017,3,3,4,4,4,3,Need more examples.,Neutral,2025-05-18
1937,ST0928,F031,SUB008,4,4,4,4,5,4,Excellent teaching and explanation.,Positive,2025-07-11
1938,ST0716,F039,SUB014,3,4,4,4,3,3,Average teaching experience.,Neutral,2025-10-30
1939,ST0058,F035,SUB007,5,4,4,5,5,5,Helpful and supportive faculty.,Positive,2025-12-21
1940,ST0003,F008,SUB018,4,5,4,4,4,4,Great practical sessions.,Positive,2025-01-01
1941,ST0169,F028,SUB002,3,3,4,3,3,4,Class was okay.,Neutral,2025-03-23
1942,ST0570,F033,SUB005,5,5,4,4,5,5,Helpful and supportive faculty.,Positive,2025-07-30
1943,ST0934,F019,SUB019,4,3,4,4,3,4,Satisfactory explanation.,Neutral,2025-03-05
1944,ST0242,F019,SUB026,5,4,5,5,4,4,Great practical sessions.,Positive,2025-02-01
1945,ST0887,F002,SUB027,5,5,4,4,4,4,Great practical sessions.,Positive,2025-04-13
1946,ST0773,F029,SUB018,5,5,5,4,5,4,Excellent teaching and explanation.,Positive,2025-03-31
1947,ST0755,F019,SUB013,5,4,5,4,5,4,Concepts explained clearly.,Positive,2025-12-22
1948,ST0639,F024,SUB003,4,4,4,4,4,5,Helpful and supportive faculty.,Positive,2025-12-10
1949,ST0077,F008,SUB013,5,4,4,4,5,5,Great practical sessions.,Positive,2025-07-11
1950,ST0017,F020,SUB030,5,5,4,5,5,5,Very interactive class.,Positive,2025-04-12
1951,ST0266,F022,SUB024,5,5,4,5,4,5,Very interactive class.,Positive,2025-06-01
1952,ST0290,F024,SUB005,4,4,4,3,3,3,Average teaching experience.,Neutral,2025-09-17
1953,ST0863,F020,SUB028,4,4,5,4,5,4,Helpful and supportive faculty.,Positive,2025-07-17
1954,ST0449,F022,SUB016,3,4,3,3,3,3,Can improve interaction.,Neutral,2025-06-10
1955,ST0047,F030,SUB025,4,5,4,5,5,4,Helpful and supportive faculty.,Positive,2025-05-25
1956,ST0672,F032,SUB008,4,5,5,5,4,4,Concepts explained clearly.,Positive,2025-12-13
1957,ST0044,F019,SUB026,2,2,2,2,1,1,Concepts not explained clearly.,Negative,2025-08-22
1958,ST0555,F017,SUB008,5,5,5,5,4,4,Very interactive class.,Positive,2025-06-26
1959,ST0037,F029,SUB026,4,5,5,5,5,5,Excellent teaching and explanation.,Positive,2025-05-04
1960,ST0782,F023,SUB011,4,4,4,5,5,4,Helpful and supportive faculty.,Positive,2025-10-16
1961,ST0175,F012,SUB014,3,3,3,3,4,3,Can improve interaction.,Neutral,2025-06-07
1962,ST0035,F031,SUB007,1,1,1,1,2,2,Needs better communication.,Negative,2025-06-03
1963,ST0713,F001,SUB014,4,5,4,4,4,4,Concepts explained clearly.,Positive,2025-03-30
1964,ST0884,F013,SUB026,4,5,5,5,4,4,Excellent teaching and explanation.,Positive,2025-07-11
1965,ST0549,F027,SUB020,3,4,3,3,4,4,Need more examples.,Neutral,2025-08-07
1966,ST0092,F007,SUB007,2,1,2,1,2,1,Practicals were insufficient.,Negative,2025-02-21
1967,ST0973,F037,SUB027,4,5,5,5,4,4,Great practical sessions.,Positive,2025-06-08
1968,ST0344,F040,SUB013,5,4,5,5,5,4,Helpful and supportive faculty.,Positive,2025-03-17
1969,ST0557,F035,SUB001,4,4,4,4,5,4,Great practical sessions.,Positive,2025-08-26
1970,ST0535,F030,SUB015,4,4,5,5,5,5,Helpful and supportive faculty.,Positive,2025-10-31
1971,ST0426,F037,SUB020,3,3,4,3,3,4,Can improve interaction.,Neutral,2025-07-19
1972,ST0130,F018,SUB016,5,5,4,5,5,4,Concepts explained clearly.,Positive,2025-09-22
1973,ST0089,F018,SUB024,4,4,5,5,4,4,Helpful and supportive faculty.,Positive,2025-12-22
1974,ST0602,F033,SUB002,5,5,5,5,4,4,Great practical sessions.,Positive,2025-12-05
1975,ST0589,F016,SUB013,3,3,4,4,3,3,Average teaching experience.,Neutral,2025-11-07
1976,ST0651,F001,SUB030,5,4,5,4,5,5,Great practical sessions.,Positive,2025-11-16
1977,ST0425,F028,SUB013,1,1,1,1,2,2,Needs better communication.,Negative,2025-02-03
1978,ST0089,F027,SUB003,3,3,3,4,3,4,Can improve interaction.,Neutral,2025-11-07
1979,ST0663,F008,SUB020,4,4,5,5,5,5,Concepts explained clearly.,Positive,2025-07-09
1980,ST0334,F040,SUB006,4,4,3,3,3,3,Need more examples.,Neutral,2025-03-14
1981,ST0815,F038,SUB015,2,2,1,2,2,1,Practicals were insufficient.,Negative,2025-10-16
1982,ST0378,F011,SUB027,2,2,2,1,1,2,Class was not engaging.,Negative,2025-11-16
1983,ST0495,F014,SUB001,5,5,5,4,5,4,Concepts explained clearly.,Positive,2025-09-17
1984,ST0881,F023,SUB019,5,5,5,4,5,4,Great practical sessions.,Positive,2025-11-20
1985,ST0117,F029,SUB003,4,5,4,4,5,5,Helpful and supportive faculty.,Positive,2025-10-23
1986,ST0222,F024,SUB028,5,4,5,5,5,4,Helpful and supportive faculty.,Positive,2025-04-15
1987,ST0571,F016,SUB021,4,5,4,5,4,5,Excellent teaching and explanation.,Positive,2025-12-31
1988,ST0563,F032,SUB028,4,5,5,4,4,5,Helpful and supportive faculty.,Positive,2025-03-28
1989,ST0590,F015,SUB006,5,5,5,5,4,5,Great practical sessions.,Positive,2025-09-02
1990,ST0418,F030,SUB016,4,4,3,3,3,3,Average teaching experience.,Neutral,2025-04-15
1991,ST0006,F007,SUB021,4,4,5,5,4,5,Helpful and supportive faculty.,Positive,2025-09-03
1992,ST0786,F016,SUB021,5,5,5,5,4,4,Very interactive class.,Positive,2025-07-24
1993,ST0180,F023,SUB003,5,4,4,5,4,5,Very interactive class.,Positive,2025-05-22
1994,ST0797,F015,SUB019,5,4,5,4,4,4,Great practical sessions.,Positive,2025-01-27
1995,ST0727,F033,SUB006,4,4,3,4,3,3,Class was okay.,Neutral,2025-06-25
1996,ST0648,F038,SUB009,4,5,5,5,4,5,Great practical sessions.,Positive,2025-02-02
1997,ST0163,F037,SUB019,5,5,4,5,4,5,Excellent teaching and explanation.,Positive,2025-05-22
1998,ST0579,F008,SUB026,4,5,5,4,4,4,Excellent teaching and explanation.,Positive,2025-01-03
1999,ST0421,F026,SUB027,5,4,4,4,4,5,Excellent teaching and explanation.,Positive,2025-12-17
2000,ST0494,F015,SUB027,5,5,4,4,5,4,Excellent teaching and explanation.,Positive,2025-03-16
2001,ST0215,F006,SUB019,4,5,4,5,4,5,Very interactive class.,Positive,2025-05-02
2002,ST0483,F033,SUB009,4,4,5,5,4,4,Great practical sessions.,Positive,2025-07-26
2003,ST0030,F035,SUB028,5,5,4,4,4,5,Helpful and supportive faculty.,Positive,2025-01-08
2004,ST0620,F039,SUB021,5,5,5,5,5,4,Very interactive class.,Positive,2025-04-27
2005,ST0423,F032,SUB007,5,4,4,5,5,4,Helpful and supportive faculty.,Positive,2025-12-06
2006,ST0866,F005,SUB010,2,2,1,1,1,1,Concepts not explained clearly.,Negative,2025-07-02
2007,ST0341,F038,SUB030,5,5,5,4,5,5,Excellent teaching and explanation.,Positive,2025-03-31
2008,ST0028,F024,SUB010,5,5,4,5,4,5,Excellent teaching and explanation.,Positive,2025-02-11
2009,ST0521,F004,SUB029,5,4,5,4,5,5,Great practical sessions.,Positive,2025-10-23
2010,ST0207,F019,SUB020,4,3,3,3,4,3,Average teaching experience.,Neutral,2025-07-07
2011,ST0692,F001,SUB005,5,4,4,4,4,4,Concepts explained clearly.,Positive,2025-05-08
2012,ST0816,F027,SUB010,5,4,4,5,4,5,Helpful and supportive faculty.,Positive,2025-05-04
2013,ST0662,F034,SUB011,4,4,4,4,4,5,Helpful and supportive faculty.,Positive,2025-08-31
2014,ST0809,F039,SUB029,5,4,5,4,4,4,Very interactive class.,Positive,2025-01-17
2015,ST0114,F006,SUB017,5,5,5,5,4,5,Helpful and supportive faculty.,Positive,2025-03-11
2016,ST0899,F038,SUB019,5,5,4,4,4,5,Great practical sessions.,Positive,2025-12-07
2017,ST0277,F007,SUB002,4,3,3,4,4,4,Can improve interaction.,Neutral,2025-08-27
2018,ST0623,F015,SUB024,4,5,5,4,4,4,Helpful and supportive faculty.,Positive,2025-11-04
2019,ST0228,F003,SUB021,5,5,4,5,5,4,Helpful and supportive faculty.,Positive,2025-11-08
2020,ST0529,F027,SUB028,4,4,3,3,3,3,Class was okay.,Neutral,2025-07-01
2021,ST0623,F014,SUB013,3,4,3,4,4,3,Need more examples.,Neutral,2025-12-14
2022,ST0246,F020,SUB025,2,1,1,2,2,1,Needs better communication.,Negative,2025-12-22
2023,ST0985,F006,SUB023,4,5,5,4,4,5,Helpful and supportive faculty.,Positive,2025-09-13
2024,ST0586,F004,SUB007,4,4,4,4,4,4,Concepts explained clearly.,Positive,2025-09-29
2025,ST0594,F027,SUB029,5,4,5,5,5,4,Great practical sessions.,Positive,2025-11-13
2026,ST0737,F034,SUB005,4,5,5,4,4,4,Excellent teaching and explanation.,Positive,2025-01-02
2027,ST0442,F003,SUB009,4,5,4,5,5,4,Very interactive class.,Positive,2025-04-18
2028,ST0168,F033,SUB022,4,4,5,4,5,5,Concepts explained clearly.,Positive,2025-06-06
2029,ST0875,F013,SUB015,3,3,4,3,4,4,Need more examples.,Neutral,2025-05-17
2030,ST0031,F011,SUB010,2,1,2,2,2,2,Class was not engaging.,Negative,2025-08-25
2031,ST0891,F035,SUB002,1,2,1,1,1,1,Class was not engaging.,Negative,2025-12-30
2032,ST0477,F001,SUB011,3,4,4,3,3,4,Average teaching experience.,Neutral,2025-04-03
2033,ST0860,F024,SUB017,2,2,1,2,2,1,Class was not engaging.,Negative,2025-09-03
2034,ST0694,F015,SUB007,5,5,4,4,4,5,Concepts explained clearly.,Positive,2025-12-29
2035,ST0517,F027,SUB026,5,4,5,4,4,5,Great practical sessions.,Positive,2025-12-10
2036,ST0717,F020,SUB013,5,4,5,4,4,4,Helpful and supportive faculty.,Positive,2025-07-09
2037,ST0632,F002,SUB009,5,5,5,5,4,4,Concepts explained clearly.,Positive,2025-10-18
2038,ST0529,F037,SUB029,2,2,1,2,2,2,Concepts not explained clearly.,Negative,2025-02-28
2039,ST0558,F022,SUB016,5,4,5,4,5,4,Concepts explained clearly.,Positive,2025-05-18
2040,ST0273,F036,SUB012,5,4,4,5,5,5,Very interactive class.,Positive,2025-01-31
2041,ST0418,F016,SUB029,4,4,5,5,4,4,Concepts explained clearly.,Positive,2025-03-08
2042,ST0361,F003,SUB012,5,4,4,4,5,4,Very interactive class.,Positive,2025-11-23
2043,ST0873,F022,SUB030,3,3,3,4,4,3,Class was okay.,Neutral,2025-06-17
2044,ST0524,F036,SUB006,4,4,4,4,4,4,Great practical sessions.,Positive,2025-03-26
2045,ST0761,F034,SUB004,4,5,4,4,5,5,Great practical sessions.,Positive,2025-08-18
2046,ST0359,F020,SUB005,2,1,2,1,2,2,Concepts not explained clearly.,Negative,2025-05-02
2047,ST0756,F025,SUB021,5,5,5,5,5,4,Excellent teaching and explanation.,Positive,2025-08-16
2048,ST0728,F015,SUB030,5,5,5,4,5,5,Helpful and supportive faculty.,Positive,2025-10-09
2049,ST0098,F008,SUB001,2,2,1,2,1,2,Needs improvement in teaching.,Negative,2025-06-19
2050,ST0651,F008,SUB005,3,3,3,3,4,4,Need more examples.,Neutral,2025-03-22
2051,ST0339,F010,SUB020,4,4,3,4,4,4,Need more examples.,Neutral,2025-08-20
2052,ST0303,F004,SUB030,5,4,5,4,5,4,Concepts explained clearly.,Positive,2025-08-22
2053,ST0823,F034,SUB002,4,5,5,4,4,5,Excellent teaching and explanation.,Positive,2025-03-10
2054,ST0648,F036,SUB018,5,5,5,5,5,5,Concepts explained clearly.,Positive,2025-06-20
2055,ST0606,F040,SUB027,4,4,5,4,4,4,Very interactive class.,Positive,2025-04-27
2056,ST0340,F033,SUB002,5,5,4,4,4,4,Very interactive class.,Positive,2025-02-27
2057,ST0049,F020,SUB005,3,4,4,4,4,4,Need more examples.,Neutral,2025-08-15
2058,ST0442,F028,SUB030,3,3,4,4,4,4,Need more examples.,Neutral,2025-08-12
2059,ST0917,F013,SUB024,5,4,5,4,4,5,Very interactive class.,Positive,2025-08-16
2060,ST0783,F016,SUB027,1,2,2,1,1,1,Class was not engaging.,Negative,2025-03-11
2061,ST0188,F005,SUB004,5,5,5,4,5,5,Concepts explained clearly.,Positive,2025-12-13
2062,ST0785,F024,SUB008,4,4,5,4,4,4,Concepts explained clearly.,Positive,2025-11-30
2063,ST0286,F002,SUB028,4,5,5,4,4,4,Excellent teaching and explanation.,Positive,2025-08-01
2064,ST0170,F027,SUB027,5,5,5,5,5,5,Helpful and supportive faculty.,Positive,2025-05-06
2065,ST0256,F028,SUB015,4,4,4,4,3,3,Satisfactory explanation.,Neutral,2025-10-04
2066,ST0263,F030,SUB023,4,4,5,5,4,4,Great practical sessions.,Positive,2025-05-29
2067,ST0165,F019,SUB008,1,1,1,1,1,2,Concepts not explained clearly.,Negative,2025-07-07
2068,ST0310,F029,SUB027,4,5,5,5,4,4,Great practical sessions.,Positive,2025-07-14
2069,ST0679,F009,SUB017,4,4,5,5,4,5,Concepts explained clearly.,Positive,2025-02-18
2070,ST0496,F020,SUB012,4,4,5,4,4,5,Very interactive class.,Positive,2025-10-01
2071,ST0650,F003,SUB001,5,4,5,4,4,5,Excellent teaching and explanation.,Positive,2025-03-14
2072,ST0692,F025,SUB009,5,4,5,5,5,4,Excellent teaching and explanation.,Positive,2025-11-08
2073,ST0571,F021,SUB008,4,5,4,5,4,4,Excellent teaching and explanation.,Positive,2025-11-19
2074,ST0028,F021,SUB009,2,2,2,1,1,2,Class was not engaging.,Negative,2025-05-09
2075,ST0855,F004,SUB002,4,5,4,5,4,5,Helpful and supportive faculty.,Positive,2025-01-21
2076,ST0874,F001,SUB028,5,4,5,4,4,5,Great practical sessions.,Positive,2025-01-28
2077,ST0394,F003,SUB027,4,4,5,4,5,5,Helpful and supportive faculty.,Positive,2025-01-19
2078,ST0702,F015,SUB025,4,4,4,5,4,5,Concepts explained clearly.,Positive,2025-04-30
2079,ST0423,F014,SUB007,4,3,3,3,3,4,Satisfactory explanation.,Neutral,2025-04-19
2080,ST0455,F008,SUB013,3,3,4,3,4,3,Satisfactory explanation.,Neutral,2025-04-04
2081,ST0334,F029,SUB030,4,4,4,5,5,5,Helpful and supportive faculty.,Positive,2025-04-23
2082,ST0680,F022,SUB017,4,4,3,3,3,4,Class was okay.,Neutral,2025-03-03
2083,ST0669,F031,SUB019,5,4,4,4,4,4,Excellent teaching and explanation.,Positive,2025-02-07
2084,ST0389,F040,SUB013,4,5,4,5,5,4,Very interactive class.,Positive,2025-03-06
2085,ST0563,F008,SUB028,4,3,4,3,3,4,Satisfactory explanation.,Neutral,2025-05-02
2086,ST0674,F016,SUB010,4,4,4,4,5,5,Helpful and supportive faculty.,Positive,2025-08-15
2087,ST0830,F024,SUB011,4,5,5,4,4,4,Concepts explained clearly.,Positive,2025-05-28
2088,ST0836,F032,SUB019,4,5,4,5,4,5,Excellent teaching and explanation.,Positive,2025-06-29
2089,ST0739,F015,SUB006,5,4,4,5,4,4,Concepts explained clearly.,Positive,2025-09-22
2090,ST0332,F006,SUB008,5,4,4,5,5,4,Very interactive class.,Positive,2025-01-11
2091,ST0727,F032,SUB029,4,5,4,4,5,5,Helpful and supportive faculty.,Positive,2025-08-06
2092,ST0427,F006,SUB019,4,4,3,3,4,3,Can improve interaction.,Neutral,2025-11-18
2093,ST0982,F018,SUB014,1,2,2,1,2,1,Needs improvement in teaching.,Negative,2025-04-04
2094,ST0176,F008,SUB018,5,5,4,5,4,4,Great practical sessions.,Positive,2025-01-12
2095,ST0704,F036,SUB019,5,5,4,4,5,4,Concepts explained clearly.,Positive,2025-02-26
2096,ST0256,F027,SUB027,4,4,4,4,3,3,Can improve interaction.,Neutral,2025-04-26
2097,ST0532,F023,SUB018,5,5,5,4,5,5,Great practical sessions.,Positive,2025-11-28
2098,ST0738,F016,SUB019,4,4,4,4,5,4,Helpful and supportive faculty.,Positive,2025-04-09
2099,ST0641,F012,SUB006,5,5,5,5,4,4,Excellent teaching and explanation.,Positive,2025-09-20
2100,ST0026,F033,SUB025,4,5,4,5,5,5,Helpful and supportive faculty.,Positive,2025-11-01
2101,ST0256,F028,SUB029,4,4,4,4,4,4,Concepts explained clearly.,Positive,2025-11-25
2102,ST0396,F016,SUB025,2,1,1,2,2,1,Practicals were insufficient.,Negative,2025-05-07
2103,ST0570,F035,SUB016,4,5,4,5,5,5,Very interactive class.,Positive,2025-04-20
2104,ST0943,F028,SUB017,5,4,4,4,5,5,Concepts explained clearly.,Positive,2025-07-22
2105,ST0020,F006,SUB030,3,3,3,3,3,4,Average teaching experience.,Neutral,2025-07-18
2106,ST0900,F012,SUB014,5,4,4,4,5,5,Very interactive class.,Positive,2025-10-26
2107,ST0860,F010,SUB012,4,3,4,4,4,3,Need more examples.,Neutral,2025-01-09
2108,ST0434,F038,SUB005,4,5,5,4,5,5,Great practical sessions.,Positive,2025-01-13
2109,ST0404,F008,SUB014,3,3,4,3,4,4,Satisfactory explanation.,Neutral,2025-10-08
2110,ST0787,F003,SUB017,5,4,5,5,4,4,Helpful and supportive faculty.,Positive,2025-08-05
2111,ST0532,F016,SUB004,4,4,4,5,5,5,Excellent teaching and explanation.,Positive,2025-07-29
2112,ST0781,F023,SUB022,5,5,4,4,4,4,Concepts explained clearly.,Positive,2025-08-01
2113,ST0505,F037,SUB028,3,3,4,3,4,3,Satisfactory explanation.,Neutral,2025-06-14
2114,ST0904,F014,SUB030,5,4,5,4,4,5,Concepts explained clearly.,Positive,2025-02-22
2115,ST0770,F018,SUB021,4,5,4,4,4,4,Excellent teaching and explanation.,Positive,2025-12-12
2116,ST0701,F034,SUB003,3,4,4,3,3,4,Can improve interaction.,Neutral,2025-10-23
2117,ST0290,F014,SUB003,4,3,4,4,3,4,Can improve interaction.,Neutral,2025-07-03
2118,ST0286,F037,SUB023,5,5,4,5,4,5,Helpful and supportive faculty.,Positive,2025-11-10
2119,ST0377,F036,SUB004,5,5,4,5,4,5,Great practical sessions.,Positive,2025-10-30
2120,ST0250,F031,SUB028,5,4,5,4,5,4,Concepts explained clearly.,Positive,2025-03-05
2121,ST0506,F024,SUB014,4,4,5,5,4,4,Helpful and supportive faculty.,Positive,2025-10-26
2122,ST0018,F001,SUB017,5,4,4,4,4,5,Helpful and supportive faculty.,Positive,2025-02-16
2123,ST0339,F032,SUB030,4,4,4,4,5,4,Excellent teaching and explanation.,Positive,2025-09-29
2124,ST0626,F008,SUB029,5,5,4,4,4,4,Helpful and supportive faculty.,Positive,2025-10-24
2125,ST0088,F023,SUB003,3,4,3,4,4,4,Can improve interaction.,Neutral,2025-05-01
2126,ST0806,F007,SUB025,3,3,3,3,3,4,Average teaching experience.,Neutral,2025-01-22
2127,ST0945,F032,SUB026,4,5,5,5,4,5,Great practical sessions.,Positive,2025-07-29
2128,ST0198,F025,SUB008,5,5,4,4,4,4,Concepts explained clearly.,Positive,2025-02-01
2129,ST0467,F023,SUB030,5,4,4,5,5,5,Concepts explained clearly.,Positive,2025-11-17
2130,ST0400,F013,SUB024,5,4,5,4,4,5,Helpful and supportive faculty.,Positive,2025-05-18
2131,ST0917,F017,SUB027,3,3,4,4,4,4,Need more examples.,Neutral,2025-01-09
2132,ST0020,F017,SUB008,3,3,3,3,3,4,Class was okay.,Neutral,2025-03-01
2133,ST0978,F028,SUB008,4,3,3,4,4,4,Satisfactory explanation.,Neutral,2025-03-21
2134,ST0180,F003,SUB012,3,4,3,4,3,3,Average teaching experience.,Neutral,2025-01-13
2135,ST0743,F032,SUB004,3,4,4,3,4,4,Need more examples.,Neutral,2025-03-12
2136,ST0933,F030,SUB008,4,4,3,3,4,4,Satisfactory explanation.,Neutral,2025-05-24
2137,ST0109,F037,SUB003,4,5,4,4,4,5,Very interactive class.,Positive,2025-07-23
2138,ST0721,F036,SUB029,1,2,2,1,1,1,Practicals were insufficient.,Negative,2025-11-04
2139,ST0349,F021,SUB006,5,4,5,4,4,5,Concepts explained clearly.,Positive,2025-08-20
2140,ST0696,F025,SUB021,4,4,4,3,3,4,Average teaching experience.,Neutral,2025-07-20
2141,ST0124,F038,SUB001,5,5,5,4,4,4,Very interactive class.,Positive,2025-08-31
2142,ST0463,F040,SUB020,4,4,4,4,3,3,Class was okay.,Neutral,2025-09-29
2143,ST0586,F014,SUB022,3,4,3,3,3,3,Average teaching experience.,Neutral,2025-11-16
2144,ST0459,F008,SUB004,5,4,4,5,5,4,Excellent teaching and explanation.,Positive,2025-05-31
2145,ST0357,F018,SUB011,4,5,4,5,4,5,Helpful and supportive faculty.,Positive,2025-05-13
2146,ST0857,F037,SUB003,3,3,3,3,4,4,Satisfactory explanation.,Neutral,2025-11-24
2147,ST0861,F024,SUB002,4,4,5,5,4,5,Helpful and supportive faculty.,Positive,2025-08-02
2148,ST0060,F027,SUB021,3,3,4,3,4,3,Can improve interaction.,Neutral,2025-06-26
2149,ST0256,F005,SUB002,5,4,4,4,5,4,Excellent teaching and explanation.,Positive,2025-03-06
2150,ST0984,F004,SUB010,2,2,2,1,2,2,Practicals were insufficient.,Negative,2025-02-26
2151,ST0743,F004,SUB020,4,5,5,5,4,4,Excellent teaching and explanation.,Positive,2025-12-26
2152,ST0256,F024,SUB019,3,4,3,3,4,4,Average teaching experience.,Neutral,2025-02-26
2153,ST0137,F005,SUB027,4,4,5,4,4,5,Concepts explained clearly.,Positive,2025-05-09
2154,ST0175,F028,SUB029,5,4,5,4,4,5,Concepts explained clearly.,Positive,2025-01-19
2155,ST0060,F035,SUB012,4,4,4,4,3,3,Need more examples.,Neutral,2025-04-02
2156,ST0471,F033,SUB012,4,4,5,5,5,4,Helpful and supportive faculty.,Positive,2025-08-18
2157,ST0355,F010,SUB006,5,4,5,5,5,4,Helpful and supportive faculty.,Positive,2025-08-04
2158,ST0146,F016,SUB003,5,4,5,5,4,5,Helpful and supportive faculty.,Positive,2025-07-14
2159,ST0916,F005,SUB021,5,5,5,4,4,5,Great practical sessions.,Positive,2025-05-19
2160,ST0340,F007,SUB007,5,5,4,5,4,5,Excellent teaching and explanation.,Positive,2025-11-26
2161,ST0483,F018,SUB002,4,5,5,4,5,5,Excellent teaching and explanation.,Positive,2025-06-08
2162,ST0690,F005,SUB018,3,4,3,4,4,4,Satisfactory explanation.,Neutral,2025-01-27
2163,ST0722,F030,SUB007,2,1,2,1,1,1,Needs improvement in teaching.,Negative,2025-08-18
2164,ST0204,F020,SUB004,4,5,5,5,5,4,Concepts explained clearly.,Positive,2025-11-10
2165,ST0539,F035,SUB012,1,1,2,1,2,2,Concepts not explained clearly.,Negative,2025-02-16
2166,ST0744,F026,SUB029,3,3,4,4,4,4,Average teaching experience.,Neutral,2025-03-28
2167,ST0149,F030,SUB017,4,4,5,4,5,4,Helpful and supportive faculty.,Positive,2025-12-19
2168,ST0716,F011,SUB022,3,4,3,4,3,3,Need more examples.,Neutral,2025-08-29
2169,ST0054,F026,SUB015,5,5,5,5,4,5,Very interactive class.,Positive,2025-12-04
2170,ST0211,F026,SUB013,5,5,4,4,4,5,Concepts explained clearly.,Positive,2025-04-23
2171,ST0723,F017,SUB028,4,4,4,4,5,5,Great practical sessions.,Positive,2025-06-29
2172,ST0240,F008,SUB009,2,1,2,2,2,2,Needs better communication.,Negative,2025-09-27
2173,ST0222,F020,SUB004,5,5,5,4,4,5,Very interactive class.,Positive,2025-05-25
2174,ST0978,F005,SUB002,4,3,3,4,4,4,Need more examples.,Neutral,2025-06-25
2175,ST0537,F023,SUB026,4,4,3,3,4,3,Can improve interaction.,Neutral,2025-09-10
2176,ST0743,F037,SUB010,3,4,3,3,3,3,Satisfactory explanation.,Neutral,2025-02-22
2177,ST0287,F008,SUB022,2,1,2,2,2,2,Practicals were insufficient.,Negative,2025-01-11
2178,ST0226,F020,SUB018,4,4,4,4,3,3,Can improve interaction.,Neutral,2025-08-16
2179,ST0821,F028,SUB019,5,4,5,5,4,5,Great practical sessions.,Positive,2025-05-08
2180,ST0849,F037,SUB017,4,4,4,3,3,3,Average teaching experience.,Neutral,2025-12-20
2181,ST0832,F013,SUB004,5,4,5,4,4,4,Helpful and supportive faculty.,Positive,2025-08-15
2182,ST0879,F009,SUB001,1,1,2,2,1,2,Needs better communication.,Negative,2025-10-11
2183,ST0163,F012,SUB027,4,4,4,3,4,4,Class was okay.,Neutral,2025-07-14
2184,ST0358,F007,SUB008,1,2,1,2,2,1,Needs improvement in teaching.,Negative,2025-07-17
2185,ST0735,F015,SUB005,3,4,4,4,4,3,Can improve interaction.,Neutral,2025-11-01
2186,ST0863,F006,SUB026,1,1,1,1,1,1,Needs improvement in teaching.,Negative,2025-02-23
2187,ST0968,F007,SUB023,4,5,5,4,5,4,Helpful and supportive faculty.,Positive,2025-04-28
2188,ST0817,F032,SUB021,2,2,2,2,2,1,Concepts not explained clearly.,Negative,2025-12-15
2189,ST0895,F034,SUB004,4,4,4,3,4,3,Can improve interaction.,Neutral,2025-01-06
2190,ST0206,F034,SUB013,5,5,4,4,4,5,Very interactive class.,Positive,2025-12-05
2191,ST0591,F014,SUB022,2,1,1,1,2,2,Practicals were insufficient.,Negative,2025-09-13
2192,ST0935,F023,SUB016,5,5,5,5,4,4,Excellent teaching and explanation.,Positive,2025-08-17
2193,ST0558,F020,SUB026,4,4,5,4,5,5,Concepts explained clearly.,Positive,2025-08-01
2194,ST0642,F008,SUB003,3,3,4,3,3,4,Can improve interaction.,Neutral,2025-11-23
2195,ST0068,F012,SUB008,5,4,4,4,5,5,Very interactive class.,Positive,2025-09-07
2196,ST0381,F015,SUB007,4,4,5,5,4,4,Very interactive class.,Positive,2025-05-28
2197,ST0098,F009,SUB014,1,1,1,2,2,2,Practicals were insufficient.,Negative,2025-10-01
2198,ST0262,F034,SUB014,5,5,4,4,4,5,Concepts explained clearly.,Positive,2025-01-30
2199,ST0908,F025,SUB004,5,4,5,5,5,5,Great practical sessions.,Positive,2025-08-04
2200,ST0457,F013,SUB025,5,5,4,4,5,4,Very interactive class.,Positive,2025-10-17
2201,ST0928,F002,SUB024,3,3,3,3,4,4,Class was okay.,Neutral,2025-09-24
2202,ST0283,F024,SUB028,5,5,4,4,5,4,Great practical sessions.,Positive,2025-12-12
2203,ST0594,F030,SUB020,3,4,3,4,3,4,Class was okay.,Neutral,2025-09-29
2204,ST0091,F024,SUB012,5,5,4,4,4,5,Excellent teaching and explanation.,Positive,2025-10-11
2205,ST0371,F037,SUB001,3,4,3,3,4,4,Need more examples.,Neutral,2025-10-29
2206,ST0461,F028,SUB010,5,4,5,5,4,4,Excellent teaching and explanation.,Positive,2025-06-21
2207,ST0400,F009,SUB025,3,3,4,3,4,4,Class was okay.,Neutral,2025-04-09
2208,ST0453,F028,SUB028,5,4,5,5,5,4,Great practical sessions.,Positive,2025-10-02
2209,ST0094,F010,SUB028,5,5,5,5,5,5,Great practical sessions.,Positive,2025-03-22
2210,ST0712,F003,SUB012,4,3,4,4,3,4,Average teaching experience.,Neutral,2025-06-21
2211,ST0013,F039,SUB022,5,4,4,5,5,5,Very interactive class.,Positive,2025-03-18
2212,ST0114,F001,SUB001,4,5,4,5,4,4,Excellent teaching and explanation.,Positive,2025-01-15
2213,ST0253,F027,SUB014,4,4,3,3,3,3,Class was okay.,Neutral,2025-02-06
2214,ST0103,F031,SUB018,5,5,4,5,5,4,Concepts explained clearly.,Positive,2025-01-19
2215,ST0774,F007,SUB016,5,5,4,5,5,4,Helpful and supportive faculty.,Positive,2025-06-01
2216,ST0877,F016,SUB027,4,4,4,4,4,4,Great practical sessions.,Positive,2025-02-21
2217,ST0242,F018,SUB005,5,4,5,5,5,4,Very interactive class.,Positive,2025-03-29
2218,ST0861,F040,SUB009,4,4,4,3,3,4,Satisfactory explanation.,Neutral,2025-07-26
2219,ST0429,F040,SUB022,3,3,3,4,4,3,Average teaching experience.,Neutral,2025-12-28
2220,ST0434,F011,SUB013,5,4,5,5,4,5,Excellent teaching and explanation.,Positive,2025-02-12
2221,ST0320,F011,SUB020,5,5,4,5,4,4,Very interactive class.,Positive,2025-08-02
2222,ST0362,F023,SUB017,4,4,5,5,5,4,Concepts explained clearly.,Positive,2025-09-12
2223,ST0927,F019,SUB009,3,3,3,4,4,4,Can improve interaction.,Neutral,2025-01-30
2224,ST0498,F031,SUB017,3,3,3,3,3,3,Class was okay.,Neutral,2025-12-26
2225,ST0768,F005,SUB030,1,1,1,2,2,2,Needs better communication.,Negative,2025-09-23
2226,ST0884,F003,SUB004,3,3,3,4,4,3,Can improve interaction.,Neutral,2025-12-08
2227,ST0071,F003,SUB030,4,4,4,5,4,5,Excellent teaching and explanation.,Positive,2025-12-14
2228,ST0321,F024,SUB030,5,5,4,5,4,5,Great practical sessions.,Positive,2025-08-20
2229,ST0061,F022,SUB008,5,5,5,5,5,4,Very interactive class.,Positive,2025-06-12
2230,ST0924,F009,SUB006,4,4,5,5,4,5,Concepts explained clearly.,Positive,2025-01-30
2231,ST0971,F035,SUB004,4,4,5,5,4,5,Helpful and supportive faculty.,Positive,2025-07-10
2232,ST0422,F039,SUB019,4,5,5,5,5,5,Very interactive class.,Positive,2025-07-30
2233,ST0685,F009,SUB016,5,5,4,4,4,5,Helpful and supportive faculty.,Positive,2025-03-17
2234,ST0555,F005,SUB015,4,4,5,4,4,5,Concepts explained clearly.,Positive,2025-10-06
2235,ST0810,F001,SUB018,4,3,3,3,4,3,Satisfactory explanation.,Neutral,2025-07-04
2236,ST0710,F024,SUB024,4,4,3,4,3,4,Satisfactory explanation.,Neutral,2025-03-19
2237,ST0306,F037,SUB009,5,4,5,5,5,5,Helpful and supportive faculty.,Positive,2025-09-11
2238,ST0879,F021,SUB005,2,1,2,1,1,1,Needs better communication.,Negative,2025-11-04
2239,ST0659,F027,SUB028,4,4,4,3,3,4,Class was okay.,Neutral,2025-10-06
2240,ST0609,F003,SUB028,5,5,4,5,5,4,Helpful and supportive faculty.,Positive,2025-10-21
2241,ST0177,F038,SUB016,2,2,1,2,2,2,Practicals were insufficient.,Negative,2025-05-30
2242,ST0511,F001,SUB002,4,3,4,4,4,3,Average teaching experience.,Neutral,2025-11-16
2243,ST0172,F006,SUB029,4,4,4,4,5,4,Helpful and supportive faculty.,Positive,2025-04-10
2244,ST0876,F012,SUB005,4,4,5,5,5,5,Great practical sessions.,Positive,2025-08-30
2245,ST0468,F011,SUB005,3,3,4,4,4,3,Class was okay.,Neutral,2025-05-08
2246,ST0251,F008,SUB006,5,5,4,4,5,4,Excellent teaching and explanation.,Positive,2025-06-09
2247,ST0254,F014,SUB018,5,4,4,4,5,5,Helpful and supportive faculty.,Positive,2025-12-21
2248,ST0990,F010,SUB002,5,5,5,4,5,4,Excellent teaching and explanation.,Positive,2025-11-18
2249,ST0697,F002,SUB013,4,5,5,4,5,4,Great practical sessions.,Positive,2025-02-17
2250,ST0701,F024,SUB028,3,3,3,4,4,4,Class was okay.,Neutral,2025-09-25
2251,ST0774,F003,SUB013,5,4,5,4,4,4,Great practical sessions.,Positive,2025-10-24
2252,ST0672,F026,SUB017,4,4,5,5,4,5,Helpful and supportive faculty.,Positive,2025-02-21
2253,ST0850,F017,SUB018,4,5,4,4,4,5,Excellent teaching and explanation.,Positive,2025-08-29
2254,ST0637,F035,SUB014,4,5,5,4,4,4,Very interactive class.,Positive,2025-04-28
2255,ST0347,F018,SUB011,2,2,1,1,1,1,Class was not engaging.,Negative,2025-09-12
2256,ST0221,F006,SUB001,4,5,5,4,5,4,Excellent teaching and explanation.,Positive,2025-09-27
2257,ST0833,F036,SUB010,4,3,3,4,4,3,Can improve interaction.,Neutral,2025-03-09
2258,ST0253,F020,SUB024,4,4,4,4,4,4,Need more examples.,Neutral,2025-05-04
2259,ST0576,F009,SUB011,4,4,3,3,3,3,Average teaching experience.,Neutral,2025-07-26
2260,ST0665,F021,SUB011,4,5,4,5,4,4,Helpful and supportive faculty.,Positive,2025-12-14
2261,ST0840,F033,SUB011,4,3,4,3,4,4,Can improve interaction.,Neutral,2025-04-29
2262,ST0162,F024,SUB008,4,4,4,4,4,5,Very interactive class.,Positive,2025-08-19
2263,ST0879,F039,SUB008,4,3,4,3,3,3,Can improve interaction.,Neutral,2025-04-15
2264,ST0933,F017,SUB026,4,4,4,5,5,5,Excellent teaching and explanation.,Positive,2025-05-16
2265,ST0402,F022,SUB009,4,5,5,5,4,4,Concepts explained clearly.,Positive,2025-05-27
2266,ST0209,F009,SUB013,4,5,4,5,4,4,Excellent teaching and explanation.,Positive,2025-02-10
2267,ST0347,F038,SUB004,4,4,4,5,4,5,Helpful and supportive faculty.,Positive,2025-05-30
2268,ST0220,F030,SUB026,4,5,5,5,4,5,Excellent teaching and explanation.,Positive,2025-08-29
2269,ST0704,F005,SUB003,5,4,4,5,5,4,Excellent teaching and explanation.,Positive,2025-03-06
2270,ST0698,F011,SUB029,4,5,4,5,4,5,Helpful and supportive faculty.,Positive,2025-06-07
2271,ST0079,F026,SUB019,1,2,2,2,2,1,Class was not engaging.,Negative,2025-12-31
2272,ST0709,F029,SUB007,5,5,5,5,5,5,Concepts explained clearly.,Positive,2025-04-14
2273,ST0138,F015,SUB005,3,4,3,4,3,3,Average teaching experience.,Neutral,2025-03-08
2274,ST0378,F034,SUB026,4,5,4,5,4,5,Excellent teaching and explanation.,Positive,2025-01-07
2275,ST0135,F033,SUB027,4,4,5,5,4,5,Great practical sessions.,Positive,2025-10-18
2276,ST0447,F011,SUB002,3,3,4,3,3,4,Can improve interaction.,Neutral,2025-11-13
2277,ST0037,F038,SUB025,5,4,5,4,5,4,Helpful and supportive faculty.,Positive,2025-02-14
2278,ST0376,F013,SUB005,5,5,5,4,4,5,Helpful and supportive faculty.,Positive,2025-03-10
2279,ST0379,F038,SUB026,5,5,5,4,5,4,Concepts explained clearly.,Positive,2025-10-08
2280,ST0248,F009,SUB014,5,4,5,5,4,4,Excellent teaching and explanation.,Positive,2025-05-31
2281,ST0610,F007,SUB023,5,4,4,4,4,5,Very interactive class.,Positive,2025-12-25
2282,ST0116,F005,SUB014,5,4,5,4,5,4,Very interactive class.,Positive,2025-05-11
2283,ST0910,F003,SUB019,2,1,2,1,2,2,Concepts not explained clearly.,Negative,2025-03-08
2284,ST0632,F011,SUB016,3,4,3,3,4,3,Can improve interaction.,Neutral,2025-02-23
2285,ST0395,F027,SUB005,5,4,5,5,4,5,Helpful and supportive faculty.,Positive,2025-09-27
2286,ST0390,F019,SUB007,5,4,4,5,4,4,Very interactive class.,Positive,2025-10-23
2287,ST0983,F036,SUB023,3,4,4,4,4,4,Can improve interaction.,Neutral,2025-05-19
2288,ST0158,F014,SUB010,3,4,4,3,3,4,Class was okay.,Neutral,2025-06-26
2289,ST0022,F021,SUB022,5,5,5,4,4,4,Very interactive class.,Positive,2025-11-21
2290,ST0334,F034,SUB030,4,4,4,4,3,4,Can improve interaction.,Neutral,2025-04-13
2291,ST0218,F002,SUB018,5,4,5,4,4,4,Very interactive class.,Positive,2025-09-20
2292,ST0779,F022,SUB007,3,4,3,3,4,3,Class was okay.,Neutral,2025-08-25
2293,ST0475,F017,SUB002,5,4,4,5,4,4,Helpful and supportive faculty.,Positive,2025-06-10
2294,ST0394,F028,SUB020,4,4,4,4,5,5,Concepts explained clearly.,Positive,2025-06-20
2295,ST0123,F015,SUB011,3,3,4,3,4,3,Average teaching experience.,Neutral,2025-12-29
2296,ST0848,F036,SUB023,5,4,4,5,4,5,Helpful and supportive faculty.,Positive,2025-07-08
2297,ST0513,F024,SUB014,4,5,4,5,4,4,Helpful and supportive faculty.,Positive,2025-04-04
2298,ST0597,F009,SUB007,4,5,5,4,4,4,Concepts explained clearly.,Positive,2025-10-28
2299,ST0534,F027,SUB018,2,1,1,2,1,1,Needs improvement in teaching.,Negative,2025-06-07
2300,ST0094,F004,SUB018,4,4,4,4,4,4,Concepts explained clearly.,Positive,2025-06-29
2301,ST0754,F010,SUB026,4,4,4,5,4,4,Helpful and supportive faculty.,Positive,2025-04-06
2302,ST0269,F037,SUB010,3,3,3,4,4,4,Average teaching experience.,Neutral,2025-12-13
2303,ST0036,F009,SUB027,4,4,5,5,5,4,Great practical sessions.,Positive,2025-10-19
2304,ST0462,F026,SUB006,2,1,1,2,1,1,Practicals were insufficient.,Negative,2025-06-25
2305,ST0293,F038,SUB020,5,4,4,5,4,4,Helpful and supportive faculty.,Positive,2025-06-16
2306,ST0431,F005,SUB001,4,4,3,4,4,3,Need more examples.,Neutral,2025-11-24
2307,ST0765,F019,SUB022,5,5,4,5,5,4,Helpful and supportive faculty.,Positive,2025-12-21
2308,ST0644,F001,SUB027,4,4,4,4,4,5,Very interactive class.,Positive,2025-09-16
2309,ST0092,F030,SUB029,2,1,1,2,1,2,Practicals were insufficient.,Negative,2025-09-19
2310,ST0729,F006,SUB009,4,5,5,4,4,5,Very interactive class.,Positive,2025-06-29
2311,ST0135,F024,SUB018,1,1,1,2,2,1,Class was not engaging.,Negative,2025-11-28
2312,ST0313,F035,SUB015,4,5,4,5,5,4,Helpful and supportive faculty.,Positive,2025-05-05
2313,ST0231,F038,SUB015,2,2,1,1,2,1,Needs improvement in teaching.,Negative,2025-03-24
2314,ST0692,F016,SUB018,4,4,4,5,5,5,Helpful and supportive faculty.,Positive,2025-06-17
2315,ST0667,F039,SUB010,3,4,4,3,3,4,Average teaching experience.,Neutral,2025-12-07
2316,ST0682,F016,SUB010,3,4,3,3,3,4,Need more examples.,Neutral,2025-09-11
2317,ST0160,F020,SUB011,3,3,3,4,3,3,Can improve interaction.,Neutral,2025-02-05
2318,ST0013,F005,SUB006,3,3,3,4,4,3,Average teaching experience.,Neutral,2025-03-10
2319,ST0204,F001,SUB029,5,5,5,5,5,4,Excellent teaching and explanation.,Positive,2025-10-11
2320,ST0874,F004,SUB030,1,2,2,1,1,1,Concepts not explained clearly.,Negative,2025-03-22
2321,ST0363,F007,SUB016,1,1,2,2,1,1,Needs improvement in teaching.,Negative,2025-07-04
2322,ST0572,F005,SUB018,4,4,4,5,4,5,Excellent teaching and explanation.,Positive,2025-12-30
2323,ST0689,F022,SUB021,5,4,4,5,4,4,Excellent teaching and explanation.,Positive,2025-12-30
2324,ST0808,F018,SUB026,3,3,3,4,3,4,Class was okay.,Neutral,2025-11-09
2325,ST0923,F013,SUB005,5,5,4,4,5,4,Very interactive class.,Positive,2025-06-13
2326,ST0697,F002,SUB003,4,3,4,4,4,4,Can improve interaction.,Neutral,2025-01-25
2327,ST0802,F012,SUB026,4,4,4,5,4,5,Great practical sessions.,Positive,2025-07-04
2328,ST0623,F032,SUB019,1,2,1,1,2,2,Concepts not explained clearly.,Negative,2025-07-10
2329,ST0542,F023,SUB016,4,4,5,4,4,5,Great practical sessions.,Positive,2025-01-13
2330,ST0581,F009,SUB010,1,2,1,1,2,1,Needs improvement in teaching.,Negative,2025-07-02
2331,ST0742,F022,SUB012,2,2,2,2,1,1,Needs better communication.,Negative,2025-09-14
2332,ST0835,F002,SUB029,4,4,5,4,5,5,Helpful and supportive faculty.,Positive,2025-12-02
2333,ST0987,F015,SUB022,5,5,5,4,4,5,Great practical sessions.,Positive,2025-10-12
2334,ST0586,F024,SUB009,5,4,4,4,5,5,Great practical sessions.,Positive,2025-03-24
2335,ST0342,F015,SUB016,4,4,4,3,4,3,Average teaching experience.,Neutral,2025-11-28
2336,ST0028,F032,SUB028,3,3,3,3,3,4,Can improve interaction.,Neutral,2025-10-06
2337,ST0677,F036,SUB023,4,3,3,4,3,3,Average teaching experience.,Neutral,2025-01-14
2338,ST0948,F004,SUB015,2,1,2,2,2,1,Concepts not explained clearly.,Negative,2025-12-23
2339,ST0952,F006,SUB024,4,4,3,4,3,3,Average teaching experience.,Neutral,2025-05-27
2340,ST0983,F021,SUB009,4,5,5,4,5,4,Concepts explained clearly.,Positive,2025-08-16
2341,ST0737,F021,SUB028,5,4,5,5,4,4,Concepts explained clearly.,Positive,2025-11-07
2342,ST0379,F005,SUB023,1,2,2,2,2,2,Concepts not explained clearly.,Negative,2025-09-27
2343,ST0927,F023,SUB029,3,3,4,4,4,3,Satisfactory explanation.,Neutral,2025-08-30
2344,ST0734,F012,SUB021,4,4,5,5,4,5,Great practical sessions.,Positive,2025-02-01
2345,ST0472,F003,SUB002,4,5,4,5,5,4,Great practical sessions.,Positive,2025-08-10
2346,ST0637,F021,SUB019,3,4,4,3,4,4,Average teaching experience.,Neutral,2025-07-14
2347,ST0256,F008,SUB004,1,1,2,2,1,2,Class was not engaging.,Negative,2025-07-23
2348,ST0785,F009,SUB024,5,4,4,5,5,5,Very interactive class.,Positive,2025-04-23
2349,ST0509,F008,SUB020,2,2,2,1,1,1,Needs improvement in teaching.,Negative,2025-07-06
2350,ST0200,F026,SUB017,5,5,5,5,5,5,Helpful and supportive faculty.,Positive,2025-04-07
2351,ST0519,F006,SUB014,3,3,3,3,3,4,Need more examples.,Neutral,2025-05-08
2352,ST0633,F035,SUB009,5,4,5,5,5,5,Concepts explained clearly.,Positive,2025-05-20
2353,ST0831,F039,SUB021,4,5,4,5,4,5,Helpful and supportive faculty.,Positive,2025-09-04
2354,ST0748,F023,SUB012,5,4,5,4,4,4,Great practical sessions.,Positive,2025-12-12
2355,ST0285,F022,SUB002,3,3,4,3,4,3,Satisfactory explanation.,Neutral,2025-11-19
2356,ST1000,F002,SUB026,4,4,3,3,4,3,Satisfactory explanation.,Neutral,2025-09-01
2357,ST0546,F025,SUB015,1,2,2,1,1,1,Needs better communication.,Negative,2025-05-28
2358,ST0184,F035,SUB003,2,1,1,1,1,2,Needs better communication.,Negative,2025-04-17
2359,ST0629,F001,SUB016,1,1,2,2,1,1,Concepts not explained clearly.,Negative,2025-02-02
2360,ST0764,F027,SUB030,1,2,2,1,1,2,Concepts not explained clearly.,Negative,2025-01-02
2361,ST0762,F023,SUB015,1,1,1,2,1,1,Practicals were insufficient.,Negative,2025-10-15
2362,ST0942,F036,SUB014,2,1,2,2,2,2,Needs better communication.,Negative,2025-02-20
2363,ST0451,F029,SUB015,5,4,4,4,4,4,Helpful and supportive faculty.,Positive,2025-08-22
2364,ST0503,F020,SUB008,4,5,4,4,5,5,Great practical sessions.,Positive,2025-04-09
2365,ST0579,F013,SUB005,1,1,2,2,2,2,Class was not engaging.,Negative,2025-07-20
2366,ST0710,F007,SUB010,5,5,5,5,4,5,Helpful and supportive faculty.,Positive,2025-11-30
2367,ST0309,F029,SUB021,5,4,5,5,5,4,Concepts explained clearly.,Positive,2025-05-23
2368,ST0626,F005,SUB012,5,5,5,5,4,5,Helpful and supportive faculty.,Positive,2025-01-13
2369,ST0670,F005,SUB022,4,5,5,4,4,5,Concepts explained clearly.,Positive,2025-03-16
2370,ST0162,F013,SUB025,4,5,5,5,4,5,Great practical sessions.,Positive,2025-06-17
2371,ST0862,F019,SUB022,4,5,5,4,5,4,Excellent teaching and explanation.,Positive,2025-08-26
2372,ST0341,F017,SUB028,5,5,5,5,5,4,Concepts explained clearly.,Positive,2025-08-13
2373,ST0026,F022,SUB020,2,2,2,1,1,2,Needs improvement in teaching.,Negative,2025-05-17
2374,ST0239,F006,SUB025,4,4,3,3,4,3,Average teaching experience.,Neutral,2025-05-08
2375,ST0350,F012,SUB009,3,3,4,3,4,4,Can improve interaction.,Neutral,2025-05-12
2376,ST0356,F016,SUB026,1,1,1,1,2,2,Needs better communication.,Negative,2025-05-16
2377,ST0441,F039,SUB011,3,4,4,3,3,3,Average teaching experience.,Neutral,2025-01-01
2378,ST0476,F020,SUB023,1,1,2,2,2,1,Concepts not explained clearly.,Negative,2025-01-13
2379,ST0286,F033,SUB008,4,4,4,5,4,5,Very interactive class.,Positive,2025-01-08
2380,ST0336,F038,SUB008,4,4,4,5,5,5,Concepts explained clearly.,Positive,2025-03-13
2381,ST0471,F007,SUB029,2,2,2,1,1,1,Needs improvement in teaching.,Negative,2025-08-13
2382,ST0371,F010,SUB024,4,5,4,4,4,5,Very interactive class.,Positive,2025-01-29
2383,ST0117,F024,SUB002,1,2,1,1,1,1,Practicals were insufficient.,Negative,2025-06-22
2384,ST0450,F034,SUB027,4,5,5,5,5,5,Helpful and supportive faculty.,Positive,2025-01-28
2385,ST0379,F026,SUB021,5,5,5,4,4,5,Great practical sessions.,Positive,2025-09-26
2386,ST0106,F018,SUB008,5,5,5,4,4,5,Helpful and supportive faculty.,Positive,2025-02-10
2387,ST0729,F012,SUB025,3,4,4,4,3,4,Class was okay.,Neutral,2025-04-03
2388,ST0970,F008,SUB011,4,3,4,3,3,4,Class was okay.,Neutral,2025-03-30
2389,ST0944,F031,SUB025,4,5,5,4,4,5,Helpful and supportive faculty.,Positive,2025-10-27
2390,ST0085,F016,SUB025,4,3,4,3,4,4,Class was okay.,Neutral,2025-11-02
2391,ST0711,F038,SUB021,4,4,5,4,5,4,Concepts explained clearly.,Positive,2025-01-27
2392,ST0848,F008,SUB013,4,3,3,4,4,4,Can improve interaction.,Neutral,2025-04-13
2393,ST0498,F006,SUB007,4,5,5,5,4,4,Great practical sessions.,Positive,2025-03-21
2394,ST0525,F018,SUB006,5,5,4,4,5,4,Excellent teaching and explanation.,Positive,2025-03-18
2395,ST0988,F020,SUB011,5,4,4,5,4,5,Great practical sessions.,Positive,2025-04-02
2396,ST0314,F010,SUB004,1,2,1,2,1,2,Class was not engaging.,Negative,2025-06-22
2397,ST0902,F009,SUB003,5,4,5,4,4,5,Excellent teaching and explanation.,Positive,2025-10-02
2398,ST0033,F007,SUB024,4,5,5,4,5,4,Great practical sessions.,Positive,2025-10-18
2399,ST0345,F007,SUB015,3,3,4,4,4,3,Class was okay.,Neutral,2025-05-06
2400,ST0712,F014,SUB017,4,4,3,4,3,3,Can improve interaction.,Neutral,2025-11-11
2401,ST0311,F021,SUB002,4,4,5,4,5,5,Excellent teaching and explanation.,Positive,2025-10-17
2402,ST0106,F002,SUB005,4,4,4,5,4,5,Very interactive class.,Positive,2025-10-31
2403,ST0834,F003,SUB029,2,2,2,2,2,1,Needs improvement in teaching.,Negative,2025-03-08
2404,ST0703,F038,SUB009,1,1,1,1,1,1,Needs better communication.,Negative,2025-04-25
2405,ST0480,F006,SUB011,3,4,4,3,4,3,Class was okay.,Neutral,2025-09-09
2406,ST0830,F019,SUB009,5,4,4,4,5,5,Excellent teaching and explanation.,Positive,2025-08-15
2407,ST0683,F023,SUB014,1,1,2,1,1,2,Needs improvement in teaching.,Negative,2025-09-29
2408,ST0577,F019,SUB001,2,2,2,2,1,1,Concepts not explained clearly.,Negative,2025-09-04
2409,ST0995,F020,SUB008,2,2,2,1,2,2,Needs better communication.,Negative,2025-08-30
2410,ST0081,F025,SUB008,3,4,4,3,3,3,Can improve interaction.,Neutral,2025-06-05
2411,ST0125,F030,SUB030,5,5,5,5,5,5,Excellent teaching and explanation.,Positive,2025-09-29
2412,ST0923,F037,SUB013,4,5,5,4,5,4,Very interactive class.,Positive,2025-07-20
2413,ST0313,F021,SUB023,5,5,5,4,4,5,Helpful and supportive faculty.,Positive,2025-04-24
2414,ST0934,F012,SUB018,5,4,5,5,5,4,Very interactive class.,Positive,2025-11-13
2415,ST0030,F013,SUB023,4,3,4,4,3,3,Can improve interaction.,Neutral,2025-02-07
2416,ST0500,F038,SUB019,5,4,5,4,4,4,Great practical sessions.,Positive,2025-01-31
2417,ST0800,F003,SUB007,4,4,4,4,4,4,Can improve interaction.,Neutral,2025-05-09
2418,ST0592,F009,SUB028,4,3,3,4,4,4,Average teaching experience.,Neutral,2025-08-04
2419,ST0035,F011,SUB017,5,5,4,5,5,5,Helpful and supportive faculty.,Positive,2025-10-14
2420,ST0566,F027,SUB003,3,4,3,3,3,3,Satisfactory explanation.,Neutral,2025-05-16
2421,ST0613,F013,SUB026,4,5,5,5,4,4,Helpful and supportive faculty.,Positive,2025-06-28
2422,ST0969,F036,SUB028,3,4,3,3,4,4,Average teaching experience.,Neutral,2025-05-24
2423,ST0526,F004,SUB005,5,4,4,4,5,4,Excellent teaching and explanation.,Positive,2025-07-18
2424,ST0074,F014,SUB019,1,2,2,2,2,2,Needs improvement in teaching.,Negative,2025-02-19
2425,ST0538,F038,SUB029,5,4,5,5,4,5,Concepts explained clearly.,Positive,2025-09-19
2426,ST0019,F039,SUB019,4,4,4,4,4,3,Average teaching experience.,Neutral,2025-04-12
2427,ST0972,F030,SUB022,3,4,3,4,3,3,Can improve interaction.,Neutral,2025-03-15
2428,ST0105,F023,SUB028,5,4,5,4,4,4,Excellent teaching and explanation.,Positive,2025-07-28
2429,ST0013,F001,SUB026,4,4,4,5,4,5,Excellent teaching and explanation.,Positive,2025-01-30
2430,ST0524,F001,SUB008,5,4,5,4,5,4,Helpful and supportive faculty.,Positive,2025-10-20
2431,ST0888,F034,SUB012,5,5,5,4,5,5,Helpful and supportive faculty.,Positive,2025-08-20
2432,ST0552,F024,SUB024,4,4,5,4,5,5,Very interactive class.,Positive,2025-12-14
2433,ST0299,F032,SUB013,5,5,5,5,4,5,Concepts explained clearly.,Positive,2025-12-09
2434,ST0115,F010,SUB029,4,3,4,3,4,4,Can improve interaction.,Neutral,2025-11-03
2435,ST0165,F019,SUB002,4,4,4,5,4,5,Great practical sessions.,Positive,2025-05-31
2436,ST0534,F024,SUB003,3,3,4,3,3,3,Class was okay.,Neutral,2025-08-23
2437,ST0639,F033,SUB017,1,2,2,1,2,1,Needs improvement in teaching.,Negative,2025-04-15
2438,ST0243,F031,SUB028,2,1,1,1,1,1,Practicals were insufficient.,Negative,2025-06-10
2439,ST0112,F033,SUB014,4,5,5,5,5,4,Excellent teaching and explanation.,Positive,2025-03-19
2440,ST0613,F040,SUB022,5,5,5,4,5,5,Great practical sessions.,Positive,2025-02-22
2441,ST0455,F037,SUB013,4,4,4,4,4,4,Concepts explained clearly.,Positive,2025-09-25
2442,ST0839,F039,SUB017,5,5,4,4,5,5,Helpful and supportive faculty.,Positive,2025-04-25
2443,ST0670,F013,SUB004,2,2,1,2,1,1,Needs better communication.,Negative,2025-02-08
2444,ST0181,F040,SUB023,5,4,4,5,5,4,Very interactive class.,Positive,2025-03-29
2445,ST0296,F025,SUB006,5,5,5,4,5,4,Helpful and supportive faculty.,Positive,2025-03-13
2446,ST0481,F021,SUB017,4,3,3,4,4,3,Satisfactory explanation.,Neutral,2025-10-16
2447,ST0066,F008,SUB024,3,4,3,3,4,4,Satisfactory explanation.,Neutral,2025-06-08
2448,ST0965,F004,SUB020,5,5,4,5,5,4,Helpful and supportive faculty.,Positive,2025-03-28
2449,ST0041,F026,SUB016,4,5,5,5,4,4,Very interactive class.,Positive,2025-09-12
2450,ST0122,F017,SUB019,3,4,4,4,4,3,Satisfactory explanation.,Neutral,2025-07-04
2451,ST0118,F022,SUB022,5,4,4,5,4,4,Very interactive class.,Positive,2025-07-08
2452,ST0068,F001,SUB016,4,4,4,5,5,5,Excellent teaching and explanation.,Positive,2025-11-16
2453,ST0502,F038,SUB014,5,5,5,5,4,5,Great practical sessions.,Positive,2025-12-08
2454,ST0729,F040,SUB026,3,4,4,4,4,4,Can improve interaction.,Neutral,2025-01-24
2455,ST0203,F017,SUB020,4,5,4,5,4,5,Very interactive class.,Positive,2025-01-19
2456,ST0862,F029,SUB002,1,1,2,1,2,1,Needs better communication.,Negative,2025-09-23
2457,ST0880,F008,SUB012,5,4,4,5,5,5,Excellent teaching and explanation.,Positive,2025-04-19
2458,ST0471,F039,SUB014,4,4,4,5,4,4,Helpful and supportive faculty.,Positive,2025-12-11
2459,ST0465,F021,SUB014,5,5,5,4,4,4,Concepts explained clearly.,Positive,2025-06-23
2460,ST0931,F024,SUB023,4,4,4,5,4,5,Very interactive class.,Positive,2025-04-20
2461,ST0477,F017,SUB002,4,4,5,4,4,5,Very interactive class.,Positive,2025-10-20
2462,ST0655,F028,SUB030,4,4,4,4,5,5,Very interactive class.,Positive,2025-05-26
2463,ST0948,F017,SUB014,5,5,4,4,4,4,Great practical sessions.,Positive,2025-09-05
2464,ST0934,F030,SUB017,2,1,2,1,1,1,Practicals were insufficient.,Negative,2025-08-20
2465,ST0253,F032,SUB025,5,4,4,5,5,5,Helpful and supportive faculty.,Positive,2025-03-04
2466,ST0002,F011,SUB001,1,2,1,1,1,1,Concepts not explained clearly.,Negative,2025-01-22
2467,ST0359,F031,SUB021,4,4,4,4,5,4,Helpful and supportive faculty.,Positive,2025-02-23
2468,ST0653,F012,SUB016,5,5,5,4,4,4,Very interactive class.,Positive,2025-12-11
2469,ST0965,F033,SUB021,5,4,4,4,4,5,Excellent teaching and explanation.,Positive,2025-07-30
2470,ST0239,F018,SUB004,1,1,2,1,2,1,Class was not engaging.,Negative,2025-01-02
2471,ST0132,F026,SUB025,5,4,4,5,5,5,Very interactive class.,Positive,2025-07-03
2472,ST0524,F015,SUB024,3,3,4,4,3,4,Class was okay.,Neutral,2025-06-22
2473,ST0730,F040,SUB004,4,4,5,4,4,5,Concepts explained clearly.,Positive,2025-09-24
2474,ST0998,F013,SUB017,5,4,5,5,4,5,Very interactive class.,Positive,2025-09-16
2475,ST0479,F012,SUB007,4,3,3,4,4,4,Average teaching experience.,Neutral,2025-06-12
2476,ST0058,F010,SUB001,5,5,5,4,4,4,Very interactive class.,Positive,2025-01-29
2477,ST0847,F017,SUB012,4,4,3,3,4,4,Average teaching experience.,Neutral,2025-10-31
2478,ST0937,F039,SUB008,5,4,4,4,5,5,Concepts explained clearly.,Positive,2025-08-22
2479,ST0459,F031,SUB003,4,5,5,5,4,4,Concepts explained clearly.,Positive,2025-05-17
2480,ST0569,F024,SUB018,5,4,5,5,4,4,Very interactive class.,Positive,2025-07-19
2481,ST0125,F018,SUB016,5,4,4,4,4,4,Excellent teaching and explanation.,Positive,2025-06-21
2482,ST0109,F025,SUB004,4,5,4,4,5,5,Helpful and supportive faculty.,Positive,2025-10-02
2483,ST0526,F021,SUB022,4,5,5,4,5,4,Very interactive class.,Positive,2025-03-24
2484,ST0491,F009,SUB004,5,5,5,5,4,4,Very interactive class.,Positive,2025-09-06
2485,ST0636,F008,SUB007,5,4,5,5,5,4,Great practical sessions.,Positive,2025-11-07
2486,ST0760,F006,SUB007,5,5,5,5,5,4,Very interactive class.,Positive,2025-03-28
2487,ST0619,F001,SUB014,3,3,3,3,3,3,Satisfactory explanation.,Neutral,2025-05-16
2488,ST0505,F021,SUB004,5,5,5,4,5,4,Very interactive class.,Positive,2025-05-31
2489,ST0451,F014,SUB016,4,4,4,4,3,4,Satisfactory explanation.,Neutral,2025-02-20
2490,ST0154,F015,SUB018,3,3,3,4,4,4,Satisfactory explanation.,Neutral,2025-03-21
2491,ST0490,F006,SUB007,5,4,5,4,4,5,Great practical sessions.,Positive,2025-12-07
2492,ST0824,F039,SUB005,5,5,4,5,5,4,Concepts explained clearly.,Positive,2025-10-28
2493,ST0886,F031,SUB029,5,4,4,4,5,5,Helpful and supportive faculty.,Positive,2025-03-03
2494,ST0742,F040,SUB015,5,4,5,4,5,4,Helpful and supportive faculty.,Positive,2025-04-03
2495,ST0042,F016,SUB005,5,5,4,4,4,4,Great practical sessions.,Positive,2025-01-12
2496,ST0807,F015,SUB011,4,4,4,5,5,4,Excellent teaching and explanation.,Positive,2025-07-15
2497,ST0690,F012,SUB006,4,4,4,5,4,5,Helpful and supportive faculty.,Positive,2025-11-12
2498,ST0291,F021,SUB003,5,4,4,5,4,4,Helpful and supportive faculty.,Positive,2025-07-24
2499,ST0554,F020,SUB019,4,3,3,3,4,4,Satisfactory explanation.,Neutral,2025-09-23
2500,ST0440,F003,SUB021,4,3,4,3,4,4,Satisfactory explanation.,Neutral,2025-06-14
2501,ST0133,F040,SUB030,4,4,5,4,5,4,Very interactive class.,Positive,2025-11-22
2502,ST0597,F017,SUB017,5,5,5,4,4,4,Excellent teaching and explanation.,Positive,2025-12-20
2503,ST0848,F025,SUB001,3,3,4,4,3,3,Satisfactory explanation.,Neutral,2025-12-13
2504,ST0392,F008,SUB029,3,4,4,3,4,4,Can improve interaction.,Neutral,2025-12-07
2505,ST0712,F013,SUB007,1,2,1,2,1,1,Concepts not explained clearly.,Negative,2025-09-10
2506,ST0310,F013,SUB022,4,3,4,4,4,4,Average teaching experience.,Neutral,2025-06-29
2507,ST0857,F005,SUB017,4,4,4,5,4,4,Excellent teaching and explanation.,Positive,2025-07-12
2508,ST0830,F030,SUB019,5,4,5,4,5,4,Helpful and supportive faculty.,Positive,2025-11-19
2509,ST0577,F010,SUB028,3,4,3,4,4,4,Class was okay.,Neutral,2025-10-11
2510,ST0588,F019,SUB024,2,2,1,2,2,1,Practicals were insufficient.,Negative,2025-03-11
2511,ST0384,F004,SUB019,5,5,5,5,4,5,Concepts explained clearly.,Positive,2025-10-17
2512,ST0751,F038,SUB008,5,4,5,4,4,4,Great practical sessions.,Positive,2025-03-17
2513,ST0703,F020,SUB025,1,2,1,2,1,2,Class was not engaging.,Negative,2025-06-17
2514,ST0727,F006,SUB013,5,5,5,4,5,4,Concepts explained clearly.,Positive,2025-06-25
2515,ST0589,F016,SUB017,3,3,4,4,3,3,Satisfactory explanation.,Neutral,2025-01-19
2516,ST0351,F004,SUB030,4,5,5,4,4,5,Helpful and supportive faculty.,Positive,2025-01-30
2517,ST0156,F033,SUB019,4,3,4,3,3,3,Can improve interaction.,Neutral,2025-11-14
2518,ST0564,F004,SUB017,4,5,4,5,5,5,Very interactive class.,Positive,2025-04-29
2519,ST0765,F003,SUB020,1,1,1,2,1,2,Needs improvement in teaching.,Negative,2025-03-01
2520,ST0906,F030,SUB015,4,5,5,4,5,5,Excellent teaching and explanation.,Positive,2025-10-24
2521,ST0300,F011,SUB005,5,5,5,4,4,4,Excellent teaching and explanation.,Positive,2025-09-08
2522,ST0717,F001,SUB017,4,3,4,3,4,3,Need more examples.,Neutral,2025-07-05
2523,ST0196,F035,SUB028,5,4,5,5,4,5,Concepts explained clearly.,Positive,2025-10-14
2524,ST0112,F024,SUB003,5,4,4,4,4,5,Helpful and supportive faculty.,Positive,2025-11-02
2525,ST0973,F023,SUB010,4,4,4,5,4,5,Concepts explained clearly.,Positive,2025-02-18
2526,ST0321,F040,SUB030,5,4,4,5,5,5,Helpful and supportive faculty.,Positive,2025-06-29
2527,ST0429,F034,SUB013,5,4,5,5,5,4,Helpful and supportive faculty.,Positive,2025-08-31
2528,ST0484,F003,SUB017,4,4,5,5,5,4,Helpful and supportive faculty.,Positive,2025-10-12
2529,ST0490,F012,SUB015,4,5,4,5,4,5,Great practical sessions.,Positive,2025-08-14
2530,ST0277,F036,SUB021,4,4,5,5,4,4,Very interactive class.,Positive,2025-08-25
2531,ST0411,F038,SUB006,4,4,4,4,4,4,Can improve interaction.,Neutral,2025-05-01
2532,ST0116,F021,SUB013,5,4,5,4,5,4,Very interactive class.,Positive,2025-04-08
2533,ST0160,F032,SUB022,5,5,4,4,5,5,Excellent teaching and explanation.,Positive,2025-12-29
2534,ST0456,F040,SUB002,3,3,4,3,4,4,Satisfactory explanation.,Neutral,2025-04-27
2535,ST0838,F036,SUB008,5,5,4,4,4,5,Concepts explained clearly.,Positive,2025-08-26
2536,ST0520,F026,SUB016,4,5,5,5,5,5,Helpful and supportive faculty.,Positive,2025-01-17
2537,ST0565,F027,SUB009,5,5,5,5,4,5,Great practical sessions.,Positive,2025-09-20
2538,ST0756,F022,SUB021,2,1,2,2,2,1,Concepts not explained clearly.,Negative,2025-04-09
2539,ST0965,F020,SUB009,4,4,4,5,5,5,Concepts explained clearly.,Positive,2025-07-13
2540,ST0495,F002,SUB001,5,5,4,4,5,5,Great practical sessions.,Positive,2025-07-02
2541,ST0471,F027,SUB001,4,3,3,4,4,4,Can improve interaction.,Neutral,2025-12-20
2542,ST0459,F026,SUB026,3,4,4,3,3,4,Need more examples.,Neutral,2025-10-08
2543,ST0560,F017,SUB025,2,2,1,1,2,1,Practicals were insufficient.,Negative,2025-11-03
2544,ST0424,F029,SUB022,4,5,4,5,4,4,Excellent teaching and explanation.,Positive,2025-05-03
2545,ST0949,F002,SUB020,1,2,1,1,1,2,Needs better communication.,Negative,2025-12-29
2546,ST0267,F003,SUB020,5,4,5,5,5,4,Concepts explained clearly.,Positive,2025-05-15
2547,ST0975,F027,SUB006,4,5,4,5,4,4,Helpful and supportive faculty.,Positive,2025-03-16
2548,ST0630,F033,SUB009,4,4,4,4,5,5,Concepts explained clearly.,Positive,2025-01-06
2549,ST0966,F031,SUB029,2,2,2,1,2,2,Practicals were insufficient.,Negative,2025-05-25
2550,ST1000,F012,SUB017,4,5,4,5,4,4,Very interactive class.,Positive,2025-08-24
2551,ST0870,F002,SUB024,5,4,4,5,4,4,Great practical sessions.,Positive,2025-08-07
2552,ST0470,F029,SUB014,1,2,1,2,2,1,Needs better communication.,Negative,2025-12-31
2553,ST0022,F008,SUB020,4,4,4,3,3,3,Can improve interaction.,Neutral,2025-09-30
2554,ST0052,F026,SUB010,4,4,4,5,5,4,Concepts explained clearly.,Positive,2025-03-13
2555,ST0587,F021,SUB014,5,4,5,4,4,4,Concepts explained clearly.,Positive,2025-12-24
2556,ST0517,F024,SUB018,5,5,4,4,4,5,Helpful and supportive faculty.,Positive,2025-06-26
2557,ST0307,F038,SUB007,2,1,1,1,2,2,Practicals were insufficient.,Negative,2025-06-19
2558,ST0205,F018,SUB006,1,2,2,1,1,1,Concepts not explained clearly.,Negative,2025-03-12
2559,ST0526,F025,SUB025,4,4,4,5,4,5,Very interactive class.,Positive,2025-11-29
2560,ST0511,F021,SUB006,2,2,2,2,1,1,Needs better communication.,Negative,2025-06-22
2561,ST0246,F033,SUB028,5,4,5,5,5,5,Excellent teaching and explanation.,Positive,2025-03-17
2562,ST0683,F009,SUB013,5,4,4,5,5,4,Helpful and supportive faculty.,Positive,2025-01-31
2563,ST0416,F020,SUB020,5,5,4,5,5,5,Excellent teaching and explanation.,Positive,2025-02-23
2564,ST0846,F015,SUB028,3,3,4,3,4,3,Class was okay.,Neutral,2025-08-28
2565,ST0181,F039,SUB011,5,5,5,4,4,4,Concepts explained clearly.,Positive,2025-09-15
2566,ST0771,F020,SUB022,3,4,4,3,3,4,Satisfactory explanation.,Neutral,2025-07-14
2567,ST0920,F036,SUB010,5,5,4,4,4,5,Excellent teaching and explanation.,Positive,2025-11-20
2568,ST0389,F015,SUB021,4,3,4,3,4,4,Average teaching experience.,Neutral,2025-10-25
2569,ST0551,F028,SUB005,4,5,4,4,4,5,Great practical sessions.,Positive,2025-10-30
2570,ST0289,F016,SUB019,5,4,5,4,4,5,Great practical sessions.,Positive,2025-08-27
2571,ST0101,F021,SUB008,5,4,5,5,4,4,Great practical sessions.,Positive,2025-10-26
2572,ST0450,F014,SUB027,4,5,4,5,4,5,Excellent teaching and explanation.,Positive,2025-07-06
2573,ST0665,F011,SUB012,4,5,4,4,4,5,Great practical sessions.,Positive,2025-04-30
2574,ST0705,F024,SUB009,4,5,5,5,5,5,Great practical sessions.,Positive,2025-06-17
2575,ST0928,F020,SUB014,1,1,1,2,1,2,Needs improvement in teaching.,Negative,2025-10-20
2576,ST0383,F023,SUB019,2,1,1,1,1,2,Needs better communication.,Negative,2025-02-09
2577,ST0384,F009,SUB003,1,1,1,2,1,1,Concepts not explained clearly.,Negative,2025-01-30
2578,ST0639,F019,SUB026,5,5,5,5,5,4,Concepts explained clearly.,Positive,2025-01-06
2579,ST0014,F025,SUB020,4,4,5,4,4,5,Excellent teaching and explanation.,Positive,2025-01-22
2580,ST0084,F024,SUB015,5,4,5,4,5,4,Helpful and supportive faculty.,Positive,2025-11-12
2581,ST0540,F027,SUB008,3,4,4,4,3,3,Can improve interaction.,Neutral,2025-09-18
2582,ST0825,F006,SUB015,4,4,5,4,5,4,Very interactive class.,Positive,2025-12-03
2583,ST0917,F024,SUB007,2,1,1,2,2,2,Concepts not explained clearly.,Negative,2025-06-30
2584,ST0754,F005,SUB022,4,5,4,5,5,4,Great practical sessions.,Positive,2025-12-04
2585,ST0317,F017,SUB004,4,4,4,4,4,5,Great practical sessions.,Positive,2025-01-14
2586,ST0086,F005,SUB016,1,2,2,1,2,1,Concepts not explained clearly.,Negative,2025-01-30
2587,ST0148,F007,SUB006,4,5,4,5,4,5,Concepts explained clearly.,Positive,2025-08-16
2588,ST0320,F005,SUB029,4,4,5,5,4,4,Concepts explained clearly.,Positive,2025-05-01
2589,ST0295,F032,SUB011,5,5,5,4,4,5,Excellent teaching and explanation.,Positive,2025-01-27
2590,ST0049,F025,SUB020,4,3,3,4,4,3,Need more examples.,Neutral,2025-01-23
2591,ST0861,F012,SUB012,4,3,3,4,3,4,Satisfactory explanation.,Neutral,2025-04-28
2592,ST0885,F018,SUB019,4,5,4,5,4,5,Concepts explained clearly.,Positive,2025-04-03
2593,ST0869,F014,SUB003,4,5,5,5,4,4,Great practical sessions.,Positive,2025-01-05
2594,ST0993,F030,SUB016,4,5,5,4,4,5,Helpful and supportive faculty.,Positive,2025-06-18
2595,ST0655,F028,SUB028,5,5,5,5,4,5,Great practical sessions.,Positive,2025-04-28
2596,ST0316,F013,SUB030,4,5,5,4,5,5,Very interactive class.,Positive,2025-12-30
2597,ST0003,F016,SUB028,4,4,4,3,3,4,Need more examples.,Neutral,2025-10-01
2598,ST0292,F036,SUB017,4,4,4,4,4,4,Very interactive class.,Positive,2025-06-23
2599,ST0470,F023,SUB010,5,4,4,4,5,5,Very interactive class.,Positive,2025-02-25
2600,ST0382,F006,SUB022,4,5,5,5,5,5,Concepts explained clearly.,Positive,2025-12-19
2601,ST0274,F031,SUB023,5,4,5,4,4,4,Concepts explained clearly.,Positive,2025-03-09
2602,ST0963,F020,SUB013,3,3,4,3,3,3,Satisfactory explanation.,Neutral,2025-02-14
2603,ST0897,F020,SUB018,4,4,3,4,3,4,Class was okay.,Neutral,2025-12-02
2604,ST0723,F024,SUB023,5,5,4,4,5,4,Very interactive class.,Positive,2025-07-06
2605,ST0829,F017,SUB011,4,4,4,4,5,5,Concepts explained clearly.,Positive,2025-03-02
2606,ST0777,F020,SUB009,3,4,4,4,4,3,Average teaching experience.,Neutral,2025-06-05
2607,ST0966,F001,SUB003,4,5,5,5,4,4,Great practical sessions.,Positive,2025-08-20
2608,ST0714,F024,SUB003,4,4,4,5,4,4,Great practical sessions.,Positive,2025-10-03
2609,ST0746,F025,SUB011,2,1,1,1,1,2,Needs better communication.,Negative,2025-05-14
2610,ST0162,F022,SUB030,5,4,5,5,5,4,Helpful and supportive faculty.,Positive,2025-04-23
2611,ST0179,F019,SUB014,1,1,2,1,1,1,Needs improvement in teaching.,Negative,2025-03-15
2612,ST0510,F020,SUB005,1,2,1,1,1,1,Class was not engaging.,Negative,2025-12-17
2613,ST0985,F027,SUB023,5,5,4,5,4,5,Concepts explained clearly.,Positive,2025-08-12
2614,ST0755,F035,SUB007,4,5,4,5,4,5,Very interactive class.,Positive,2025-05-11
2615,ST0963,F031,SUB027,5,5,4,4,4,5,Excellent teaching and explanation.,Positive,2025-07-24
2616,ST0997,F010,SUB011,4,4,4,5,5,5,Very interactive class.,Positive,2025-03-14
2617,ST0637,F023,SUB007,5,5,5,5,4,5,Great practical sessions.,Positive,2025-08-18
2618,ST0936,F003,SUB014,2,2,1,1,2,1,Needs improvement in teaching.,Negative,2025-10-20
2619,ST0800,F011,SUB021,3,3,3,3,3,4,Can improve interaction.,Neutral,2025-09-17
2620,ST0870,F025,SUB024,5,4,4,4,4,4,Excellent teaching and explanation.,Positive,2025-10-13
2621,ST0011,F019,SUB018,4,3,3,3,3,3,Class was okay.,Neutral,2025-02-23
2622,ST0481,F013,SUB018,4,5,4,4,4,4,Excellent teaching and explanation.,Positive,2025-01-31
2623,ST0130,F031,SUB013,5,5,4,5,5,5,Concepts explained clearly.,Positive,2025-02-07
2624,ST0428,F024,SUB002,5,5,5,5,5,4,Excellent teaching and explanation.,Positive,2025-11-21
2625,ST0229,F012,SUB015,4,4,3,4,3,3,Average teaching experience.,Neutral,2025-03-20
2626,ST0613,F024,SUB002,5,5,5,4,4,5,Great practical sessions.,Positive,2025-06-17
2627,ST0175,F012,SUB029,3,3,3,3,4,4,Need more examples.,Neutral,2025-11-08
2628,ST0556,F005,SUB012,4,5,4,4,5,4,Very interactive class.,Positive,2025-06-02
2629,ST0801,F022,SUB010,3,4,4,4,4,4,Need more examples.,Neutral,2025-05-01
2630,ST0055,F002,SUB010,4,5,5,4,4,5,Great practical sessions.,Positive,2025-06-18
2631,ST0137,F039,SUB013,4,5,4,4,5,4,Helpful and supportive faculty.,Positive,2025-06-30
2632,ST0649,F021,SUB021,5,5,5,5,5,4,Excellent teaching and explanation.,Positive,2025-01-27
2633,ST0967,F036,SUB020,4,5,4,4,5,5,Excellent teaching and explanation.,Positive,2025-08-20
2634,ST0489,F040,SUB012,3,4,4,3,3,4,Class was okay.,Neutral,2025-05-30
2635,ST0334,F038,SUB008,4,4,4,5,4,4,Excellent teaching and explanation.,Positive,2025-01-14
2636,ST0286,F039,SUB016,3,4,3,3,4,3,Need more examples.,Neutral,2025-09-29
2637,ST0710,F006,SUB002,4,4,4,4,5,4,Concepts explained clearly.,Positive,2025-03-29
2638,ST0806,F028,SUB007,5,5,4,5,4,4,Concepts explained clearly.,Positive,2025-11-03
2639,ST0374,F025,SUB007,3,4,4,4,4,4,Class was okay.,Neutral,2025-09-29
2640,ST0002,F037,SUB029,2,2,1,1,1,2,Class was not engaging.,Negative,2025-04-03
2641,ST1000,F036,SUB029,5,5,5,5,4,5,Very interactive class.,Positive,2025-11-24
2642,ST0853,F033,SUB002,5,4,5,5,4,4,Helpful and supportive faculty.,Positive,2025-07-03
2643,ST0140,F003,SUB008,5,4,4,4,4,5,Concepts explained clearly.,Positive,2025-10-02
2644,ST0427,F013,SUB021,4,5,4,4,4,4,Very interactive class.,Positive,2025-02-27
2645,ST0488,F012,SUB011,5,5,5,5,5,5,Helpful and supportive faculty.,Positive,2025-04-05
2646,ST0019,F023,SUB003,5,5,5,5,5,5,Very interactive class.,Positive,2025-07-16
2647,ST0386,F029,SUB016,5,4,4,5,5,4,Very interactive class.,Positive,2025-05-16
2648,ST0176,F032,SUB005,4,4,3,4,4,4,Need more examples.,Neutral,2025-01-16
2649,ST0840,F002,SUB005,4,5,4,5,4,4,Helpful and supportive faculty.,Positive,2025-12-04
2650,ST0245,F019,SUB011,3,3,4,3,3,3,Can improve interaction.,Neutral,2025-11-24
2651,ST0803,F038,SUB019,4,4,4,5,5,4,Helpful and supportive faculty.,Positive,2025-10-30
2652,ST0460,F019,SUB011,4,5,5,5,4,4,Very interactive class.,Positive,2025-11-07
2653,ST0611,F005,SUB008,4,4,4,5,5,4,Excellent teaching and explanation.,Positive,2025-06-11
2654,ST0959,F011,SUB022,4,5,5,5,4,4,Very interactive class.,Positive,2025-05-29
2655,ST0663,F003,SUB006,5,4,4,5,4,4,Excellent teaching and explanation.,Positive,2025-09-17
2656,ST0014,F017,SUB002,5,5,4,5,5,4,Concepts explained clearly.,Positive,2025-04-13
2657,ST0084,F040,SUB016,4,4,5,4,4,4,Very interactive class.,Positive,2025-12-16
2658,ST0453,F033,SUB005,5,5,5,4,5,4,Very interactive class.,Positive,2025-03-20
2659,ST0190,F037,SUB026,4,3,4,3,4,4,Can improve interaction.,Neutral,2025-11-28
2660,ST0364,F029,SUB015,5,5,5,5,4,4,Excellent teaching and explanation.,Positive,2025-02-06
2661,ST0024,F032,SUB019,5,4,4,4,5,4,Very interactive class.,Positive,2025-03-03
2662,ST0958,F025,SUB007,5,5,5,5,4,4,Great practical sessions.,Positive,2025-10-20
2663,ST0830,F033,SUB008,1,2,1,1,2,1,Needs improvement in teaching.,Negative,2025-09-06
2664,ST0546,F020,SUB020,5,5,5,5,4,5,Very interactive class.,Positive,2025-04-03
2665,ST0846,F030,SUB001,4,5,5,5,5,5,Concepts explained clearly.,Positive,2025-07-12
2666,ST0835,F021,SUB007,4,4,4,3,3,4,Need more examples.,Neutral,2025-07-19
2667,ST0937,F031,SUB002,5,5,5,4,5,4,Great practical sessions.,Positive,2025-08-31
2668,ST0866,F022,SUB027,5,4,5,5,4,4,Excellent teaching and explanation.,Positive,2025-04-13
2669,ST0895,F033,SUB016,4,5,4,4,4,4,Concepts explained clearly.,Positive,2025-06-19
2670,ST0120,F002,SUB017,1,1,2,1,1,2,Class was not engaging.,Negative,2025-12-14
2671,ST0340,F017,SUB018,4,4,5,4,4,5,Excellent teaching and explanation.,Positive,2025-04-10
2672,ST0142,F025,SUB011,4,4,5,4,5,5,Great practical sessions.,Positive,2025-05-22
2673,ST0226,F034,SUB022,4,4,4,4,4,4,Excellent teaching and explanation.,Positive,2025-09-02
2674,ST0344,F003,SUB027,4,4,4,5,5,4,Excellent teaching and explanation.,Positive,2025-12-03
2675,ST0225,F034,SUB028,5,4,5,5,4,5,Concepts explained clearly.,Positive,2025-11-29
2676,ST0041,F017,SUB023,3,4,4,3,4,4,Satisfactory explanation.,Neutral,2025-08-11
2677,ST0483,F038,SUB020,5,5,5,4,4,5,Excellent teaching and explanation.,Positive,2025-06-23
2678,ST0211,F023,SUB007,4,4,5,5,4,4,Great practical sessions.,Positive,2025-12-31
2679,ST0083,F036,SUB001,4,3,4,4,4,3,Satisfactory explanation.,Neutral,2025-10-28
2680,ST0801,F015,SUB015,4,3,3,3,4,3,Average teaching experience.,Neutral,2025-02-12
2681,ST0117,F006,SUB011,4,3,3,3,3,3,Can improve interaction.,Neutral,2025-12-03
2682,ST0349,F004,SUB026,4,4,4,4,4,5,Helpful and supportive faculty.,Positive,2025-10-27
2683,ST0825,F032,SUB027,4,5,5,4,4,5,Concepts explained clearly.,Positive,2025-05-10
2684,ST0395,F036,SUB019,2,1,2,1,2,2,Practicals were insufficient.,Negative,2025-05-14
2685,ST0728,F014,SUB016,2,1,2,2,1,1,Class was not engaging.,Negative,2025-09-23
2686,ST0292,F037,SUB030,4,5,5,5,5,4,Very interactive class.,Positive,2025-02-08
2687,ST0264,F021,SUB002,4,4,5,4,5,4,Helpful and supportive faculty.,Positive,2025-01-12
2688,ST0190,F019,SUB012,4,4,4,5,4,5,Helpful and supportive faculty.,Positive,2025-02-14
2689,ST0657,F031,SUB017,3,4,3,4,3,3,Can improve interaction.,Neutral,2025-07-30
2690,ST0993,F009,SUB006,4,3,4,4,3,3,Can improve interaction.,Neutral,2025-04-10
2691,ST0991,F007,SUB014,4,4,5,4,4,5,Concepts explained clearly.,Positive,2025-03-05
2692,ST0301,F006,SUB028,4,3,3,4,3,3,Average teaching experience.,Neutral,2025-11-08
2693,ST0904,F005,SUB020,1,2,1,2,1,2,Class was not engaging.,Negative,2025-02-12
2694,ST0320,F016,SUB009,4,5,5,5,5,5,Great practical sessions.,Positive,2025-05-15
2695,ST0024,F005,SUB011,4,3,3,3,3,3,Satisfactory explanation.,Neutral,2025-07-01
2696,ST0228,F009,SUB023,5,5,5,5,5,4,Excellent teaching and explanation.,Positive,2025-02-26
2697,ST0037,F008,SUB017,2,2,2,1,1,2,Practicals were insufficient.,Negative,2025-01-10
2698,ST0589,F007,SUB018,3,4,4,4,3,4,Class was okay.,Neutral,2025-01-10
2699,ST0880,F006,SUB001,4,4,5,5,4,4,Concepts explained clearly.,Positive,2025-07-03
2700,ST0648,F020,SUB022,4,4,4,4,4,5,Very interactive class.,Positive,2025-05-22
2701,ST0561,F040,SUB008,5,4,5,5,5,5,Very interactive class.,Positive,2025-11-23
2702,ST0145,F011,SUB012,4,5,5,4,4,4,Excellent teaching and explanation.,Positive,2025-06-01
2703,ST0824,F036,SUB020,5,5,5,4,4,5,Very interactive class.,Positive,2025-09-16
2704,ST0135,F012,SUB002,4,5,5,4,5,5,Great practical sessions.,Positive,2025-05-21
2705,ST0774,F021,SUB015,5,5,4,4,4,4,Excellent teaching and explanation.,Positive,2025-07-10
2706,ST0837,F004,SUB007,5,5,5,5,5,4,Very interactive class.,Positive,2025-08-10
2707,ST0910,F007,SUB023,4,5,4,5,4,5,Very interactive class.,Positive,2025-11-08
2708,ST0341,F037,SUB002,5,5,5,5,4,5,Excellent teaching and explanation.,Positive,2025-07-13
2709,ST0478,F024,SUB006,5,4,5,4,4,5,Very interactive class.,Positive,2025-07-31
2710,ST0935,F038,SUB006,5,4,4,5,4,5,Excellent teaching and explanation.,Positive,2025-06-03
2711,ST0574,F021,SUB029,4,4,4,5,5,5,Excellent teaching and explanation.,Positive,2025-10-20
2712,ST0808,F030,SUB015,4,5,5,5,4,5,Great practical sessions.,Positive,2025-08-24
2713,ST0417,F004,SUB010,5,5,5,4,5,5,Very interactive class.,Positive,2025-11-16
2714,ST0868,F012,SUB021,4,5,4,4,4,5,Concepts explained clearly.,Positive,2025-12-28
2715,ST0854,F028,SUB001,3,4,4,4,3,3,Satisfactory explanation.,Neutral,2025-08-30
2716,ST0589,F011,SUB004,4,4,4,3,3,3,Average teaching experience.,Neutral,2025-06-24
2717,ST0826,F020,SUB001,4,5,5,5,5,5,Great practical sessions.,Positive,2025-12-22
2718,ST0091,F040,SUB016,4,3,4,4,4,3,Satisfactory explanation.,Neutral,2025-09-24
2719,ST0436,F036,SUB002,3,4,3,4,4,3,Satisfactory explanation.,Neutral,2025-08-28
2720,ST0194,F010,SUB018,4,5,4,5,5,5,Great practical sessions.,Positive,2025-04-23
2721,ST0131,F028,SUB023,5,5,4,4,4,5,Excellent teaching and explanation.,Positive,2025-10-08
2722,ST0379,F004,SUB009,5,4,5,5,5,5,Excellent teaching and explanation.,Positive,2025-01-26
2723,ST0946,F001,SUB025,4,4,3,4,4,4,Average teaching experience.,Neutral,2025-07-15
2724,ST0912,F009,SUB004,4,4,3,4,3,4,Satisfactory explanation.,Neutral,2025-07-17
2725,ST0389,F032,SUB003,5,5,5,5,4,4,Helpful and supportive faculty.,Positive,2025-06-13
2726,ST0359,F007,SUB018,5,5,4,4,5,5,Excellent teaching and explanation.,Positive,2025-05-22
2727,ST0321,F030,SUB012,5,4,5,5,4,5,Helpful and supportive faculty.,Positive,2025-03-13
2728,ST0672,F030,SUB026,2,1,1,2,1,2,Class was not engaging.,Negative,2025-11-28
2729,ST0621,F040,SUB014,4,5,4,4,4,5,Helpful and supportive faculty.,Positive,2025-03-06
2730,ST0542,F018,SUB006,3,3,4,3,4,3,Satisfactory explanation.,Neutral,2025-02-16
2731,ST0577,F011,SUB028,5,4,5,5,5,4,Concepts explained clearly.,Positive,2025-11-06
2732,ST0142,F008,SUB021,3,4,4,3,4,3,Average teaching experience.,Neutral,2025-01-08
2733,ST0194,F006,SUB006,4,5,5,5,5,4,Concepts explained clearly.,Positive,2025-02-10
2734,ST0790,F038,SUB014,4,3,4,3,4,3,Average teaching experience.,Neutral,2025-07-06
2735,ST0099,F013,SUB021,1,1,2,2,1,1,Class was not engaging.,Negative,2025-08-09
2736,ST0716,F028,SUB028,5,4,4,4,4,4,Helpful and supportive faculty.,Positive,2025-10-13
2737,ST0246,F022,SUB024,5,4,4,4,5,4,Excellent teaching and explanation.,Positive,2025-06-24
2738,ST0601,F015,SUB024,5,4,5,4,4,5,Very interactive class.,Positive,2025-06-28
2739,ST0443,F006,SUB004,4,4,4,4,4,4,Satisfactory explanation.,Neutral,2025-09-04
2740,ST0273,F030,SUB024,5,4,4,4,4,4,Great practical sessions.,Positive,2025-12-18
2741,ST0994,F009,SUB009,4,4,5,5,4,5,Helpful and supportive faculty.,Positive,2025-02-19
2742,ST0069,F018,SUB010,4,3,4,3,4,3,Class was okay.,Neutral,2025-06-26
2743,ST0694,F027,SUB009,5,5,5,4,4,5,Excellent teaching and explanation.,Positive,2025-10-11
2744,ST0350,F004,SUB013,4,4,5,5,4,5,Concepts explained clearly.,Positive,2025-02-28
2745,ST0531,F030,SUB021,4,5,4,5,5,5,Concepts explained clearly.,Positive,2025-12-12
2746,ST0927,F016,SUB016,4,4,5,4,4,4,Very interactive class.,Positive,2025-11-30
2747,ST0856,F027,SUB007,5,4,5,5,5,4,Excellent teaching and explanation.,Positive,2025-12-01
2748,ST0408,F009,SUB011,5,4,5,4,4,4,Great practical sessions.,Positive,2025-08-22
2749,ST0642,F009,SUB008,3,4,3,4,3,4,Can improve interaction.,Neutral,2025-12-20
2750,ST0979,F011,SUB015,5,4,4,5,5,4,Helpful and supportive faculty.,Positive,2025-05-30
2751,ST0486,F028,SUB022,3,4,3,4,4,3,Average teaching experience.,Neutral,2025-12-31
2752,ST0297,F016,SUB020,3,4,3,3,4,3,Satisfactory explanation.,Neutral,2025-05-23
2753,ST0927,F004,SUB004,2,2,1,2,2,1,Practicals were insufficient.,Negative,2025-12-15
2754,ST0021,F037,SUB016,5,4,5,5,5,4,Helpful and supportive faculty.,Positive,2025-04-11
2755,ST0046,F022,SUB010,5,4,5,4,5,4,Great practical sessions.,Positive,2025-01-23
2756,ST0132,F017,SUB030,4,4,4,4,4,5,Concepts explained clearly.,Positive,2025-10-20
2757,ST0716,F031,SUB007,4,5,4,5,5,5,Excellent teaching and explanation.,Positive,2025-08-19
2758,ST0215,F023,SUB007,4,4,4,4,3,4,Satisfactory explanation.,Neutral,2025-06-05
2759,ST0779,F018,SUB024,3,4,3,4,3,3,Average teaching experience.,Neutral,2025-07-23
2760,ST0698,F030,SUB024,4,4,5,5,5,5,Helpful and supportive faculty.,Positive,2025-04-06
2761,ST0550,F022,SUB010,4,5,4,4,4,5,Concepts explained clearly.,Positive,2025-03-07
2762,ST0973,F019,SUB011,1,2,1,2,2,1,Practicals were insufficient.,Negative,2025-08-07
2763,ST0621,F019,SUB024,5,4,5,5,4,4,Very interactive class.,Positive,2025-08-27
2764,ST0225,F013,SUB011,5,4,5,5,4,4,Helpful and supportive faculty.,Positive,2025-07-10
2765,ST0020,F015,SUB001,5,5,4,4,5,5,Helpful and supportive faculty.,Positive,2025-12-27
2766,ST0458,F007,SUB022,4,4,3,3,3,4,Need more examples.,Neutral,2025-08-24
2767,ST0849,F033,SUB030,4,4,5,4,4,4,Excellent teaching and explanation.,Positive,2025-02-04
2768,ST0941,F010,SUB011,5,4,5,5,5,4,Helpful and supportive faculty.,Positive,2025-09-28
2769,ST0512,F024,SUB011,5,4,5,5,4,4,Excellent teaching and explanation.,Positive,2025-05-01
2770,ST0213,F018,SUB006,5,4,4,5,5,5,Helpful and supportive faculty.,Positive,2025-10-18
2771,ST0367,F034,SUB003,5,5,5,5,4,5,Very interactive class.,Positive,2025-07-22
2772,ST0060,F007,SUB024,3,4,4,4,3,3,Can improve interaction.,Neutral,2025-10-07
2773,ST0526,F016,SUB013,5,5,5,5,5,4,Excellent teaching and explanation.,Positive,2025-01-18
2774,ST0821,F002,SUB008,4,5,4,4,4,5,Great practical sessions.,Positive,2025-02-22
2775,ST0039,F005,SUB025,1,1,1,2,2,2,Class was not engaging.,Negative,2025-12-06
2776,ST0951,F013,SUB010,4,4,5,5,4,4,Concepts explained clearly.,Positive,2025-02-21
2777,ST0633,F018,SUB007,5,5,5,4,5,5,Concepts explained clearly.,Positive,2025-05-14
2778,ST0570,F005,SUB005,4,5,4,4,4,5,Excellent teaching and explanation.,Positive,2025-10-20
2779,ST0584,F008,SUB001,2,2,1,1,1,1,Class was not engaging.,Negative,2025-07-10
2780,ST0453,F009,SUB001,4,4,3,3,4,3,Satisfactory explanation.,Neutral,2025-09-11
2781,ST0597,F015,SUB005,3,4,3,3,4,4,Average teaching experience.,Neutral,2025-06-08
2782,ST0516,F016,SUB022,3,4,3,3,4,4,Class was okay.,Neutral,2025-01-14
2783,ST0503,F009,SUB029,3,4,4,4,4,4,Need more examples.,Neutral,2025-08-11
2784,ST0196,F013,SUB021,4,3,4,4,4,3,Can improve interaction.,Neutral,2025-02-07
2785,ST0713,F029,SUB002,4,4,5,5,5,4,Great practical sessions.,Positive,2025-10-27
2786,ST0223,F018,SUB021,4,5,5,5,4,4,Helpful and supportive faculty.,Positive,2025-03-09
2787,ST0265,F004,SUB005,1,1,1,2,2,1,Practicals were insufficient.,Negative,2025-07-20
2788,ST0441,F028,SUB017,5,5,4,5,5,4,Excellent teaching and explanation.,Positive,2025-01-03
2789,ST0557,F035,SUB019,4,5,5,4,5,4,Concepts explained clearly.,Positive,2025-08-15
2790,ST0025,F002,SUB028,5,5,4,5,5,4,Excellent teaching and explanation.,Positive,2025-09-07
2791,ST0486,F038,SUB026,4,4,5,5,5,4,Very interactive class.,Positive,2025-09-19
2792,ST0215,F028,SUB005,1,1,1,1,2,2,Class was not engaging.,Negative,2025-04-29
2793,ST0694,F024,SUB017,5,5,5,4,4,4,Excellent teaching and explanation.,Positive,2025-02-09
2794,ST0142,F022,SUB023,4,3,3,4,3,3,Class was okay.,Neutral,2025-06-15
2795,ST0270,F022,SUB012,1,2,1,1,2,1,Class was not engaging.,Negative,2025-12-23
2796,ST0447,F022,SUB030,3,3,4,3,4,3,Can improve interaction.,Neutral,2025-01-20
2797,ST0209,F006,SUB005,4,4,4,5,4,5,Helpful and supportive faculty.,Positive,2025-05-04
2798,ST0923,F039,SUB011,4,4,4,4,4,3,Average teaching experience.,Neutral,2025-01-02
2799,ST0815,F022,SUB030,4,5,5,5,5,4,Great practical sessions.,Positive,2025-08-14
2800,ST0699,F016,SUB016,5,5,4,4,4,4,Very interactive class.,Positive,2025-10-02
2801,ST0887,F038,SUB018,4,5,4,5,5,4,Helpful and supportive faculty.,Positive,2025-12-09
2802,ST0927,F022,SUB010,5,4,5,5,4,4,Very interactive class.,Positive,2025-03-27
2803,ST0025,F009,SUB014,5,5,4,4,5,5,Helpful and supportive faculty.,Positive,2025-08-19
2804,ST0086,F019,SUB006,4,3,3,3,3,4,Satisfactory explanation.,Neutral,2025-12-16
2805,ST0529,F025,SUB026,5,5,4,5,4,4,Concepts explained clearly.,Positive,2025-11-19
2806,ST0648,F025,SUB009,4,5,4,5,5,4,Helpful and supportive faculty.,Positive,2025-01-19
2807,ST0636,F035,SUB013,5,4,4,4,5,5,Helpful and supportive faculty.,Positive,2025-01-03
2808,ST0830,F034,SUB029,4,4,4,5,5,4,Very interactive class.,Positive,2025-11-10
2809,ST0581,F002,SUB025,5,4,4,5,5,4,Very interactive class.,Positive,2025-06-22
2810,ST0228,F012,SUB012,1,1,2,2,2,1,Needs better communication.,Negative,2025-01-12
2811,ST0480,F029,SUB007,4,4,4,4,3,4,Can improve interaction.,Neutral,2025-11-26
2812,ST0433,F016,SUB021,4,5,5,5,4,5,Great practical sessions.,Positive,2025-11-17
2813,ST0482,F029,SUB028,4,4,5,4,5,5,Very interactive class.,Positive,2025-03-01
2814,ST0442,F010,SUB028,1,2,2,1,1,2,Concepts not explained clearly.,Negative,2025-04-18
2815,ST0996,F010,SUB029,4,4,4,5,5,5,Very interactive class.,Positive,2025-05-29
2816,ST0564,F022,SUB026,4,4,4,5,4,5,Concepts explained clearly.,Positive,2025-04-27
2817,ST0066,F027,SUB017,5,4,5,5,4,4,Very interactive class.,Positive,2025-12-20
2818,ST0843,F016,SUB014,4,5,4,5,4,4,Very interactive class.,Positive,2025-09-10
2819,ST0465,F008,SUB030,4,5,4,5,5,4,Very interactive class.,Positive,2025-01-24
2820,ST0568,F016,SUB023,5,5,5,5,5,5,Concepts explained clearly.,Positive,2025-02-15
2821,ST0428,F010,SUB029,5,4,4,4,4,4,Great practical sessions.,Positive,2025-04-19
2822,ST0144,F018,SUB020,2,1,1,1,1,2,Needs improvement in teaching.,Negative,2025-05-02
2823,ST0914,F036,SUB014,5,5,4,4,5,5,Very interactive class.,Positive,2025-10-19
2824,ST0703,F024,SUB016,5,5,4,4,4,5,Excellent teaching and explanation.,Positive,2025-09-21
2825,ST0527,F005,SUB028,5,4,4,5,4,4,Very interactive class.,Positive,2025-03-18
2826,ST0219,F027,SUB018,5,5,5,4,4,5,Very interactive class.,Positive,2025-08-29
2827,ST0885,F037,SUB009,4,5,5,4,4,5,Great practical sessions.,Positive,2025-03-07
2828,ST0673,F028,SUB027,5,5,4,5,5,4,Excellent teaching and explanation.,Positive,2025-02-06
2829,ST0412,F038,SUB017,3,3,4,3,4,4,Can improve interaction.,Neutral,2025-01-11
2830,ST0871,F003,SUB011,4,4,5,5,5,5,Excellent teaching and explanation.,Positive,2025-03-07
2831,ST0805,F004,SUB009,4,5,5,5,5,4,Excellent teaching and explanation.,Positive,2025-11-11
2832,ST0655,F029,SUB025,4,4,4,4,4,4,Excellent teaching and explanation.,Positive,2025-07-21
2833,ST0689,F008,SUB009,5,4,4,5,5,5,Great practical sessions.,Positive,2025-12-22
2834,ST0419,F019,SUB005,5,4,4,4,5,4,Helpful and supportive faculty.,Positive,2025-11-07
2835,ST0496,F039,SUB017,4,4,4,4,4,4,Need more examples.,Neutral,2025-11-28
2836,ST0058,F014,SUB002,3,3,4,3,4,4,Class was okay.,Neutral,2025-09-13
2837,ST0909,F032,SUB013,4,5,5,4,4,5,Great practical sessions.,Positive,2025-02-28
2838,ST0198,F040,SUB023,5,4,4,4,5,4,Concepts explained clearly.,Positive,2025-08-03
2839,ST0615,F002,SUB014,1,2,2,2,1,1,Concepts not explained clearly.,Negative,2025-04-19
2840,ST0338,F022,SUB007,3,3,3,3,3,3,Need more examples.,Neutral,2025-11-19
2841,ST0706,F022,SUB022,4,4,5,4,5,4,Concepts explained clearly.,Positive,2025-08-14
2842,ST0829,F023,SUB022,5,4,5,5,5,5,Concepts explained clearly.,Positive,2025-11-20
2843,ST0272,F027,SUB017,4,5,4,5,4,4,Concepts explained clearly.,Positive,2025-06-10
2844,ST0863,F028,SUB008,4,4,4,5,4,4,Concepts explained clearly.,Positive,2025-09-05
2845,ST0454,F017,SUB014,4,4,4,4,4,4,Concepts explained clearly.,Positive,2025-11-28
2846,ST0105,F036,SUB013,5,5,4,4,4,4,Great practical sessions.,Positive,2025-10-21
2847,ST0986,F010,SUB019,3,3,4,4,3,4,Class was okay.,Neutral,2025-11-26
2848,ST0387,F017,SUB009,5,5,5,4,5,4,Helpful and supportive faculty.,Positive,2025-09-27
2849,ST0165,F009,SUB003,1,2,1,1,2,2,Practicals were insufficient.,Negative,2025-10-11
2850,ST0551,F003,SUB021,3,4,4,4,3,4,Average teaching experience.,Neutral,2025-12-24
2851,ST0862,F034,SUB029,5,4,5,4,5,5,Excellent teaching and explanation.,Positive,2025-02-08
2852,ST0402,F006,SUB029,4,4,5,4,4,4,Great practical sessions.,Positive,2025-03-29
2853,ST0538,F008,SUB014,4,4,5,5,4,4,Great practical sessions.,Positive,2025-04-08
2854,ST0183,F029,SUB011,5,4,4,4,5,5,Concepts explained clearly.,Positive,2025-02-11
2855,ST0447,F024,SUB018,4,4,4,4,5,5,Great practical sessions.,Positive,2025-05-22
2856,ST0502,F021,SUB011,3,3,3,4,4,4,Can improve interaction.,Neutral,2025-05-21
2857,ST0895,F012,SUB008,3,4,3,4,3,3,Satisfactory explanation.,Neutral,2025-05-22
2858,ST0427,F021,SUB020,5,4,4,4,5,5,Very interactive class.,Positive,2025-06-19
2859,ST0049,F033,SUB006,5,5,4,5,5,5,Excellent teaching and explanation.,Positive,2025-09-08
2860,ST0211,F017,SUB003,5,4,5,4,4,5,Helpful and supportive faculty.,Positive,2025-06-07
2861,ST0071,F017,SUB005,4,5,4,4,4,5,Very interactive class.,Positive,2025-12-13
2862,ST0253,F026,SUB015,2,2,2,2,1,1,Class was not engaging.,Negative,2025-08-24
2863,ST0635,F023,SUB022,3,4,3,3,4,3,Need more examples.,Neutral,2025-02-04
2864,ST0265,F026,SUB011,4,4,5,4,4,4,Helpful and supportive faculty.,Positive,2025-06-19
2865,ST0023,F030,SUB019,5,4,5,5,5,4,Very interactive class.,Positive,2025-09-21
2866,ST0403,F003,SUB023,4,4,5,4,4,5,Great practical sessions.,Positive,2025-03-17
2867,ST0217,F009,SUB024,5,5,5,4,5,4,Concepts explained clearly.,Positive,2025-02-09
2868,ST0523,F012,SUB017,4,3,4,4,4,4,Satisfactory explanation.,Neutral,2025-09-11
2869,ST0721,F025,SUB017,4,4,4,4,4,4,Need more examples.,Neutral,2025-02-28
2870,ST0966,F001,SUB016,4,4,5,4,4,4,Helpful and supportive faculty.,Positive,2025-09-09
2871,ST0701,F022,SUB022,5,4,4,5,5,5,Helpful and supportive faculty.,Positive,2025-04-26
2872,ST0182,F036,SUB022,1,2,2,1,2,2,Needs improvement in teaching.,Negative,2025-09-18
2873,ST0678,F022,SUB011,3,3,4,3,3,3,Can improve interaction.,Neutral,2025-07-20
2874,ST0504,F022,SUB021,4,4,3,3,3,3,Satisfactory explanation.,Neutral,2025-02-12
2875,ST0296,F018,SUB007,5,5,5,4,5,4,Great practical sessions.,Positive,2025-08-04
2876,ST0322,F040,SUB027,4,5,5,4,4,4,Concepts explained clearly.,Positive,2025-05-22
2877,ST0072,F037,SUB019,4,5,4,4,5,5,Excellent teaching and explanation.,Positive,2025-03-11
2878,ST0865,F004,SUB025,4,4,4,4,4,3,Can improve interaction.,Neutral,2025-03-13
2879,ST0346,F023,SUB017,3,3,3,3,4,3,Can improve interaction.,Neutral,2025-03-20
2880,ST0974,F035,SUB006,1,2,1,1,1,1,Needs better communication.,Negative,2025-07-10
2881,ST0263,F023,SUB013,5,5,5,5,5,5,Helpful and supportive faculty.,Positive,2025-03-16
2882,ST0146,F028,SUB003,4,5,4,4,5,5,Helpful and supportive faculty.,Positive,2025-05-10
2883,ST0394,F003,SUB025,4,4,4,3,3,3,Satisfactory explanation.,Neutral,2025-11-14
2884,ST0538,F007,SUB006,5,4,5,5,4,4,Very interactive class.,Positive,2025-02-02
2885,ST0567,F029,SUB011,1,1,2,1,1,2,Needs better communication.,Negative,2025-09-11
2886,ST0066,F002,SUB004,4,3,4,3,3,4,Need more examples.,Neutral,2025-11-22
2887,ST0477,F001,SUB006,4,5,4,5,5,4,Concepts explained clearly.,Positive,2025-02-12
2888,ST0554,F002,SUB009,4,5,5,5,5,4,Concepts explained clearly.,Positive,2025-07-10
2889,ST0679,F007,SUB005,4,5,5,5,5,4,Excellent teaching and explanation.,Positive,2025-11-11
2890,ST0826,F033,SUB017,4,3,3,4,4,4,Need more examples.,Neutral,2025-07-09
2891,ST0312,F006,SUB012,4,4,4,4,4,4,Excellent teaching and explanation.,Positive,2025-09-11
2892,ST0842,F005,SUB004,3,3,4,3,3,3,Class was okay.,Neutral,2025-05-02
2893,ST0772,F009,SUB025,5,4,5,4,5,5,Excellent teaching and explanation.,Positive,2025-09-04
2894,ST0473,F034,SUB019,4,4,4,3,3,3,Satisfactory explanation.,Neutral,2025-09-11
2895,ST0060,F011,SUB026,5,5,5,4,5,5,Helpful and supportive faculty.,Positive,2025-05-12
2896,ST0680,F023,SUB014,3,3,3,3,4,4,Class was okay.,Neutral,2025-12-06
2897,ST0711,F007,SUB025,4,4,3,3,4,3,Class was okay.,Neutral,2025-02-16
2898,ST0983,F023,SUB006,5,5,4,4,5,4,Great practical sessions.,Positive,2025-01-23
2899,ST0499,F015,SUB022,4,4,5,5,5,4,Helpful and supportive faculty.,Positive,2025-12-15
2900,ST0626,F024,SUB002,3,3,3,4,4,3,Can improve interaction.,Neutral,2025-02-20
2901,ST0923,F014,SUB001,4,5,5,4,5,5,Concepts explained clearly.,Positive,2025-08-16
2902,ST0288,F020,SUB029,5,4,4,5,4,5,Great practical sessions.,Positive,2025-03-29
2903,ST0741,F036,SUB024,4,5,4,5,5,5,Great practical sessions.,Positive,2025-08-28
2904,ST0514,F016,SUB010,4,4,4,5,4,5,Helpful and supportive faculty.,Positive,2025-07-09
2905,ST0890,F031,SUB028,4,5,5,5,5,5,Very interactive class.,Positive,2025-09-30
2906,ST0004,F040,SUB011,4,4,4,4,3,4,Can improve interaction.,Neutral,2025-04-07
2907,ST0861,F040,SUB003,5,5,5,5,4,5,Helpful and supportive faculty.,Positive,2025-05-12
2908,ST0801,F027,SUB019,4,5,4,4,4,5,Very interactive class.,Positive,2025-11-16
2909,ST0370,F039,SUB007,5,5,4,5,5,4,Great practical sessions.,Positive,2025-09-25
2910,ST0296,F027,SUB020,3,4,3,3,3,3,Need more examples.,Neutral,2025-01-18
2911,ST0741,F007,SUB010,5,5,4,5,5,5,Very interactive class.,Positive,2025-03-13
2912,ST0672,F015,SUB001,5,5,4,5,5,5,Great practical sessions.,Positive,2025-02-01
2913,ST0244,F004,SUB019,4,4,5,5,5,5,Helpful and supportive faculty.,Positive,2025-09-01
2914,ST0627,F017,SUB010,5,5,4,4,4,5,Excellent teaching and explanation.,Positive,2025-12-06
2915,ST0352,F023,SUB012,4,5,5,4,4,4,Great practical sessions.,Positive,2025-10-30
2916,ST0630,F005,SUB021,4,4,5,4,4,5,Very interactive class.,Positive,2025-09-05
2917,ST0976,F032,SUB002,4,5,4,5,5,4,Very interactive class.,Positive,2025-03-13
2918,ST0807,F025,SUB024,3,3,4,4,4,3,Satisfactory explanation.,Neutral,2025-03-02
2919,ST0852,F029,SUB008,5,4,5,4,5,4,Very interactive class.,Positive,2025-08-17
2920,ST0353,F010,SUB005,5,5,5,4,4,4,Excellent teaching and explanation.,Positive,2025-07-24
2921,ST0735,F027,SUB017,4,3,3,4,4,3,Class was okay.,Neutral,2025-12-08
2922,ST0332,F024,SUB002,5,5,5,5,5,4,Very interactive class.,Positive,2025-07-04
2923,ST0903,F005,SUB020,4,4,4,5,4,5,Helpful and supportive faculty.,Positive,2025-06-02
2924,ST0746,F008,SUB030,5,4,4,5,4,4,Great practical sessions.,Positive,2025-04-08
2925,ST0312,F035,SUB011,1,2,2,2,2,1,Needs better communication.,Negative,2025-10-18
2926,ST0415,F011,SUB009,1,2,2,1,1,1,Needs better communication.,Negative,2025-10-31
2927,ST0242,F033,SUB009,4,3,3,3,4,4,Need more examples.,Neutral,2025-04-22
2928,ST0014,F002,SUB012,4,4,3,4,4,4,Class was okay.,Neutral,2025-01-09
2929,ST0832,F003,SUB003,4,5,4,4,4,5,Great practical sessions.,Positive,2025-10-04
2930,ST0124,F022,SUB007,5,4,5,5,5,4,Very interactive class.,Positive,2025-11-29
2931,ST0618,F033,SUB010,4,4,4,4,5,5,Excellent teaching and explanation.,Positive,2025-03-26
2932,ST0819,F015,SUB012,4,4,4,4,5,4,Great practical sessions.,Positive,2025-04-13
2933,ST0628,F028,SUB024,4,5,5,5,5,4,Helpful and supportive faculty.,Positive,2025-08-10
2934,ST0482,F034,SUB015,4,5,4,5,5,4,Concepts explained clearly.,Positive,2025-10-08
2935,ST0452,F019,SUB001,1,2,2,1,1,1,Needs better communication.,Negative,2025-01-14
2936,ST0995,F033,SUB029,4,4,4,4,4,4,Very interactive class.,Positive,2025-11-12
2937,ST0620,F033,SUB022,5,4,4,5,5,4,Helpful and supportive faculty.,Positive,2025-12-10
2938,ST0311,F012,SUB024,4,3,3,4,4,4,Class was okay.,Neutral,2025-10-25
2939,ST0546,F032,SUB026,1,1,1,2,2,2,Needs better communication.,Negative,2025-03-16
2940,ST0197,F036,SUB014,4,4,4,4,5,5,Concepts explained clearly.,Positive,2025-11-17
2941,ST0069,F039,SUB012,5,4,5,5,4,4,Helpful and supportive faculty.,Positive,2025-06-27
2942,ST0749,F034,SUB007,3,4,3,4,4,4,Need more examples.,Neutral,2025-03-08
2943,ST0773,F035,SUB006,2,2,1,2,1,2,Practicals were insufficient.,Negative,2025-10-24
2944,ST0982,F006,SUB020,5,4,4,5,5,5,Helpful and supportive faculty.,Positive,2025-12-10
2945,ST0265,F026,SUB015,1,1,1,2,2,1,Needs better communication.,Negative,2025-03-30
2946,ST0648,F020,SUB005,4,4,4,4,5,4,Very interactive class.,Positive,2025-05-01
2947,ST0495,F039,SUB025,4,5,4,5,5,4,Very interactive class.,Positive,2025-08-05
2948,ST0891,F023,SUB028,1,2,2,1,2,2,Concepts not explained clearly.,Negative,2025-04-01
2949,ST0810,F021,SUB024,4,5,4,5,4,4,Excellent teaching and explanation.,Positive,2025-10-22
2950,ST0280,F019,SUB029,5,5,5,5,5,4,Helpful and supportive faculty.,Positive,2025-02-28
2951,ST0446,F032,SUB005,4,4,4,4,5,4,Concepts explained clearly.,Positive,2025-12-01
2952,ST0830,F007,SUB008,3,4,3,3,3,3,Average teaching experience.,Neutral,2025-04-22
2953,ST0818,F020,SUB020,4,4,4,5,5,4,Great practical sessions.,Positive,2025-07-11
2954,ST0698,F006,SUB028,1,2,1,1,1,2,Concepts not explained clearly.,Negative,2025-05-07
2955,ST0491,F005,SUB002,4,5,4,5,5,4,Very interactive class.,Positive,2025-09-21
2956,ST0112,F022,SUB026,3,4,3,4,4,3,Average teaching experience.,Neutral,2025-09-16
2957,ST0129,F031,SUB010,2,2,2,2,2,2,Class was not engaging.,Negative,2025-11-21
2958,ST0770,F040,SUB012,4,3,4,4,4,4,Class was okay.,Neutral,2025-12-04
2959,ST0583,F011,SUB019,4,5,4,4,5,5,Excellent teaching and explanation.,Positive,2025-03-13
2960,ST0737,F001,SUB022,3,3,3,3,3,4,Can improve interaction.,Neutral,2025-08-31
2961,ST0691,F022,SUB019,5,5,4,5,4,5,Great practical sessions.,Positive,2025-06-28
2962,ST0890,F019,SUB011,5,5,4,5,5,5,Concepts explained clearly.,Positive,2025-07-25
2963,ST0872,F003,SUB009,2,2,1,1,1,2,Needs improvement in teaching.,Negative,2025-09-08
2964,ST0036,F014,SUB022,5,5,4,5,5,5,Very interactive class.,Positive,2025-09-13
2965,ST0937,F029,SUB029,4,4,4,5,4,5,Very interactive class.,Positive,2025-02-11
2966,ST0720,F032,SUB016,5,4,4,4,5,5,Helpful and supportive faculty.,Positive,2025-10-12
2967,ST0350,F014,SUB020,1,2,1,2,2,2,Needs improvement in teaching.,Negative,2025-02-27
2968,ST0544,F013,SUB022,5,4,5,4,4,4,Great practical sessions.,Positive,2025-04-02
2969,ST0683,F019,SUB018,5,5,5,5,5,5,Very interactive class.,Positive,2025-07-04
2970,ST0922,F036,SUB019,4,4,5,5,4,4,Helpful and supportive faculty.,Positive,2025-07-18
2971,ST0950,F004,SUB004,4,3,4,3,3,4,Average teaching experience.,Neutral,2025-02-16
2972,ST0146,F003,SUB004,3,3,3,4,3,3,Average teaching experience.,Neutral,2025-10-15
2973,ST0638,F017,SUB026,2,2,1,1,2,1,Needs improvement in teaching.,Negative,2025-12-29
2974,ST0624,F012,SUB012,3,4,4,3,4,4,Can improve interaction.,Neutral,2025-05-30
2975,ST0263,F008,SUB017,4,5,4,4,5,4,Helpful and supportive faculty.,Positive,2025-11-14
2976,ST0791,F023,SUB024,5,4,5,5,5,5,Helpful and supportive faculty.,Positive,2025-09-08
2977,ST0522,F018,SUB029,4,3,4,4,4,3,Need more examples.,Neutral,2025-08-23
2978,ST0915,F037,SUB006,4,4,3,4,4,3,Class was okay.,Neutral,2025-10-04
2979,ST0330,F010,SUB025,1,2,1,1,1,2,Needs improvement in teaching.,Negative,2025-09-07
2980,ST0488,F034,SUB025,4,4,4,4,4,4,Excellent teaching and explanation.,Positive,2025-10-07
2981,ST0790,F013,SUB011,5,5,4,5,5,5,Concepts explained clearly.,Positive,2025-08-26
2982,ST0554,F017,SUB001,2,2,2,2,2,1,Concepts not explained clearly.,Negative,2025-01-07
2983,ST0628,F038,SUB011,1,2,2,1,2,2,Needs improvement in teaching.,Negative,2025-01-02
2984,ST0196,F037,SUB015,5,5,5,4,4,5,Very interactive class.,Positive,2025-07-25
2985,ST0677,F024,SUB030,1,2,2,2,2,1,Practicals were insufficient.,Negative,2025-09-19
2986,ST0852,F029,SUB026,4,4,4,5,4,4,Concepts explained clearly.,Positive,2025-01-12
2987,ST0695,F026,SUB019,2,1,2,1,1,2,Concepts not explained clearly.,Negative,2025-03-18
2988,ST0683,F035,SUB009,4,4,4,5,5,5,Great practical sessions.,Positive,2025-08-01
2989,ST0924,F032,SUB005,4,5,5,4,5,5,Excellent teaching and explanation.,Positive,2025-08-09
2990,ST0716,F024,SUB012,4,4,3,3,4,4,Average teaching experience.,Neutral,2025-01-04
2991,ST0162,F016,SUB008,4,5,4,4,4,5,Excellent teaching and explanation.,Positive,2025-11-14
2992,ST0349,F014,SUB011,1,1,2,1,2,1,Needs better communication.,Negative,2025-03-04
2993,ST0243,F015,SUB030,5,5,5,5,4,5,Great practical sessions.,Positive,2025-06-05
2994,ST0197,F003,SUB004,4,5,5,4,5,4,Very interactive class.,Positive,2025-10-03
2995,ST0971,F030,SUB003,5,5,4,4,5,5,Very interactive class.,Positive,2025-12-14
2996,ST0020,F020,SUB009,5,5,4,4,5,4,Concepts explained clearly.,Positive,2025-01-01
2997,ST0819,F029,SUB016,4,4,3,3,3,3,Need more examples.,Neutral,2025-11-22
2998,ST0727,F017,SUB030,5,4,5,5,5,5,Great practical sessions.,Positive,2025-10-31
2999,ST0743,F036,SUB005,2,2,1,2,2,1,Needs better communication.,Negative,2025-07-06
3000,ST0107,F039,SUB013,1,2,2,2,2,1,Practicals were insufficient.,Negative,2025-08-13
3001,ST0041,F035,SUB026,4,4,4,4,3,3,Need more examples.,Neutral,2025-08-29
3002,ST0176,F014,SUB007,1,2,2,1,2,1,Class was not engaging.,Negative,2025-05-07
3003,ST0947,F002,SUB022,4,4,4,3,3,3,Can improve interaction.,Neutral,2025-07-23
3004,ST0727,F034,SUB003,5,5,5,4,5,4,Great practical sessions.,Positive,2025-06-23
3005,ST0641,F004,SUB001,4,5,5,4,5,5,Very interactive class.,Positive,2025-05-03
3006,ST0303,F013,SUB008,4,3,3,4,4,3,Average teaching experience.,Neutral,2025-03-08
3007,ST0700,F005,SUB003,2,1,2,1,1,1,Class was not engaging.,Negative,2025-06-10
3008,ST0415,F013,SUB027,5,5,5,5,5,4,Very interactive class.,Positive,2025-10-10
3009,ST0489,F039,SUB023,3,3,3,3,4,3,Satisfactory explanation.,Neutral,2025-11-07
3010,ST0816,F008,SUB009,4,4,4,4,3,3,Average teaching experience.,Neutral,2025-12-05
3011,ST0014,F003,SUB029,4,5,4,5,5,5,Very interactive class.,Positive,2025-01-20
3012,ST0858,F008,SUB003,3,4,4,3,4,4,Need more examples.,Neutral,2025-04-13
3013,ST0643,F020,SUB013,5,4,5,4,4,4,Concepts explained clearly.,Positive,2025-01-12
3014,ST0854,F018,SUB015,5,4,5,5,4,4,Concepts explained clearly.,Positive,2025-09-07
3015,ST0155,F017,SUB004,2,1,2,2,2,1,Needs better communication.,Negative,2025-11-24
3016,ST0985,F039,SUB028,4,5,5,4,5,5,Very interactive class.,Positive,2025-03-24
3017,ST0243,F011,SUB023,3,4,3,4,4,3,Can improve interaction.,Neutral,2025-07-21
3018,ST0891,F032,SUB004,2,1,1,1,2,2,Practicals were insufficient.,Negative,2025-10-20
3019,ST0888,F010,SUB012,2,1,2,2,1,2,Needs improvement in teaching.,Negative,2025-12-30
3020,ST0366,F037,SUB019,4,4,5,4,5,4,Excellent teaching and explanation.,Positive,2025-08-13
3021,ST0360,F015,SUB015,4,4,4,5,5,5,Excellent teaching and explanation.,Positive,2025-05-20
3022,ST0742,F030,SUB028,5,5,4,5,5,5,Great practical sessions.,Positive,2025-11-24
3023,ST0529,F016,SUB013,5,5,4,5,5,5,Concepts explained clearly.,Positive,2025-07-15
3024,ST0593,F015,SUB015,4,4,5,4,4,5,Great practical sessions.,Positive,2025-01-29
3025,ST0143,F024,SUB005,4,4,4,4,3,3,Class was okay.,Neutral,2025-01-17
3026,ST0285,F033,SUB029,5,4,5,4,5,4,Very interactive class.,Positive,2025-02-25
3027,ST0201,F037,SUB001,4,4,5,5,4,4,Concepts explained clearly.,Positive,2025-03-05
3028,ST0103,F010,SUB002,5,4,4,5,5,4,Excellent teaching and explanation.,Positive,2025-03-24
3029,ST0013,F005,SUB017,5,4,5,4,4,4,Excellent teaching and explanation.,Positive,2025-12-06
3030,ST0638,F017,SUB009,4,4,5,5,5,4,Helpful and supportive faculty.,Positive,2025-08-11
3031,ST0504,F014,SUB018,4,4,4,4,4,4,Can improve interaction.,Neutral,2025-11-08
3032,ST0299,F007,SUB011,5,5,4,5,5,5,Very interactive class.,Positive,2025-10-11
3033,ST0979,F014,SUB027,4,3,4,3,3,4,Satisfactory explanation.,Neutral,2025-05-24
3034,ST0081,F035,SUB028,5,5,5,4,4,5,Helpful and supportive faculty.,Positive,2025-03-19
3035,ST0969,F011,SUB030,4,5,4,4,5,5,Excellent teaching and explanation.,Positive,2025-01-25
3036,ST0064,F017,SUB029,4,5,4,5,5,5,Great practical sessions.,Positive,2025-05-06
3037,ST0358,F022,SUB029,5,4,5,5,4,5,Concepts explained clearly.,Positive,2025-09-25
3038,ST0645,F021,SUB005,4,5,5,5,5,5,Great practical sessions.,Positive,2025-05-03
3039,ST0326,F001,SUB002,1,1,1,1,2,1,Practicals were insufficient.,Negative,2025-05-14
3040,ST0937,F031,SUB030,5,4,5,5,5,4,Concepts explained clearly.,Positive,2025-08-31
3041,ST0424,F022,SUB025,5,4,5,4,4,4,Excellent teaching and explanation.,Positive,2025-11-28
3042,ST0223,F010,SUB020,5,4,4,4,5,5,Very interactive class.,Positive,2025-03-02
3043,ST0009,F035,SUB006,4,5,4,5,4,5,Excellent teaching and explanation.,Positive,2025-05-29
3044,ST0295,F036,SUB001,4,5,4,5,4,5,Concepts explained clearly.,Positive,2025-08-13
3045,ST0254,F012,SUB019,5,4,5,5,4,4,Excellent teaching and explanation.,Positive,2025-01-25
3046,ST0174,F029,SUB018,4,3,3,3,4,3,Class was okay.,Neutral,2025-04-04
3047,ST0078,F024,SUB015,4,4,5,4,5,5,Great practical sessions.,Positive,2025-07-09
3048,ST0231,F026,SUB030,5,5,4,4,5,5,Concepts explained clearly.,Positive,2025-02-09
3049,ST0985,F023,SUB007,3,3,4,4,3,4,Need more examples.,Neutral,2025-10-19
3050,ST0196,F023,SUB025,1,1,1,1,1,1,Needs improvement in teaching.,Negative,2025-09-27
3051,ST0069,F036,SUB019,5,5,5,4,5,4,Concepts explained clearly.,Positive,2025-06-02
3052,ST0515,F014,SUB015,5,5,4,4,5,4,Excellent teaching and explanation.,Positive,2025-12-10
3053,ST0517,F030,SUB026,2,1,1,2,2,1,Practicals were insufficient.,Negative,2025-09-13
3054,ST0344,F020,SUB001,5,5,5,4,4,4,Very interactive class.,Positive,2025-04-10
3055,ST0647,F009,SUB003,1,1,1,1,1,2,Class was not engaging.,Negative,2025-12-10
3056,ST0186,F037,SUB019,4,5,5,5,5,4,Excellent teaching and explanation.,Positive,2025-06-13
3057,ST0031,F026,SUB011,5,4,4,5,5,5,Concepts explained clearly.,Positive,2025-07-04
3058,ST0940,F030,SUB027,4,4,5,5,4,5,Concepts explained clearly.,Positive,2025-03-28
3059,ST0103,F037,SUB026,5,4,5,5,4,5,Great practical sessions.,Positive,2025-02-27
3060,ST0578,F010,SUB018,2,1,1,2,2,2,Practicals were insufficient.,Negative,2025-09-22
3061,ST0340,F034,SUB009,1,1,2,2,2,1,Class was not engaging.,Negative,2025-01-03
3062,ST0437,F021,SUB020,1,2,2,2,2,1,Class was not engaging.,Negative,2025-05-18
3063,ST0464,F007,SUB009,5,4,5,4,4,5,Concepts explained clearly.,Positive,2025-07-20
3064,ST0241,F032,SUB025,5,5,4,5,5,5,Great practical sessions.,Positive,2025-10-26
3065,ST0355,F005,SUB018,5,4,5,4,5,5,Excellent teaching and explanation.,Positive,2025-12-25
3066,ST0032,F038,SUB003,3,3,4,3,4,4,Can improve interaction.,Neutral,2025-09-04
3067,ST0796,F040,SUB007,5,4,5,4,4,4,Excellent teaching and explanation.,Positive,2025-09-06
3068,ST0568,F006,SUB030,4,4,3,3,3,4,Class was okay.,Neutral,2025-10-16
3069,ST0495,F014,SUB001,5,4,5,5,5,4,Great practical sessions.,Positive,2025-10-04
3070,ST0705,F002,SUB006,3,4,4,4,3,3,Satisfactory explanation.,Neutral,2025-03-02
3071,ST0258,F001,SUB028,4,5,5,4,4,4,Excellent teaching and explanation.,Positive,2025-11-15
3072,ST0795,F012,SUB015,4,5,4,5,5,4,Great practical sessions.,Positive,2025-08-18
3073,ST0369,F019,SUB014,3,4,3,4,3,4,Can improve interaction.,Neutral,2025-09-21
3074,ST0371,F025,SUB016,3,4,3,3,3,4,Need more examples.,Neutral,2025-01-18
3075,ST0448,F003,SUB029,4,4,4,3,4,3,Can improve interaction.,Neutral,2025-09-26
3076,ST0162,F037,SUB008,3,3,3,4,3,4,Can improve interaction.,Neutral,2025-05-07
3077,ST0251,F033,SUB016,4,3,4,3,4,3,Average teaching experience.,Neutral,2025-06-14
3078,ST0120,F017,SUB012,5,4,5,4,5,5,Concepts explained clearly.,Positive,2025-01-16
3079,ST0791,F040,SUB017,5,4,4,4,5,4,Excellent teaching and explanation.,Positive,2025-11-23
3080,ST0230,F015,SUB011,2,1,2,1,1,1,Needs improvement in teaching.,Negative,2025-01-10
3081,ST0063,F021,SUB023,5,4,5,5,4,5,Very interactive class.,Positive,2025-05-21
3082,ST0526,F025,SUB023,5,5,5,4,5,4,Very interactive class.,Positive,2025-08-30
3083,ST0928,F020,SUB017,3,3,3,3,4,4,Average teaching experience.,Neutral,2025-03-26
3084,ST0042,F027,SUB012,3,4,3,3,3,3,Average teaching experience.,Neutral,2025-10-07
3085,ST0326,F014,SUB022,4,4,4,4,4,4,Helpful and supportive faculty.,Positive,2025-04-04
3086,ST0218,F001,SUB018,3,4,4,4,4,3,Need more examples.,Neutral,2025-02-23
3087,ST0422,F017,SUB017,5,4,5,5,4,4,Very interactive class.,Positive,2025-08-02
3088,ST0409,F022,SUB025,4,4,5,4,4,4,Great practical sessions.,Positive,2025-12-07
3089,ST0517,F012,SUB004,1,2,2,1,2,2,Concepts not explained clearly.,Negative,2025-12-02
3090,ST0825,F039,SUB010,5,5,5,4,4,4,Concepts explained clearly.,Positive,2025-05-12
3091,ST0500,F022,SUB009,4,5,4,4,5,4,Excellent teaching and explanation.,Positive,2025-10-25
3092,ST0190,F013,SUB010,5,4,4,4,4,4,Very interactive class.,Positive,2025-11-08
3093,ST0915,F019,SUB006,4,5,4,4,4,5,Very interactive class.,Positive,2025-12-12
3094,ST0655,F003,SUB023,1,2,2,1,1,1,Class was not engaging.,Negative,2025-05-12
3095,ST0547,F016,SUB030,5,5,5,5,5,4,Helpful and supportive faculty.,Positive,2025-11-06
3096,ST0586,F001,SUB019,5,4,4,5,5,5,Very interactive class.,Positive,2025-03-18
3097,ST0480,F017,SUB001,1,2,1,1,1,2,Class was not engaging.,Negative,2025-01-04
3098,ST0627,F038,SUB017,5,5,4,5,4,4,Helpful and supportive faculty.,Positive,2025-09-24
3099,ST0405,F002,SUB008,3,4,3,4,3,3,Satisfactory explanation.,Neutral,2025-04-19
3100,ST0787,F028,SUB019,5,4,4,5,5,5,Excellent teaching and explanation.,Positive,2025-08-21
3101,ST0206,F021,SUB010,3,4,4,3,4,4,Need more examples.,Neutral,2025-07-03
3102,ST0684,F027,SUB027,3,3,3,3,3,4,Can improve interaction.,Neutral,2025-10-25
3103,ST0383,F040,SUB026,5,5,5,5,4,4,Great practical sessions.,Positive,2025-05-03
3104,ST0639,F017,SUB006,3,4,4,3,4,4,Average teaching experience.,Neutral,2025-03-13
3105,ST0462,F005,SUB011,4,4,5,4,4,4,Helpful and supportive faculty.,Positive,2025-01-19
3106,ST0241,F031,SUB003,5,5,4,4,5,4,Helpful and supportive faculty.,Positive,2025-12-09
3107,ST0425,F019,SUB003,4,5,4,5,4,5,Very interactive class.,Positive,2025-08-28
3108,ST0606,F017,SUB010,5,5,5,4,4,5,Excellent teaching and explanation.,Positive,2025-03-07
3109,ST0591,F001,SUB016,5,5,4,5,4,5,Great practical sessions.,Positive,2025-06-03
3110,ST0295,F014,SUB003,5,5,5,4,5,4,Concepts explained clearly.,Positive,2025-11-12
3111,ST0733,F026,SUB005,4,5,4,4,4,4,Excellent teaching and explanation.,Positive,2025-09-19
3112,ST0998,F034,SUB005,5,4,4,4,5,5,Helpful and supportive faculty.,Positive,2025-02-03
3113,ST0755,F010,SUB017,5,5,4,4,4,4,Great practical sessions.,Positive,2025-07-29
3114,ST0798,F037,SUB009,5,4,4,5,4,5,Excellent teaching and explanation.,Positive,2025-07-15
3115,ST0874,F003,SUB023,1,1,2,1,1,2,Needs better communication.,Negative,2025-08-26
3116,ST0927,F005,SUB014,3,4,4,4,4,4,Class was okay.,Neutral,2025-04-08
3117,ST0368,F019,SUB030,5,4,4,5,4,4,Great practical sessions.,Positive,2025-03-31
3118,ST0129,F010,SUB008,5,5,4,4,5,5,Concepts explained clearly.,Positive,2025-03-09
3119,ST0340,F032,SUB019,4,5,4,4,4,4,Concepts explained clearly.,Positive,2025-02-19
3120,ST0807,F007,SUB009,5,5,5,5,5,5,Helpful and supportive faculty.,Positive,2025-12-25
3121,ST0413,F025,SUB006,4,4,5,5,4,4,Excellent teaching and explanation.,Positive,2025-01-19
3122,ST0428,F004,SUB020,5,4,4,4,4,5,Excellent teaching and explanation.,Positive,2025-09-06
3123,ST0202,F012,SUB007,3,3,4,4,3,4,Need more examples.,Neutral,2025-03-22
3124,ST0234,F034,SUB007,5,5,4,5,4,4,Very interactive class.,Positive,2025-04-16
3125,ST0700,F013,SUB029,4,3,4,4,3,3,Class was okay.,Neutral,2025-04-02
3126,ST0407,F018,SUB020,4,4,4,4,4,4,Great practical sessions.,Positive,2025-01-06
3127,ST0417,F025,SUB007,5,4,5,5,5,4,Helpful and supportive faculty.,Positive,2025-03-25
3128,ST0964,F021,SUB006,3,4,4,3,3,4,Average teaching experience.,Neutral,2025-08-29
3129,ST0808,F035,SUB002,1,2,2,2,1,1,Concepts not explained clearly.,Negative,2025-07-22
3130,ST0528,F007,SUB004,4,4,4,3,4,4,Satisfactory explanation.,Neutral,2025-07-08
3131,ST0840,F001,SUB016,4,4,3,3,3,4,Class was okay.,Neutral,2025-08-07
3132,ST0229,F014,SUB020,2,2,1,1,1,1,Concepts not explained clearly.,Negative,2025-08-06
3133,ST0307,F028,SUB007,1,2,2,1,2,2,Needs better communication.,Negative,2025-10-23
3134,ST0652,F003,SUB028,1,2,1,1,2,1,Class was not engaging.,Negative,2025-01-21
3135,ST0747,F027,SUB002,4,4,4,4,4,3,Satisfactory explanation.,Neutral,2025-09-21
3136,ST0227,F003,SUB020,1,2,2,1,1,2,Concepts not explained clearly.,Negative,2025-01-16
3137,ST0474,F015,SUB003,4,4,5,4,5,5,Great practical sessions.,Positive,2025-12-05
3138,ST0587,F037,SUB008,2,2,1,1,2,2,Needs better communication.,Negative,2025-09-20
3139,ST0199,F026,SUB002,1,1,2,1,1,2,Class was not engaging.,Negative,2025-12-31
3140,ST0913,F005,SUB014,1,1,1,1,1,1,Needs better communication.,Negative,2025-02-18
3141,ST0757,F027,SUB017,4,4,5,4,5,5,Helpful and supportive faculty.,Positive,2025-07-06
3142,ST0761,F019,SUB021,4,5,4,5,5,4,Helpful and supportive faculty.,Positive,2025-12-13
3143,ST0260,F027,SUB004,5,5,5,4,4,5,Very interactive class.,Positive,2025-08-05
3144,ST0525,F012,SUB007,3,3,3,3,4,3,Satisfactory explanation.,Neutral,2025-11-05
3145,ST0714,F001,SUB026,5,4,4,4,5,4,Concepts explained clearly.,Positive,2025-09-05
3146,ST0398,F003,SUB012,4,4,5,4,4,5,Very interactive class.,Positive,2025-03-19
3147,ST0303,F030,SUB029,2,1,1,2,2,2,Practicals were insufficient.,Negative,2025-04-26
3148,ST0427,F017,SUB002,4,4,4,4,5,5,Excellent teaching and explanation.,Positive,2025-10-26
3149,ST0096,F027,SUB005,5,4,5,4,5,5,Concepts explained clearly.,Positive,2025-01-22
3150,ST0477,F009,SUB004,5,5,5,4,5,5,Great practical sessions.,Positive,2025-11-02
3151,ST0630,F038,SUB023,5,5,4,5,4,4,Great practical sessions.,Positive,2025-05-02
3152,ST0677,F034,SUB012,3,3,3,4,3,3,Average teaching experience.,Neutral,2025-06-01
3153,ST0418,F017,SUB027,3,3,4,3,4,4,Class was okay.,Neutral,2025-08-01
3154,ST0223,F001,SUB021,4,5,5,4,5,4,Excellent teaching and explanation.,Positive,2025-09-28
3155,ST0963,F021,SUB017,5,4,5,4,4,5,Helpful and supportive faculty.,Positive,2025-01-09
3156,ST0388,F032,SUB015,5,4,5,4,5,5,Concepts explained clearly.,Positive,2025-10-21
3157,ST0109,F006,SUB014,5,5,5,4,4,4,Excellent teaching and explanation.,Positive,2025-05-22
3158,ST0084,F018,SUB006,4,5,4,4,5,5,Very interactive class.,Positive,2025-05-30
3159,ST0072,F029,SUB005,5,4,5,4,4,4,Very interactive class.,Positive,2025-08-15
3160,ST0281,F007,SUB016,1,1,2,1,2,1,Needs improvement in teaching.,Negative,2025-04-25
3161,ST0033,F034,SUB026,2,1,1,2,1,2,Needs better communication.,Negative,2025-01-16
3162,ST0185,F029,SUB016,5,5,4,4,4,4,Excellent teaching and explanation.,Positive,2025-05-30
3163,ST0211,F025,SUB022,2,2,2,1,2,2,Needs better communication.,Negative,2025-07-19
3164,ST0989,F037,SUB028,3,4,3,4,4,3,Class was okay.,Neutral,2025-11-27
3165,ST0163,F037,SUB011,4,4,3,3,4,3,Need more examples.,Neutral,2025-04-27
3166,ST0152,F015,SUB006,4,5,5,5,4,5,Very interactive class.,Positive,2025-06-12
3167,ST0457,F020,SUB017,4,3,4,3,3,4,Satisfactory explanation.,Neutral,2025-06-14
3168,ST0036,F022,SUB015,2,2,1,1,2,2,Needs better communication.,Negative,2025-07-13
3169,ST0765,F035,SUB006,4,5,4,4,5,5,Excellent teaching and explanation.,Positive,2025-05-31
3170,ST0700,F019,SUB030,4,3,3,3,4,4,Satisfactory explanation.,Neutral,2025-04-14
3171,ST0977,F032,SUB021,5,4,4,5,4,5,Helpful and supportive faculty.,Positive,2025-10-07
3172,ST0557,F027,SUB015,3,3,4,3,3,4,Need more examples.,Neutral,2025-07-06
3173,ST0607,F001,SUB025,4,3,4,3,4,3,Can improve interaction.,Neutral,2025-01-10
3174,ST0276,F015,SUB006,5,4,5,4,4,5,Great practical sessions.,Positive,2025-01-18
3175,ST0366,F025,SUB025,4,4,4,5,4,4,Concepts explained clearly.,Positive,2025-08-09
3176,ST0830,F036,SUB005,4,4,3,4,4,4,Class was okay.,Neutral,2025-02-10
3177,ST0369,F015,SUB026,5,5,5,5,4,5,Concepts explained clearly.,Positive,2025-03-04
3178,ST0555,F033,SUB009,5,5,4,5,4,5,Excellent teaching and explanation.,Positive,2025-07-21
3179,ST0395,F040,SUB026,3,3,4,3,3,4,Class was okay.,Neutral,2025-03-19
3180,ST0935,F015,SUB023,4,4,4,5,5,4,Great practical sessions.,Positive,2025-10-15
3181,ST0379,F020,SUB030,5,4,5,4,4,5,Great practical sessions.,Positive,2025-12-07
3182,ST0445,F026,SUB015,5,5,5,4,5,4,Helpful and supportive faculty.,Positive,2025-06-14
3183,ST0805,F014,SUB010,4,4,5,5,5,5,Great practical sessions.,Positive,2025-01-02
3184,ST0134,F025,SUB023,4,5,4,4,4,5,Excellent teaching and explanation.,Positive,2025-01-04
3185,ST0203,F036,SUB003,5,5,4,5,4,5,Very interactive class.,Positive,2025-09-06
3186,ST0450,F004,SUB014,5,4,4,5,4,5,Excellent teaching and explanation.,Positive,2025-04-18
3187,ST0113,F036,SUB015,2,2,1,1,2,2,Needs better communication.,Negative,2025-01-02
3188,ST0741,F004,SUB005,4,4,4,4,4,5,Great practical sessions.,Positive,2025-01-21
3189,ST0010,F036,SUB003,5,4,5,5,5,5,Great practical sessions.,Positive,2025-10-28
3190,ST0453,F011,SUB029,5,4,4,5,5,5,Very interactive class.,Positive,2025-09-25
3191,ST0260,F020,SUB022,3,4,3,4,4,3,Class was okay.,Neutral,2025-09-10
3192,ST0521,F004,SUB013,4,5,4,4,5,4,Very interactive class.,Positive,2025-02-08
3193,ST0296,F039,SUB020,4,5,5,4,5,4,Concepts explained clearly.,Positive,2025-07-21
3194,ST0953,F008,SUB018,4,4,5,4,4,5,Helpful and supportive faculty.,Positive,2025-07-19
3195,ST0729,F025,SUB005,5,5,4,5,4,5,Excellent teaching and explanation.,Positive,2025-11-17
3196,ST0423,F008,SUB007,5,4,5,4,4,4,Excellent teaching and explanation.,Positive,2025-03-14
3197,ST0453,F036,SUB025,4,5,5,4,5,5,Concepts explained clearly.,Positive,2025-04-14
3198,ST0702,F034,SUB019,5,5,5,5,5,5,Great practical sessions.,Positive,2025-06-17
3199,ST0306,F022,SUB010,4,4,4,4,5,5,Helpful and supportive faculty.,Positive,2025-02-20
3200,ST0991,F024,SUB026,1,1,1,2,2,1,Needs improvement in teaching.,Negative,2025-12-24
3201,ST0475,F040,SUB004,1,1,1,2,1,1,Class was not engaging.,Negative,2025-12-30
3202,ST0030,F005,SUB014,4,5,5,4,5,5,Very interactive class.,Positive,2025-06-21
3203,ST0810,F018,SUB029,4,4,3,4,4,3,Can improve interaction.,Neutral,2025-07-16
3204,ST0223,F016,SUB019,5,4,4,4,4,4,Great practical sessions.,Positive,2025-02-03
3205,ST0904,F015,SUB025,5,5,5,4,4,5,Concepts explained clearly.,Positive,2025-09-21
3206,ST0419,F022,SUB017,1,1,2,2,2,1,Concepts not explained clearly.,Negative,2025-05-04
3207,ST0081,F030,SUB003,3,3,3,4,3,3,Class was okay.,Neutral,2025-08-02
3208,ST0378,F027,SUB018,4,4,4,5,5,5,Concepts explained clearly.,Positive,2025-05-22
3209,ST0258,F030,SUB004,1,2,1,1,1,1,Practicals were insufficient.,Negative,2025-09-29
3210,ST0544,F005,SUB019,5,4,5,5,4,5,Helpful and supportive faculty.,Positive,2025-05-21
3211,ST0606,F010,SUB013,4,4,5,4,5,4,Excellent teaching and explanation.,Positive,2025-12-19
3212,ST0176,F013,SUB021,4,5,4,4,4,5,Excellent teaching and explanation.,Positive,2025-10-31
3213,ST0856,F005,SUB025,5,5,4,4,5,4,Very interactive class.,Positive,2025-09-12
3214,ST0028,F013,SUB021,4,5,5,4,5,5,Great practical sessions.,Positive,2025-09-19
3215,ST0671,F033,SUB030,5,5,4,4,5,5,Great practical sessions.,Positive,2025-07-29
3216,ST0196,F018,SUB021,1,2,2,1,1,1,Needs improvement in teaching.,Negative,2025-01-12
3217,ST0143,F036,SUB028,4,4,5,5,5,4,Great practical sessions.,Positive,2025-04-28
3218,ST0402,F003,SUB007,3,4,4,3,4,4,Class was okay.,Neutral,2025-04-29
3219,ST0093,F033,SUB006,5,4,4,5,5,5,Very interactive class.,Positive,2025-10-28
3220,ST0499,F028,SUB002,3,4,3,4,3,4,Average teaching experience.,Neutral,2025-12-15
3221,ST0525,F022,SUB010,4,4,3,4,4,4,Can improve interaction.,Neutral,2025-09-18
3222,ST0201,F012,SUB026,2,1,1,1,2,2,Practicals were insufficient.,Negative,2025-08-19
3223,ST0893,F032,SUB026,4,5,4,4,4,5,Concepts explained clearly.,Positive,2025-09-28
3224,ST0240,F035,SUB003,4,3,3,3,4,3,Satisfactory explanation.,Neutral,2025-02-06
3225,ST0802,F025,SUB015,5,4,4,5,4,5,Very interactive class.,Positive,2025-02-25
3226,ST0742,F009,SUB001,3,3,3,4,3,3,Class was okay.,Neutral,2025-09-01
3227,ST0216,F021,SUB003,4,5,4,4,5,4,Great practical sessions.,Positive,2025-07-06
3228,ST0794,F035,SUB020,3,4,4,3,3,4,Class was okay.,Neutral,2025-09-13
3229,ST0477,F017,SUB018,1,1,2,2,2,1,Needs improvement in teaching.,Negative,2025-10-23
3230,ST0617,F014,SUB028,3,3,3,4,4,3,Can improve interaction.,Neutral,2025-11-27
3231,ST0054,F012,SUB020,5,5,4,4,5,5,Concepts explained clearly.,Positive,2025-07-04
3232,ST0564,F034,SUB001,4,5,4,4,4,4,Great practical sessions.,Positive,2025-02-27
3233,ST0215,F035,SUB001,3,4,4,3,4,3,Class was okay.,Neutral,2025-05-27
3234,ST0964,F029,SUB004,5,4,5,5,4,5,Helpful and supportive faculty.,Positive,2025-08-28
3235,ST0561,F023,SUB015,1,1,1,2,1,2,Needs better communication.,Negative,2025-09-04
3236,ST0588,F026,SUB023,4,4,5,4,5,4,Concepts explained clearly.,Positive,2025-06-11
3237,ST0674,F018,SUB009,5,4,5,5,4,4,Great practical sessions.,Positive,2025-11-13
3238,ST0879,F037,SUB022,4,4,4,5,5,5,Excellent teaching and explanation.,Positive,2025-10-23
3239,ST0312,F032,SUB020,4,5,4,4,4,5,Excellent teaching and explanation.,Positive,2025-06-28
3240,ST0694,F023,SUB022,2,2,2,2,2,1,Needs better communication.,Negative,2025-09-01
3241,ST0916,F009,SUB030,5,4,5,5,5,4,Great practical sessions.,Positive,2025-07-08
3242,ST0360,F025,SUB005,4,5,4,5,5,5,Helpful and supportive faculty.,Positive,2025-09-24
3243,ST0538,F010,SUB006,3,3,3,4,3,3,Can improve interaction.,Neutral,2025-01-11
3244,ST0701,F017,SUB027,5,5,5,5,4,4,Excellent teaching and explanation.,Positive,2025-04-05
3245,ST0777,F020,SUB006,4,4,4,5,5,5,Great practical sessions.,Positive,2025-09-20
3246,ST0575,F030,SUB022,4,3,4,4,3,3,Need more examples.,Neutral,2025-04-10
3247,ST0970,F022,SUB014,4,4,4,4,4,3,Class was okay.,Neutral,2025-09-28
3248,ST0174,F019,SUB017,4,4,4,5,4,4,Concepts explained clearly.,Positive,2025-04-16
3249,ST0557,F021,SUB006,1,1,2,1,1,2,Needs better communication.,Negative,2025-02-12
3250,ST0561,F012,SUB005,3,3,3,3,4,3,Average teaching experience.,Neutral,2025-10-23
3251,ST0564,F006,SUB026,5,4,4,5,5,5,Great practical sessions.,Positive,2025-11-18
3252,ST0969,F002,SUB008,4,4,4,4,3,4,Can improve interaction.,Neutral,2025-02-09
3253,ST0169,F013,SUB023,5,5,4,5,5,4,Helpful and supportive faculty.,Positive,2025-02-27
3254,ST0597,F029,SUB015,4,3,4,3,4,4,Need more examples.,Neutral,2025-10-04
3255,ST0733,F029,SUB003,4,4,5,4,4,5,Very interactive class.,Positive,2025-09-13
3256,ST0838,F017,SUB028,1,2,2,2,2,2,Practicals were insufficient.,Negative,2025-03-06
3257,ST0992,F020,SUB013,4,3,4,4,4,3,Satisfactory explanation.,Neutral,2025-08-29
3258,ST0513,F002,SUB024,4,4,5,4,4,4,Very interactive class.,Positive,2025-10-22
3259,ST0203,F015,SUB018,1,1,2,1,2,1,Needs improvement in teaching.,Negative,2025-08-02
3260,ST0507,F040,SUB030,2,1,2,2,2,1,Concepts not explained clearly.,Negative,2025-06-17
3261,ST0969,F006,SUB030,5,5,5,4,5,4,Helpful and supportive faculty.,Positive,2025-11-14
3262,ST0287,F033,SUB007,4,3,3,3,3,3,Can improve interaction.,Neutral,2025-07-16
3263,ST0900,F018,SUB012,2,2,1,2,2,1,Practicals were insufficient.,Negative,2025-03-16
3264,ST0871,F005,SUB025,5,5,5,4,5,5,Excellent teaching and explanation.,Positive,2025-02-25
3265,ST0299,F018,SUB021,4,5,4,4,5,5,Helpful and supportive faculty.,Positive,2025-07-20
3266,ST0766,F001,SUB007,5,4,4,5,4,4,Excellent teaching and explanation.,Positive,2025-12-18
3267,ST0895,F002,SUB029,5,4,4,4,5,4,Great practical sessions.,Positive,2025-10-04
3268,ST0448,F009,SUB020,4,4,5,4,4,4,Great practical sessions.,Positive,2025-08-14
3269,ST0084,F033,SUB020,4,4,4,4,5,5,Very interactive class.,Positive,2025-09-30
3270,ST0216,F016,SUB021,4,4,5,4,4,5,Excellent teaching and explanation.,Positive,2025-02-23
3271,ST0314,F027,SUB012,4,4,4,5,5,4,Excellent teaching and explanation.,Positive,2025-08-14
3272,ST0628,F031,SUB022,4,4,5,5,5,5,Concepts explained clearly.,Positive,2025-01-23
3273,ST0341,F012,SUB001,4,5,5,5,4,5,Helpful and supportive faculty.,Positive,2025-01-07
3274,ST0154,F038,SUB003,5,4,5,4,5,4,Concepts explained clearly.,Positive,2025-07-23
3275,ST0176,F040,SUB018,4,4,5,4,4,4,Very interactive class.,Positive,2025-09-10
3276,ST0241,F006,SUB025,4,5,4,4,5,4,Very interactive class.,Positive,2025-06-04
3277,ST0581,F023,SUB005,4,5,4,4,5,4,Very interactive class.,Positive,2025-11-08
3278,ST0698,F029,SUB001,4,5,5,5,4,5,Great practical sessions.,Positive,2025-08-30
3279,ST0732,F008,SUB011,4,5,4,5,5,5,Excellent teaching and explanation.,Positive,2025-11-05
3280,ST0687,F030,SUB001,5,5,4,4,5,5,Very interactive class.,Positive,2025-09-01
3281,ST0512,F003,SUB006,5,5,5,4,5,5,Concepts explained clearly.,Positive,2025-10-06
3282,ST0008,F039,SUB016,4,5,4,4,4,5,Excellent teaching and explanation.,Positive,2025-03-06
3283,ST0650,F008,SUB016,4,5,5,5,5,5,Very interactive class.,Positive,2025-06-11
3284,ST0839,F034,SUB024,4,5,5,4,5,5,Concepts explained clearly.,Positive,2025-07-23
3285,ST0332,F027,SUB015,5,5,5,5,4,5,Excellent teaching and explanation.,Positive,2025-07-22
3286,ST0986,F026,SUB019,5,5,4,5,5,5,Helpful and supportive faculty.,Positive,2025-05-03
3287,ST0827,F039,SUB010,5,5,5,5,4,5,Excellent teaching and explanation.,Positive,2025-09-07
3288,ST0642,F023,SUB022,2,1,2,2,1,2,Class was not engaging.,Negative,2025-03-27
3289,ST0317,F021,SUB001,3,4,3,3,4,3,Need more examples.,Neutral,2025-07-09
3290,ST0114,F033,SUB024,5,5,4,5,5,4,Great practical sessions.,Positive,2025-10-25
3291,ST0504,F012,SUB017,4,5,4,4,5,5,Concepts explained clearly.,Positive,2025-06-04
3292,ST0225,F019,SUB007,5,5,5,5,4,5,Excellent teaching and explanation.,Positive,2025-05-10
3293,ST0278,F014,SUB015,1,2,2,2,1,1,Practicals were insufficient.,Negative,2025-06-30
3294,ST0242,F023,SUB029,1,2,2,1,1,2,Class was not engaging.,Negative,2025-04-12
3295,ST0606,F005,SUB017,5,5,4,4,5,5,Excellent teaching and explanation.,Positive,2025-09-24
3296,ST0059,F036,SUB023,3,3,3,3,4,3,Class was okay.,Neutral,2025-02-17
3297,ST0737,F039,SUB001,4,5,4,4,5,4,Helpful and supportive faculty.,Positive,2025-10-07
3298,ST0740,F006,SUB018,5,5,4,4,4,4,Great practical sessions.,Positive,2025-11-18
3299,ST0105,F016,SUB020,4,3,3,4,4,4,Class was okay.,Neutral,2025-11-11
3300,ST0947,F007,SUB023,5,4,5,5,5,5,Excellent teaching and explanation.,Positive,2025-07-23
3301,ST0075,F007,SUB010,3,3,3,3,4,3,Class was okay.,Neutral,2025-07-14
3302,ST0195,F037,SUB016,5,4,5,5,4,5,Very interactive class.,Positive,2025-12-20
3303,ST0129,F021,SUB005,3,3,4,4,4,4,Need more examples.,Neutral,2025-06-02
3304,ST0912,F033,SUB003,5,4,4,5,4,4,Concepts explained clearly.,Positive,2025-02-21
3305,ST0086,F030,SUB030,4,4,4,4,5,4,Very interactive class.,Positive,2025-02-25
3306,ST0416,F023,SUB007,4,4,4,5,4,5,Concepts explained clearly.,Positive,2025-10-27
3307,ST0440,F003,SUB027,4,4,5,5,4,4,Excellent teaching and explanation.,Positive,2025-05-25
3308,ST0675,F022,SUB010,5,4,5,5,4,4,Very interactive class.,Positive,2025-04-17
3309,ST0936,F029,SUB005,4,4,4,4,4,5,Excellent teaching and explanation.,Positive,2025-12-06
3310,ST0713,F015,SUB016,5,4,4,4,4,4,Excellent teaching and explanation.,Positive,2025-04-02
3311,ST0558,F038,SUB012,1,2,2,2,1,1,Needs improvement in teaching.,Negative,2025-11-15
3312,ST0856,F010,SUB014,5,4,4,4,5,5,Very interactive class.,Positive,2025-05-30
3313,ST0136,F032,SUB027,5,5,4,5,4,5,Very interactive class.,Positive,2025-11-14
3314,ST0610,F021,SUB015,5,4,5,5,5,5,Very interactive class.,Positive,2025-12-05
3315,ST0803,F030,SUB030,5,4,5,5,4,4,Excellent teaching and explanation.,Positive,2025-06-07
3316,ST0824,F029,SUB017,3,3,3,3,3,4,Can improve interaction.,Neutral,2025-02-05
3317,ST0325,F027,SUB018,4,4,3,4,3,3,Can improve interaction.,Neutral,2025-10-23
3318,ST0189,F025,SUB010,4,3,3,3,3,4,Satisfactory explanation.,Neutral,2025-08-18
3319,ST0206,F030,SUB020,5,4,4,4,4,5,Great practical sessions.,Positive,2025-11-11
3320,ST0065,F017,SUB025,3,3,3,4,4,4,Average teaching experience.,Neutral,2025-06-16
3321,ST0955,F004,SUB017,4,5,4,5,5,4,Excellent teaching and explanation.,Positive,2025-12-07
3322,ST0926,F013,SUB010,5,4,5,4,4,4,Great practical sessions.,Positive,2025-09-14
3323,ST0673,F028,SUB015,4,5,4,5,5,5,Concepts explained clearly.,Positive,2025-11-08
3324,ST0505,F003,SUB011,2,2,1,2,1,1,Class was not engaging.,Negative,2025-05-01
3325,ST0611,F013,SUB008,4,4,3,3,3,3,Class was okay.,Neutral,2025-01-26
3326,ST0748,F003,SUB003,4,3,4,4,3,3,Can improve interaction.,Neutral,2025-06-13
3327,ST0939,F032,SUB025,1,1,1,2,1,1,Needs improvement in teaching.,Negative,2025-07-03
3328,ST0743,F022,SUB002,3,4,4,3,3,3,Average teaching experience.,Neutral,2025-02-10
3329,ST0758,F007,SUB023,4,3,3,3,4,4,Average teaching experience.,Neutral,2025-09-02
3330,ST0687,F020,SUB024,3,4,3,4,4,3,Satisfactory explanation.,Neutral,2025-08-02
3331,ST0711,F038,SUB030,1,2,2,1,1,1,Practicals were insufficient.,Negative,2025-11-28
3332,ST0952,F028,SUB022,4,3,3,3,4,3,Can improve interaction.,Neutral,2025-11-03
3333,ST0343,F036,SUB013,4,3,4,4,4,3,Can improve interaction.,Neutral,2025-02-28
3334,ST0723,F038,SUB023,4,4,3,3,3,3,Satisfactory explanation.,Neutral,2025-03-29
3335,ST0100,F003,SUB020,4,3,4,4,4,4,Class was okay.,Neutral,2025-11-20
3336,ST0078,F013,SUB008,3,3,3,3,4,3,Average teaching experience.,Neutral,2025-11-01
3337,ST0713,F033,SUB009,1,2,2,2,1,2,Concepts not explained clearly.,Negative,2025-06-29
3338,ST0262,F001,SUB018,4,5,5,5,5,4,Very interactive class.,Positive,2025-04-01
3339,ST0104,F005,SUB026,4,5,5,4,5,4,Excellent teaching and explanation.,Positive,2025-01-31
3340,ST0291,F003,SUB007,4,4,5,4,4,5,Concepts explained clearly.,Positive,2025-06-04
3341,ST0837,F017,SUB017,4,4,4,5,4,4,Concepts explained clearly.,Positive,2025-10-03
3342,ST0784,F023,SUB004,4,4,4,5,4,5,Concepts explained clearly.,Positive,2025-04-09
3343,ST0623,F003,SUB029,4,4,5,4,5,4,Helpful and supportive faculty.,Positive,2025-08-01
3344,ST0994,F025,SUB014,5,4,5,4,5,5,Helpful and supportive faculty.,Positive,2025-04-05
3345,ST0627,F019,SUB017,4,4,4,4,5,4,Concepts explained clearly.,Positive,2025-05-06
3346,ST0344,F009,SUB008,5,5,4,4,5,4,Concepts explained clearly.,Positive,2025-03-28
3347,ST0789,F001,SUB026,5,4,4,5,4,5,Excellent teaching and explanation.,Positive,2025-12-14
3348,ST0500,F001,SUB020,5,4,4,5,4,5,Very interactive class.,Positive,2025-03-03
3349,ST0410,F003,SUB009,5,5,5,4,4,4,Excellent teaching and explanation.,Positive,2025-05-13
3350,ST0698,F039,SUB015,2,2,1,2,2,2,Needs better communication.,Negative,2025-03-21
3351,ST0302,F036,SUB021,5,4,4,4,5,5,Very interactive class.,Positive,2025-05-24
3352,ST0153,F018,SUB009,4,4,4,5,4,5,Concepts explained clearly.,Positive,2025-10-18
3353,ST0854,F006,SUB016,5,4,4,5,4,5,Excellent teaching and explanation.,Positive,2025-07-07
3354,ST0001,F031,SUB020,4,4,5,5,4,5,Excellent teaching and explanation.,Positive,2025-08-28
3355,ST0197,F010,SUB022,4,5,4,4,5,5,Very interactive class.,Positive,2025-12-27
3356,ST0385,F005,SUB016,5,4,4,4,4,5,Excellent teaching and explanation.,Positive,2025-07-23
3357,ST0405,F027,SUB002,5,5,5,4,4,5,Very interactive class.,Positive,2025-10-03
3358,ST0396,F021,SUB026,3,4,3,3,4,3,Need more examples.,Neutral,2025-06-09
3359,ST0241,F029,SUB026,4,4,4,4,4,4,Excellent teaching and explanation.,Positive,2025-02-09
3360,ST0585,F030,SUB022,5,4,5,4,4,5,Great practical sessions.,Positive,2025-10-25
3361,ST0854,F011,SUB005,5,4,4,4,5,4,Concepts explained clearly.,Positive,2025-10-09
3362,ST0713,F022,SUB002,1,1,1,1,1,2,Needs better communication.,Negative,2025-09-26
3363,ST0696,F021,SUB007,4,5,4,4,5,4,Very interactive class.,Positive,2025-07-23
3364,ST0320,F011,SUB029,3,4,4,3,3,3,Class was okay.,Neutral,2025-12-13
3365,ST0112,F012,SUB028,5,5,5,4,5,4,Great practical sessions.,Positive,2025-04-28
3366,ST0764,F009,SUB018,4,5,5,4,4,4,Very interactive class.,Positive,2025-04-19
3367,ST0817,F020,SUB003,3,4,3,3,3,3,Need more examples.,Neutral,2025-10-24
3368,ST0831,F028,SUB006,4,4,5,5,4,5,Great practical sessions.,Positive,2025-10-08
3369,ST0792,F037,SUB007,5,4,5,4,5,4,Concepts explained clearly.,Positive,2025-05-17
3370,ST0119,F011,SUB022,4,4,4,5,5,4,Excellent teaching and explanation.,Positive,2025-12-30
3371,ST0469,F025,SUB019,5,5,5,4,5,4,Great practical sessions.,Positive,2025-10-05
3372,ST0224,F007,SUB005,5,5,5,4,4,4,Great practical sessions.,Positive,2025-10-05
3373,ST0425,F036,SUB015,1,1,1,2,2,1,Class was not engaging.,Negative,2025-02-01
3374,ST0171,F013,SUB030,4,3,4,3,3,3,Average teaching experience.,Neutral,2025-08-03
3375,ST0065,F031,SUB008,4,3,3,3,3,3,Satisfactory explanation.,Neutral,2025-08-06
3376,ST0276,F020,SUB021,4,4,4,5,5,4,Concepts explained clearly.,Positive,2025-10-04
3377,ST0841,F001,SUB005,5,4,5,5,5,4,Very interactive class.,Positive,2025-02-08
3378,ST0880,F020,SUB013,4,4,4,5,5,5,Concepts explained clearly.,Positive,2025-02-18
3379,ST0798,F021,SUB010,1,1,2,1,1,2,Concepts not explained clearly.,Negative,2025-09-17
3380,ST0359,F027,SUB010,2,1,1,2,2,1,Class was not engaging.,Negative,2025-10-18
3381,ST0583,F008,SUB023,4,5,4,4,5,5,Great practical sessions.,Positive,2025-12-05
3382,ST0167,F028,SUB024,4,5,5,4,4,5,Concepts explained clearly.,Positive,2025-02-13
3383,ST0098,F001,SUB006,5,4,4,4,4,5,Concepts explained clearly.,Positive,2025-01-09
3384,ST0846,F019,SUB007,1,1,1,2,2,2,Class was not engaging.,Negative,2025-07-18
3385,ST0830,F033,SUB014,2,2,2,2,1,1,Class was not engaging.,Negative,2025-02-16
3386,ST0405,F015,SUB002,5,5,5,5,4,4,Very interactive class.,Positive,2025-03-26
3387,ST0097,F036,SUB023,4,5,5,4,5,5,Concepts explained clearly.,Positive,2025-12-01
3388,ST0106,F020,SUB025,5,4,4,5,4,5,Helpful and supportive faculty.,Positive,2025-09-28
3389,ST0556,F022,SUB027,4,4,5,5,5,5,Very interactive class.,Positive,2025-07-20
3390,ST0374,F008,SUB001,5,4,4,4,4,4,Excellent teaching and explanation.,Positive,2025-03-27
3391,ST0493,F024,SUB024,1,1,1,2,2,2,Needs better communication.,Negative,2025-12-21
3392,ST0677,F006,SUB019,4,5,4,5,4,4,Great practical sessions.,Positive,2025-10-26
3393,ST0594,F028,SUB022,5,5,4,5,4,4,Helpful and supportive faculty.,Positive,2025-10-14
3394,ST0855,F032,SUB023,2,1,2,2,2,1,Needs improvement in teaching.,Negative,2025-10-14
3395,ST0715,F037,SUB019,3,3,3,4,4,4,Class was okay.,Neutral,2025-08-24
3396,ST0508,F017,SUB024,4,4,4,5,4,4,Helpful and supportive faculty.,Positive,2025-08-25
3397,ST0855,F030,SUB017,4,5,4,4,5,4,Helpful and supportive faculty.,Positive,2025-01-25
3398,ST0181,F035,SUB014,4,3,4,3,4,3,Average teaching experience.,Neutral,2025-07-15
3399,ST0269,F013,SUB027,4,3,4,4,4,4,Class was okay.,Neutral,2025-03-20
3400,ST0205,F013,SUB022,4,4,3,3,4,3,Satisfactory explanation.,Neutral,2025-03-30
3401,ST0566,F037,SUB024,4,4,5,4,4,4,Excellent teaching and explanation.,Positive,2025-04-05
3402,ST0888,F013,SUB005,3,4,3,4,4,4,Need more examples.,Neutral,2025-01-28
3403,ST0807,F028,SUB007,5,4,4,5,4,5,Helpful and supportive faculty.,Positive,2025-12-20
3404,ST0322,F017,SUB011,4,5,5,5,5,4,Excellent teaching and explanation.,Positive,2025-10-11
3405,ST0098,F021,SUB012,1,1,2,1,1,2,Needs better communication.,Negative,2025-01-30
3406,ST0323,F031,SUB012,4,5,5,4,5,5,Very interactive class.,Positive,2025-05-11
3407,ST0517,F001,SUB017,5,4,4,4,4,4,Very interactive class.,Positive,2025-10-22
3408,ST0048,F005,SUB030,1,2,2,2,1,2,Concepts not explained clearly.,Negative,2025-07-30
3409,ST0331,F032,SUB030,4,5,5,5,4,5,Helpful and supportive faculty.,Positive,2025-11-08
3410,ST0337,F007,SUB023,4,5,4,4,4,4,Great practical sessions.,Positive,2025-08-04
3411,ST0148,F039,SUB020,5,4,5,5,5,5,Very interactive class.,Positive,2025-04-20
3412,ST0059,F036,SUB008,4,4,5,4,5,4,Helpful and supportive faculty.,Positive,2025-02-25
3413,ST0884,F011,SUB029,4,5,4,4,4,4,Concepts explained clearly.,Positive,2025-07-16
3414,ST0667,F006,SUB011,4,4,4,4,4,5,Great practical sessions.,Positive,2025-09-03
3415,ST0723,F017,SUB028,4,4,3,3,3,4,Average teaching experience.,Neutral,2025-03-29
3416,ST0818,F017,SUB005,4,3,3,4,4,4,Need more examples.,Neutral,2025-02-16
3417,ST0378,F031,SUB024,2,1,1,1,1,2,Class was not engaging.,Negative,2025-01-31
3418,ST0493,F029,SUB004,2,2,2,1,2,1,Class was not engaging.,Negative,2025-10-28
3419,ST0830,F036,SUB007,5,4,4,4,5,4,Excellent teaching and explanation.,Positive,2025-07-18
3420,ST0752,F024,SUB007,4,4,4,5,5,5,Concepts explained clearly.,Positive,2025-03-04
3421,ST0509,F020,SUB011,5,4,5,4,4,4,Very interactive class.,Positive,2025-10-08
3422,ST0122,F002,SUB026,5,4,4,4,4,4,Helpful and supportive faculty.,Positive,2025-03-04
3423,ST0037,F003,SUB014,4,5,4,5,5,5,Helpful and supportive faculty.,Positive,2025-06-14
3424,ST0179,F039,SUB004,4,4,5,4,4,4,Concepts explained clearly.,Positive,2025-09-11
3425,ST0817,F006,SUB012,3,4,3,3,4,3,Need more examples.,Neutral,2025-11-25
3426,ST0763,F015,SUB012,4,4,5,5,5,5,Concepts explained clearly.,Positive,2025-03-24
3427,ST0146,F038,SUB006,5,4,4,5,5,5,Concepts explained clearly.,Positive,2025-05-24
3428,ST0247,F034,SUB025,3,3,3,4,3,3,Need more examples.,Neutral,2025-02-15
3429,ST0069,F019,SUB001,3,4,3,4,4,4,Need more examples.,Neutral,2025-09-26
3430,ST0884,F022,SUB020,5,4,4,4,4,5,Excellent teaching and explanation.,Positive,2025-06-08
3431,ST0687,F014,SUB020,4,5,5,5,4,4,Concepts explained clearly.,Positive,2025-11-29
3432,ST0301,F039,SUB019,5,5,5,5,4,5,Very interactive class.,Positive,2025-07-03
3433,ST0865,F037,SUB011,4,4,4,5,5,5,Concepts explained clearly.,Positive,2025-01-26
3434,ST0071,F002,SUB014,5,5,4,5,5,5,Great practical sessions.,Positive,2025-11-09
3435,ST0045,F026,SUB019,5,4,5,4,4,5,Concepts explained clearly.,Positive,2025-09-25
3436,ST0141,F011,SUB019,5,5,4,5,5,4,Concepts explained clearly.,Positive,2025-09-01
3437,ST0061,F018,SUB009,4,4,4,3,3,3,Satisfactory explanation.,Neutral,2025-01-28
3438,ST0689,F004,SUB021,4,4,3,3,4,3,Satisfactory explanation.,Neutral,2025-02-20
3439,ST0153,F026,SUB024,1,1,2,2,1,1,Needs better communication.,Negative,2025-09-08
3440,ST0851,F012,SUB001,5,4,5,5,5,4,Very interactive class.,Positive,2025-11-08
3441,ST0726,F014,SUB008,4,4,5,4,4,4,Excellent teaching and explanation.,Positive,2025-03-23
3442,ST0280,F029,SUB009,4,5,4,5,4,5,Helpful and supportive faculty.,Positive,2025-01-22
3443,ST0653,F023,SUB015,4,4,3,3,3,3,Satisfactory explanation.,Neutral,2025-07-21
3444,ST0738,F005,SUB008,4,4,5,4,5,4,Helpful and supportive faculty.,Positive,2025-04-07
3445,ST0957,F020,SUB011,2,1,2,1,1,2,Needs better communication.,Negative,2025-05-24
3446,ST0451,F021,SUB026,3,4,4,4,4,4,Satisfactory explanation.,Neutral,2025-10-13
3447,ST0074,F030,SUB012,1,2,1,1,1,2,Needs better communication.,Negative,2025-01-20
3448,ST0815,F010,SUB007,5,4,5,5,5,5,Very interactive class.,Positive,2025-02-09
3449,ST0451,F029,SUB011,3,3,4,4,4,4,Can improve interaction.,Neutral,2025-04-14
3450,ST0483,F029,SUB006,3,4,3,4,3,3,Class was okay.,Neutral,2025-02-26
3451,ST0069,F036,SUB003,4,5,5,5,4,5,Concepts explained clearly.,Positive,2025-07-25
3452,ST0553,F011,SUB019,2,2,2,1,1,2,Class was not engaging.,Negative,2025-01-01
3453,ST0755,F025,SUB012,4,5,5,5,4,4,Very interactive class.,Positive,2025-03-15
3454,ST0109,F029,SUB004,3,3,3,3,4,3,Can improve interaction.,Neutral,2025-03-26
3455,ST0916,F003,SUB014,5,4,4,4,4,4,Concepts explained clearly.,Positive,2025-04-06
3456,ST0634,F018,SUB005,4,3,3,3,4,3,Can improve interaction.,Neutral,2025-12-25
3457,ST0578,F008,SUB010,5,4,5,5,4,4,Very interactive class.,Positive,2025-05-20
3458,ST0265,F020,SUB003,4,5,5,5,5,5,Very interactive class.,Positive,2025-05-02
3459,ST0032,F011,SUB010,5,5,4,4,4,5,Great practical sessions.,Positive,2025-12-02
3460,ST0867,F003,SUB019,3,3,4,3,3,3,Can improve interaction.,Neutral,2025-06-16
3461,ST0959,F019,SUB011,1,1,1,1,1,1,Class was not engaging.,Negative,2025-03-02
3462,ST0094,F031,SUB019,5,4,5,5,5,5,Great practical sessions.,Positive,2025-02-27
3463,ST0634,F022,SUB014,4,5,5,5,4,4,Helpful and supportive faculty.,Positive,2025-12-10
3464,ST0395,F016,SUB025,1,1,2,2,1,2,Needs better communication.,Negative,2025-12-04
3465,ST0164,F005,SUB017,2,1,1,2,1,2,Needs better communication.,Negative,2025-09-30
3466,ST0269,F035,SUB011,5,4,4,4,5,4,Great practical sessions.,Positive,2025-09-28
3467,ST0560,F014,SUB009,5,4,4,5,5,5,Great practical sessions.,Positive,2025-09-07
3468,ST0983,F003,SUB029,5,5,4,5,5,5,Concepts explained clearly.,Positive,2025-12-17
3469,ST0348,F002,SUB017,5,4,4,4,5,5,Excellent teaching and explanation.,Positive,2025-05-05
3470,ST0048,F002,SUB006,1,2,1,2,1,2,Class was not engaging.,Negative,2025-07-27
3471,ST0451,F008,SUB030,5,5,4,4,5,4,Great practical sessions.,Positive,2025-09-06
3472,ST0463,F017,SUB002,2,1,1,2,1,1,Needs improvement in teaching.,Negative,2025-01-16
3473,ST0475,F022,SUB026,4,3,3,4,3,4,Need more examples.,Neutral,2025-11-23
3474,ST0775,F028,SUB008,5,5,4,5,5,5,Excellent teaching and explanation.,Positive,2025-12-04
3475,ST0550,F023,SUB005,5,5,4,5,4,4,Excellent teaching and explanation.,Positive,2025-08-31
3476,ST0294,F014,SUB012,4,4,5,4,4,5,Helpful and supportive faculty.,Positive,2025-04-23
3477,ST0937,F032,SUB023,4,5,4,4,4,5,Great practical sessions.,Positive,2025-05-31
3478,ST0318,F033,SUB027,4,5,4,4,5,5,Great practical sessions.,Positive,2025-05-26
3479,ST0588,F034,SUB002,4,5,4,5,5,5,Great practical sessions.,Positive,2025-01-17
3480,ST0859,F016,SUB025,2,1,1,2,2,1,Concepts not explained clearly.,Negative,2025-06-24
3481,ST0023,F008,SUB010,5,5,4,5,5,4,Concepts explained clearly.,Positive,2025-03-08
3482,ST0407,F020,SUB003,5,4,4,4,5,5,Great practical sessions.,Positive,2025-11-10
3483,ST0860,F027,SUB010,4,5,5,4,5,5,Excellent teaching and explanation.,Positive,2025-11-17
3484,ST0515,F017,SUB004,5,4,4,5,5,4,Very interactive class.,Positive,2025-06-26
3485,ST0002,F001,SUB021,4,3,3,3,3,4,Satisfactory explanation.,Neutral,2025-11-19
3486,ST0609,F033,SUB002,2,2,2,2,1,2,Concepts not explained clearly.,Negative,2025-09-20
3487,ST0854,F034,SUB010,4,4,4,5,5,5,Excellent teaching and explanation.,Positive,2025-02-16
3488,ST0171,F038,SUB030,3,4,3,4,3,4,Can improve interaction.,Neutral,2025-02-22
3489,ST0906,F004,SUB018,3,4,4,4,3,3,Class was okay.,Neutral,2025-11-28
3490,ST0386,F018,SUB013,1,2,2,2,1,1,Concepts not explained clearly.,Negative,2025-01-10
3491,ST0728,F009,SUB004,4,4,4,4,5,5,Excellent teaching and explanation.,Positive,2025-08-21
3492,ST0262,F038,SUB028,3,3,4,3,3,3,Can improve interaction.,Neutral,2025-07-25
3493,ST0644,F038,SUB025,1,2,1,2,1,2,Needs better communication.,Negative,2025-03-31
3494,ST0345,F019,SUB006,4,4,4,4,3,4,Average teaching experience.,Neutral,2025-07-18
3495,ST0638,F012,SUB006,5,4,4,4,5,5,Helpful and supportive faculty.,Positive,2025-01-12
3496,ST0564,F035,SUB022,3,4,4,4,3,4,Class was okay.,Neutral,2025-11-14
3497,ST0971,F024,SUB005,5,5,4,4,5,4,Very interactive class.,Positive,2025-06-28
3498,ST0020,F025,SUB021,5,4,5,5,5,4,Excellent teaching and explanation.,Positive,2025-11-14
3499,ST0761,F010,SUB022,1,2,1,2,1,1,Practicals were insufficient.,Negative,2025-10-02
3500,ST0430,F040,SUB011,3,3,4,3,3,4,Class was okay.,Neutral,2025-05-25
3501,ST0804,F014,SUB010,1,2,2,1,1,1,Practicals were insufficient.,Negative,2025-10-28
3502,ST0407,F011,SUB001,5,5,4,4,4,4,Concepts explained clearly.,Positive,2025-03-08
3503,ST0907,F026,SUB016,4,4,5,4,4,4,Great practical sessions.,Positive,2025-02-16
3504,ST0790,F026,SUB029,5,5,4,4,4,5,Very interactive class.,Positive,2025-04-20
3505,ST0118,F017,SUB011,4,5,4,4,4,4,Helpful and supportive faculty.,Positive,2025-10-21
3506,ST0483,F026,SUB030,4,4,4,4,5,5,Helpful and supportive faculty.,Positive,2025-05-12
3507,ST0122,F009,SUB020,2,2,2,1,2,2,Needs improvement in teaching.,Negative,2025-04-18
3508,ST0923,F021,SUB012,4,5,4,4,5,5,Great practical sessions.,Positive,2025-05-29
3509,ST0989,F026,SUB002,4,3,3,3,3,4,Satisfactory explanation.,Neutral,2025-10-21
3510,ST0356,F001,SUB014,4,4,3,4,4,4,Need more examples.,Neutral,2025-03-19
3511,ST0839,F034,SUB027,3,3,3,4,4,4,Satisfactory explanation.,Neutral,2025-03-28
3512,ST0202,F023,SUB030,5,5,4,5,4,5,Concepts explained clearly.,Positive,2025-06-01
3513,ST0628,F034,SUB011,3,3,3,4,3,4,Average teaching experience.,Neutral,2025-09-26
3514,ST0265,F001,SUB009,5,4,5,4,5,5,Great practical sessions.,Positive,2025-09-04
3515,ST0774,F038,SUB005,4,5,5,4,4,4,Excellent teaching and explanation.,Positive,2025-08-10
3516,ST0126,F001,SUB009,5,5,5,4,5,4,Helpful and supportive faculty.,Positive,2025-12-23
3517,ST0926,F035,SUB024,4,5,5,5,4,5,Helpful and supportive faculty.,Positive,2025-08-05
3518,ST0574,F004,SUB025,1,1,1,1,1,2,Needs improvement in teaching.,Negative,2025-08-19
3519,ST0608,F010,SUB008,5,4,4,5,4,5,Great practical sessions.,Positive,2025-08-01
3520,ST0313,F026,SUB011,5,4,5,5,5,5,Helpful and supportive faculty.,Positive,2025-04-21
3521,ST0228,F006,SUB011,4,5,4,4,5,5,Helpful and supportive faculty.,Positive,2025-04-11
3522,ST0829,F002,SUB018,5,4,5,5,4,4,Excellent teaching and explanation.,Positive,2025-05-24
3523,ST0377,F036,SUB021,5,5,4,4,5,5,Concepts explained clearly.,Positive,2025-06-09
3524,ST0008,F037,SUB022,4,4,5,4,5,5,Helpful and supportive faculty.,Positive,2025-12-21
3525,ST0447,F015,SUB005,4,3,3,4,4,4,Average teaching experience.,Neutral,2025-03-16
3526,ST0872,F026,SUB014,5,4,4,4,5,5,Great practical sessions.,Positive,2025-06-21
3527,ST0474,F016,SUB012,4,5,4,5,5,5,Excellent teaching and explanation.,Positive,2025-01-01
3528,ST0333,F020,SUB023,2,1,2,2,2,2,Needs improvement in teaching.,Negative,2025-08-24
3529,ST0861,F016,SUB018,4,5,5,4,4,5,Concepts explained clearly.,Positive,2025-11-29
3530,ST0296,F037,SUB018,5,4,5,5,4,4,Helpful and supportive faculty.,Positive,2025-04-10
3531,ST0913,F022,SUB024,5,5,5,4,4,4,Very interactive class.,Positive,2025-12-29
3532,ST0321,F008,SUB008,5,5,4,5,5,5,Excellent teaching and explanation.,Positive,2025-06-13
3533,ST0788,F031,SUB007,3,4,4,3,3,3,Average teaching experience.,Neutral,2025-01-10
3534,ST0032,F034,SUB009,1,2,1,1,2,1,Class was not engaging.,Negative,2025-04-09
3535,ST0844,F013,SUB024,5,5,5,5,5,4,Excellent teaching and explanation.,Positive,2025-11-10
3536,ST0916,F026,SUB025,4,4,4,3,4,3,Need more examples.,Neutral,2025-11-26
3537,ST0752,F028,SUB005,4,4,4,4,4,4,Average teaching experience.,Neutral,2025-10-24
3538,ST0399,F031,SUB016,4,4,5,4,4,5,Excellent teaching and explanation.,Positive,2025-02-07
3539,ST0838,F030,SUB008,4,5,4,4,4,4,Great practical sessions.,Positive,2025-02-06
3540,ST0991,F034,SUB015,4,4,5,5,4,5,Excellent teaching and explanation.,Positive,2025-08-19
3541,ST0611,F033,SUB020,4,4,3,3,3,4,Class was okay.,Neutral,2025-03-06
3542,ST0761,F016,SUB004,5,4,4,5,5,5,Excellent teaching and explanation.,Positive,2025-02-25
3543,ST0038,F032,SUB022,1,2,2,1,2,1,Practicals were insufficient.,Negative,2025-12-12
3544,ST0219,F030,SUB022,4,4,4,4,4,5,Excellent teaching and explanation.,Positive,2025-09-25
3545,ST0198,F038,SUB019,1,1,1,2,2,2,Concepts not explained clearly.,Negative,2025-12-23
3546,ST0905,F003,SUB026,4,5,4,5,5,4,Helpful and supportive faculty.,Positive,2025-07-27
3547,ST0087,F003,SUB003,4,5,4,5,5,4,Great practical sessions.,Positive,2025-08-23
3548,ST0030,F010,SUB006,5,5,5,4,4,4,Concepts explained clearly.,Positive,2025-04-10
3549,ST0777,F037,SUB028,3,4,3,4,3,3,Average teaching experience.,Neutral,2025-03-07
3550,ST0109,F003,SUB023,4,4,4,4,5,4,Helpful and supportive faculty.,Positive,2025-08-19
3551,ST0895,F008,SUB011,5,4,5,5,4,5,Great practical sessions.,Positive,2025-04-03
3552,ST0715,F026,SUB030,1,1,1,1,2,2,Practicals were insufficient.,Negative,2025-07-30
3553,ST0046,F025,SUB023,4,4,5,4,4,4,Excellent teaching and explanation.,Positive,2025-08-17
3554,ST0906,F006,SUB001,4,4,4,4,4,4,Helpful and supportive faculty.,Positive,2025-05-26
3555,ST0715,F001,SUB013,5,5,4,5,5,4,Concepts explained clearly.,Positive,2025-01-12
3556,ST0713,F028,SUB028,5,5,4,5,4,4,Helpful and supportive faculty.,Positive,2025-06-20
3557,ST0689,F035,SUB001,4,5,5,5,5,5,Very interactive class.,Positive,2025-03-21
3558,ST0467,F015,SUB003,4,5,4,4,4,5,Great practical sessions.,Positive,2025-03-12
3559,ST0662,F036,SUB017,3,4,3,4,4,4,Need more examples.,Neutral,2025-01-12
3560,ST0782,F019,SUB007,4,4,5,4,4,4,Excellent teaching and explanation.,Positive,2025-05-19
3561,ST0253,F028,SUB011,1,2,2,2,2,2,Needs improvement in teaching.,Negative,2025-10-09
3562,ST0347,F003,SUB007,1,1,1,2,2,2,Practicals were insufficient.,Negative,2025-11-21
3563,ST0603,F011,SUB009,4,4,3,3,3,3,Need more examples.,Neutral,2025-10-04
3564,ST0347,F027,SUB002,4,5,4,5,4,4,Concepts explained clearly.,Positive,2025-04-20
3565,ST0083,F013,SUB009,5,4,5,5,4,5,Excellent teaching and explanation.,Positive,2025-07-04
3566,ST0629,F022,SUB018,4,5,4,4,4,5,Very interactive class.,Positive,2025-10-01
3567,ST0191,F035,SUB021,5,5,5,4,5,5,Excellent teaching and explanation.,Positive,2025-10-22
3568,ST0225,F023,SUB026,5,5,5,5,5,4,Helpful and supportive faculty.,Positive,2025-06-27
3569,ST0289,F023,SUB005,5,5,5,4,4,5,Great practical sessions.,Positive,2025-11-07
3570,ST0663,F012,SUB010,1,1,1,1,2,2,Concepts not explained clearly.,Negative,2025-01-24
3571,ST0570,F036,SUB014,3,4,3,4,4,4,Class was okay.,Neutral,2025-10-19
3572,ST0319,F032,SUB024,4,5,5,5,5,5,Helpful and supportive faculty.,Positive,2025-08-22
3573,ST0939,F021,SUB030,1,2,2,1,2,1,Concepts not explained clearly.,Negative,2025-09-04
3574,ST0253,F016,SUB022,4,4,5,4,4,5,Excellent teaching and explanation.,Positive,2025-06-28
3575,ST0761,F038,SUB027,1,1,2,1,2,1,Practicals were insufficient.,Negative,2025-12-24
3576,ST0516,F033,SUB026,4,5,4,5,5,4,Very interactive class.,Positive,2025-09-01
3577,ST0365,F005,SUB005,4,4,5,5,5,4,Great practical sessions.,Positive,2025-12-02
3578,ST0897,F030,SUB021,4,4,4,5,5,4,Great practical sessions.,Positive,2025-07-30
3579,ST0874,F026,SUB015,1,2,2,1,2,1,Practicals were insufficient.,Negative,2025-12-05
3580,ST0694,F005,SUB021,4,4,5,4,4,4,Very interactive class.,Positive,2025-01-04
3581,ST0661,F016,SUB017,5,5,5,4,4,4,Great practical sessions.,Positive,2025-10-10
3582,ST0187,F038,SUB008,5,5,5,5,5,5,Helpful and supportive faculty.,Positive,2025-10-24
3583,ST0003,F027,SUB022,2,2,2,2,1,2,Practicals were insufficient.,Negative,2025-06-30
3584,ST0851,F029,SUB005,5,5,5,5,5,4,Great practical sessions.,Positive,2025-06-16
3585,ST0727,F035,SUB003,1,2,1,1,1,2,Needs better communication.,Negative,2025-11-26
3586,ST0917,F011,SUB008,3,4,4,3,3,4,Can improve interaction.,Neutral,2025-07-02
3587,ST0738,F026,SUB006,5,5,5,4,5,4,Excellent teaching and explanation.,Positive,2025-01-08
3588,ST0113,F013,SUB007,3,4,3,3,3,4,Average teaching experience.,Neutral,2025-05-20
3589,ST0304,F022,SUB006,4,4,4,3,4,3,Satisfactory explanation.,Neutral,2025-03-02
3590,ST0179,F011,SUB028,5,5,4,4,4,5,Excellent teaching and explanation.,Positive,2025-10-12
3591,ST0868,F007,SUB011,4,4,4,5,4,5,Very interactive class.,Positive,2025-12-15
3592,ST0696,F010,SUB004,5,4,5,4,4,4,Very interactive class.,Positive,2025-10-20
3593,ST0275,F034,SUB003,5,5,5,5,5,4,Concepts explained clearly.,Positive,2025-07-03
3594,ST0833,F036,SUB027,4,3,3,4,4,4,Average teaching experience.,Neutral,2025-06-30
3595,ST0958,F024,SUB015,4,4,4,5,4,4,Concepts explained clearly.,Positive,2025-01-29
3596,ST0942,F015,SUB008,4,4,5,4,4,4,Helpful and supportive faculty.,Positive,2025-03-11
3597,ST0382,F013,SUB008,5,5,4,4,4,4,Helpful and supportive faculty.,Positive,2025-03-16
3598,ST0501,F034,SUB014,3,4,4,3,4,3,Can improve interaction.,Neutral,2025-06-05
3599,ST0287,F030,SUB004,2,1,2,2,1,2,Practicals were insufficient.,Negative,2025-05-19
3600,ST0220,F022,SUB003,5,4,4,5,4,5,Great practical sessions.,Positive,2025-03-17
3601,ST0894,F010,SUB025,3,4,3,4,3,4,Average teaching experience.,Neutral,2025-05-02
3602,ST0997,F023,SUB010,5,4,4,4,5,5,Very interactive class.,Positive,2025-03-16
3603,ST0488,F033,SUB019,4,4,3,3,3,3,Need more examples.,Neutral,2025-10-20
3604,ST0144,F025,SUB016,5,5,4,4,4,4,Great practical sessions.,Positive,2025-11-12
3605,ST0401,F001,SUB011,5,5,4,4,4,4,Concepts explained clearly.,Positive,2025-04-25
3606,ST0311,F026,SUB002,5,5,5,5,5,5,Helpful and supportive faculty.,Positive,2025-10-10
3607,ST0061,F029,SUB008,1,2,2,2,2,2,Needs improvement in teaching.,Negative,2025-11-04
3608,ST0345,F040,SUB002,4,3,3,3,4,4,Can improve interaction.,Neutral,2025-10-05
3609,ST0483,F002,SUB025,5,4,4,4,5,5,Very interactive class.,Positive,2025-03-29
3610,ST0245,F006,SUB018,4,5,5,4,4,5,Concepts explained clearly.,Positive,2025-10-13
3611,ST0887,F020,SUB018,4,5,5,4,4,5,Helpful and supportive faculty.,Positive,2025-10-24
3612,ST0170,F003,SUB021,5,5,4,4,4,5,Very interactive class.,Positive,2025-08-26
3613,ST0841,F035,SUB016,1,1,2,1,2,1,Needs better communication.,Negative,2025-07-18
3614,ST0728,F010,SUB002,4,4,5,5,5,4,Helpful and supportive faculty.,Positive,2025-04-10
3615,ST0053,F011,SUB012,1,1,2,1,1,2,Concepts not explained clearly.,Negative,2025-06-28
3616,ST0494,F036,SUB002,4,4,5,4,4,5,Excellent teaching and explanation.,Positive,2025-05-15
3617,ST0297,F018,SUB005,5,5,4,4,4,4,Great practical sessions.,Positive,2025-10-21
3618,ST0433,F017,SUB028,4,5,4,4,5,5,Excellent teaching and explanation.,Positive,2025-01-29
3619,ST0103,F020,SUB028,4,5,4,5,5,5,Concepts explained clearly.,Positive,2025-01-03
3620,ST0097,F023,SUB026,5,4,5,5,5,4,Excellent teaching and explanation.,Positive,2025-04-06
3621,ST0825,F031,SUB015,5,4,5,5,5,5,Very interactive class.,Positive,2025-07-13
3622,ST0818,F013,SUB006,4,5,5,4,4,5,Helpful and supportive faculty.,Positive,2025-05-23
3623,ST0765,F024,SUB008,4,4,4,5,5,4,Very interactive class.,Positive,2025-11-27
3624,ST0209,F031,SUB024,4,3,4,4,4,3,Class was okay.,Neutral,2025-12-28
3625,ST0727,F033,SUB018,5,4,5,5,4,5,Excellent teaching and explanation.,Positive,2025-05-13
3626,ST0852,F003,SUB019,4,3,3,4,3,4,Need more examples.,Neutral,2025-12-11
3627,ST0174,F007,SUB019,4,3,4,4,4,3,Average teaching experience.,Neutral,2025-02-27
3628,ST0489,F020,SUB020,5,5,4,5,4,4,Very interactive class.,Positive,2025-07-23
3629,ST0428,F010,SUB001,4,4,5,4,4,5,Great practical sessions.,Positive,2025-09-14
3630,ST0194,F018,SUB012,5,4,5,4,5,5,Concepts explained clearly.,Positive,2025-07-01
3631,ST0079,F010,SUB012,1,1,2,1,1,1,Practicals were insufficient.,Negative,2025-09-24
3632,ST0355,F036,SUB025,5,4,4,4,5,4,Very interactive class.,Positive,2025-10-19
3633,ST0360,F017,SUB017,3,3,3,4,3,3,Class was okay.,Neutral,2025-01-30
3634,ST0271,F011,SUB010,3,4,4,4,4,4,Average teaching experience.,Neutral,2025-09-17
3635,ST0410,F023,SUB009,4,4,4,4,3,3,Satisfactory explanation.,Neutral,2025-12-08
3636,ST0639,F030,SUB015,4,4,4,5,5,5,Great practical sessions.,Positive,2025-07-08
3637,ST0210,F039,SUB002,2,1,1,2,2,1,Practicals were insufficient.,Negative,2025-04-27
3638,ST0641,F031,SUB015,5,4,5,5,5,4,Very interactive class.,Positive,2025-08-18
3639,ST0015,F024,SUB030,1,2,1,2,2,1,Concepts not explained clearly.,Negative,2025-06-07
3640,ST0034,F010,SUB016,1,2,2,2,1,1,Needs improvement in teaching.,Negative,2025-03-03
3641,ST0009,F004,SUB018,5,5,4,4,4,5,Very interactive class.,Positive,2025-12-07
3642,ST0226,F027,SUB005,4,4,5,4,4,5,Very interactive class.,Positive,2025-01-01
3643,ST0973,F006,SUB013,5,5,4,4,5,5,Excellent teaching and explanation.,Positive,2025-08-23
3644,ST0295,F004,SUB027,5,5,4,4,5,5,Very interactive class.,Positive,2025-06-01
3645,ST0426,F030,SUB025,5,4,4,5,4,5,Great practical sessions.,Positive,2025-11-22
3646,ST0084,F010,SUB022,4,5,5,5,4,4,Helpful and supportive faculty.,Positive,2025-11-03
3647,ST0581,F030,SUB001,5,5,5,4,5,4,Concepts explained clearly.,Positive,2025-02-18
3648,ST0523,F030,SUB030,2,2,1,2,1,1,Practicals were insufficient.,Negative,2025-08-22
3649,ST0327,F039,SUB007,3,4,3,3,3,4,Can improve interaction.,Neutral,2025-11-05
3650,ST0478,F017,SUB025,4,3,3,3,3,3,Need more examples.,Neutral,2025-07-11
3651,ST0666,F007,SUB017,4,4,4,5,5,5,Great practical sessions.,Positive,2025-06-05
3652,ST0274,F003,SUB019,5,5,4,4,5,5,Very interactive class.,Positive,2025-03-10
3653,ST0956,F024,SUB026,4,4,5,4,4,5,Great practical sessions.,Positive,2025-07-16
3654,ST0544,F004,SUB016,1,2,1,1,2,2,Concepts not explained clearly.,Negative,2025-05-16
3655,ST0365,F016,SUB004,5,5,4,4,4,4,Very interactive class.,Positive,2025-07-16
3656,ST0599,F035,SUB006,4,4,4,5,4,4,Very interactive class.,Positive,2025-07-16
3657,ST0283,F001,SUB010,1,1,1,2,1,1,Needs better communication.,Negative,2025-06-04
3658,ST0306,F030,SUB019,2,1,2,1,1,2,Needs improvement in teaching.,Negative,2025-09-08
3659,ST0937,F036,SUB001,4,5,5,5,4,4,Great practical sessions.,Positive,2025-02-17
3660,ST0695,F001,SUB002,5,5,5,4,4,4,Very interactive class.,Positive,2025-02-21
3661,ST0617,F010,SUB003,2,2,2,1,1,2,Concepts not explained clearly.,Negative,2025-09-08
3662,ST0116,F003,SUB019,4,4,4,5,4,5,Very interactive class.,Positive,2025-02-21
3663,ST0526,F026,SUB025,2,2,2,2,1,1,Needs better communication.,Negative,2025-07-16
3664,ST0938,F028,SUB026,2,1,1,1,2,1,Concepts not explained clearly.,Negative,2025-01-14
3665,ST0971,F028,SUB008,4,4,4,3,4,4,Satisfactory explanation.,Neutral,2025-06-03
3666,ST0872,F022,SUB001,3,4,4,4,4,4,Class was okay.,Neutral,2025-03-23
3667,ST0217,F032,SUB019,5,5,5,4,5,5,Helpful and supportive faculty.,Positive,2025-07-17
3668,ST0620,F015,SUB014,5,5,5,4,5,4,Great practical sessions.,Positive,2025-07-18
3669,ST0225,F035,SUB014,1,2,1,2,1,1,Concepts not explained clearly.,Negative,2025-07-17
3670,ST0362,F022,SUB006,4,3,3,3,4,3,Need more examples.,Neutral,2025-03-15
3671,ST0780,F009,SUB021,4,4,4,4,3,3,Average teaching experience.,Neutral,2025-07-08
3672,ST0508,F039,SUB001,4,3,3,4,3,4,Satisfactory explanation.,Neutral,2025-09-13
3673,ST0789,F020,SUB016,4,3,3,3,4,4,Satisfactory explanation.,Neutral,2025-05-16
3674,ST0879,F034,SUB030,4,4,3,3,3,4,Satisfactory explanation.,Neutral,2025-05-08
3675,ST0191,F012,SUB013,4,3,3,3,3,3,Satisfactory explanation.,Neutral,2025-09-22
3676,ST0559,F023,SUB001,5,5,5,4,4,5,Concepts explained clearly.,Positive,2025-07-17
3677,ST0338,F001,SUB016,3,4,4,3,3,3,Satisfactory explanation.,Neutral,2025-01-17
3678,ST0296,F023,SUB019,3,3,4,3,3,3,Satisfactory explanation.,Neutral,2025-06-14
3679,ST0759,F022,SUB007,5,5,5,5,5,4,Great practical sessions.,Positive,2025-10-19
3680,ST0239,F001,SUB027,4,5,4,4,5,4,Helpful and supportive faculty.,Positive,2025-03-02
3681,ST0528,F021,SUB012,4,4,5,4,5,5,Concepts explained clearly.,Positive,2025-05-19
3682,ST0996,F001,SUB028,5,4,5,5,4,4,Helpful and supportive faculty.,Positive,2025-03-13
3683,ST0713,F038,SUB001,3,4,4,3,3,3,Can improve interaction.,Neutral,2025-07-06
3684,ST0337,F021,SUB026,4,4,4,4,3,3,Class was okay.,Neutral,2025-05-23
3685,ST0467,F006,SUB006,4,3,3,4,4,3,Need more examples.,Neutral,2025-08-13
3686,ST0822,F023,SUB004,4,5,4,5,4,4,Helpful and supportive faculty.,Positive,2025-07-14
3687,ST0409,F030,SUB006,2,1,1,2,2,2,Class was not engaging.,Negative,2025-03-29
3688,ST0499,F025,SUB005,5,4,4,4,5,5,Very interactive class.,Positive,2025-08-26
3689,ST0175,F031,SUB007,4,5,5,4,4,5,Great practical sessions.,Positive,2025-02-03
3690,ST0736,F029,SUB017,5,5,4,5,5,5,Concepts explained clearly.,Positive,2025-07-20
3691,ST0594,F038,SUB028,5,5,4,4,4,5,Very interactive class.,Positive,2025-03-19
3692,ST0500,F038,SUB009,5,4,4,4,5,5,Excellent teaching and explanation.,Positive,2025-08-08
3693,ST0211,F028,SUB007,1,2,2,2,1,1,Concepts not explained clearly.,Negative,2025-03-16
3694,ST0222,F006,SUB014,5,5,5,4,5,4,Very interactive class.,Positive,2025-02-10
3695,ST0583,F036,SUB002,4,4,5,4,5,4,Great practical sessions.,Positive,2025-11-20
3696,ST0955,F015,SUB001,5,4,5,4,5,5,Concepts explained clearly.,Positive,2025-04-28
3697,ST0271,F032,SUB003,5,4,4,5,4,5,Great practical sessions.,Positive,2025-09-04
3698,ST0090,F022,SUB013,4,5,4,5,5,4,Very interactive class.,Positive,2025-03-26
3699,ST0349,F017,SUB003,3,4,4,4,3,3,Can improve interaction.,Neutral,2025-09-24
3700,ST0143,F013,SUB006,4,4,3,3,4,3,Class was okay.,Neutral,2025-07-07
3701,ST0139,F026,SUB022,5,4,4,5,4,4,Excellent teaching and explanation.,Positive,2025-10-31
3702,ST0815,F017,SUB001,4,5,4,4,5,5,Helpful and supportive faculty.,Positive,2025-06-23
3703,ST0099,F018,SUB013,4,4,4,5,5,5,Great practical sessions.,Positive,2025-03-18
3704,ST0898,F004,SUB014,3,4,3,3,3,3,Satisfactory explanation.,Neutral,2025-05-15
3705,ST0087,F030,SUB021,3,3,4,3,4,4,Can improve interaction.,Neutral,2025-07-12
3706,ST0697,F035,SUB028,4,5,5,5,4,5,Very interactive class.,Positive,2025-10-10
3707,ST0919,F036,SUB015,4,5,4,4,5,5,Great practical sessions.,Positive,2025-06-11
3708,ST0049,F009,SUB008,5,5,4,5,5,4,Concepts explained clearly.,Positive,2025-04-14
3709,ST0452,F020,SUB008,1,1,1,2,2,1,Class was not engaging.,Negative,2025-02-19
3710,ST0461,F009,SUB002,4,5,5,4,5,5,Great practical sessions.,Positive,2025-06-10
3711,ST0316,F005,SUB024,1,2,1,1,2,1,Needs better communication.,Negative,2025-01-22
3712,ST0453,F027,SUB011,5,5,4,5,4,4,Very interactive class.,Positive,2025-05-14
3713,ST0987,F035,SUB028,4,5,4,4,4,4,Very interactive class.,Positive,2025-09-15
3714,ST0634,F011,SUB008,1,2,1,2,1,1,Needs better communication.,Negative,2025-02-09
3715,ST0197,F009,SUB021,3,3,4,3,3,3,Average teaching experience.,Neutral,2025-11-10
3716,ST0371,F004,SUB020,4,4,5,4,5,5,Concepts explained clearly.,Positive,2025-12-07
3717,ST0709,F016,SUB008,5,5,5,4,4,4,Concepts explained clearly.,Positive,2025-10-21
3718,ST0499,F009,SUB028,5,5,4,4,5,4,Excellent teaching and explanation.,Positive,2025-10-30
3719,ST0233,F032,SUB021,4,5,4,4,5,5,Excellent teaching and explanation.,Positive,2025-04-07
3720,ST0798,F012,SUB028,4,5,5,5,5,5,Concepts explained clearly.,Positive,2025-09-27
3721,ST0703,F040,SUB027,3,4,3,3,4,4,Class was okay.,Neutral,2025-12-11
3722,ST0302,F012,SUB018,3,4,4,3,3,3,Satisfactory explanation.,Neutral,2025-01-14
3723,ST0307,F017,SUB016,4,5,4,5,4,5,Concepts explained clearly.,Positive,2025-12-12
3724,ST0825,F037,SUB015,4,5,5,4,5,4,Great practical sessions.,Positive,2025-07-31
3725,ST0312,F039,SUB001,5,5,5,4,5,5,Great practical sessions.,Positive,2025-12-05
3726,ST0323,F014,SUB005,4,5,5,5,4,4,Great practical sessions.,Positive,2025-09-25
3727,ST0073,F029,SUB002,2,2,2,1,2,1,Needs better communication.,Negative,2025-02-26
3728,ST0450,F025,SUB012,5,5,5,4,4,4,Great practical sessions.,Positive,2025-05-31
3729,ST0963,F005,SUB030,4,5,4,5,5,5,Excellent teaching and explanation.,Positive,2025-08-26
3730,ST0688,F038,SUB025,5,4,5,4,4,5,Very interactive class.,Positive,2025-06-07
3731,ST0959,F012,SUB029,4,4,3,3,4,3,Class was okay.,Neutral,2025-05-21
3732,ST0709,F026,SUB023,1,2,2,1,2,2,Needs better communication.,Negative,2025-12-26
3733,ST0204,F038,SUB019,4,4,4,5,5,4,Helpful and supportive faculty.,Positive,2025-12-06
3734,ST0680,F013,SUB022,4,5,4,4,5,5,Helpful and supportive faculty.,Positive,2025-05-25
3735,ST0387,F038,SUB006,1,1,1,1,2,2,Concepts not explained clearly.,Negative,2025-09-14
3736,ST0058,F009,SUB008,4,4,3,4,3,4,Need more examples.,Neutral,2025-03-11
3737,ST0758,F018,SUB017,4,5,5,5,5,5,Great practical sessions.,Positive,2025-06-05
3738,ST0167,F003,SUB002,4,4,3,4,3,4,Average teaching experience.,Neutral,2025-05-04
3739,ST0881,F021,SUB020,2,2,2,1,1,2,Concepts not explained clearly.,Negative,2025-12-09
3740,ST0822,F035,SUB028,5,5,4,4,4,4,Helpful and supportive faculty.,Positive,2025-11-18
3741,ST0239,F016,SUB015,5,5,5,4,4,4,Helpful and supportive faculty.,Positive,2025-01-05
3742,ST0680,F038,SUB002,4,5,5,4,4,4,Very interactive class.,Positive,2025-04-14
3743,ST0628,F029,SUB004,3,4,4,3,4,3,Class was okay.,Neutral,2025-08-03
3744,ST0268,F013,SUB017,4,5,5,5,4,5,Very interactive class.,Positive,2025-11-27
3745,ST0937,F035,SUB005,2,2,1,2,1,1,Needs better communication.,Negative,2025-04-01
3746,ST0869,F036,SUB016,3,3,3,3,3,3,Class was okay.,Neutral,2025-01-13
3747,ST0096,F029,SUB006,1,1,2,1,2,2,Concepts not explained clearly.,Negative,2025-11-02
3748,ST0692,F035,SUB019,3,3,4,4,3,3,Class was okay.,Neutral,2025-05-11
3749,ST0997,F029,SUB019,3,3,3,3,3,3,Need more examples.,Neutral,2025-03-27
3750,ST0636,F023,SUB005,5,5,4,4,5,5,Very interactive class.,Positive,2025-09-13
3751,ST0876,F012,SUB019,5,5,4,5,5,5,Concepts explained clearly.,Positive,2025-01-31
3752,ST0787,F021,SUB026,5,5,5,5,5,4,Great practical sessions.,Positive,2025-12-26
3753,ST0116,F019,SUB024,3,3,4,3,4,3,Satisfactory explanation.,Neutral,2025-03-11
3754,ST0800,F032,SUB017,4,4,3,4,4,3,Can improve interaction.,Neutral,2025-06-01
3755,ST0321,F035,SUB009,3,4,4,4,3,3,Can improve interaction.,Neutral,2025-12-05
3756,ST0891,F008,SUB010,4,3,3,3,3,3,Can improve interaction.,Neutral,2025-05-24
3757,ST0348,F032,SUB004,4,4,5,4,4,5,Excellent teaching and explanation.,Positive,2025-11-29
3758,ST0940,F002,SUB002,5,5,4,5,5,4,Helpful and supportive faculty.,Positive,2025-10-07
3759,ST0915,F013,SUB020,5,5,4,5,4,5,Excellent teaching and explanation.,Positive,2025-08-25
3760,ST0445,F030,SUB025,3,3,4,3,4,4,Need more examples.,Neutral,2025-11-25
3761,ST0202,F025,SUB028,4,4,4,4,4,4,Great practical sessions.,Positive,2025-10-20
3762,ST0380,F014,SUB003,4,5,5,4,5,4,Helpful and supportive faculty.,Positive,2025-02-02
3763,ST0034,F017,SUB012,4,4,4,5,4,5,Excellent teaching and explanation.,Positive,2025-10-09
3764,ST0231,F006,SUB013,4,4,3,3,4,4,Can improve interaction.,Neutral,2025-11-27
3765,ST0087,F015,SUB009,2,1,1,1,2,2,Concepts not explained clearly.,Negative,2025-11-02
3766,ST0757,F038,SUB030,4,4,4,4,4,4,Class was okay.,Neutral,2025-10-09
3767,ST0925,F035,SUB011,5,5,5,4,5,5,Concepts explained clearly.,Positive,2025-04-04
3768,ST0154,F038,SUB001,4,4,4,4,3,4,Need more examples.,Neutral,2025-10-14
3769,ST0611,F002,SUB007,4,4,4,3,4,4,Class was okay.,Neutral,2025-09-01
3770,ST0336,F003,SUB024,5,4,4,4,4,4,Excellent teaching and explanation.,Positive,2025-11-11
3771,ST0876,F034,SUB025,5,5,5,4,5,4,Concepts explained clearly.,Positive,2025-12-31
3772,ST0913,F006,SUB005,1,1,1,1,2,2,Concepts not explained clearly.,Negative,2025-08-30
3773,ST0132,F004,SUB001,5,5,4,5,5,5,Helpful and supportive faculty.,Positive,2025-10-08
3774,ST0556,F004,SUB004,1,1,1,1,2,1,Needs improvement in teaching.,Negative,2025-06-11
3775,ST0223,F005,SUB005,4,5,4,4,5,5,Very interactive class.,Positive,2025-02-27
3776,ST0901,F027,SUB008,4,5,4,5,4,5,Great practical sessions.,Positive,2025-04-29
3777,ST0673,F031,SUB015,5,4,5,4,5,5,Excellent teaching and explanation.,Positive,2025-06-18
3778,ST0105,F022,SUB027,4,3,4,4,3,4,Can improve interaction.,Neutral,2025-11-23
3779,ST0700,F027,SUB013,4,5,5,5,5,5,Excellent teaching and explanation.,Positive,2025-04-05
3780,ST0927,F024,SUB005,1,2,2,1,1,1,Needs improvement in teaching.,Negative,2025-01-03
3781,ST0877,F026,SUB020,5,4,5,5,4,5,Concepts explained clearly.,Positive,2025-07-04
3782,ST0333,F005,SUB005,4,3,3,4,3,3,Average teaching experience.,Neutral,2025-11-25
3783,ST0748,F027,SUB005,4,4,4,5,4,4,Concepts explained clearly.,Positive,2025-07-04
3784,ST0130,F011,SUB015,4,4,4,5,5,4,Great practical sessions.,Positive,2025-12-11
3785,ST0779,F003,SUB024,4,4,4,5,4,5,Helpful and supportive faculty.,Positive,2025-02-06
3786,ST0924,F016,SUB017,5,4,5,4,5,4,Concepts explained clearly.,Positive,2025-05-11
3787,ST0535,F017,SUB030,4,3,3,3,4,3,Need more examples.,Neutral,2025-12-23
3788,ST0500,F038,SUB006,4,4,4,4,5,4,Concepts explained clearly.,Positive,2025-12-14
3789,ST0138,F012,SUB013,1,1,2,2,1,1,Class was not engaging.,Negative,2025-11-01
3790,ST0569,F030,SUB004,3,4,4,3,4,3,Can improve interaction.,Neutral,2025-01-28
3791,ST0551,F017,SUB010,5,4,5,4,4,5,Great practical sessions.,Positive,2025-04-19
3792,ST0937,F007,SUB011,1,2,2,2,1,1,Concepts not explained clearly.,Negative,2025-03-22
3793,ST0875,F020,SUB001,5,5,5,5,5,5,Very interactive class.,Positive,2025-06-11
3794,ST0591,F003,SUB013,5,5,5,4,5,5,Excellent teaching and explanation.,Positive,2025-09-29
3795,ST0013,F029,SUB015,5,4,5,4,5,4,Very interactive class.,Positive,2025-03-25
3796,ST0492,F014,SUB027,1,2,2,1,2,2,Concepts not explained clearly.,Negative,2025-05-22
3797,ST0901,F020,SUB026,4,4,4,5,4,4,Great practical sessions.,Positive,2025-05-27
3798,ST0240,F030,SUB024,2,2,2,2,2,1,Class was not engaging.,Negative,2025-07-26
3799,ST0282,F009,SUB002,5,4,4,5,4,5,Very interactive class.,Positive,2025-04-10
3800,ST0114,F021,SUB001,5,5,5,4,5,4,Helpful and supportive faculty.,Positive,2025-07-17
3801,ST0101,F027,SUB015,5,4,4,4,4,4,Very interactive class.,Positive,2025-09-21
3802,ST0413,F038,SUB002,1,2,2,2,1,1,Needs improvement in teaching.,Negative,2025-04-05
3803,ST0934,F008,SUB008,4,4,4,5,4,5,Excellent teaching and explanation.,Positive,2025-07-29
3804,ST0750,F036,SUB011,5,4,5,5,4,5,Great practical sessions.,Positive,2025-06-30
3805,ST0610,F017,SUB018,4,4,4,4,5,4,Excellent teaching and explanation.,Positive,2025-02-01
3806,ST0308,F026,SUB018,4,4,5,5,4,4,Concepts explained clearly.,Positive,2025-01-30
3807,ST0768,F016,SUB022,5,4,5,5,4,5,Great practical sessions.,Positive,2025-12-23
3808,ST0944,F022,SUB015,4,5,5,4,4,4,Great practical sessions.,Positive,2025-03-29
3809,ST0462,F039,SUB021,4,5,4,5,4,5,Concepts explained clearly.,Positive,2025-05-20
3810,ST0721,F034,SUB017,2,2,1,1,2,1,Practicals were insufficient.,Negative,2025-04-26
3811,ST0590,F036,SUB030,5,4,5,5,5,5,Great practical sessions.,Positive,2025-08-09
3812,ST0972,F004,SUB011,5,5,5,4,4,5,Very interactive class.,Positive,2025-10-26
3813,ST0023,F030,SUB030,4,4,3,4,4,3,Average teaching experience.,Neutral,2025-02-23
3814,ST0635,F030,SUB015,4,5,4,4,5,4,Very interactive class.,Positive,2025-09-21
3815,ST0994,F033,SUB009,2,2,2,1,2,2,Class was not engaging.,Negative,2025-07-11
3816,ST0787,F039,SUB019,3,4,3,3,4,3,Class was okay.,Neutral,2025-06-12
3817,ST0336,F025,SUB021,5,4,4,5,4,4,Helpful and supportive faculty.,Positive,2025-05-08
3818,ST0753,F036,SUB018,2,1,2,1,1,2,Needs better communication.,Negative,2025-03-01
3819,ST1000,F008,SUB003,4,5,5,5,4,5,Great practical sessions.,Positive,2025-04-19
3820,ST0915,F013,SUB029,1,1,2,2,2,1,Class was not engaging.,Negative,2025-01-17
3821,ST0153,F008,SUB019,4,4,3,4,3,3,Class was okay.,Neutral,2025-11-01
3822,ST0955,F006,SUB010,4,3,3,3,4,3,Need more examples.,Neutral,2025-12-26
3823,ST0329,F037,SUB006,5,5,4,5,4,5,Concepts explained clearly.,Positive,2025-04-15
3824,ST0880,F038,SUB027,5,5,5,4,5,5,Excellent teaching and explanation.,Positive,2025-11-27
3825,ST0691,F010,SUB010,3,3,4,4,3,3,Need more examples.,Neutral,2025-08-28
3826,ST0555,F018,SUB028,5,4,4,5,5,5,Excellent teaching and explanation.,Positive,2025-06-03
3827,ST0475,F007,SUB021,3,3,3,4,4,4,Class was okay.,Neutral,2025-09-11
3828,ST0973,F012,SUB017,4,5,4,4,5,4,Very interactive class.,Positive,2025-01-31
3829,ST0658,F017,SUB008,5,4,5,5,5,5,Great practical sessions.,Positive,2025-10-13
3830,ST0098,F025,SUB010,1,1,1,1,1,2,Needs better communication.,Negative,2025-11-26
3831,ST0309,F022,SUB004,4,4,5,4,5,4,Very interactive class.,Positive,2025-08-31
3832,ST0451,F029,SUB012,1,1,1,2,1,1,Class was not engaging.,Negative,2025-05-18
3833,ST0019,F023,SUB009,3,3,3,3,3,3,Need more examples.,Neutral,2025-10-20
3834,ST0636,F028,SUB018,5,5,4,4,4,5,Excellent teaching and explanation.,Positive,2025-02-05
3835,ST0264,F012,SUB013,3,4,3,3,3,3,Average teaching experience.,Neutral,2025-04-03
3836,ST0243,F016,SUB008,4,4,5,4,4,4,Excellent teaching and explanation.,Positive,2025-09-18
3837,ST0357,F005,SUB008,3,3,4,4,3,4,Average teaching experience.,Neutral,2025-11-19
3838,ST0140,F031,SUB028,5,5,5,5,4,4,Very interactive class.,Positive,2025-07-29
3839,ST0125,F033,SUB019,3,4,4,4,4,3,Need more examples.,Neutral,2025-10-08
3840,ST0611,F008,SUB012,5,4,5,4,5,4,Concepts explained clearly.,Positive,2025-08-01
3841,ST0668,F001,SUB016,1,1,1,1,2,1,Practicals were insufficient.,Negative,2025-11-28
3842,ST0208,F028,SUB001,5,4,5,4,5,5,Excellent teaching and explanation.,Positive,2025-10-25
3843,ST0878,F007,SUB005,4,4,4,4,4,5,Great practical sessions.,Positive,2025-01-07
3844,ST0702,F001,SUB028,1,1,2,1,1,1,Needs improvement in teaching.,Negative,2025-02-22
3845,ST0817,F014,SUB020,4,5,5,5,5,5,Excellent teaching and explanation.,Positive,2025-04-25
3846,ST0428,F013,SUB023,1,1,1,1,1,1,Practicals were insufficient.,Negative,2025-05-23
3847,ST0099,F037,SUB003,4,5,4,4,5,4,Concepts explained clearly.,Positive,2025-02-19
3848,ST0703,F002,SUB019,4,4,5,5,5,5,Concepts explained clearly.,Positive,2025-06-01
3849,ST0234,F039,SUB010,4,5,5,5,4,5,Concepts explained clearly.,Positive,2025-06-24
3850,ST0049,F021,SUB030,4,4,5,5,5,5,Concepts explained clearly.,Positive,2025-11-30
3851,ST0544,F019,SUB004,4,3,3,4,3,3,Class was okay.,Neutral,2025-05-20
3852,ST0747,F001,SUB022,2,2,2,1,1,1,Concepts not explained clearly.,Negative,2025-06-07
3853,ST0195,F030,SUB029,5,5,5,4,5,4,Very interactive class.,Positive,2025-08-25
3854,ST0216,F002,SUB016,4,4,4,5,4,4,Great practical sessions.,Positive,2025-10-14
3855,ST0686,F017,SUB010,5,4,5,4,5,4,Helpful and supportive faculty.,Positive,2025-12-10
3856,ST0239,F027,SUB029,4,3,4,3,4,3,Satisfactory explanation.,Neutral,2025-10-06
3857,ST0282,F003,SUB010,4,5,5,4,5,5,Very interactive class.,Positive,2025-01-15
3858,ST0355,F015,SUB016,4,5,4,5,5,5,Helpful and supportive faculty.,Positive,2025-10-24
3859,ST0635,F019,SUB028,3,3,3,3,4,4,Average teaching experience.,Neutral,2025-01-26
3860,ST0451,F035,SUB030,4,4,4,5,4,5,Very interactive class.,Positive,2025-03-10
3861,ST0849,F030,SUB024,5,5,4,4,5,4,Excellent teaching and explanation.,Positive,2025-01-08
3862,ST0655,F013,SUB029,5,4,5,5,4,4,Concepts explained clearly.,Positive,2025-02-21
3863,ST0554,F026,SUB014,4,4,5,5,4,4,Helpful and supportive faculty.,Positive,2025-12-12
3864,ST0926,F026,SUB003,5,5,5,4,4,4,Very interactive class.,Positive,2025-07-27
3865,ST0634,F029,SUB021,5,5,5,5,5,4,Concepts explained clearly.,Positive,2025-09-30
3866,ST0505,F027,SUB005,3,4,3,4,3,4,Class was okay.,Neutral,2025-03-20
3867,ST0688,F020,SUB012,5,5,5,5,4,5,Excellent teaching and explanation.,Positive,2025-12-31
3868,ST0478,F040,SUB016,2,1,1,2,2,1,Class was not engaging.,Negative,2025-01-16
3869,ST0815,F023,SUB005,4,4,5,4,4,4,Great practical sessions.,Positive,2025-01-19
3870,ST0113,F016,SUB030,5,4,5,4,5,4,Helpful and supportive faculty.,Positive,2025-09-29
3871,ST0241,F005,SUB022,4,5,5,4,5,4,Excellent teaching and explanation.,Positive,2025-02-16
3872,ST0202,F026,SUB016,2,1,1,1,1,2,Practicals were insufficient.,Negative,2025-11-12
3873,ST0174,F010,SUB010,4,4,4,5,5,5,Concepts explained clearly.,Positive,2025-01-06
3874,ST0452,F005,SUB005,5,4,5,4,5,4,Helpful and supportive faculty.,Positive,2025-12-22
3875,ST0225,F013,SUB017,4,4,4,5,5,4,Great practical sessions.,Positive,2025-10-13
3876,ST0581,F024,SUB007,4,5,4,4,4,4,Very interactive class.,Positive,2025-11-22
3877,ST0690,F028,SUB001,4,5,4,4,4,5,Very interactive class.,Positive,2025-09-02
3878,ST0918,F018,SUB019,5,4,4,5,4,5,Great practical sessions.,Positive,2025-01-09
3879,ST0404,F035,SUB017,5,4,4,5,5,4,Very interactive class.,Positive,2025-06-15
3880,ST0991,F040,SUB009,5,5,4,4,4,4,Very interactive class.,Positive,2025-12-29
3881,ST0640,F003,SUB023,4,4,4,5,4,4,Concepts explained clearly.,Positive,2025-09-14
3882,ST0682,F029,SUB004,5,5,5,4,5,5,Concepts explained clearly.,Positive,2025-04-06
3883,ST0442,F033,SUB012,4,4,4,4,3,3,Satisfactory explanation.,Neutral,2025-03-18
3884,ST0195,F015,SUB002,5,5,4,4,4,4,Helpful and supportive faculty.,Positive,2025-04-03
3885,ST0926,F008,SUB027,5,5,4,5,5,5,Helpful and supportive faculty.,Positive,2025-10-31
3886,ST0761,F008,SUB017,3,4,4,4,4,4,Need more examples.,Neutral,2025-11-07
3887,ST0588,F013,SUB022,4,4,5,5,5,4,Helpful and supportive faculty.,Positive,2025-03-16
3888,ST0813,F021,SUB013,3,3,3,4,3,3,Can improve interaction.,Neutral,2025-11-28
3889,ST0550,F040,SUB012,4,3,3,4,3,3,Average teaching experience.,Neutral,2025-10-31
3890,ST0470,F021,SUB014,5,4,5,4,4,5,Helpful and supportive faculty.,Positive,2025-11-13
3891,ST0887,F031,SUB008,5,5,5,4,4,4,Great practical sessions.,Positive,2025-05-13
3892,ST0708,F002,SUB004,1,2,2,1,1,1,Practicals were insufficient.,Negative,2025-10-03
3893,ST0659,F005,SUB017,2,1,1,1,1,1,Practicals were insufficient.,Negative,2025-05-16
3894,ST0617,F013,SUB011,4,4,5,4,5,4,Great practical sessions.,Positive,2025-04-05
3895,ST0445,F006,SUB009,3,4,3,4,4,4,Average teaching experience.,Neutral,2025-08-16
3896,ST0462,F003,SUB017,4,3,3,4,3,3,Satisfactory explanation.,Neutral,2025-10-09
3897,ST0438,F028,SUB009,5,5,5,5,4,4,Excellent teaching and explanation.,Positive,2025-02-08
3898,ST0928,F031,SUB006,4,4,4,5,4,5,Concepts explained clearly.,Positive,2025-12-29
3899,ST0465,F006,SUB007,5,5,4,4,4,5,Helpful and supportive faculty.,Positive,2025-08-02
3900,ST0543,F006,SUB007,4,5,4,5,4,4,Very interactive class.,Positive,2025-03-31
3901,ST0750,F039,SUB004,4,3,3,3,4,4,Class was okay.,Neutral,2025-01-12
3902,ST0343,F030,SUB021,2,1,1,1,1,2,Needs improvement in teaching.,Negative,2025-12-10
3903,ST0112,F019,SUB016,5,5,5,5,4,4,Helpful and supportive faculty.,Positive,2025-11-04
3904,ST0182,F029,SUB007,1,2,1,1,1,2,Concepts not explained clearly.,Negative,2025-04-01
3905,ST0594,F030,SUB008,4,4,4,5,4,4,Very interactive class.,Positive,2025-12-06
3906,ST0261,F024,SUB017,4,4,3,3,4,4,Class was okay.,Neutral,2025-06-18
3907,ST0126,F015,SUB028,1,1,1,2,2,1,Class was not engaging.,Negative,2025-01-16
3908,ST0883,F003,SUB024,5,5,5,4,5,4,Very interactive class.,Positive,2025-11-01
3909,ST0040,F012,SUB018,3,3,4,3,4,3,Can improve interaction.,Neutral,2025-11-05
3910,ST0418,F025,SUB020,5,4,5,5,4,5,Helpful and supportive faculty.,Positive,2025-02-23
3911,ST0305,F026,SUB013,3,4,3,4,3,3,Average teaching experience.,Neutral,2025-02-02
3912,ST0955,F037,SUB013,4,4,5,5,4,4,Helpful and supportive faculty.,Positive,2025-10-07
3913,ST0137,F007,SUB002,4,5,5,4,4,4,Very interactive class.,Positive,2025-08-17
3914,ST0293,F012,SUB022,4,4,4,4,4,4,Concepts explained clearly.,Positive,2025-08-02
3915,ST0003,F039,SUB028,4,4,3,4,3,3,Satisfactory explanation.,Neutral,2025-02-11
3916,ST0718,F023,SUB009,4,5,5,5,4,5,Helpful and supportive faculty.,Positive,2025-05-18
3917,ST0476,F015,SUB029,4,4,5,5,4,5,Helpful and supportive faculty.,Positive,2025-04-20
3918,ST0625,F034,SUB009,4,4,4,4,4,5,Very interactive class.,Positive,2025-01-30
3919,ST0094,F015,SUB013,1,1,1,1,1,1,Concepts not explained clearly.,Negative,2025-08-10
3920,ST0709,F009,SUB025,4,4,4,5,4,4,Helpful and supportive faculty.,Positive,2025-09-17
3921,ST0822,F019,SUB015,5,4,5,5,5,4,Excellent teaching and explanation.,Positive,2025-08-27
3922,ST0112,F026,SUB005,5,4,4,4,4,4,Great practical sessions.,Positive,2025-11-14
3923,ST0916,F024,SUB013,3,4,4,4,4,3,Class was okay.,Neutral,2025-11-24
3924,ST0691,F014,SUB009,5,4,4,4,5,5,Helpful and supportive faculty.,Positive,2025-09-27
3925,ST0177,F007,SUB013,1,2,2,1,1,2,Needs improvement in teaching.,Negative,2025-06-05
3926,ST0857,F031,SUB005,1,1,2,2,2,2,Needs improvement in teaching.,Negative,2025-09-04
3927,ST0306,F029,SUB015,4,5,4,4,5,4,Great practical sessions.,Positive,2025-09-19
3928,ST0239,F026,SUB017,4,5,4,4,4,5,Very interactive class.,Positive,2025-05-16
3929,ST0597,F012,SUB029,1,2,2,2,1,2,Class was not engaging.,Negative,2025-03-13
3930,ST0807,F011,SUB027,3,4,4,3,4,4,Average teaching experience.,Neutral,2025-08-08
3931,ST0207,F032,SUB006,3,4,4,3,3,4,Can improve interaction.,Neutral,2025-05-12
3932,ST0390,F015,SUB025,4,5,5,4,4,5,Concepts explained clearly.,Positive,2025-03-10
3933,ST0429,F002,SUB030,4,4,4,4,3,3,Can improve interaction.,Neutral,2025-06-13
3934,ST0389,F016,SUB012,3,4,4,4,3,3,Can improve interaction.,Neutral,2025-06-15
3935,ST0978,F011,SUB030,4,4,5,4,4,4,Concepts explained clearly.,Positive,2025-12-17
3936,ST0887,F027,SUB005,4,5,4,5,5,4,Concepts explained clearly.,Positive,2025-05-14
3937,ST0430,F022,SUB030,5,4,4,4,4,5,Very interactive class.,Positive,2025-08-21
3938,ST0755,F027,SUB022,4,4,5,5,5,4,Concepts explained clearly.,Positive,2025-04-02
3939,ST0160,F003,SUB019,5,4,4,5,4,5,Helpful and supportive faculty.,Positive,2025-11-07
3940,ST0607,F002,SUB005,4,4,5,5,5,4,Great practical sessions.,Positive,2025-01-31
3941,ST0488,F017,SUB011,4,5,5,4,5,4,Helpful and supportive faculty.,Positive,2025-11-24
3942,ST0850,F020,SUB006,5,4,4,4,5,5,Helpful and supportive faculty.,Positive,2025-02-01
3943,ST0801,F002,SUB021,3,4,4,4,4,4,Can improve interaction.,Neutral,2025-12-18
3944,ST0275,F033,SUB025,4,4,4,4,4,4,Great practical sessions.,Positive,2025-07-20
3945,ST0273,F029,SUB020,4,4,4,5,4,4,Helpful and supportive faculty.,Positive,2025-10-27
3946,ST0709,F038,SUB017,4,4,4,5,5,4,Great practical sessions.,Positive,2025-12-05
3947,ST0446,F028,SUB027,1,1,2,2,2,2,Class was not engaging.,Negative,2025-05-30
3948,ST0452,F024,SUB020,3,3,3,4,4,3,Need more examples.,Neutral,2025-07-24
3949,ST0292,F016,SUB010,2,1,1,2,1,1,Practicals were insufficient.,Negative,2025-10-25
3950,ST0533,F037,SUB013,4,4,5,5,4,4,Helpful and supportive faculty.,Positive,2025-05-23
3951,ST0909,F038,SUB024,5,4,5,5,4,4,Concepts explained clearly.,Positive,2025-01-21
3952,ST0565,F002,SUB003,4,5,4,4,5,5,Helpful and supportive faculty.,Positive,2025-05-06
3953,ST0187,F031,SUB008,5,5,5,4,4,5,Helpful and supportive faculty.,Positive,2025-01-15
3954,ST0354,F037,SUB007,3,3,4,3,4,3,Need more examples.,Neutral,2025-12-08
3955,ST0076,F036,SUB006,4,4,5,4,5,5,Excellent teaching and explanation.,Positive,2025-09-16
3956,ST0807,F023,SUB018,5,4,4,5,5,4,Helpful and supportive faculty.,Positive,2025-08-11
3957,ST0417,F036,SUB002,5,4,5,4,5,4,Concepts explained clearly.,Positive,2025-08-25
3958,ST0313,F039,SUB014,5,5,5,5,4,4,Excellent teaching and explanation.,Positive,2025-08-11
3959,ST0750,F038,SUB030,4,4,4,5,5,5,Excellent teaching and explanation.,Positive,2025-02-02
3960,ST0518,F004,SUB022,1,2,2,2,1,1,Practicals were insufficient.,Negative,2025-05-26
3961,ST0869,F024,SUB024,5,5,4,5,5,5,Excellent teaching and explanation.,Positive,2025-09-23
3962,ST0098,F026,SUB024,3,3,4,3,3,3,Can improve interaction.,Neutral,2025-12-02
3963,ST0573,F034,SUB022,4,4,5,4,5,4,Very interactive class.,Positive,2025-11-02
3964,ST0962,F031,SUB029,1,1,1,2,1,2,Concepts not explained clearly.,Negative,2025-09-17
3965,ST0100,F018,SUB002,4,4,5,4,5,5,Excellent teaching and explanation.,Positive,2025-02-11
3966,ST0786,F039,SUB029,2,1,1,2,1,1,Class was not engaging.,Negative,2025-09-17
3967,ST0096,F029,SUB019,1,1,1,1,1,1,Needs better communication.,Negative,2025-08-23
3968,ST0436,F038,SUB012,2,2,2,1,2,2,Class was not engaging.,Negative,2025-08-23
3969,ST0462,F008,SUB001,5,5,5,5,4,4,Helpful and supportive faculty.,Positive,2025-03-26
3970,ST0890,F012,SUB019,5,4,4,5,4,5,Excellent teaching and explanation.,Positive,2025-02-15
3971,ST0100,F012,SUB023,5,4,5,5,5,4,Very interactive class.,Positive,2025-11-04
3972,ST0034,F017,SUB023,2,1,1,1,2,2,Class was not engaging.,Negative,2025-09-17
3973,ST0419,F016,SUB007,4,4,5,5,5,5,Great practical sessions.,Positive,2025-07-02
3974,ST0230,F028,SUB027,3,3,4,4,3,4,Satisfactory explanation.,Neutral,2025-10-03
3975,ST0757,F026,SUB023,1,2,1,2,1,2,Class was not engaging.,Negative,2025-07-13
3976,ST0785,F008,SUB003,5,5,5,5,4,4,Helpful and supportive faculty.,Positive,2025-05-26
3977,ST0617,F017,SUB027,4,4,4,4,5,4,Very interactive class.,Positive,2025-03-23
3978,ST0055,F035,SUB027,4,4,4,3,3,4,Can improve interaction.,Neutral,2025-02-25
3979,ST0723,F032,SUB003,5,4,5,5,4,5,Excellent teaching and explanation.,Positive,2025-05-29
3980,ST0546,F002,SUB019,4,3,3,3,4,3,Class was okay.,Neutral,2025-04-08
3981,ST0957,F027,SUB010,5,4,4,4,5,4,Helpful and supportive faculty.,Positive,2025-08-04
3982,ST0902,F011,SUB006,5,5,5,4,5,5,Excellent teaching and explanation.,Positive,2025-08-31
3983,ST0858,F026,SUB007,3,4,4,4,3,4,Need more examples.,Neutral,2025-07-07
3984,ST0328,F033,SUB030,4,4,5,4,5,4,Excellent teaching and explanation.,Positive,2025-06-22
3985,ST0268,F014,SUB006,5,5,5,4,5,5,Helpful and supportive faculty.,Positive,2025-03-17
3986,ST0040,F013,SUB006,4,4,5,5,4,5,Concepts explained clearly.,Positive,2025-11-01
3987,ST0609,F009,SUB022,1,1,1,2,1,1,Concepts not explained clearly.,Negative,2025-07-08
3988,ST0134,F035,SUB005,4,4,3,3,3,4,Class was okay.,Neutral,2025-05-30
3989,ST0850,F006,SUB012,4,5,4,5,5,4,Helpful and supportive faculty.,Positive,2025-07-28
3990,ST0066,F004,SUB018,4,5,4,5,5,5,Very interactive class.,Positive,2025-04-10
3991,ST0121,F010,SUB017,5,4,4,5,4,4,Very interactive class.,Positive,2025-05-27
3992,ST0827,F011,SUB029,5,5,4,4,5,4,Very interactive class.,Positive,2025-10-11
3993,ST0276,F001,SUB005,5,5,4,5,5,5,Excellent teaching and explanation.,Positive,2025-12-29
3994,ST0183,F034,SUB005,3,4,3,3,3,4,Need more examples.,Neutral,2025-01-28
3995,ST0481,F028,SUB015,5,4,4,5,5,4,Excellent teaching and explanation.,Positive,2025-07-22
3996,ST0746,F012,SUB026,4,5,5,4,5,5,Excellent teaching and explanation.,Positive,2025-04-21
3997,ST0430,F040,SUB019,4,4,5,5,5,4,Very interactive class.,Positive,2025-11-08
3998,ST0230,F021,SUB020,4,3,3,4,4,4,Class was okay.,Neutral,2025-10-01
3999,ST0454,F016,SUB022,3,3,4,4,3,4,Can improve interaction.,Neutral,2025-08-05
4000,ST0874,F037,SUB021,5,5,5,5,4,5,Concepts explained clearly.,Positive,2025-10-17
4001,ST0779,F006,SUB027,4,4,3,3,3,3,Can improve interaction.,Neutral,2025-02-03
4002,ST0208,F020,SUB006,3,4,4,4,4,4,Can improve interaction.,Neutral,2025-08-03
4003,ST0493,F014,SUB028,4,3,3,4,3,3,Can improve interaction.,Neutral,2025-02-17
4004,ST0277,F003,SUB013,4,5,5,4,4,4,Very interactive class.,Positive,2025-04-01
4005,ST0805,F001,SUB016,5,4,5,5,4,5,Very interactive class.,Positive,2025-08-04
4006,ST0754,F024,SUB008,5,5,5,4,5,4,Concepts explained clearly.,Positive,2025-03-07
4007,ST0324,F011,SUB014,4,4,5,4,4,4,Concepts explained clearly.,Positive,2025-05-31
4008,ST0633,F040,SUB024,4,3,3,3,3,4,Can improve interaction.,Neutral,2025-06-27
4009,ST0959,F015,SUB011,4,4,5,5,4,5,Helpful and supportive faculty.,Positive,2025-09-24
4010,ST0794,F022,SUB026,3,4,4,4,3,4,Need more examples.,Neutral,2025-08-10
4011,ST0382,F009,SUB013,3,4,4,4,4,4,Need more examples.,Neutral,2025-01-26
4012,ST0887,F011,SUB005,5,5,4,5,5,5,Concepts explained clearly.,Positive,2025-02-14
4013,ST0261,F025,SUB028,4,4,5,4,5,4,Helpful and supportive faculty.,Positive,2025-06-12
4014,ST0754,F003,SUB014,2,1,1,1,1,2,Practicals were insufficient.,Negative,2025-02-22
4015,ST0898,F023,SUB015,4,5,5,5,4,4,Very interactive class.,Positive,2025-02-23
4016,ST0285,F005,SUB030,5,4,5,5,5,5,Helpful and supportive faculty.,Positive,2025-07-27
4017,ST0667,F028,SUB026,3,3,4,4,3,3,Class was okay.,Neutral,2025-05-29
4018,ST0225,F024,SUB015,4,5,5,4,4,5,Helpful and supportive faculty.,Positive,2025-07-01
4019,ST0251,F035,SUB018,4,4,5,5,5,5,Excellent teaching and explanation.,Positive,2025-01-25
4020,ST0779,F028,SUB020,3,4,3,3,3,4,Need more examples.,Neutral,2025-05-31
4021,ST0597,F012,SUB020,5,5,4,4,4,4,Helpful and supportive faculty.,Positive,2025-02-12
4022,ST0374,F017,SUB006,4,3,3,3,3,4,Class was okay.,Neutral,2025-10-22
4023,ST0299,F014,SUB013,4,3,3,4,3,4,Satisfactory explanation.,Neutral,2025-03-01
4024,ST0489,F017,SUB022,3,4,4,3,3,4,Need more examples.,Neutral,2025-12-06
4025,ST0214,F009,SUB017,4,4,4,4,4,5,Very interactive class.,Positive,2025-07-14
4026,ST0011,F018,SUB016,5,4,4,5,4,5,Excellent teaching and explanation.,Positive,2025-01-24
4027,ST0860,F012,SUB016,4,4,4,5,5,4,Excellent teaching and explanation.,Positive,2025-05-01
4028,ST0218,F032,SUB025,4,5,5,4,5,4,Helpful and supportive faculty.,Positive,2025-06-11
4029,ST0561,F005,SUB014,5,4,4,5,5,4,Concepts explained clearly.,Positive,2025-12-12
4030,ST0272,F009,SUB011,3,3,4,4,3,4,Can improve interaction.,Neutral,2025-10-15
4031,ST0059,F021,SUB023,5,5,5,4,5,5,Concepts explained clearly.,Positive,2025-12-04
4032,ST0304,F014,SUB022,2,1,1,2,1,2,Class was not engaging.,Negative,2025-11-03
4033,ST0634,F033,SUB012,5,5,5,4,4,4,Great practical sessions.,Positive,2025-06-18
4034,ST0310,F031,SUB029,4,4,5,4,5,4,Excellent teaching and explanation.,Positive,2025-06-24
4035,ST0648,F028,SUB003,3,3,3,3,4,3,Class was okay.,Neutral,2025-12-22
4036,ST0630,F004,SUB026,3,3,4,4,3,3,Satisfactory explanation.,Neutral,2025-05-18
4037,ST0910,F019,SUB004,4,4,4,4,4,4,Average teaching experience.,Neutral,2025-10-07
4038,ST0965,F011,SUB030,5,5,5,5,5,4,Helpful and supportive faculty.,Positive,2025-02-14
4039,ST0894,F013,SUB011,3,4,3,4,3,3,Class was okay.,Neutral,2025-03-08
4040,ST0453,F018,SUB027,5,5,4,4,4,5,Helpful and supportive faculty.,Positive,2025-08-25
4041,ST0597,F012,SUB022,3,4,4,3,3,4,Satisfactory explanation.,Neutral,2025-01-09
4042,ST0963,F008,SUB007,5,5,4,4,5,5,Very interactive class.,Positive,2025-08-19
4043,ST0578,F014,SUB029,3,3,4,4,4,4,Satisfactory explanation.,Neutral,2025-09-09
4044,ST0158,F035,SUB023,5,5,4,4,4,4,Concepts explained clearly.,Positive,2025-09-22
4045,ST0813,F029,SUB018,1,2,1,2,1,2,Practicals were insufficient.,Negative,2025-02-25
4046,ST0315,F008,SUB004,5,5,5,4,5,5,Helpful and supportive faculty.,Positive,2025-09-29
4047,ST0645,F023,SUB011,4,5,4,4,4,5,Concepts explained clearly.,Positive,2025-01-05
4048,ST0182,F040,SUB024,4,3,3,3,3,4,Class was okay.,Neutral,2025-02-01
4049,ST0241,F025,SUB010,4,4,4,5,4,5,Excellent teaching and explanation.,Positive,2025-02-18
4050,ST0429,F034,SUB009,5,5,5,5,5,4,Helpful and supportive faculty.,Positive,2025-06-29
4051,ST0430,F019,SUB011,4,4,4,5,5,4,Concepts explained clearly.,Positive,2025-04-07
4052,ST0553,F032,SUB023,4,4,4,4,5,4,Concepts explained clearly.,Positive,2025-10-21
4053,ST0923,F040,SUB013,3,3,4,3,4,4,Can improve interaction.,Neutral,2025-01-21
4054,ST0504,F010,SUB006,2,2,2,2,1,2,Practicals were insufficient.,Negative,2025-09-27
4055,ST0146,F021,SUB023,4,5,5,5,5,4,Great practical sessions.,Positive,2025-03-13
4056,ST0025,F001,SUB007,4,4,3,3,3,3,Average teaching experience.,Neutral,2025-06-09
4057,ST0798,F019,SUB013,5,4,5,5,5,4,Great practical sessions.,Positive,2025-05-20
4058,ST0325,F027,SUB025,4,5,5,5,5,5,Concepts explained clearly.,Positive,2025-06-17
4059,ST0184,F027,SUB020,5,5,4,4,5,5,Helpful and supportive faculty.,Positive,2025-11-10
4060,ST0677,F032,SUB010,4,4,4,3,3,3,Can improve interaction.,Neutral,2025-09-22
4061,ST0900,F039,SUB009,4,4,3,4,3,4,Satisfactory explanation.,Neutral,2025-08-07
4062,ST0941,F025,SUB003,5,5,5,5,4,5,Helpful and supportive faculty.,Positive,2025-06-10
4063,ST0352,F017,SUB030,4,4,4,5,4,4,Concepts explained clearly.,Positive,2025-03-21
4064,ST0357,F010,SUB027,5,4,5,5,4,5,Concepts explained clearly.,Positive,2025-06-27
4065,ST0858,F033,SUB016,4,5,4,5,4,5,Very interactive class.,Positive,2025-09-25
4066,ST0256,F015,SUB021,4,5,4,5,4,5,Helpful and supportive faculty.,Positive,2025-05-29
4067,ST0516,F035,SUB012,3,3,3,4,4,3,Satisfactory explanation.,Neutral,2025-11-24
4068,ST0788,F020,SUB018,4,4,5,4,5,5,Helpful and supportive faculty.,Positive,2025-11-16
4069,ST0418,F020,SUB016,5,5,4,5,4,5,Excellent teaching and explanation.,Positive,2025-09-17
4070,ST0178,F038,SUB006,4,4,4,4,5,4,Concepts explained clearly.,Positive,2025-05-08
4071,ST0537,F024,SUB012,4,4,5,5,4,4,Helpful and supportive faculty.,Positive,2025-10-03
4072,ST0863,F036,SUB007,4,5,4,4,4,5,Very interactive class.,Positive,2025-01-13
4073,ST0537,F018,SUB009,3,3,3,4,4,3,Satisfactory explanation.,Neutral,2025-07-25
4074,ST0700,F026,SUB011,4,5,4,4,4,4,Helpful and supportive faculty.,Positive,2025-06-11
4075,ST0066,F004,SUB017,4,5,5,5,4,4,Concepts explained clearly.,Positive,2025-05-18
4076,ST0006,F021,SUB024,5,4,4,4,4,5,Excellent teaching and explanation.,Positive,2025-01-12
4077,ST0302,F002,SUB004,5,4,5,4,4,4,Excellent teaching and explanation.,Positive,2025-05-11
4078,ST0045,F034,SUB029,5,5,5,4,5,4,Great practical sessions.,Positive,2025-02-17
4079,ST0543,F016,SUB026,4,4,3,4,3,4,Class was okay.,Neutral,2025-04-15
4080,ST0775,F032,SUB012,1,1,1,2,1,1,Needs better communication.,Negative,2025-05-22
4081,ST0589,F038,SUB030,3,3,3,3,3,4,Average teaching experience.,Neutral,2025-01-13
4082,ST0227,F008,SUB008,5,5,4,5,4,4,Helpful and supportive faculty.,Positive,2025-08-21
4083,ST0804,F023,SUB003,4,5,4,4,5,4,Helpful and supportive faculty.,Positive,2025-08-24
4084,ST0487,F019,SUB001,2,1,2,1,1,1,Concepts not explained clearly.,Negative,2025-06-11
4085,ST0880,F006,SUB030,3,4,3,3,3,4,Class was okay.,Neutral,2025-05-06
4086,ST0004,F040,SUB004,4,5,5,5,5,4,Excellent teaching and explanation.,Positive,2025-11-25
4087,ST0076,F029,SUB003,4,4,4,5,5,5,Helpful and supportive faculty.,Positive,2025-05-30
4088,ST0722,F030,SUB015,4,5,5,4,4,5,Very interactive class.,Positive,2025-02-02
4089,ST1000,F001,SUB003,4,4,4,5,4,5,Helpful and supportive faculty.,Positive,2025-12-19
4090,ST0528,F006,SUB022,2,1,2,2,1,2,Class was not engaging.,Negative,2025-03-21
4091,ST0191,F026,SUB009,4,4,4,4,5,5,Great practical sessions.,Positive,2025-11-24
4092,ST0097,F029,SUB012,5,4,4,5,5,4,Great practical sessions.,Positive,2025-11-17
4093,ST0609,F025,SUB022,5,5,5,4,5,5,Excellent teaching and explanation.,Positive,2025-03-15
4094,ST0910,F037,SUB004,5,4,5,4,4,4,Excellent teaching and explanation.,Positive,2025-09-01
4095,ST0541,F002,SUB022,4,3,4,3,3,3,Can improve interaction.,Neutral,2025-02-24
4096,ST0516,F026,SUB003,4,5,5,5,5,4,Very interactive class.,Positive,2025-12-17
4097,ST0476,F005,SUB024,1,1,1,1,2,1,Concepts not explained clearly.,Negative,2025-06-08
4098,ST0708,F017,SUB023,4,4,5,5,5,4,Excellent teaching and explanation.,Positive,2025-06-14
4099,ST0417,F015,SUB018,5,5,5,5,4,4,Great practical sessions.,Positive,2025-06-03
4100,ST0330,F021,SUB011,4,3,3,3,3,3,Need more examples.,Neutral,2025-03-13
4101,ST0084,F017,SUB011,5,5,4,4,5,4,Excellent teaching and explanation.,Positive,2025-02-19
4102,ST0953,F017,SUB015,4,4,3,3,4,3,Need more examples.,Neutral,2025-07-23
4103,ST0800,F025,SUB012,1,2,2,1,2,2,Practicals were insufficient.,Negative,2025-03-06
4104,ST0358,F003,SUB023,4,4,4,5,4,5,Concepts explained clearly.,Positive,2025-11-16
4105,ST0719,F013,SUB002,4,3,4,3,4,3,Need more examples.,Neutral,2025-04-27
4106,ST0827,F012,SUB028,4,4,4,4,3,4,Average teaching experience.,Neutral,2025-05-19
4107,ST0806,F032,SUB018,5,4,4,5,4,4,Excellent teaching and explanation.,Positive,2025-08-01
4108,ST0122,F010,SUB006,5,4,4,5,5,4,Excellent teaching and explanation.,Positive,2025-07-07
4109,ST0043,F017,SUB027,2,2,2,2,2,1,Needs better communication.,Negative,2025-02-21
4110,ST0508,F040,SUB004,5,5,5,4,4,5,Excellent teaching and explanation.,Positive,2025-05-13
4111,ST0856,F036,SUB022,4,3,3,4,4,4,Can improve interaction.,Neutral,2025-04-28
4112,ST0313,F040,SUB018,5,4,4,4,5,5,Very interactive class.,Positive,2025-01-05
4113,ST0546,F037,SUB022,4,5,5,5,4,4,Great practical sessions.,Positive,2025-10-01
4114,ST0728,F025,SUB003,3,3,4,3,4,4,Need more examples.,Neutral,2025-09-23
4115,ST0244,F026,SUB018,4,5,5,4,4,5,Very interactive class.,Positive,2025-05-03
4116,ST0007,F022,SUB002,5,4,4,4,4,5,Excellent teaching and explanation.,Positive,2025-03-14
4117,ST0330,F010,SUB017,5,5,4,5,5,4,Very interactive class.,Positive,2025-04-14
4118,ST0440,F030,SUB016,4,4,3,3,4,3,Satisfactory explanation.,Neutral,2025-10-17
4119,ST0945,F020,SUB023,1,2,1,1,2,2,Needs better communication.,Negative,2025-08-25
4120,ST0245,F034,SUB008,1,2,2,2,2,2,Class was not engaging.,Negative,2025-11-18
4121,ST0816,F040,SUB022,2,2,2,1,1,1,Concepts not explained clearly.,Negative,2025-03-09
4122,ST0252,F018,SUB014,4,5,5,5,4,5,Excellent teaching and explanation.,Positive,2025-04-02
4123,ST0653,F030,SUB019,4,3,4,3,4,4,Can improve interaction.,Neutral,2025-08-25
4124,ST0167,F036,SUB006,1,1,1,1,1,1,Needs better communication.,Negative,2025-06-08
4125,ST0118,F018,SUB030,5,4,5,4,4,5,Helpful and supportive faculty.,Positive,2025-11-24
4126,ST0128,F004,SUB021,4,4,4,4,4,3,Need more examples.,Neutral,2025-10-01
4127,ST0792,F028,SUB016,5,5,5,4,4,4,Great practical sessions.,Positive,2025-08-21
4128,ST0980,F025,SUB001,4,5,4,4,4,5,Very interactive class.,Positive,2025-03-07
4129,ST0685,F014,SUB001,4,4,5,5,4,4,Excellent teaching and explanation.,Positive,2025-05-25
4130,ST0382,F035,SUB029,4,3,3,4,3,4,Class was okay.,Neutral,2025-02-08
4131,ST0077,F009,SUB024,2,1,2,1,2,2,Practicals were insufficient.,Negative,2025-05-26
4132,ST0556,F004,SUB011,5,5,4,5,5,5,Excellent teaching and explanation.,Positive,2025-08-11
4133,ST0443,F005,SUB016,5,5,4,5,4,5,Helpful and supportive faculty.,Positive,2025-11-09
4134,ST0657,F008,SUB027,3,4,3,3,3,3,Can improve interaction.,Neutral,2025-05-31
4135,ST0856,F026,SUB027,5,4,4,5,4,4,Very interactive class.,Positive,2025-03-01
4136,ST0141,F039,SUB012,4,3,3,3,3,3,Average teaching experience.,Neutral,2025-12-31
4137,ST0661,F003,SUB028,4,4,4,3,4,3,Average teaching experience.,Neutral,2025-05-09
4138,ST0844,F003,SUB007,4,4,4,5,5,5,Very interactive class.,Positive,2025-04-12
4139,ST0233,F013,SUB003,3,3,4,4,4,3,Average teaching experience.,Neutral,2025-02-02
4140,ST0276,F004,SUB023,5,5,4,4,5,4,Very interactive class.,Positive,2025-09-05
4141,ST0014,F015,SUB014,2,2,1,1,1,1,Practicals were insufficient.,Negative,2025-11-29
4142,ST0736,F036,SUB021,5,4,5,4,4,4,Very interactive class.,Positive,2025-06-02
4143,ST0084,F026,SUB014,5,5,4,4,4,5,Concepts explained clearly.,Positive,2025-03-13
4144,ST0735,F030,SUB024,5,5,4,5,4,5,Very interactive class.,Positive,2025-02-24
4145,ST0191,F016,SUB024,5,4,4,5,4,4,Excellent teaching and explanation.,Positive,2025-10-10
4146,ST0173,F013,SUB009,5,5,5,5,5,4,Helpful and supportive faculty.,Positive,2025-06-23
4147,ST0734,F027,SUB006,4,4,4,4,5,4,Great practical sessions.,Positive,2025-06-13
4148,ST0957,F038,SUB017,4,5,4,4,5,5,Excellent teaching and explanation.,Positive,2025-02-03
4149,ST0201,F018,SUB006,5,5,5,5,4,4,Excellent teaching and explanation.,Positive,2025-11-26
4150,ST0062,F029,SUB009,4,5,4,4,5,5,Very interactive class.,Positive,2025-04-02
4151,ST0049,F008,SUB012,3,3,4,4,3,4,Need more examples.,Neutral,2025-11-29
4152,ST0102,F037,SUB009,1,1,1,2,1,1,Needs better communication.,Negative,2025-03-25
4153,ST0645,F027,SUB007,5,5,5,5,4,4,Very interactive class.,Positive,2025-11-03
4154,ST0667,F021,SUB013,4,4,3,3,4,3,Can improve interaction.,Neutral,2025-09-21
4155,ST0019,F004,SUB019,4,4,5,5,4,4,Very interactive class.,Positive,2025-12-06
4156,ST0621,F040,SUB001,5,5,4,4,4,5,Great practical sessions.,Positive,2025-02-02
4157,ST0931,F014,SUB010,3,3,3,4,4,4,Need more examples.,Neutral,2025-05-22
4158,ST0539,F004,SUB001,3,3,4,4,4,3,Class was okay.,Neutral,2025-10-24
4159,ST0617,F018,SUB001,3,3,3,4,3,3,Satisfactory explanation.,Neutral,2025-11-04
4160,ST0404,F036,SUB015,5,4,4,5,5,4,Excellent teaching and explanation.,Positive,2025-09-12
4161,ST0398,F001,SUB022,4,5,4,4,4,4,Great practical sessions.,Positive,2025-04-12
4162,ST0835,F021,SUB009,2,1,2,1,1,2,Needs better communication.,Negative,2025-01-14
4163,ST0930,F017,SUB025,4,4,4,5,4,4,Very interactive class.,Positive,2025-01-25
4164,ST0669,F014,SUB028,4,3,4,4,3,4,Satisfactory explanation.,Neutral,2025-07-21
4165,ST0387,F011,SUB030,3,4,4,4,4,4,Satisfactory explanation.,Neutral,2025-07-21
4166,ST0041,F020,SUB018,4,4,5,5,5,4,Very interactive class.,Positive,2025-11-25
4167,ST0957,F036,SUB008,5,5,4,5,4,5,Helpful and supportive faculty.,Positive,2025-07-03
4168,ST0871,F035,SUB023,4,4,3,3,4,3,Class was okay.,Neutral,2025-10-08
4169,ST0639,F014,SUB021,4,4,4,5,4,4,Excellent teaching and explanation.,Positive,2025-06-18
4170,ST0343,F039,SUB015,4,4,4,4,4,4,Satisfactory explanation.,Neutral,2025-12-15
4171,ST0967,F036,SUB021,4,5,4,4,5,4,Concepts explained clearly.,Positive,2025-12-05
4172,ST0494,F028,SUB018,3,4,4,3,4,3,Class was okay.,Neutral,2025-07-09
4173,ST0571,F023,SUB015,2,1,1,1,1,2,Concepts not explained clearly.,Negative,2025-12-04
4174,ST0460,F022,SUB006,4,5,5,4,5,5,Helpful and supportive faculty.,Positive,2025-01-12
4175,ST0806,F012,SUB016,4,5,5,5,5,5,Excellent teaching and explanation.,Positive,2025-02-06
4176,ST0897,F037,SUB030,4,3,4,4,3,3,Class was okay.,Neutral,2025-09-14
4177,ST0006,F017,SUB023,5,4,5,4,4,5,Excellent teaching and explanation.,Positive,2025-04-18
4178,ST0772,F022,SUB005,5,5,5,5,4,4,Excellent teaching and explanation.,Positive,2025-11-21
4179,ST0498,F036,SUB018,5,4,5,4,5,5,Excellent teaching and explanation.,Positive,2025-10-06
4180,ST0610,F006,SUB018,5,5,4,5,4,5,Excellent teaching and explanation.,Positive,2025-10-27
4181,ST0785,F017,SUB009,3,4,4,3,3,3,Can improve interaction.,Neutral,2025-01-06
4182,ST0371,F010,SUB021,5,4,4,5,5,4,Concepts explained clearly.,Positive,2025-12-01
4183,ST0149,F023,SUB008,3,4,3,3,3,3,Average teaching experience.,Neutral,2025-10-11
4184,ST0728,F038,SUB026,4,5,5,5,4,4,Very interactive class.,Positive,2025-10-10
4185,ST0710,F039,SUB020,4,5,5,5,5,4,Excellent teaching and explanation.,Positive,2025-09-03
4186,ST0203,F022,SUB004,5,4,4,5,5,5,Excellent teaching and explanation.,Positive,2025-08-14
4187,ST0392,F040,SUB017,4,4,5,5,5,4,Great practical sessions.,Positive,2025-03-15
4188,ST0920,F002,SUB018,2,1,1,2,2,1,Needs improvement in teaching.,Negative,2025-02-23
4189,ST0349,F015,SUB009,5,4,4,5,5,5,Concepts explained clearly.,Positive,2025-03-19
4190,ST0655,F033,SUB022,5,4,4,5,5,4,Great practical sessions.,Positive,2025-11-03
4191,ST0405,F012,SUB020,1,2,1,2,2,1,Needs better communication.,Negative,2025-02-21
4192,ST0218,F015,SUB001,1,2,1,1,2,2,Needs improvement in teaching.,Negative,2025-09-16
4193,ST0944,F032,SUB011,5,4,5,4,5,5,Helpful and supportive faculty.,Positive,2025-12-14
4194,ST0934,F020,SUB023,4,4,4,4,5,5,Great practical sessions.,Positive,2025-06-18
4195,ST0110,F025,SUB004,5,4,4,4,5,5,Concepts explained clearly.,Positive,2025-10-17
4196,ST0872,F035,SUB003,2,2,2,2,2,1,Concepts not explained clearly.,Negative,2025-05-28
4197,ST0195,F025,SUB010,5,4,5,5,4,4,Helpful and supportive faculty.,Positive,2025-02-09
4198,ST0963,F003,SUB026,5,4,4,4,5,5,Helpful and supportive faculty.,Positive,2025-01-20
4199,ST0594,F030,SUB020,4,4,3,4,3,4,Can improve interaction.,Neutral,2025-10-17
4200,ST0333,F035,SUB004,2,2,1,2,2,1,Concepts not explained clearly.,Negative,2025-03-26
4201,ST0578,F021,SUB014,4,4,5,4,5,5,Concepts explained clearly.,Positive,2025-12-14
4202,ST0395,F004,SUB002,5,5,4,5,5,5,Very interactive class.,Positive,2025-08-01
4203,ST0762,F028,SUB007,3,3,4,3,4,4,Class was okay.,Neutral,2025-03-07
4204,ST0451,F040,SUB012,5,4,5,4,5,5,Great practical sessions.,Positive,2025-09-16
4205,ST0412,F024,SUB012,1,2,1,2,2,1,Class was not engaging.,Negative,2025-03-31
4206,ST0628,F028,SUB022,4,5,4,5,4,4,Helpful and supportive faculty.,Positive,2025-09-21
4207,ST0501,F033,SUB030,4,5,4,5,5,5,Very interactive class.,Positive,2025-12-09
4208,ST0320,F037,SUB027,4,4,4,4,3,3,Can improve interaction.,Neutral,2025-07-04
4209,ST0382,F019,SUB021,4,4,3,3,3,3,Class was okay.,Neutral,2025-06-13
4210,ST0762,F028,SUB009,5,5,4,5,5,4,Very interactive class.,Positive,2025-04-27
4211,ST0344,F035,SUB019,4,5,5,4,4,4,Concepts explained clearly.,Positive,2025-02-09
4212,ST0458,F038,SUB001,5,5,4,4,4,4,Helpful and supportive faculty.,Positive,2025-05-27
4213,ST0649,F010,SUB002,3,4,4,3,4,3,Can improve interaction.,Neutral,2025-05-16
4214,ST0020,F026,SUB001,5,4,4,5,5,5,Concepts explained clearly.,Positive,2025-11-10
4215,ST0171,F002,SUB022,5,5,5,4,4,5,Helpful and supportive faculty.,Positive,2025-07-21
4216,ST0020,F014,SUB002,3,3,4,3,4,3,Need more examples.,Neutral,2025-10-02
4217,ST0420,F008,SUB013,3,3,4,3,4,4,Satisfactory explanation.,Neutral,2025-03-22
4218,ST0243,F029,SUB026,4,3,4,4,3,4,Need more examples.,Neutral,2025-04-16
4219,ST0572,F028,SUB029,4,5,4,5,4,4,Very interactive class.,Positive,2025-01-25
4220,ST0293,F009,SUB018,4,5,5,4,5,5,Very interactive class.,Positive,2025-12-31
4221,ST0543,F008,SUB020,4,4,5,5,4,4,Very interactive class.,Positive,2025-08-06
4222,ST0237,F031,SUB016,3,3,3,4,4,4,Need more examples.,Neutral,2025-07-08
4223,ST0073,F022,SUB004,5,4,4,4,5,5,Concepts explained clearly.,Positive,2025-02-26
4224,ST0098,F011,SUB023,4,4,3,4,3,4,Class was okay.,Neutral,2025-04-26
4225,ST0407,F011,SUB028,5,5,5,5,4,5,Great practical sessions.,Positive,2025-12-16
4226,ST0956,F007,SUB016,4,4,4,3,3,4,Satisfactory explanation.,Neutral,2025-11-12
4227,ST0924,F010,SUB001,5,5,5,4,4,5,Great practical sessions.,Positive,2025-02-17
4228,ST0923,F032,SUB020,5,5,4,5,4,4,Helpful and supportive faculty.,Positive,2025-01-07
4229,ST0645,F036,SUB019,1,1,2,1,1,1,Concepts not explained clearly.,Negative,2025-09-20
4230,ST0901,F023,SUB016,3,3,3,4,3,4,Satisfactory explanation.,Neutral,2025-11-25
4231,ST0252,F024,SUB024,4,4,4,4,4,4,Concepts explained clearly.,Positive,2025-11-17
4232,ST0685,F030,SUB002,5,5,4,5,5,5,Excellent teaching and explanation.,Positive,2025-06-15
4233,ST0817,F040,SUB025,4,5,5,5,5,5,Helpful and supportive faculty.,Positive,2025-04-27
4234,ST0810,F040,SUB017,5,4,5,5,5,4,Great practical sessions.,Positive,2025-04-07
4235,ST0287,F033,SUB017,3,3,3,4,4,3,Satisfactory explanation.,Neutral,2025-01-05
4236,ST0807,F025,SUB008,4,4,4,5,4,4,Very interactive class.,Positive,2025-05-18
4237,ST0586,F014,SUB030,4,4,4,3,3,4,Class was okay.,Neutral,2025-11-27
4238,ST0101,F003,SUB014,3,3,3,3,3,4,Class was okay.,Neutral,2025-01-19
4239,ST0356,F025,SUB002,5,4,5,5,5,4,Concepts explained clearly.,Positive,2025-04-15
4240,ST0285,F031,SUB024,2,1,1,2,1,1,Needs improvement in teaching.,Negative,2025-08-27
4241,ST0358,F022,SUB007,4,4,3,3,3,3,Class was okay.,Neutral,2025-12-18
4242,ST0987,F022,SUB028,4,4,4,4,4,5,Helpful and supportive faculty.,Positive,2025-08-03
4243,ST0261,F016,SUB019,4,4,5,5,5,4,Concepts explained clearly.,Positive,2025-01-21
4244,ST0268,F022,SUB025,4,4,5,4,4,4,Excellent teaching and explanation.,Positive,2025-04-04
4245,ST0279,F035,SUB026,5,4,4,4,5,4,Very interactive class.,Positive,2025-03-04
4246,ST0257,F034,SUB015,4,4,3,3,4,3,Average teaching experience.,Neutral,2025-04-19
4247,ST0101,F015,SUB022,5,4,4,4,4,5,Helpful and supportive faculty.,Positive,2025-01-12
4248,ST0270,F030,SUB006,4,4,4,4,4,3,Satisfactory explanation.,Neutral,2025-07-20
4249,ST0568,F029,SUB019,5,5,4,4,5,5,Excellent teaching and explanation.,Positive,2025-12-15
4250,ST0963,F004,SUB007,5,5,4,5,5,5,Great practical sessions.,Positive,2025-10-30
4251,ST0799,F040,SUB022,5,5,4,5,5,5,Excellent teaching and explanation.,Positive,2025-11-01
4252,ST0266,F036,SUB014,5,4,5,5,5,5,Concepts explained clearly.,Positive,2025-11-21
4253,ST0960,F038,SUB023,2,1,1,2,2,2,Needs better communication.,Negative,2025-08-25
4254,ST0999,F012,SUB011,4,4,4,3,4,4,Satisfactory explanation.,Neutral,2025-12-29
4255,ST0287,F037,SUB001,3,3,3,3,3,3,Class was okay.,Neutral,2025-05-08
4256,ST0957,F032,SUB018,5,4,4,5,5,4,Concepts explained clearly.,Positive,2025-10-01
4257,ST0484,F030,SUB023,4,4,5,4,4,5,Concepts explained clearly.,Positive,2025-07-19
4258,ST0477,F002,SUB029,4,3,4,4,4,4,Class was okay.,Neutral,2025-05-01
4259,ST0169,F021,SUB001,3,4,4,4,3,4,Need more examples.,Neutral,2025-09-08
4260,ST0951,F007,SUB029,4,4,4,5,5,4,Very interactive class.,Positive,2025-07-06
4261,ST0085,F009,SUB022,5,5,4,4,4,4,Helpful and supportive faculty.,Positive,2025-11-11
4262,ST0632,F012,SUB001,2,2,2,1,2,2,Class was not engaging.,Negative,2025-05-08
4263,ST0574,F008,SUB030,4,4,3,4,3,3,Can improve interaction.,Neutral,2025-02-19
4264,ST0099,F018,SUB017,4,4,5,5,4,5,Very interactive class.,Positive,2025-01-26
4265,ST0520,F016,SUB004,5,4,4,5,5,5,Very interactive class.,Positive,2025-05-11
4266,ST0142,F007,SUB001,5,4,5,4,4,5,Concepts explained clearly.,Positive,2025-03-20
4267,ST0649,F008,SUB027,5,4,5,5,5,5,Great practical sessions.,Positive,2025-08-02
4268,ST0527,F021,SUB030,5,5,4,5,5,4,Great practical sessions.,Positive,2025-03-04
4269,ST0746,F014,SUB021,4,5,4,4,5,5,Great practical sessions.,Positive,2025-10-05
4270,ST0817,F008,SUB017,4,5,4,5,4,5,Very interactive class.,Positive,2025-02-10
4271,ST0477,F008,SUB013,3,3,3,4,3,3,Average teaching experience.,Neutral,2025-03-08
4272,ST0654,F019,SUB008,5,5,4,5,4,4,Helpful and supportive faculty.,Positive,2025-03-20
4273,ST0067,F028,SUB015,5,4,5,5,4,4,Concepts explained clearly.,Positive,2025-11-15
4274,ST0794,F026,SUB015,3,3,3,3,4,3,Average teaching experience.,Neutral,2025-05-29
4275,ST0848,F024,SUB004,3,4,4,4,4,3,Can improve interaction.,Neutral,2025-07-06
4276,ST0688,F032,SUB007,3,3,4,3,3,3,Can improve interaction.,Neutral,2025-05-16
4277,ST0369,F015,SUB029,4,4,4,5,4,4,Excellent teaching and explanation.,Positive,2025-06-14
4278,ST0379,F032,SUB009,4,4,5,5,5,5,Great practical sessions.,Positive,2025-06-10
4279,ST0729,F033,SUB013,3,3,4,4,3,4,Need more examples.,Neutral,2025-06-01
4280,ST0514,F009,SUB014,5,5,4,4,5,4,Helpful and supportive faculty.,Positive,2025-07-16
4281,ST0557,F004,SUB010,4,5,5,5,4,4,Very interactive class.,Positive,2025-11-19
4282,ST0511,F005,SUB018,5,5,4,4,4,5,Very interactive class.,Positive,2025-12-02
4283,ST0017,F037,SUB014,2,2,1,2,2,1,Practicals were insufficient.,Negative,2025-07-21
4284,ST0720,F023,SUB030,4,4,5,4,4,5,Excellent teaching and explanation.,Positive,2025-09-27
4285,ST0976,F033,SUB008,4,5,5,4,4,4,Very interactive class.,Positive,2025-03-09
4286,ST0498,F032,SUB030,4,4,4,5,5,5,Very interactive class.,Positive,2025-08-23
4287,ST0529,F021,SUB010,4,3,4,4,3,3,Class was okay.,Neutral,2025-09-11
4288,ST0870,F033,SUB015,3,4,4,3,4,3,Satisfactory explanation.,Neutral,2025-11-14
4289,ST0390,F013,SUB022,4,4,4,5,4,5,Excellent teaching and explanation.,Positive,2025-08-02
4290,ST0380,F019,SUB004,4,4,4,5,4,5,Very interactive class.,Positive,2025-05-01
4291,ST0433,F024,SUB008,5,5,5,5,4,4,Helpful and supportive faculty.,Positive,2025-10-15
4292,ST0355,F022,SUB002,4,5,5,5,4,4,Concepts explained clearly.,Positive,2025-03-09
4293,ST0331,F011,SUB003,4,5,4,5,5,5,Helpful and supportive faculty.,Positive,2025-12-04
4294,ST0177,F029,SUB002,2,1,2,1,1,1,Practicals were insufficient.,Negative,2025-08-08
4295,ST0109,F040,SUB025,4,5,4,4,4,4,Great practical sessions.,Positive,2025-11-21
4296,ST0783,F029,SUB022,3,4,4,4,3,3,Need more examples.,Neutral,2025-05-18
4297,ST0216,F021,SUB004,2,2,1,1,2,2,Practicals were insufficient.,Negative,2025-10-16
4298,ST0099,F039,SUB017,4,4,4,4,5,5,Excellent teaching and explanation.,Positive,2025-07-14
4299,ST0399,F009,SUB013,3,3,3,4,4,4,Satisfactory explanation.,Neutral,2025-08-28
4300,ST0674,F002,SUB021,3,4,4,3,3,3,Class was okay.,Neutral,2025-12-07
4301,ST0402,F018,SUB025,1,1,2,2,2,1,Practicals were insufficient.,Negative,2025-10-14
4302,ST0298,F010,SUB022,4,5,4,5,5,4,Helpful and supportive faculty.,Positive,2025-01-05
4303,ST0282,F015,SUB010,3,3,4,4,4,4,Need more examples.,Neutral,2025-07-26
4304,ST0708,F010,SUB009,5,4,4,5,4,5,Helpful and supportive faculty.,Positive,2025-09-20
4305,ST0369,F008,SUB003,4,4,5,4,4,4,Excellent teaching and explanation.,Positive,2025-05-27
4306,ST0312,F016,SUB026,4,4,4,4,4,4,Concepts explained clearly.,Positive,2025-03-03
4307,ST0278,F021,SUB024,5,4,4,4,4,4,Excellent teaching and explanation.,Positive,2025-04-28
4308,ST0985,F019,SUB029,2,2,1,2,1,1,Needs better communication.,Negative,2025-06-13
4309,ST0085,F027,SUB025,4,5,4,4,5,5,Concepts explained clearly.,Positive,2025-08-01
4310,ST0254,F026,SUB003,4,4,4,4,5,4,Concepts explained clearly.,Positive,2025-01-15
4311,ST0694,F019,SUB015,4,4,5,5,5,5,Great practical sessions.,Positive,2025-08-28
4312,ST0014,F032,SUB005,1,1,1,2,1,1,Concepts not explained clearly.,Negative,2025-07-29
4313,ST0285,F038,SUB005,4,4,4,5,4,5,Great practical sessions.,Positive,2025-04-13
4314,ST0836,F004,SUB021,5,4,4,4,5,4,Very interactive class.,Positive,2025-11-25
4315,ST0248,F004,SUB001,1,1,1,1,1,1,Class was not engaging.,Negative,2025-11-18
4316,ST0424,F012,SUB030,2,1,2,2,1,2,Needs improvement in teaching.,Negative,2025-03-25
4317,ST0929,F027,SUB020,5,4,4,5,5,4,Excellent teaching and explanation.,Positive,2025-01-10
4318,ST0044,F019,SUB013,4,3,3,3,3,3,Satisfactory explanation.,Neutral,2025-04-24
4319,ST0810,F006,SUB015,5,4,4,5,4,5,Very interactive class.,Positive,2025-04-25
4320,ST0137,F024,SUB008,5,5,5,4,4,4,Great practical sessions.,Positive,2025-10-23
4321,ST0186,F040,SUB009,4,4,4,4,4,3,Can improve interaction.,Neutral,2025-01-20
4322,ST0225,F005,SUB007,5,4,5,5,5,4,Excellent teaching and explanation.,Positive,2025-11-01
4323,ST0596,F019,SUB028,4,4,5,5,5,4,Great practical sessions.,Positive,2025-10-27
4324,ST0942,F025,SUB005,4,4,4,3,4,3,Class was okay.,Neutral,2025-09-21
4325,ST0851,F009,SUB002,4,4,3,3,3,4,Average teaching experience.,Neutral,2025-10-13
4326,ST0551,F026,SUB029,5,5,5,5,5,5,Excellent teaching and explanation.,Positive,2025-04-22
4327,ST0529,F032,SUB026,4,4,5,5,4,5,Concepts explained clearly.,Positive,2025-10-06
4328,ST0983,F035,SUB004,4,5,4,5,5,5,Very interactive class.,Positive,2025-01-08
4329,ST0076,F029,SUB013,4,4,3,4,4,3,Average teaching experience.,Neutral,2025-04-15
4330,ST0322,F021,SUB011,4,5,4,5,4,4,Great practical sessions.,Positive,2025-10-04
4331,ST0325,F017,SUB029,4,5,4,4,4,4,Helpful and supportive faculty.,Positive,2025-10-19
4332,ST0159,F039,SUB010,5,4,5,4,5,5,Concepts explained clearly.,Positive,2025-01-05
4333,ST0655,F012,SUB024,4,4,5,5,5,5,Great practical sessions.,Positive,2025-03-04
4334,ST0025,F014,SUB006,5,4,4,4,5,4,Great practical sessions.,Positive,2025-06-02
4335,ST0444,F011,SUB023,4,4,5,4,4,4,Helpful and supportive faculty.,Positive,2025-06-07
4336,ST0139,F010,SUB030,2,1,1,1,1,1,Needs better communication.,Negative,2025-04-22
4337,ST0433,F038,SUB001,4,4,5,5,4,4,Excellent teaching and explanation.,Positive,2025-01-23
4338,ST0830,F015,SUB015,5,5,4,5,4,5,Very interactive class.,Positive,2025-07-22
4339,ST0522,F001,SUB015,4,4,5,4,4,4,Helpful and supportive faculty.,Positive,2025-01-29
4340,ST0534,F035,SUB005,4,5,4,4,5,5,Great practical sessions.,Positive,2025-01-09
4341,ST1000,F033,SUB015,1,2,1,2,1,1,Needs better communication.,Negative,2025-12-10
4342,ST0181,F015,SUB016,5,5,4,4,4,4,Concepts explained clearly.,Positive,2025-12-01
4343,ST0289,F024,SUB026,3,4,3,3,4,4,Can improve interaction.,Neutral,2025-04-27
4344,ST0697,F023,SUB002,4,4,5,5,5,5,Great practical sessions.,Positive,2025-01-17
4345,ST0630,F018,SUB016,5,4,5,4,4,4,Excellent teaching and explanation.,Positive,2025-07-07
4346,ST0177,F015,SUB008,4,5,4,5,4,4,Excellent teaching and explanation.,Positive,2025-05-08
4347,ST0991,F031,SUB016,3,3,3,3,3,3,Need more examples.,Neutral,2025-04-28
4348,ST0604,F029,SUB021,5,4,4,4,4,5,Very interactive class.,Positive,2025-09-06
4349,ST0615,F015,SUB015,2,2,1,2,2,2,Concepts not explained clearly.,Negative,2025-07-28
4350,ST0590,F027,SUB024,4,4,4,4,4,3,Need more examples.,Neutral,2025-11-18
4351,ST0499,F039,SUB009,5,4,5,4,4,5,Excellent teaching and explanation.,Positive,2025-12-18
4352,ST0130,F011,SUB001,1,1,2,1,1,1,Needs better communication.,Negative,2025-08-14
4353,ST0595,F005,SUB022,4,4,4,4,4,4,Concepts explained clearly.,Positive,2025-04-29
4354,ST0899,F021,SUB013,4,5,4,5,5,4,Concepts explained clearly.,Positive,2025-04-11
4355,ST0182,F003,SUB029,2,2,1,1,1,2,Needs better communication.,Negative,2025-08-08
4356,ST0765,F033,SUB003,4,3,4,4,3,3,Average teaching experience.,Neutral,2025-03-18
4357,ST0708,F030,SUB013,5,5,5,5,4,5,Very interactive class.,Positive,2025-02-02
4358,ST0568,F038,SUB022,4,4,3,4,3,3,Satisfactory explanation.,Neutral,2025-01-11
4359,ST0043,F039,SUB030,4,3,3,3,3,3,Satisfactory explanation.,Neutral,2025-02-12
4360,ST0974,F025,SUB029,3,3,4,4,3,3,Can improve interaction.,Neutral,2025-06-05
4361,ST0909,F013,SUB005,5,5,5,5,4,5,Great practical sessions.,Positive,2025-10-27
4362,ST0988,F007,SUB015,5,4,4,4,4,4,Great practical sessions.,Positive,2025-09-09
4363,ST0197,F024,SUB015,5,4,4,5,5,4,Great practical sessions.,Positive,2025-04-18
4364,ST0521,F038,SUB007,5,4,4,4,4,5,Concepts explained clearly.,Positive,2025-02-22
4365,ST0843,F026,SUB030,4,5,4,4,5,5,Concepts explained clearly.,Positive,2025-12-03
4366,ST0600,F021,SUB026,4,4,4,5,4,4,Excellent teaching and explanation.,Positive,2025-02-21
4367,ST0203,F022,SUB015,4,4,4,5,4,5,Great practical sessions.,Positive,2025-09-22
4368,ST0468,F031,SUB018,5,4,5,5,4,4,Great practical sessions.,Positive,2025-12-10
4369,ST0941,F003,SUB016,3,3,3,3,4,4,Need more examples.,Neutral,2025-02-16
4370,ST0414,F025,SUB005,3,3,3,3,4,3,Need more examples.,Neutral,2025-08-23
4371,ST0122,F005,SUB025,5,4,5,4,4,5,Excellent teaching and explanation.,Positive,2025-08-05
4372,ST0383,F014,SUB005,4,5,5,5,5,4,Helpful and supportive faculty.,Positive,2025-02-21
4373,ST0136,F037,SUB027,4,4,4,5,5,5,Great practical sessions.,Positive,2025-12-18
4374,ST0941,F015,SUB026,4,3,3,4,4,3,Can improve interaction.,Neutral,2025-02-14
4375,ST0730,F020,SUB009,4,4,5,5,5,5,Helpful and supportive faculty.,Positive,2025-11-09
4376,ST0336,F012,SUB012,1,2,2,1,1,2,Concepts not explained clearly.,Negative,2025-10-31
4377,ST0666,F024,SUB020,1,2,2,2,1,2,Class was not engaging.,Negative,2025-02-03
4378,ST0813,F016,SUB022,4,4,3,4,3,3,Class was okay.,Neutral,2025-07-09
4379,ST0038,F031,SUB025,2,1,1,1,1,1,Needs improvement in teaching.,Negative,2025-05-23
4380,ST0720,F007,SUB030,4,5,5,5,5,5,Excellent teaching and explanation.,Positive,2025-05-27
4381,ST0318,F040,SUB010,5,4,5,5,5,5,Helpful and supportive faculty.,Positive,2025-02-06
4382,ST0855,F016,SUB025,5,5,4,4,5,5,Very interactive class.,Positive,2025-01-06
4383,ST0683,F022,SUB025,5,5,5,5,5,5,Helpful and supportive faculty.,Positive,2025-03-14
4384,ST0827,F027,SUB027,3,4,3,4,3,4,Average teaching experience.,Neutral,2025-08-09
4385,ST0711,F005,SUB016,1,2,2,1,1,1,Needs improvement in teaching.,Negative,2025-06-22
4386,ST0044,F028,SUB015,4,4,4,4,4,5,Great practical sessions.,Positive,2025-02-13
4387,ST0196,F034,SUB004,5,5,5,5,5,5,Great practical sessions.,Positive,2025-07-27
4388,ST0098,F029,SUB004,3,4,4,4,3,3,Can improve interaction.,Neutral,2025-12-18
4389,ST0670,F029,SUB026,2,1,2,1,2,1,Concepts not explained clearly.,Negative,2025-12-11
4390,ST0134,F012,SUB023,1,1,1,1,1,2,Concepts not explained clearly.,Negative,2025-12-14
4391,ST0963,F014,SUB027,2,2,1,2,1,1,Concepts not explained clearly.,Negative,2025-11-29
4392,ST0247,F026,SUB024,4,5,5,4,4,4,Helpful and supportive faculty.,Positive,2025-11-13
4393,ST0360,F020,SUB028,4,5,4,4,5,4,Excellent teaching and explanation.,Positive,2025-08-16
4394,ST0134,F029,SUB020,1,2,2,2,1,2,Needs improvement in teaching.,Negative,2025-11-01
4395,ST0763,F025,SUB015,5,5,4,4,5,5,Helpful and supportive faculty.,Positive,2025-05-02
4396,ST0745,F007,SUB028,1,2,1,1,1,1,Practicals were insufficient.,Negative,2025-11-29
4397,ST0496,F030,SUB030,4,5,5,4,5,4,Great practical sessions.,Positive,2025-06-22
4398,ST0473,F031,SUB021,4,5,5,4,4,5,Helpful and supportive faculty.,Positive,2025-05-06
4399,ST0952,F006,SUB001,5,5,5,5,4,5,Very interactive class.,Positive,2025-07-02
4400,ST0084,F017,SUB025,1,1,1,1,2,1,Concepts not explained clearly.,Negative,2025-12-31
4401,ST0179,F008,SUB019,5,5,5,4,4,5,Excellent teaching and explanation.,Positive,2025-08-08
4402,ST0596,F001,SUB023,4,5,4,5,5,5,Great practical sessions.,Positive,2025-11-17
4403,ST0546,F037,SUB017,5,5,4,5,5,4,Great practical sessions.,Positive,2025-09-07
4404,ST0476,F022,SUB011,5,5,4,5,4,5,Excellent teaching and explanation.,Positive,2025-09-14
4405,ST0560,F036,SUB005,5,5,5,5,5,5,Concepts explained clearly.,Positive,2025-09-16
4406,ST0535,F010,SUB023,4,5,5,4,5,4,Concepts explained clearly.,Positive,2025-05-16
4407,ST0053,F018,SUB027,5,4,4,4,4,4,Helpful and supportive faculty.,Positive,2025-10-02
4408,ST0114,F019,SUB006,4,4,3,3,4,3,Class was okay.,Neutral,2025-05-29
4409,ST0737,F036,SUB008,5,5,5,4,4,5,Very interactive class.,Positive,2025-09-04
4410,ST0153,F002,SUB009,4,4,5,5,4,5,Very interactive class.,Positive,2025-01-01
4411,ST0048,F040,SUB012,5,4,5,4,5,4,Concepts explained clearly.,Positive,2025-03-30
4412,ST0961,F037,SUB026,5,5,4,4,4,5,Helpful and supportive faculty.,Positive,2025-11-10
4413,ST0667,F016,SUB029,4,4,4,5,5,5,Excellent teaching and explanation.,Positive,2025-11-04
4414,ST0684,F040,SUB007,4,3,3,3,3,3,Class was okay.,Neutral,2025-10-23
4415,ST0926,F040,SUB010,4,4,4,5,5,4,Concepts explained clearly.,Positive,2025-08-06
4416,ST0074,F023,SUB028,4,3,4,4,4,4,Need more examples.,Neutral,2025-06-13
4417,ST0042,F028,SUB026,4,4,5,4,5,5,Excellent teaching and explanation.,Positive,2025-11-04
4418,ST0998,F012,SUB016,5,5,5,5,5,5,Very interactive class.,Positive,2025-03-14
4419,ST0094,F039,SUB016,4,4,4,4,5,4,Helpful and supportive faculty.,Positive,2025-11-28
4420,ST0949,F036,SUB020,5,5,5,4,5,4,Helpful and supportive faculty.,Positive,2025-12-03
4421,ST0709,F039,SUB018,3,3,4,3,4,4,Need more examples.,Neutral,2025-10-16
4422,ST0225,F038,SUB013,1,1,2,1,2,1,Class was not engaging.,Negative,2025-03-09
4423,ST0272,F029,SUB020,5,4,4,5,5,4,Excellent teaching and explanation.,Positive,2025-04-08
4424,ST0233,F008,SUB015,4,4,4,5,5,5,Excellent teaching and explanation.,Positive,2025-03-31
4425,ST0963,F028,SUB026,4,5,5,5,5,5,Excellent teaching and explanation.,Positive,2025-04-22
4426,ST0495,F019,SUB015,5,4,4,5,4,5,Concepts explained clearly.,Positive,2025-12-15
4427,ST0295,F004,SUB025,4,4,5,4,4,4,Great practical sessions.,Positive,2025-08-20
4428,ST0950,F010,SUB008,4,5,4,4,5,5,Helpful and supportive faculty.,Positive,2025-09-11
4429,ST0796,F029,SUB022,3,3,3,4,3,4,Average teaching experience.,Neutral,2025-05-17
4430,ST0175,F010,SUB006,4,5,4,5,4,5,Helpful and supportive faculty.,Positive,2025-01-08
4431,ST0789,F011,SUB021,4,4,5,4,4,5,Great practical sessions.,Positive,2025-12-20
4432,ST0933,F023,SUB014,2,1,1,1,1,2,Needs improvement in teaching.,Negative,2025-02-10
4433,ST0761,F026,SUB005,5,4,4,4,4,5,Excellent teaching and explanation.,Positive,2025-06-06
4434,ST0122,F021,SUB018,5,5,5,4,4,4,Very interactive class.,Positive,2025-03-20
4435,ST0410,F029,SUB010,3,3,3,4,3,4,Average teaching experience.,Neutral,2025-08-30
4436,ST0628,F005,SUB019,4,5,4,5,4,5,Very interactive class.,Positive,2025-11-09
4437,ST0599,F039,SUB020,3,3,4,4,3,3,Class was okay.,Neutral,2025-08-09
4438,ST0500,F007,SUB018,3,3,4,3,4,3,Class was okay.,Neutral,2025-01-19
4439,ST0479,F030,SUB009,4,4,5,4,4,5,Concepts explained clearly.,Positive,2025-07-27
4440,ST0993,F020,SUB010,2,1,1,2,1,2,Needs improvement in teaching.,Negative,2025-07-26
4441,ST0855,F002,SUB006,4,4,4,4,5,4,Very interactive class.,Positive,2025-12-28
4442,ST0034,F013,SUB005,5,5,5,5,5,5,Concepts explained clearly.,Positive,2025-09-12
4443,ST0335,F010,SUB028,4,4,5,4,4,4,Excellent teaching and explanation.,Positive,2025-10-05
4444,ST0635,F031,SUB022,1,2,1,1,2,1,Needs better communication.,Negative,2025-02-25
4445,ST0203,F029,SUB016,4,4,4,4,4,5,Very interactive class.,Positive,2025-08-16
4446,ST0047,F040,SUB001,3,3,3,3,4,4,Can improve interaction.,Neutral,2025-12-08
4447,ST0267,F015,SUB024,5,5,5,4,4,4,Helpful and supportive faculty.,Positive,2025-10-10
4448,ST0912,F021,SUB025,5,4,4,5,4,5,Great practical sessions.,Positive,2025-04-02
4449,ST0714,F029,SUB021,4,5,5,4,5,4,Excellent teaching and explanation.,Positive,2025-09-03
4450,ST0337,F023,SUB016,4,5,4,5,4,4,Very interactive class.,Positive,2025-08-03
4451,ST0355,F024,SUB007,4,4,5,5,5,4,Great practical sessions.,Positive,2025-11-11
4452,ST0897,F026,SUB016,3,3,3,4,3,3,Average teaching experience.,Neutral,2025-03-11
4453,ST0638,F034,SUB026,5,4,5,5,5,5,Excellent teaching and explanation.,Positive,2025-03-18
4454,ST0721,F030,SUB015,4,5,5,4,5,4,Very interactive class.,Positive,2025-02-19
4455,ST0318,F021,SUB016,5,5,4,5,5,4,Very interactive class.,Positive,2025-11-19
4456,ST0006,F028,SUB010,5,5,5,5,4,4,Great practical sessions.,Positive,2025-07-06
4457,ST0807,F018,SUB016,4,4,4,5,4,5,Very interactive class.,Positive,2025-12-12
4458,ST0353,F013,SUB028,4,5,5,5,5,4,Great practical sessions.,Positive,2025-10-08
4459,ST0617,F025,SUB025,4,4,4,4,4,5,Excellent teaching and explanation.,Positive,2025-08-10
4460,ST0210,F013,SUB013,4,3,3,3,3,4,Average teaching experience.,Neutral,2025-12-04
4461,ST0233,F014,SUB019,5,4,4,5,4,4,Concepts explained clearly.,Positive,2025-07-07
4462,ST0697,F023,SUB006,5,4,4,5,5,4,Concepts explained clearly.,Positive,2025-07-29
4463,ST0288,F031,SUB003,2,1,2,2,2,2,Concepts not explained clearly.,Negative,2025-05-24
4464,ST0511,F034,SUB022,4,5,5,4,5,4,Very interactive class.,Positive,2025-10-07
4465,ST0226,F016,SUB029,5,4,5,5,4,4,Great practical sessions.,Positive,2025-07-30
4466,ST0060,F033,SUB002,4,4,3,4,3,3,Can improve interaction.,Neutral,2025-04-09
4467,ST0017,F019,SUB006,2,2,2,1,1,2,Class was not engaging.,Negative,2025-11-17
4468,ST0180,F005,SUB005,1,1,2,2,2,1,Needs better communication.,Negative,2025-03-08
4469,ST0797,F004,SUB006,1,1,1,2,1,2,Needs better communication.,Negative,2025-08-01
4470,ST0513,F028,SUB013,2,1,2,2,1,1,Class was not engaging.,Negative,2025-10-28
4471,ST0851,F027,SUB011,4,3,4,3,4,4,Class was okay.,Neutral,2025-12-08
4472,ST0066,F018,SUB019,4,5,5,5,5,5,Helpful and supportive faculty.,Positive,2025-11-09
4473,ST0262,F029,SUB022,4,4,4,5,4,5,Concepts explained clearly.,Positive,2025-06-29
4474,ST0253,F004,SUB020,2,1,2,1,1,2,Class was not engaging.,Negative,2025-12-10
4475,ST0660,F032,SUB003,4,4,5,5,4,5,Concepts explained clearly.,Positive,2025-12-14
4476,ST0596,F035,SUB028,4,5,4,5,4,4,Helpful and supportive faculty.,Positive,2025-12-30
4477,ST0092,F009,SUB015,5,5,5,4,4,4,Great practical sessions.,Positive,2025-04-27
4478,ST0581,F010,SUB028,1,2,1,2,2,1,Needs better communication.,Negative,2025-10-29
4479,ST0797,F035,SUB003,4,5,5,4,5,5,Helpful and supportive faculty.,Positive,2025-01-25
4480,ST0776,F030,SUB002,2,2,1,1,2,1,Concepts not explained clearly.,Negative,2025-04-23
4481,ST0701,F032,SUB006,4,5,5,4,4,4,Concepts explained clearly.,Positive,2025-07-13
4482,ST0102,F002,SUB027,4,3,4,4,4,4,Satisfactory explanation.,Neutral,2025-05-31
4483,ST0551,F004,SUB020,5,5,5,5,4,4,Concepts explained clearly.,Positive,2025-02-17
4484,ST0321,F016,SUB011,5,4,5,5,5,4,Great practical sessions.,Positive,2025-07-13
4485,ST0736,F001,SUB010,5,5,4,5,4,5,Excellent teaching and explanation.,Positive,2025-06-27
4486,ST0297,F008,SUB018,2,1,1,1,1,2,Practicals were insufficient.,Negative,2025-07-03
4487,ST0844,F017,SUB013,5,5,4,4,5,4,Concepts explained clearly.,Positive,2025-12-27
4488,ST0082,F006,SUB005,3,4,3,4,4,4,Can improve interaction.,Neutral,2025-03-20
4489,ST0918,F031,SUB029,4,4,5,4,4,4,Great practical sessions.,Positive,2025-12-27
4490,ST0526,F038,SUB001,4,5,5,5,5,5,Very interactive class.,Positive,2025-07-12
4491,ST0601,F029,SUB028,5,5,5,5,5,4,Concepts explained clearly.,Positive,2025-09-22
4492,ST0425,F019,SUB017,4,4,5,5,4,4,Excellent teaching and explanation.,Positive,2025-08-27
4493,ST0316,F003,SUB004,1,2,1,2,2,1,Needs improvement in teaching.,Negative,2025-10-02
4494,ST0896,F032,SUB017,5,5,4,4,5,4,Helpful and supportive faculty.,Positive,2025-04-25
4495,ST0500,F035,SUB026,4,4,5,5,5,4,Great practical sessions.,Positive,2025-09-27
4496,ST0737,F028,SUB004,4,3,4,4,4,3,Satisfactory explanation.,Neutral,2025-08-17
4497,ST0645,F015,SUB013,4,5,5,5,4,5,Very interactive class.,Positive,2025-06-11
4498,ST0816,F016,SUB021,5,5,4,4,4,4,Great practical sessions.,Positive,2025-10-22
4499,ST0206,F029,SUB022,1,1,2,1,1,1,Concepts not explained clearly.,Negative,2025-10-15
4500,ST0223,F017,SUB009,5,5,5,5,4,5,Great practical sessions.,Positive,2025-02-18
4501,ST0067,F012,SUB021,5,4,4,5,5,5,Great practical sessions.,Positive,2025-08-07
4502,ST0208,F029,SUB012,5,4,4,4,4,4,Excellent teaching and explanation.,Positive,2025-12-02
4503,ST0185,F005,SUB003,5,4,5,4,4,5,Very interactive class.,Positive,2025-08-12
4504,ST0146,F040,SUB026,2,1,1,2,2,2,Practicals were insufficient.,Negative,2025-04-08
4505,ST0504,F015,SUB001,3,4,3,3,3,4,Class was okay.,Neutral,2025-01-02
4506,ST0294,F029,SUB003,4,5,4,4,5,5,Excellent teaching and explanation.,Positive,2025-11-07
4507,ST0261,F019,SUB028,4,4,5,5,5,5,Very interactive class.,Positive,2025-02-25
4508,ST0346,F029,SUB012,4,3,3,3,4,4,Need more examples.,Neutral,2025-05-12
4509,ST0381,F029,SUB015,4,3,4,4,3,3,Can improve interaction.,Neutral,2025-02-19
4510,ST0173,F026,SUB006,4,4,5,4,4,4,Concepts explained clearly.,Positive,2025-04-25
4511,ST0436,F013,SUB008,4,4,5,4,5,5,Helpful and supportive faculty.,Positive,2025-09-11
4512,ST0552,F001,SUB006,4,5,5,5,4,4,Great practical sessions.,Positive,2025-07-26
4513,ST0642,F019,SUB020,5,4,4,5,5,5,Helpful and supportive faculty.,Positive,2025-05-06
4514,ST0345,F020,SUB025,4,5,5,4,4,4,Concepts explained clearly.,Positive,2025-02-09
4515,ST0463,F017,SUB023,5,5,4,4,5,4,Concepts explained clearly.,Positive,2025-10-03
4516,ST0793,F014,SUB020,4,4,4,3,4,4,Need more examples.,Neutral,2025-06-22
4517,ST0012,F025,SUB008,3,4,4,3,3,4,Class was okay.,Neutral,2025-05-17
4518,ST0980,F034,SUB020,5,5,4,5,5,4,Very interactive class.,Positive,2025-04-04
4519,ST0513,F019,SUB020,5,5,4,5,4,4,Excellent teaching and explanation.,Positive,2025-10-02
4520,ST0979,F020,SUB025,4,4,5,4,5,4,Excellent teaching and explanation.,Positive,2025-12-15
4521,ST0485,F018,SUB012,5,4,5,5,5,4,Excellent teaching and explanation.,Positive,2025-09-07
4522,ST0373,F040,SUB008,5,4,5,5,5,5,Concepts explained clearly.,Positive,2025-10-02
4523,ST0726,F004,SUB013,2,2,1,1,1,2,Practicals were insufficient.,Negative,2025-11-07
4524,ST0285,F036,SUB027,1,2,1,2,1,2,Class was not engaging.,Negative,2025-09-05
4525,ST0109,F001,SUB003,4,4,4,4,4,4,Excellent teaching and explanation.,Positive,2025-04-05
4526,ST0129,F023,SUB020,2,1,1,2,2,1,Needs better communication.,Negative,2025-08-01
4527,ST0876,F007,SUB001,5,5,5,5,5,4,Very interactive class.,Positive,2025-12-17
4528,ST0285,F011,SUB004,4,4,4,4,5,4,Excellent teaching and explanation.,Positive,2025-12-08
4529,ST0730,F035,SUB011,3,4,4,4,3,3,Average teaching experience.,Neutral,2025-10-23
4530,ST0794,F016,SUB011,5,4,5,5,4,4,Great practical sessions.,Positive,2025-11-15
4531,ST0383,F021,SUB016,3,3,4,4,3,4,Need more examples.,Neutral,2025-04-23
4532,ST0209,F011,SUB019,4,4,5,4,5,4,Concepts explained clearly.,Positive,2025-11-21
4533,ST0792,F037,SUB029,5,4,4,4,5,5,Excellent teaching and explanation.,Positive,2025-07-05
4534,ST0410,F039,SUB021,3,3,4,4,4,4,Can improve interaction.,Neutral,2025-04-01
4535,ST0825,F007,SUB026,2,2,2,1,2,1,Needs improvement in teaching.,Negative,2025-02-19
4536,ST0155,F005,SUB024,2,1,1,2,2,1,Needs better communication.,Negative,2025-11-24
4537,ST0904,F008,SUB007,3,4,4,3,4,3,Average teaching experience.,Neutral,2025-01-22
4538,ST0355,F006,SUB006,4,3,3,3,3,4,Class was okay.,Neutral,2025-12-09
4539,ST0033,F024,SUB019,5,4,4,4,4,5,Excellent teaching and explanation.,Positive,2025-04-06
4540,ST0402,F034,SUB010,5,4,5,5,4,5,Concepts explained clearly.,Positive,2025-01-16
4541,ST0434,F035,SUB018,4,4,4,5,4,4,Excellent teaching and explanation.,Positive,2025-10-18
4542,ST0756,F020,SUB011,5,5,4,4,5,4,Concepts explained clearly.,Positive,2025-04-04
4543,ST0936,F008,SUB004,4,5,4,5,4,5,Great practical sessions.,Positive,2025-04-02
4544,ST0388,F035,SUB028,5,4,5,4,5,4,Very interactive class.,Positive,2025-09-13
4545,ST0115,F030,SUB016,3,3,3,3,4,3,Need more examples.,Neutral,2025-01-13
4546,ST0806,F002,SUB017,3,3,3,3,4,4,Need more examples.,Neutral,2025-05-13
4547,ST0355,F034,SUB010,3,4,4,4,3,4,Can improve interaction.,Neutral,2025-07-04
4548,ST0206,F021,SUB017,4,4,4,5,5,4,Concepts explained clearly.,Positive,2025-10-11
4549,ST0634,F022,SUB024,5,4,5,4,5,4,Very interactive class.,Positive,2025-12-29
4550,ST0168,F002,SUB030,4,4,5,5,5,5,Great practical sessions.,Positive,2025-09-03
4551,ST0168,F036,SUB011,5,5,5,4,5,5,Concepts explained clearly.,Positive,2025-09-13
4552,ST0143,F030,SUB021,1,1,2,2,2,2,Needs improvement in teaching.,Negative,2025-10-22
4553,ST0813,F004,SUB013,2,2,1,1,2,2,Class was not engaging.,Negative,2025-09-29
4554,ST0571,F003,SUB018,4,5,4,5,4,4,Helpful and supportive faculty.,Positive,2025-10-17
4555,ST0275,F028,SUB018,2,1,2,2,2,1,Class was not engaging.,Negative,2025-07-15
4556,ST0136,F022,SUB029,1,1,1,1,1,1,Needs improvement in teaching.,Negative,2025-10-01
4557,ST0926,F020,SUB009,5,4,5,5,5,5,Excellent teaching and explanation.,Positive,2025-04-01
4558,ST0256,F008,SUB001,5,4,4,5,5,4,Excellent teaching and explanation.,Positive,2025-08-09
4559,ST0351,F018,SUB013,5,4,4,4,4,5,Excellent teaching and explanation.,Positive,2025-07-31
4560,ST0966,F016,SUB004,5,4,5,5,5,4,Very interactive class.,Positive,2025-08-30
4561,ST0996,F031,SUB028,4,4,5,5,4,5,Helpful and supportive faculty.,Positive,2025-05-19
4562,ST0389,F037,SUB010,4,5,4,5,5,4,Great practical sessions.,Positive,2025-07-10
4563,ST0079,F029,SUB009,4,5,4,5,5,5,Great practical sessions.,Positive,2025-04-15
4564,ST0717,F026,SUB007,1,2,1,1,2,1,Concepts not explained clearly.,Negative,2025-04-01
4565,ST0657,F027,SUB018,5,4,4,5,4,4,Great practical sessions.,Positive,2025-06-29
4566,ST0612,F013,SUB026,1,2,1,2,2,2,Practicals were insufficient.,Negative,2025-01-12
4567,ST0914,F017,SUB004,4,4,4,4,5,5,Excellent teaching and explanation.,Positive,2025-11-29
4568,ST0312,F035,SUB016,3,4,3,4,4,4,Need more examples.,Neutral,2025-09-05
4569,ST0805,F016,SUB021,4,4,4,4,4,3,Need more examples.,Neutral,2025-06-02
4570,ST0068,F013,SUB025,4,4,4,3,3,4,Class was okay.,Neutral,2025-07-29
4571,ST0535,F001,SUB007,4,5,4,5,4,4,Excellent teaching and explanation.,Positive,2025-05-22
4572,ST0775,F015,SUB006,5,5,4,5,5,4,Very interactive class.,Positive,2025-01-12
4573,ST0104,F027,SUB002,3,3,4,4,3,3,Average teaching experience.,Neutral,2025-08-09
4574,ST0497,F027,SUB004,4,4,5,4,4,4,Excellent teaching and explanation.,Positive,2025-10-03
4575,ST0450,F031,SUB022,5,4,5,5,4,5,Excellent teaching and explanation.,Positive,2025-04-20
4576,ST0337,F025,SUB001,3,4,4,3,3,4,Class was okay.,Neutral,2025-08-20
4577,ST0866,F020,SUB028,2,1,2,1,1,1,Concepts not explained clearly.,Negative,2025-09-28
4578,ST0221,F010,SUB015,5,5,4,4,5,4,Concepts explained clearly.,Positive,2025-11-01
4579,ST0267,F036,SUB008,3,4,4,3,3,4,Satisfactory explanation.,Neutral,2025-09-29
4580,ST0446,F036,SUB023,5,4,4,5,5,5,Very interactive class.,Positive,2025-11-05
4581,ST0713,F020,SUB028,4,4,4,4,5,4,Concepts explained clearly.,Positive,2025-05-16
4582,ST0874,F028,SUB014,4,3,4,4,4,4,Can improve interaction.,Neutral,2025-03-27
4583,ST0404,F006,SUB012,4,4,4,4,3,3,Average teaching experience.,Neutral,2025-05-30
4584,ST0672,F013,SUB020,5,4,4,5,5,5,Excellent teaching and explanation.,Positive,2025-05-04
4585,ST0707,F019,SUB022,4,4,3,4,3,3,Average teaching experience.,Neutral,2025-02-04
4586,ST0331,F018,SUB009,4,5,4,5,5,5,Great practical sessions.,Positive,2025-07-12
4587,ST0173,F034,SUB009,4,4,4,4,5,4,Great practical sessions.,Positive,2025-05-22
4588,ST0508,F038,SUB010,5,4,5,4,4,5,Excellent teaching and explanation.,Positive,2025-08-30
4589,ST0452,F016,SUB019,5,5,5,5,4,5,Helpful and supportive faculty.,Positive,2025-07-18
4590,ST0223,F006,SUB016,5,5,5,4,5,4,Excellent teaching and explanation.,Positive,2025-03-09
4591,ST0565,F001,SUB009,3,3,3,4,4,3,Need more examples.,Neutral,2025-02-26
4592,ST0644,F016,SUB019,4,4,4,4,4,4,Concepts explained clearly.,Positive,2025-03-02
4593,ST0888,F006,SUB023,2,2,1,1,1,1,Needs improvement in teaching.,Negative,2025-09-08
4594,ST0919,F034,SUB008,5,4,5,4,4,5,Excellent teaching and explanation.,Positive,2025-01-22
4595,ST0638,F017,SUB014,1,2,2,2,2,1,Class was not engaging.,Negative,2025-07-26
4596,ST0374,F020,SUB005,4,5,5,5,5,4,Very interactive class.,Positive,2025-03-30
4597,ST0148,F020,SUB004,1,2,1,1,1,2,Needs better communication.,Negative,2025-05-16
4598,ST0348,F034,SUB010,4,5,5,4,5,4,Concepts explained clearly.,Positive,2025-12-04
4599,ST0411,F005,SUB004,4,3,3,4,3,3,Can improve interaction.,Neutral,2025-11-30
4600,ST0260,F021,SUB024,5,5,5,5,4,5,Great practical sessions.,Positive,2025-10-06
4601,ST0008,F028,SUB004,3,4,3,4,3,3,Need more examples.,Neutral,2025-01-28
4602,ST0546,F031,SUB021,1,2,2,1,2,2,Needs better communication.,Negative,2025-12-31
4603,ST0281,F022,SUB008,2,1,2,1,1,2,Practicals were insufficient.,Negative,2025-06-25
4604,ST0536,F002,SUB002,4,5,4,4,4,5,Helpful and supportive faculty.,Positive,2025-08-30
4605,ST0829,F017,SUB008,4,4,3,4,4,4,Need more examples.,Neutral,2025-11-30
4606,ST0136,F001,SUB017,2,2,2,2,1,2,Class was not engaging.,Negative,2025-07-13
4607,ST0942,F013,SUB025,4,5,4,5,4,4,Excellent teaching and explanation.,Positive,2025-04-13
4608,ST0666,F022,SUB027,2,2,1,2,1,2,Needs improvement in teaching.,Negative,2025-03-09
4609,ST0713,F018,SUB017,2,2,1,1,2,2,Needs better communication.,Negative,2025-10-15
4610,ST0577,F026,SUB016,5,4,4,4,4,4,Great practical sessions.,Positive,2025-11-27
4611,ST0969,F034,SUB022,5,5,4,4,5,5,Very interactive class.,Positive,2025-06-23
4612,ST0685,F032,SUB003,1,1,2,2,2,1,Needs improvement in teaching.,Negative,2025-02-08
4613,ST0261,F032,SUB024,2,1,1,1,2,1,Needs improvement in teaching.,Negative,2025-07-14
4614,ST0704,F035,SUB011,4,4,4,3,4,3,Can improve interaction.,Neutral,2025-01-11
4615,ST0553,F035,SUB029,1,1,2,2,2,1,Concepts not explained clearly.,Negative,2025-07-04
4616,ST0656,F037,SUB017,4,4,5,4,5,4,Very interactive class.,Positive,2025-10-01
4617,ST0721,F021,SUB018,5,5,4,5,5,5,Great practical sessions.,Positive,2025-01-29
4618,ST0262,F038,SUB004,4,4,4,5,5,5,Excellent teaching and explanation.,Positive,2025-10-22
4619,ST0738,F010,SUB009,5,5,4,4,5,5,Very interactive class.,Positive,2025-11-08
4620,ST0071,F001,SUB019,3,3,4,4,3,4,Class was okay.,Neutral,2025-04-25
4621,ST0556,F013,SUB016,4,5,5,5,4,5,Helpful and supportive faculty.,Positive,2025-07-30
4622,ST0704,F031,SUB027,4,3,3,4,4,3,Class was okay.,Neutral,2025-05-07
4623,ST0524,F040,SUB008,5,5,4,5,4,4,Excellent teaching and explanation.,Positive,2025-12-21
4624,ST0957,F004,SUB002,2,1,2,1,2,1,Practicals were insufficient.,Negative,2025-02-06
4625,ST0916,F005,SUB028,5,5,4,4,5,4,Concepts explained clearly.,Positive,2025-02-11
4626,ST0570,F004,SUB022,5,4,4,5,5,5,Great practical sessions.,Positive,2025-02-07
4627,ST0463,F023,SUB002,2,2,1,2,1,2,Class was not engaging.,Negative,2025-12-02
4628,ST0111,F007,SUB023,5,4,4,4,5,5,Very interactive class.,Positive,2025-08-26
4629,ST0298,F015,SUB023,5,5,4,5,4,4,Concepts explained clearly.,Positive,2025-04-24
4630,ST0308,F014,SUB022,4,4,3,3,3,3,Average teaching experience.,Neutral,2025-12-30
4631,ST0731,F040,SUB002,5,4,5,5,4,4,Great practical sessions.,Positive,2025-03-13
4632,ST0593,F019,SUB021,5,4,4,5,5,4,Concepts explained clearly.,Positive,2025-05-21
4633,ST0942,F002,SUB012,4,3,3,4,3,4,Class was okay.,Neutral,2025-10-24
4634,ST0175,F021,SUB026,5,5,5,4,4,5,Great practical sessions.,Positive,2025-08-07
4635,ST0381,F029,SUB011,4,4,4,5,4,5,Excellent teaching and explanation.,Positive,2025-04-15
4636,ST0329,F020,SUB016,4,4,4,5,5,4,Very interactive class.,Positive,2025-08-02
4637,ST0957,F016,SUB002,4,4,4,5,4,5,Great practical sessions.,Positive,2025-12-04
4638,ST0512,F029,SUB014,4,4,5,4,5,4,Helpful and supportive faculty.,Positive,2025-07-24
4639,ST0950,F003,SUB015,3,3,3,3,3,4,Need more examples.,Neutral,2025-10-26
4640,ST0786,F020,SUB027,3,4,3,3,4,4,Average teaching experience.,Neutral,2025-08-27
4641,ST0988,F020,SUB014,2,2,2,1,2,2,Concepts not explained clearly.,Negative,2025-04-17
4642,ST0413,F008,SUB010,5,5,4,5,5,4,Great practical sessions.,Positive,2025-06-01
4643,ST0628,F019,SUB022,4,3,4,4,3,4,Need more examples.,Neutral,2025-11-01
4644,ST0138,F031,SUB029,4,4,5,5,5,5,Very interactive class.,Positive,2025-04-16
4645,ST0568,F038,SUB011,4,5,5,5,5,5,Helpful and supportive faculty.,Positive,2025-07-27
4646,ST0805,F034,SUB008,5,4,5,4,4,5,Great practical sessions.,Positive,2025-04-29
4647,ST0639,F036,SUB002,5,4,4,4,5,5,Helpful and supportive faculty.,Positive,2025-04-25
4648,ST0631,F031,SUB024,2,2,1,2,2,2,Needs improvement in teaching.,Negative,2025-03-16
4649,ST0855,F028,SUB024,1,2,2,2,2,1,Concepts not explained clearly.,Negative,2025-01-06
4650,ST0686,F022,SUB002,5,5,4,4,5,4,Concepts explained clearly.,Positive,2025-03-25
4651,ST0372,F040,SUB015,2,1,2,2,1,2,Needs better communication.,Negative,2025-06-17
4652,ST0936,F005,SUB021,1,1,1,2,1,1,Needs better communication.,Negative,2025-08-06
4653,ST0384,F033,SUB027,4,5,5,4,4,5,Great practical sessions.,Positive,2025-05-16
4654,ST0416,F018,SUB016,4,5,4,5,5,5,Excellent teaching and explanation.,Positive,2025-11-19
4655,ST0174,F010,SUB022,4,4,5,5,4,5,Very interactive class.,Positive,2025-01-10
4656,ST0821,F021,SUB007,2,1,2,2,1,2,Practicals were insufficient.,Negative,2025-10-12
4657,ST0821,F032,SUB018,5,5,5,4,5,4,Helpful and supportive faculty.,Positive,2025-11-16
4658,ST0287,F025,SUB028,5,5,4,4,4,4,Very interactive class.,Positive,2025-11-06
4659,ST0614,F011,SUB002,4,4,5,4,5,5,Very interactive class.,Positive,2025-11-17
4660,ST0035,F007,SUB007,3,4,4,4,3,3,Class was okay.,Neutral,2025-03-09
4661,ST0933,F006,SUB014,2,2,2,1,1,1,Class was not engaging.,Negative,2025-04-10
4662,ST0797,F024,SUB011,4,4,3,3,4,4,Need more examples.,Neutral,2025-01-15
4663,ST0884,F011,SUB018,5,5,4,5,4,5,Helpful and supportive faculty.,Positive,2025-09-20
4664,ST0312,F037,SUB014,4,4,4,3,3,3,Average teaching experience.,Neutral,2025-10-16
4665,ST0524,F023,SUB017,1,2,2,1,1,1,Class was not engaging.,Negative,2025-12-23
4666,ST0050,F011,SUB018,4,3,4,4,4,3,Need more examples.,Neutral,2025-04-05
4667,ST0680,F029,SUB017,2,2,2,1,1,1,Concepts not explained clearly.,Negative,2025-10-18
4668,ST0771,F006,SUB008,3,4,4,3,3,4,Satisfactory explanation.,Neutral,2025-09-26
4669,ST0516,F008,SUB011,4,3,4,3,3,3,Satisfactory explanation.,Neutral,2025-06-29
4670,ST0687,F024,SUB013,4,4,3,4,3,3,Need more examples.,Neutral,2025-02-02
4671,ST0010,F028,SUB013,3,4,3,3,3,3,Can improve interaction.,Neutral,2025-05-10
4672,ST0699,F038,SUB005,2,2,1,2,1,1,Practicals were insufficient.,Negative,2025-02-19
4673,ST0339,F005,SUB006,5,4,4,5,4,5,Concepts explained clearly.,Positive,2025-11-25
4674,ST0409,F022,SUB002,4,3,3,3,4,3,Class was okay.,Neutral,2025-02-27
4675,ST0179,F021,SUB028,4,4,4,3,4,4,Need more examples.,Neutral,2025-03-09
4676,ST0053,F018,SUB012,4,4,5,4,4,4,Very interactive class.,Positive,2025-01-10
4677,ST0659,F005,SUB009,4,5,5,4,4,4,Great practical sessions.,Positive,2025-12-14
4678,ST0817,F023,SUB014,5,4,4,4,4,5,Very interactive class.,Positive,2025-07-20
4679,ST0626,F021,SUB028,4,5,4,5,4,4,Excellent teaching and explanation.,Positive,2025-08-03
4680,ST0657,F002,SUB020,4,3,3,4,3,4,Class was okay.,Neutral,2025-05-21
4681,ST0852,F021,SUB002,4,4,5,5,4,5,Helpful and supportive faculty.,Positive,2025-11-13
4682,ST0524,F013,SUB001,4,5,4,5,4,4,Helpful and supportive faculty.,Positive,2025-03-28
4683,ST0211,F039,SUB014,4,5,4,5,4,4,Great practical sessions.,Positive,2025-09-21
4684,ST0692,F026,SUB028,5,4,4,5,5,4,Great practical sessions.,Positive,2025-07-22
4685,ST0007,F031,SUB004,4,5,5,4,5,4,Helpful and supportive faculty.,Positive,2025-06-06
4686,ST0566,F007,SUB018,1,2,1,1,2,2,Class was not engaging.,Negative,2025-12-20
4687,ST0487,F034,SUB022,5,4,5,4,5,5,Excellent teaching and explanation.,Positive,2025-05-31
4688,ST0258,F020,SUB005,5,4,5,4,4,5,Concepts explained clearly.,Positive,2025-01-13
4689,ST0756,F010,SUB005,5,5,5,5,4,4,Excellent teaching and explanation.,Positive,2025-01-05
4690,ST0274,F030,SUB021,5,5,5,4,4,4,Excellent teaching and explanation.,Positive,2025-12-12
4691,ST0832,F040,SUB009,2,2,2,2,1,1,Needs better communication.,Negative,2025-11-03
4692,ST0778,F011,SUB011,2,2,1,2,2,1,Practicals were insufficient.,Negative,2025-12-21
4693,ST0545,F017,SUB012,3,3,3,3,4,4,Can improve interaction.,Neutral,2025-02-22
4694,ST0901,F027,SUB018,4,4,4,4,5,5,Excellent teaching and explanation.,Positive,2025-12-20
4695,ST0238,F018,SUB010,4,5,4,4,5,5,Excellent teaching and explanation.,Positive,2025-07-27
4696,ST0527,F002,SUB016,4,4,3,3,4,3,Need more examples.,Neutral,2025-05-01
4697,ST0634,F031,SUB015,4,4,5,4,4,4,Very interactive class.,Positive,2025-01-05
4698,ST0700,F024,SUB028,5,4,5,4,5,4,Great practical sessions.,Positive,2025-01-23
4699,ST0569,F009,SUB003,5,4,5,5,4,5,Concepts explained clearly.,Positive,2025-06-21
4700,ST0829,F012,SUB009,5,4,5,5,5,4,Helpful and supportive faculty.,Positive,2025-08-29
4701,ST0455,F034,SUB011,4,4,3,3,3,4,Need more examples.,Neutral,2025-03-18
4702,ST0397,F040,SUB025,5,4,4,5,5,5,Excellent teaching and explanation.,Positive,2025-10-02
4703,ST0995,F035,SUB007,5,4,5,5,5,4,Helpful and supportive faculty.,Positive,2025-04-30
4704,ST0354,F019,SUB006,3,3,3,4,3,3,Can improve interaction.,Neutral,2025-12-22
4705,ST0591,F016,SUB020,4,4,5,4,5,5,Great practical sessions.,Positive,2025-09-26
4706,ST0095,F005,SUB021,5,5,5,4,5,4,Excellent teaching and explanation.,Positive,2025-07-13
4707,ST0104,F018,SUB026,5,4,5,5,4,5,Very interactive class.,Positive,2025-11-15
4708,ST0069,F005,SUB029,1,1,1,1,1,2,Needs improvement in teaching.,Negative,2025-10-20
4709,ST0152,F026,SUB004,5,4,5,5,4,5,Very interactive class.,Positive,2025-09-12
4710,ST0061,F021,SUB024,4,5,4,5,5,5,Concepts explained clearly.,Positive,2025-11-10
4711,ST0996,F009,SUB020,4,4,3,4,3,3,Class was okay.,Neutral,2025-10-12
4712,ST0700,F011,SUB010,5,4,4,4,5,4,Great practical sessions.,Positive,2025-12-20
4713,ST0481,F010,SUB003,3,4,3,3,4,3,Average teaching experience.,Neutral,2025-01-16
4714,ST0063,F020,SUB024,3,4,4,4,3,4,Class was okay.,Neutral,2025-03-08
4715,ST0095,F012,SUB029,5,5,4,5,4,4,Great practical sessions.,Positive,2025-08-06
4716,ST0456,F023,SUB004,4,4,4,3,4,3,Can improve interaction.,Neutral,2025-03-30
4717,ST0590,F019,SUB005,4,5,5,4,5,4,Concepts explained clearly.,Positive,2025-05-17
4718,ST0414,F009,SUB002,5,4,4,4,4,5,Very interactive class.,Positive,2025-08-12
4719,ST0200,F006,SUB019,2,1,2,2,2,2,Class was not engaging.,Negative,2025-06-02
4720,ST0060,F025,SUB007,4,3,3,4,3,3,Satisfactory explanation.,Neutral,2025-10-04
4721,ST0404,F038,SUB001,2,1,1,1,1,1,Needs improvement in teaching.,Negative,2025-01-02
4722,ST0340,F014,SUB011,2,2,2,1,2,1,Practicals were insufficient.,Negative,2025-03-25
4723,ST0240,F010,SUB011,3,4,3,4,3,3,Can improve interaction.,Neutral,2025-07-27
4724,ST0092,F037,SUB005,2,2,1,1,2,1,Practicals were insufficient.,Negative,2025-03-07
4725,ST0437,F003,SUB028,1,2,1,1,1,1,Needs improvement in teaching.,Negative,2025-10-05
4726,ST0175,F039,SUB017,5,5,4,5,5,4,Concepts explained clearly.,Positive,2025-03-25
4727,ST0657,F038,SUB003,4,3,4,4,4,4,Can improve interaction.,Neutral,2025-08-05
4728,ST0896,F014,SUB014,5,5,4,5,5,4,Concepts explained clearly.,Positive,2025-10-02
4729,ST0878,F040,SUB029,4,4,4,3,3,3,Can improve interaction.,Neutral,2025-01-26
4730,ST0540,F039,SUB030,5,5,5,5,5,5,Great practical sessions.,Positive,2025-08-09
4731,ST0083,F037,SUB028,4,5,4,4,4,5,Helpful and supportive faculty.,Positive,2025-12-12
4732,ST0371,F020,SUB003,4,5,5,4,5,5,Excellent teaching and explanation.,Positive,2025-07-19
4733,ST0560,F003,SUB010,2,1,1,2,1,1,Needs better communication.,Negative,2025-04-06
4734,ST0667,F004,SUB016,4,5,4,5,4,4,Excellent teaching and explanation.,Positive,2025-02-11
4735,ST0076,F022,SUB017,4,5,5,5,5,5,Great practical sessions.,Positive,2025-06-20
4736,ST0084,F012,SUB025,4,5,4,5,5,5,Great practical sessions.,Positive,2025-10-17
4737,ST0907,F034,SUB010,1,2,2,2,1,2,Needs improvement in teaching.,Negative,2025-03-08
4738,ST0389,F005,SUB004,5,5,4,5,5,5,Concepts explained clearly.,Positive,2025-05-15
4739,ST0162,F006,SUB024,5,4,4,5,4,4,Concepts explained clearly.,Positive,2025-06-09
4740,ST0703,F025,SUB028,4,4,5,4,4,4,Excellent teaching and explanation.,Positive,2025-08-19
4741,ST0887,F035,SUB012,5,5,4,4,4,5,Helpful and supportive faculty.,Positive,2025-06-27
4742,ST0880,F031,SUB014,4,4,3,3,4,4,Satisfactory explanation.,Neutral,2025-11-29
4743,ST0786,F007,SUB009,4,4,5,4,4,4,Very interactive class.,Positive,2025-01-22
4744,ST0875,F024,SUB002,3,4,3,3,3,3,Can improve interaction.,Neutral,2025-06-29
4745,ST0191,F025,SUB023,5,5,4,5,5,5,Helpful and supportive faculty.,Positive,2025-08-11
4746,ST0727,F023,SUB010,3,4,4,4,3,4,Can improve interaction.,Neutral,2025-03-17
4747,ST0025,F012,SUB024,1,2,2,1,1,1,Needs better communication.,Negative,2025-08-17
4748,ST0901,F026,SUB020,3,3,3,3,3,4,Can improve interaction.,Neutral,2025-02-04
4749,ST0717,F020,SUB016,4,3,3,4,3,3,Class was okay.,Neutral,2025-12-18
4750,ST0179,F032,SUB014,5,5,5,5,5,5,Very interactive class.,Positive,2025-06-12
4751,ST0838,F025,SUB010,5,5,5,5,5,4,Very interactive class.,Positive,2025-11-29
4752,ST0800,F008,SUB025,4,5,4,4,5,5,Great practical sessions.,Positive,2025-11-13
4753,ST0098,F034,SUB014,5,5,4,4,4,5,Excellent teaching and explanation.,Positive,2025-08-31
4754,ST0828,F014,SUB029,1,1,2,1,1,2,Class was not engaging.,Negative,2025-12-02
4755,ST0918,F028,SUB012,2,1,2,2,2,1,Class was not engaging.,Negative,2025-09-11
4756,ST0525,F019,SUB009,4,5,5,4,4,4,Great practical sessions.,Positive,2025-08-30
4757,ST0979,F029,SUB010,4,4,4,4,4,4,Class was okay.,Neutral,2025-02-01
4758,ST0459,F038,SUB018,4,4,4,4,4,5,Concepts explained clearly.,Positive,2025-02-11
4759,ST0978,F004,SUB029,4,3,4,3,4,3,Can improve interaction.,Neutral,2025-01-10
4760,ST0275,F034,SUB004,4,3,4,3,4,3,Can improve interaction.,Neutral,2025-03-19
4761,ST0690,F025,SUB007,4,4,4,4,4,4,Very interactive class.,Positive,2025-12-26
4762,ST0888,F010,SUB020,3,3,4,4,3,4,Average teaching experience.,Neutral,2025-05-23
4763,ST0442,F031,SUB004,3,3,3,3,4,3,Can improve interaction.,Neutral,2025-11-17
4764,ST0637,F005,SUB022,1,1,1,1,1,2,Needs better communication.,Negative,2025-10-17
4765,ST0639,F032,SUB020,5,4,5,5,5,5,Helpful and supportive faculty.,Positive,2025-11-10
4766,ST0270,F037,SUB012,4,3,3,3,3,4,Satisfactory explanation.,Neutral,2025-01-29
4767,ST0068,F034,SUB021,2,2,2,1,1,2,Concepts not explained clearly.,Negative,2025-09-29
4768,ST0516,F031,SUB026,4,4,5,5,5,4,Excellent teaching and explanation.,Positive,2025-05-16
4769,ST0342,F030,SUB013,3,3,3,4,4,4,Can improve interaction.,Neutral,2025-01-03
4770,ST0355,F033,SUB003,5,4,4,5,4,5,Very interactive class.,Positive,2025-03-01
4771,ST0104,F020,SUB027,4,5,5,4,4,5,Great practical sessions.,Positive,2025-03-17
4772,ST0844,F035,SUB020,4,4,4,4,5,4,Excellent teaching and explanation.,Positive,2025-12-09
4773,ST0176,F001,SUB016,4,5,4,4,5,4,Helpful and supportive faculty.,Positive,2025-10-14
4774,ST0148,F036,SUB004,3,3,4,4,3,3,Satisfactory explanation.,Neutral,2025-11-15
4775,ST0759,F019,SUB012,3,4,3,3,4,3,Satisfactory explanation.,Neutral,2025-01-06
4776,ST0520,F011,SUB017,5,5,4,4,5,4,Great practical sessions.,Positive,2025-04-19
4777,ST0250,F001,SUB009,4,5,4,5,4,4,Excellent teaching and explanation.,Positive,2025-03-19
4778,ST0941,F012,SUB020,1,1,1,2,2,2,Needs improvement in teaching.,Negative,2025-12-17
4779,ST0651,F004,SUB028,5,4,4,4,4,5,Very interactive class.,Positive,2025-05-10
4780,ST0693,F039,SUB028,5,5,5,4,4,5,Very interactive class.,Positive,2025-06-01
4781,ST0886,F016,SUB003,1,1,2,2,1,1,Practicals were insufficient.,Negative,2025-02-01
4782,ST0034,F032,SUB030,4,4,4,4,4,3,Class was okay.,Neutral,2025-05-21
4783,ST0668,F003,SUB004,4,4,4,3,3,4,Class was okay.,Neutral,2025-03-01
4784,ST0903,F037,SUB024,5,4,4,5,4,4,Great practical sessions.,Positive,2025-06-03
4785,ST0777,F020,SUB004,4,4,3,4,4,3,Need more examples.,Neutral,2025-06-21
4786,ST0664,F014,SUB010,4,4,3,4,4,4,Average teaching experience.,Neutral,2025-07-27
4787,ST0349,F026,SUB005,3,3,3,4,4,3,Satisfactory explanation.,Neutral,2025-11-30
4788,ST0349,F003,SUB017,4,3,4,4,3,4,Need more examples.,Neutral,2025-03-05
4789,ST0318,F001,SUB006,1,1,1,2,1,2,Needs better communication.,Negative,2025-01-26
4790,ST0792,F017,SUB029,3,4,3,3,3,4,Average teaching experience.,Neutral,2025-04-18
4791,ST0595,F020,SUB022,3,4,3,4,4,3,Need more examples.,Neutral,2025-07-17
4792,ST0081,F010,SUB025,2,1,2,2,1,1,Class was not engaging.,Negative,2025-05-07
4793,ST0812,F010,SUB009,4,4,5,4,5,4,Excellent teaching and explanation.,Positive,2025-11-20
4794,ST0016,F008,SUB011,3,3,3,3,4,4,Class was okay.,Neutral,2025-01-10
4795,ST0937,F021,SUB025,3,3,3,4,3,3,Average teaching experience.,Neutral,2025-01-30
4796,ST0834,F034,SUB009,3,3,3,3,3,4,Satisfactory explanation.,Neutral,2025-12-01
4797,ST0525,F014,SUB030,4,5,5,4,5,4,Helpful and supportive faculty.,Positive,2025-01-14
4798,ST0374,F040,SUB020,5,4,4,5,5,4,Great practical sessions.,Positive,2025-11-02
4799,ST0176,F007,SUB009,5,5,4,4,4,5,Excellent teaching and explanation.,Positive,2025-06-17
4800,ST0101,F013,SUB024,2,1,1,2,2,2,Class was not engaging.,Negative,2025-09-29
4801,ST0822,F014,SUB013,5,5,5,4,5,5,Excellent teaching and explanation.,Positive,2025-12-27
4802,ST0308,F004,SUB019,4,4,4,3,4,4,Satisfactory explanation.,Neutral,2025-05-15
4803,ST0480,F004,SUB004,5,5,4,5,5,5,Concepts explained clearly.,Positive,2025-03-24
4804,ST0090,F013,SUB009,4,4,4,5,5,5,Concepts explained clearly.,Positive,2025-04-22
4805,ST0301,F004,SUB030,5,5,4,5,5,4,Very interactive class.,Positive,2025-10-11
4806,ST0115,F025,SUB020,1,1,2,1,2,2,Practicals were insufficient.,Negative,2025-04-11
4807,ST0259,F001,SUB015,4,4,4,5,5,4,Concepts explained clearly.,Positive,2025-06-28
4808,ST0201,F023,SUB017,4,5,4,5,4,5,Helpful and supportive faculty.,Positive,2025-10-10
4809,ST0849,F001,SUB019,5,4,5,5,5,5,Helpful and supportive faculty.,Positive,2025-04-30
4810,ST0982,F017,SUB018,4,4,4,5,4,4,Great practical sessions.,Positive,2025-05-29
4811,ST0183,F035,SUB004,4,4,3,3,4,4,Satisfactory explanation.,Neutral,2025-10-01
4812,ST0298,F014,SUB015,4,5,4,5,4,5,Very interactive class.,Positive,2025-01-20
4813,ST0414,F032,SUB001,4,4,4,4,3,3,Satisfactory explanation.,Neutral,2025-10-12
4814,ST0534,F030,SUB024,3,3,4,3,4,3,Can improve interaction.,Neutral,2025-03-16
4815,ST0424,F033,SUB024,4,4,4,4,5,5,Very interactive class.,Positive,2025-04-30
4816,ST0646,F031,SUB028,5,4,4,4,5,5,Helpful and supportive faculty.,Positive,2025-06-26
4817,ST0743,F014,SUB001,4,3,3,4,3,3,Satisfactory explanation.,Neutral,2025-03-08
4818,ST0607,F014,SUB026,4,4,4,3,4,4,Class was okay.,Neutral,2025-04-03
4819,ST0737,F023,SUB023,2,2,1,1,2,1,Needs better communication.,Negative,2025-05-18
4820,ST0454,F033,SUB020,4,4,3,4,3,3,Need more examples.,Neutral,2025-03-28
4821,ST0890,F009,SUB019,5,5,4,4,5,5,Very interactive class.,Positive,2025-08-20
4822,ST0658,F010,SUB024,5,5,5,4,4,5,Great practical sessions.,Positive,2025-11-29
4823,ST0513,F018,SUB008,4,4,3,3,3,4,Satisfactory explanation.,Neutral,2025-03-29
4824,ST0505,F035,SUB019,4,5,4,4,5,4,Helpful and supportive faculty.,Positive,2025-10-24
4825,ST0071,F019,SUB026,4,4,5,5,4,5,Helpful and supportive faculty.,Positive,2025-04-28
4826,ST0078,F026,SUB008,5,4,4,5,5,5,Helpful and supportive faculty.,Positive,2025-05-30
4827,ST0377,F014,SUB030,4,4,5,4,5,4,Concepts explained clearly.,Positive,2025-07-21
4828,ST0201,F023,SUB030,1,2,2,1,2,2,Needs better communication.,Negative,2025-07-20
4829,ST0334,F003,SUB006,4,4,4,4,3,3,Average teaching experience.,Neutral,2025-11-07
4830,ST0437,F014,SUB009,2,2,2,1,1,2,Concepts not explained clearly.,Negative,2025-05-14
4831,ST0199,F039,SUB024,3,4,4,3,3,3,Need more examples.,Neutral,2025-02-21
4832,ST0205,F029,SUB013,5,5,5,4,5,5,Excellent teaching and explanation.,Positive,2025-02-03
4833,ST0471,F005,SUB030,4,4,5,5,5,4,Very interactive class.,Positive,2025-06-22
4834,ST0607,F014,SUB019,5,4,4,4,4,4,Concepts explained clearly.,Positive,2025-01-30
4835,ST0467,F024,SUB028,5,4,4,4,4,4,Very interactive class.,Positive,2025-09-26
4836,ST0616,F040,SUB020,2,1,1,1,2,2,Needs better communication.,Negative,2025-04-07
4837,ST0188,F035,SUB008,4,4,4,5,4,5,Concepts explained clearly.,Positive,2025-02-13
4838,ST0180,F033,SUB013,4,4,5,5,4,5,Concepts explained clearly.,Positive,2025-05-30
4839,ST0691,F018,SUB013,4,4,5,5,5,4,Concepts explained clearly.,Positive,2025-08-17
4840,ST0199,F010,SUB025,4,4,4,5,5,5,Concepts explained clearly.,Positive,2025-08-14
4841,ST0813,F014,SUB020,2,2,2,1,1,1,Needs better communication.,Negative,2025-09-02
4842,ST0588,F005,SUB008,5,4,5,4,4,4,Excellent teaching and explanation.,Positive,2025-02-15
4843,ST0763,F009,SUB027,5,5,4,4,4,5,Great practical sessions.,Positive,2025-07-08
4844,ST0800,F019,SUB006,5,4,4,4,4,4,Excellent teaching and explanation.,Positive,2025-10-18
4845,ST0402,F016,SUB015,4,4,5,5,5,5,Helpful and supportive faculty.,Positive,2025-05-15
4846,ST0847,F031,SUB008,2,2,1,2,2,2,Class was not engaging.,Negative,2025-01-14
4847,ST0439,F020,SUB022,4,5,4,4,4,4,Great practical sessions.,Positive,2025-05-25
4848,ST0096,F032,SUB015,5,5,5,5,4,5,Very interactive class.,Positive,2025-07-22
4849,ST0565,F036,SUB008,1,2,2,2,1,2,Practicals were insufficient.,Negative,2025-07-05
4850,ST0770,F010,SUB024,3,4,4,4,3,4,Can improve interaction.,Neutral,2025-04-16
4851,ST0226,F017,SUB026,4,5,4,4,4,4,Helpful and supportive faculty.,Positive,2025-02-05
4852,ST0977,F001,SUB022,3,3,3,4,3,4,Average teaching experience.,Neutral,2025-09-17
4853,ST0758,F027,SUB007,5,4,5,4,5,5,Excellent teaching and explanation.,Positive,2025-02-16
4854,ST0058,F036,SUB026,5,5,5,4,4,5,Helpful and supportive faculty.,Positive,2025-04-06
4855,ST0388,F006,SUB029,4,4,4,3,3,3,Satisfactory explanation.,Neutral,2025-10-29
4856,ST0045,F016,SUB002,5,4,5,5,5,5,Excellent teaching and explanation.,Positive,2025-04-01
4857,ST0562,F020,SUB023,5,5,4,5,5,4,Very interactive class.,Positive,2025-04-05
4858,ST0302,F004,SUB028,4,5,5,4,4,5,Great practical sessions.,Positive,2025-12-15
4859,ST0725,F018,SUB029,4,4,4,3,3,4,Class was okay.,Neutral,2025-10-28
4860,ST0138,F028,SUB028,3,3,3,3,3,4,Need more examples.,Neutral,2025-04-05
4861,ST0487,F040,SUB011,4,4,5,4,4,5,Concepts explained clearly.,Positive,2025-02-22
4862,ST0711,F004,SUB012,5,4,4,5,5,5,Very interactive class.,Positive,2025-05-20
4863,ST0034,F012,SUB030,5,4,5,5,4,4,Very interactive class.,Positive,2025-12-24
4864,ST0221,F005,SUB008,4,4,5,4,4,4,Great practical sessions.,Positive,2025-02-15
4865,ST0964,F023,SUB002,5,5,4,5,5,5,Concepts explained clearly.,Positive,2025-05-29
4866,ST0665,F029,SUB029,4,4,4,5,4,4,Very interactive class.,Positive,2025-03-31
4867,ST0176,F014,SUB010,3,4,4,4,3,3,Satisfactory explanation.,Neutral,2025-05-05
4868,ST0202,F028,SUB023,5,4,4,5,5,4,Excellent teaching and explanation.,Positive,2025-01-01
4869,ST0756,F010,SUB023,5,4,5,5,5,5,Great practical sessions.,Positive,2025-06-08
4870,ST0635,F025,SUB001,1,2,2,1,2,1,Concepts not explained clearly.,Negative,2025-10-16
4871,ST0369,F021,SUB018,2,2,1,2,2,1,Class was not engaging.,Negative,2025-10-05
4872,ST0821,F026,SUB007,5,5,4,5,5,4,Helpful and supportive faculty.,Positive,2025-05-13
4873,ST0241,F040,SUB025,2,1,2,2,1,1,Practicals were insufficient.,Negative,2025-04-13
4874,ST0088,F013,SUB012,3,4,3,3,3,3,Class was okay.,Neutral,2025-02-20
4875,ST0708,F012,SUB021,5,5,4,5,5,5,Concepts explained clearly.,Positive,2025-09-03
4876,ST0174,F028,SUB010,4,4,4,3,3,3,Satisfactory explanation.,Neutral,2025-09-25
4877,ST0824,F034,SUB009,4,4,5,5,5,5,Great practical sessions.,Positive,2025-08-01
4878,ST0181,F030,SUB027,5,4,5,5,4,4,Very interactive class.,Positive,2025-04-19
4879,ST0542,F026,SUB027,4,4,5,5,5,5,Helpful and supportive faculty.,Positive,2025-01-13
4880,ST0073,F023,SUB002,5,5,4,4,5,4,Concepts explained clearly.,Positive,2025-06-21
4881,ST0118,F025,SUB020,2,2,2,2,1,1,Needs better communication.,Negative,2025-09-17
4882,ST0232,F021,SUB030,3,4,3,4,4,4,Can improve interaction.,Neutral,2025-01-31
4883,ST0165,F037,SUB025,5,5,5,5,4,5,Very interactive class.,Positive,2025-07-18
4884,ST0952,F018,SUB009,4,4,4,4,5,5,Concepts explained clearly.,Positive,2025-12-10
4885,ST0807,F011,SUB012,4,5,5,4,5,4,Very interactive class.,Positive,2025-02-26
4886,ST0243,F008,SUB008,4,4,4,4,3,3,Need more examples.,Neutral,2025-09-24
4887,ST0732,F004,SUB020,4,4,5,5,4,5,Great practical sessions.,Positive,2025-10-10
4888,ST0412,F005,SUB001,3,3,3,4,4,4,Need more examples.,Neutral,2025-07-10
4889,ST0360,F024,SUB001,3,3,4,4,4,4,Class was okay.,Neutral,2025-08-03
4890,ST0095,F029,SUB024,4,5,4,5,5,5,Excellent teaching and explanation.,Positive,2025-08-10
4891,ST0055,F015,SUB007,4,4,4,4,4,4,Helpful and supportive faculty.,Positive,2025-08-10
4892,ST0677,F032,SUB003,4,3,4,3,4,3,Class was okay.,Neutral,2025-02-27
4893,ST0841,F026,SUB029,4,4,4,4,4,4,Helpful and supportive faculty.,Positive,2025-09-13
4894,ST0855,F027,SUB023,5,5,4,5,4,5,Great practical sessions.,Positive,2025-03-22
4895,ST0441,F016,SUB029,4,5,4,4,5,5,Concepts explained clearly.,Positive,2025-07-26
4896,ST0174,F023,SUB023,3,4,4,4,4,4,Need more examples.,Neutral,2025-06-23
4897,ST0002,F017,SUB009,2,2,1,1,2,1,Concepts not explained clearly.,Negative,2025-10-24
4898,ST0987,F031,SUB009,1,1,1,2,1,1,Needs improvement in teaching.,Negative,2025-04-22
4899,ST0411,F029,SUB001,4,4,5,5,5,5,Concepts explained clearly.,Positive,2025-11-29
4900,ST0295,F017,SUB027,5,5,4,5,4,5,Helpful and supportive faculty.,Positive,2025-10-09
4901,ST0167,F028,SUB007,5,5,5,4,5,4,Excellent teaching and explanation.,Positive,2025-01-25
4902,ST0805,F006,SUB026,4,4,4,5,5,4,Great practical sessions.,Positive,2025-07-28
4903,ST0844,F007,SUB023,5,5,4,4,5,4,Great practical sessions.,Positive,2025-06-19
4904,ST0261,F004,SUB020,4,5,5,4,4,4,Concepts explained clearly.,Positive,2025-04-04
4905,ST0615,F030,SUB015,4,5,5,4,4,4,Excellent teaching and explanation.,Positive,2025-05-04
4906,ST0854,F031,SUB019,1,2,2,2,2,2,Practicals were insufficient.,Negative,2025-11-28
4907,ST0101,F006,SUB017,4,3,3,3,4,3,Need more examples.,Neutral,2025-04-13
4908,ST0369,F030,SUB002,3,3,4,4,4,3,Class was okay.,Neutral,2025-01-16
4909,ST0939,F024,SUB020,5,5,5,5,5,4,Very interactive class.,Positive,2025-11-03
4910,ST0708,F029,SUB030,4,5,4,4,5,5,Helpful and supportive faculty.,Positive,2025-01-16
4911,ST0197,F040,SUB004,5,4,4,4,5,5,Concepts explained clearly.,Positive,2025-10-18
4912,ST0006,F024,SUB025,4,5,4,5,4,5,Concepts explained clearly.,Positive,2025-02-01
4913,ST0152,F033,SUB026,5,4,5,4,5,4,Great practical sessions.,Positive,2025-10-09
4914,ST0542,F037,SUB011,4,3,4,4,3,3,Class was okay.,Neutral,2025-09-22
4915,ST0496,F022,SUB007,5,5,5,4,4,5,Very interactive class.,Positive,2025-05-06
4916,ST0770,F008,SUB030,5,4,4,5,4,4,Helpful and supportive faculty.,Positive,2025-04-17
4917,ST0607,F012,SUB023,5,5,5,5,5,5,Excellent teaching and explanation.,Positive,2025-01-07
4918,ST0315,F015,SUB006,4,5,5,4,5,4,Concepts explained clearly.,Positive,2025-12-19
4919,ST0156,F010,SUB010,4,4,4,5,4,5,Concepts explained clearly.,Positive,2025-12-29
4920,ST0488,F009,SUB004,5,4,4,5,4,4,Excellent teaching and explanation.,Positive,2025-11-19
4921,ST0941,F018,SUB025,4,4,5,5,4,4,Concepts explained clearly.,Positive,2025-11-09
4922,ST0915,F019,SUB017,4,3,3,4,3,3,Need more examples.,Neutral,2025-01-09
4923,ST0456,F031,SUB015,1,2,2,1,1,2,Practicals were insufficient.,Negative,2025-04-01
4924,ST0724,F023,SUB021,2,2,2,2,1,1,Needs improvement in teaching.,Negative,2025-12-05
4925,ST0244,F010,SUB017,4,3,3,4,4,3,Can improve interaction.,Neutral,2025-12-24
4926,ST0816,F010,SUB001,5,4,4,4,4,5,Excellent teaching and explanation.,Positive,2025-07-13
4927,ST0498,F037,SUB004,3,3,4,4,3,4,Class was okay.,Neutral,2025-01-30
4928,ST0263,F017,SUB028,5,4,5,4,5,5,Very interactive class.,Positive,2025-10-15
4929,ST0909,F031,SUB014,2,2,1,2,1,1,Needs improvement in teaching.,Negative,2025-05-23
4930,ST0592,F021,SUB024,4,5,4,5,5,4,Very interactive class.,Positive,2025-11-03
4931,ST0047,F040,SUB015,3,4,3,4,3,3,Average teaching experience.,Neutral,2025-12-22
4932,ST0294,F018,SUB029,5,4,5,4,4,5,Very interactive class.,Positive,2025-10-21
4933,ST0075,F023,SUB026,4,5,4,5,5,5,Helpful and supportive faculty.,Positive,2025-01-18
4934,ST0320,F028,SUB030,4,4,5,5,4,4,Helpful and supportive faculty.,Positive,2025-06-10
4935,ST0087,F040,SUB011,4,4,5,5,5,4,Great practical sessions.,Positive,2025-10-07
4936,ST0250,F007,SUB007,5,4,5,5,4,5,Helpful and supportive faculty.,Positive,2025-04-07
4937,ST0162,F013,SUB004,2,1,2,1,2,2,Class was not engaging.,Negative,2025-11-26
4938,ST0332,F001,SUB010,5,5,4,4,5,4,Excellent teaching and explanation.,Positive,2025-06-02
4939,ST0901,F036,SUB025,5,4,4,5,4,4,Great practical sessions.,Positive,2025-08-19
4940,ST0664,F010,SUB020,3,3,4,3,4,4,Satisfactory explanation.,Neutral,2025-03-20
4941,ST0771,F009,SUB025,4,4,5,5,4,5,Excellent teaching and explanation.,Positive,2025-07-18
4942,ST0384,F015,SUB001,5,4,5,4,4,4,Helpful and supportive faculty.,Positive,2025-10-21
4943,ST0666,F015,SUB017,4,4,4,4,5,5,Excellent teaching and explanation.,Positive,2025-10-22
4944,ST0169,F009,SUB025,5,4,5,5,4,4,Excellent teaching and explanation.,Positive,2025-06-03
4945,ST0132,F007,SUB022,5,5,5,5,5,5,Very interactive class.,Positive,2025-05-29
4946,ST0455,F028,SUB004,3,3,4,4,4,4,Average teaching experience.,Neutral,2025-07-13
4947,ST0832,F032,SUB014,3,3,3,3,4,3,Satisfactory explanation.,Neutral,2025-05-18
4948,ST0419,F008,SUB001,5,4,5,5,5,4,Excellent teaching and explanation.,Positive,2025-10-08
4949,ST0381,F030,SUB025,1,2,1,1,2,2,Needs better communication.,Negative,2025-02-04
4950,ST0285,F012,SUB003,5,4,4,4,5,4,Very interactive class.,Positive,2025-08-10
4951,ST0122,F023,SUB014,5,4,5,5,4,5,Helpful and supportive faculty.,Positive,2025-04-26
4952,ST0418,F018,SUB003,4,5,5,5,5,5,Very interactive class.,Positive,2025-11-16
4953,ST0437,F029,SUB004,3,3,3,3,3,3,Can improve interaction.,Neutral,2025-10-14
4954,ST0421,F006,SUB013,4,4,5,4,4,4,Excellent teaching and explanation.,Positive,2025-11-10
4955,ST0040,F026,SUB024,4,4,4,4,4,5,Concepts explained clearly.,Positive,2025-09-13
4956,ST0607,F029,SUB008,5,5,5,5,4,4,Helpful and supportive faculty.,Positive,2025-01-04
4957,ST0841,F001,SUB016,4,5,4,5,5,5,Excellent teaching and explanation.,Positive,2025-10-07
4958,ST0653,F003,SUB019,4,4,3,4,4,3,Need more examples.,Neutral,2025-06-24
4959,ST0267,F021,SUB002,1,2,2,2,1,2,Concepts not explained clearly.,Negative,2025-08-06
4960,ST0346,F006,SUB002,4,4,5,5,5,5,Great practical sessions.,Positive,2025-01-28
4961,ST0349,F018,SUB007,4,5,4,4,4,5,Helpful and supportive faculty.,Positive,2025-07-17
4962,ST0571,F012,SUB007,3,4,3,4,3,3,Class was okay.,Neutral,2025-05-31
4963,ST0589,F005,SUB005,1,1,2,2,2,1,Class was not engaging.,Negative,2025-08-26
4964,ST0385,F038,SUB007,3,3,4,4,4,4,Can improve interaction.,Neutral,2025-02-16
4965,ST0340,F030,SUB005,5,4,4,4,4,4,Helpful and supportive faculty.,Positive,2025-08-11
4966,ST0711,F027,SUB003,1,2,2,1,2,2,Class was not engaging.,Negative,2025-07-30
4967,ST0403,F032,SUB005,4,3,4,4,4,3,Satisfactory explanation.,Neutral,2025-01-07
4968,ST0379,F010,SUB018,5,5,4,5,4,5,Helpful and supportive faculty.,Positive,2025-05-17
4969,ST0174,F005,SUB004,1,1,2,1,1,1,Practicals were insufficient.,Negative,2025-04-11
4970,ST0407,F023,SUB014,5,4,4,5,5,5,Very interactive class.,Positive,2025-04-23
4971,ST0290,F001,SUB020,3,4,3,4,3,3,Class was okay.,Neutral,2025-06-27
4972,ST0903,F032,SUB006,4,5,5,4,4,5,Helpful and supportive faculty.,Positive,2025-07-10
4973,ST0916,F024,SUB008,5,5,5,5,4,4,Very interactive class.,Positive,2025-01-16
4974,ST0088,F026,SUB026,5,5,4,4,4,4,Very interactive class.,Positive,2025-12-05
4975,ST0770,F019,SUB014,4,5,5,4,4,4,Very interactive class.,Positive,2025-10-10
4976,ST0467,F033,SUB020,3,3,3,4,3,3,Can improve interaction.,Neutral,2025-03-08
4977,ST0859,F028,SUB005,1,2,1,1,1,1,Class was not engaging.,Negative,2025-07-23
4978,ST0404,F018,SUB027,5,5,4,5,5,5,Very interactive class.,Positive,2025-08-20
4979,ST0120,F029,SUB009,5,5,5,5,4,4,Very interactive class.,Positive,2025-04-11
4980,ST0389,F020,SUB016,5,5,5,4,4,4,Very interactive class.,Positive,2025-10-05
4981,ST0185,F001,SUB007,3,4,4,3,3,4,Need more examples.,Neutral,2025-05-24
4982,ST0995,F010,SUB002,4,4,5,5,5,5,Helpful and supportive faculty.,Positive,2025-07-21
4983,ST0474,F011,SUB024,3,3,4,4,4,4,Class was okay.,Neutral,2025-07-18
4984,ST0033,F006,SUB012,2,1,2,1,1,2,Class was not engaging.,Negative,2025-06-24
4985,ST0320,F026,SUB029,4,4,5,4,5,4,Helpful and supportive faculty.,Positive,2025-11-11
4986,ST0693,F010,SUB029,2,1,2,2,2,2,Class was not engaging.,Negative,2025-08-12
4987,ST0658,F024,SUB014,5,5,5,4,4,4,Helpful and supportive faculty.,Positive,2025-02-07
4988,ST0061,F032,SUB006,2,2,1,2,1,1,Needs better communication.,Negative,2025-04-20
4989,ST0848,F026,SUB015,5,5,4,5,4,5,Great practical sessions.,Positive,2025-07-29
4990,ST0731,F018,SUB011,5,4,4,5,5,5,Helpful and supportive faculty.,Positive,2025-05-29
4991,ST0983,F026,SUB026,5,4,4,5,4,5,Excellent teaching and explanation.,Positive,2025-05-20
4992,ST0014,F006,SUB004,3,3,4,4,3,3,Satisfactory explanation.,Neutral,2025-07-28
4993,ST0224,F012,SUB015,5,4,4,5,5,5,Excellent teaching and explanation.,Positive,2025-05-15
4994,ST0485,F002,SUB008,5,5,5,5,4,5,Excellent teaching and explanation.,Positive,2025-02-26
4995,ST0295,F015,SUB026,5,5,4,4,4,5,Great practical sessions.,Positive,2025-11-09
4996,ST0610,F027,SUB025,4,4,4,4,5,5,Very interactive class.,Positive,2025-11-29
4997,ST0419,F011,SUB024,5,4,4,4,5,4,Helpful and supportive faculty.,Positive,2025-07-16
4998,ST0489,F010,SUB001,1,1,2,2,1,1,Class was not engaging.,Negative,2025-12-03
4999,ST0895,F006,SUB006,2,1,2,2,1,2,Practicals were insufficient.,Negative,2025-02-09
5000,ST0943,F034,SUB026,4,4,5,4,5,5,Very interactive class.,Positive,2025-02-06
